{"type":"FeatureCollection","features":[{"type":"Feature","geometry":{"type":"Polygon","coordinates":[[[103.90039956928182,1.407333125724252],[103.90040006350296,1.4073331257099528],[103.90040006351533,1.4073335589000098],[103.90041895703777,1.4073299626044955],[103.9004373014625,1.4073241660086335],[103.90045484698547,1.407316250512376],[103.9004532761825,1.4073135112411965],[103.90045055172136,1.4073150939559915],[103.90044763134622,1.4073158817410483],[103.90044471092604,1.4073150941251031],[103.90044257313345,1.4073129427065258],[103.90042748965143,1.4072866505867327],[103.90042670690087,1.4072837114284165],[103.90042748948345,1.407280772224793],[103.90042962715302,1.4072786206824472],[103.90043468609629,1.4072756813550382],[103.90043109158172,1.4072694160296162],[103.90043887318889,1.4072648939874806],[103.90044246770347,1.40727115931289],[103.90044752574812,1.4072682199854802],[103.90045044612323,1.407267433104789],[103.90045336654333,1.4072682198163668],[103.90045550433591,1.4072703721393003],[103.90047058781809,1.4072966633545407],[103.90047137056871,1.4072996025128393],[103.90047058798618,1.4073025417164746],[103.90046845031662,1.407304693258857],[103.9004657267541,1.407306275973643],[103.90046729845565,1.4073090152447876],[103.90048289844636,1.4072976758849343],[103.90049706694228,1.4072845712491513],[103.90050960895587,1.407269882215791],[103.90050923064578,1.407269662466454],[103.90051280233853,1.4072634358211118],[103.90051319143183,1.4072636619006793],[103.90052264855534,1.4072471750822666],[103.90050513845901,1.4072370015017537],[103.90049233427736,1.4072593233695687],[103.90048004863448,1.407252184680987],[103.90047196178274,1.4072662830358793],[103.90044842568291,1.407252607934466],[103.90043963799343,1.4072372900820098],[103.90044314954767,1.407233388556748],[103.90044976818666,1.4072218514015398],[103.90044318505196,1.407218026135047],[103.90048269830733,1.4071491423455644],[103.90054466964324,1.4070410953528947],[103.90058700442721,1.4070656928090308],[103.9005789175767,1.4070797902598933],[103.90059121310352,1.4070869343738845],[103.90057783026472,1.407110277285159],[103.90059534036038,1.4071204508651645],[103.90062928266848,1.4070612791933128],[103.90061099438661,1.4070506534544387],[103.90060593617424,1.407047714420248],[103.90059854340234,1.407043418908717],[103.90056780413668,1.4070255586236884],[103.90056294002176,1.407022732629191],[103.90055714226276,1.4070193640437285],[103.9005973294158,1.406949305464934],[103.90060391254994,1.4069531298266587],[103.9006105302888,1.406941592671066],[103.90061213232009,1.4069365815471178],[103.90062970592246,1.4069365810371228],[103.90065324201997,1.4069502552324713],[103.90064515517027,1.4069643535879037],[103.90065744081207,1.4069714922756769],[103.90064463663322,1.4069938132398805],[103.90066253582151,1.4070042128989644],[103.90066347928733,1.407002568738952],[103.90066309019407,1.407002342659408],[103.90067160384974,1.406987500000464],[103.90067121475649,1.4069872739209208],[103.90067480891189,1.4069810083870782],[103.90067518183038,1.4069812254234566],[103.90068153339521,1.4069629598119064],[103.90068571845669,1.4069440720612747],[103.90068767951291,1.406924821725529],[103.90068453716557,1.4069248218168091],[103.90068453725635,1.4069279870886158],[103.90068375467419,1.4069309262923138],[103.90068161700516,1.4069330778348739],[103.90067869663058,1.4069338656201982],[103.90064853117418,1.406933866496169],[103.90064561075444,1.4069330788804544],[103.90064347296205,1.406930927462047],[103.90064269021137,1.406927988303802],[103.90064269004286,1.4069221090375066],[103.90063550137295,1.4069221101505431],[103.90063550111378,1.4069130665167997],[103.90064268978371,1.4069130663081277],[103.90064268961525,1.4069071888505582],[103.90064347219744,1.4069042496468718],[103.90064560986647,1.4069020971999822],[103.90064853024107,1.4069013103190642],[103.900678695697,1.40690130853875],[103.90068161611671,1.4069020961544247],[103.90068375390914,1.406904247572797],[103.90068453665985,1.4069071867310265],[103.90068453675062,1.4069103520028339],[103.90068767909794,1.4069103519115547],[103.9006857277211,1.4068911188723578],[103.90068154786701,1.4068722476432323],[103.9006751997484,1.4068540004877936],[103.90067517818095,1.4068539498440713],[103.90067480527493,1.4068541669021108],[103.90067143541759,1.4068482931598558],[103.90065431498722,1.4068582416541062],[103.9006655253793,1.4068777819080465],[103.90065307481058,1.40688501717656],[103.90062970483407,1.4068985977753954],[103.900612131232,1.4068985982853768],[103.90061052891362,1.4068935863500405],[103.90060391051398,1.4068820495784784],[103.90059732759913,1.4068858743221702],[103.9005843199504,1.4068632014052667],[103.90057083513054,1.4068397091488911],[103.90050885222888,1.4067316675569113],[103.90053041428425,1.4067191378819552],[103.90051794581424,1.4066974045824985],[103.90050705066844,1.406703736346136],[103.90050218671588,1.4067065626225834],[103.9004963891504,1.406709931544088],[103.90045619889266,1.4066398743897515],[103.90046278090851,1.4066360496465002],[103.9004492116198,1.4066123973193763],[103.90048496297274,1.4065916221532535],[103.90049305062838,1.4066057200397972],[103.90050534574381,1.4065985752130143],[103.90051954407288,1.4066233236099817],[103.90053790901982,1.4066126515899946],[103.9005352131345,1.4066079525959954],[103.90053124415661,1.4066102588376181],[103.90051165495561,1.406576111548272],[103.90053266528842,1.406563902938329],[103.90055225538815,1.406598049323102],[103.90054875276742,1.4066000842422224],[103.90055144955136,1.4066047841405425],[103.90056934724225,1.406594382538512],[103.90055514891289,1.40656963414186],[103.90056744402794,1.4065624893147632],[103.90055935637206,1.4065483923328512],[103.90059510772299,1.4065276171651138],[103.9006086770126,1.406551269491354],[103.90061525902794,1.4065474447476911],[103.90065477621575,1.4066163253419584],[103.90071676451203,1.4067243633123572],[103.90069520425483,1.406736892084584],[103.90070661683805,1.4067567850342007],[103.90071494297565,1.4067519473525874],[103.90073015226507,1.4067784583229213],[103.90074338099349,1.4067707708497186],[103.90075638864315,1.406793443765698],[103.90074980662737,1.4067972685097758],[103.90075642502748,1.4068088061852702],[103.90075993680458,1.4068127075067518],[103.90075114999426,1.4068280258690609],[103.9007277800189,1.4068416055644732],[103.90071532945058,1.4068488408333042],[103.90070411905825,1.4068293005796135],[103.90068699952676,1.406839249074067],[103.90069036848554,1.406845122816325],[103.9006899955795,1.406845338970004],[103.9007024674414,1.4068599314150911],[103.9007165396364,1.4068729664998663],[103.90073202165968,1.4068842669746164],[103.90073408200905,1.4068806738790436],[103.9007258337715,1.4068758809929094],[103.9007241893158,1.40687422605573],[103.90072358719983,1.4068719651647952],[103.90072418918605,1.4068697042388647],[103.900731825867,1.4068563890749506],[103.90073324199155,1.4068548769382272],[103.90073518111464,1.4068541606260694],[103.90073755248667,1.4068544951715853],[103.90076763487556,1.406871973832196],[103.90076910950602,1.4068738738567563],[103.9007694627082,1.40687592132516],[103.9007688688015,1.4068779118462167],[103.90075752924245,1.406897681559314],[103.90077815014439,1.4069047313764471],[103.9007995167903,1.4069089740277845],[103.90079951677785,1.40690854083773],[103.90080625615586,1.4069085406416246],[103.90080625558427,1.4068886446474558],[103.90078383592028,1.4068886452997476],[103.90078383550473,1.4068741754857974],[103.90078383472475,1.4068470165493725],[103.9007926215349,1.4068316981869486],[103.90079773450806,1.4068328076920524],[103.90081097154462,1.4068328073068879],[103.90081097132487,1.4068251582014897],[103.90083698532305,1.4068251574443316],[103.90083698576493,1.4068405316216426],[103.90086740282341,1.4068405307359502],[103.90086740418084,1.4068877385038872],[103.90086740589719,1.4069474264863087],[103.90086740725472,1.4069946342542017],[103.90083699019421,1.4069946351399911],[103.90083699063614,1.4070100093172797],[103.9008109766359,1.407010010074537],[103.9008109764161,1.4070023600647872],[103.90079773937858,1.4070023604499982],[103.9007926264688,1.4070034702526257],[103.90078383877817,1.4069881533058683],[103.90078383799813,1.4069609943694694],[103.90078383758255,1.4069465245555286],[103.9008062572471,1.40694652390321],[103.9008062566755,1.406926627909048],[103.9007995172974,1.4069266272007923],[103.90079951728497,1.4069261940107374],[103.90077815088262,1.4069304379052872],[103.90075753038526,1.4069374889218627],[103.90076041139118,1.4069425885431408],[103.90076887107978,1.4069572570710103],[103.90076946510081,1.4069592475575157],[103.90076911201618,1.4069612950464603],[103.9007676374948,1.4069631951567911],[103.90073755610806,1.4069806755667624],[103.9007351847551,1.4069810102501485],[103.90073324559081,1.406980294955093],[103.9007318293794,1.4069787819963386],[103.90072419193393,1.406965468180763],[103.90072358981793,1.406963207289831],[103.90072419180417,1.4069609463639017],[103.90072583616492,1.4069592904267705],[103.90073408412768,1.406954497061142],[103.90073193461387,1.4069509619672012],[103.90071648738447,1.4069622506798063],[103.90070244648805,1.4069752666854947],[103.9006899997236,1.4069898345323422],[103.90069037264207,1.4069900515687181],[103.9006867784867,1.406996317102583],[103.90068638939344,1.4069960910230428],[103.90067787573786,1.407010933682037],[103.9006774866446,1.4070107076024954],[103.90067654317876,1.4070123517625128],[103.90069444236732,1.407022751421335],[103.90070724654585,1.407000430456877],[103.90071953218798,1.4070075682399372],[103.9007276190374,1.4069934707886285],[103.90075115513605,1.4070071458872841],[103.90075994282655,1.40702246283417],[103.90075643127318,1.4070263652642412],[103.90074981353484,1.4070379024202189],[103.90075639577087,1.4070417267815096],[103.9007168825254,1.4071106105752447],[103.90065490850019,1.407218656667873],[103.90061257371272,1.4071940592131775],[103.90062066056338,1.4071799617622023],[103.90060836503599,1.4071728176484013],[103.90062174787477,1.407149473832597],[103.90060424047459,1.407139302061458],[103.90057029816481,1.4071984737329883],[103.90058858644768,1.4072090994721231],[103.90059364466039,1.4072120385063323],[103.90060103743282,1.4072163340178472],[103.90063177670129,1.4072341943022724],[103.90063664081674,1.4072370202965954],[103.9006424385764,1.4072403888818212],[103.90060225142017,1.4073104474613978],[103.90059566918359,1.4073066230997022],[103.90058905054512,1.4073181602552958],[103.90058744941219,1.4073231722835642],[103.90056987490831,1.4073231727934048],[103.90054633880737,1.407309497693048],[103.90055442565877,1.407295399337916],[103.90054214001555,1.407288261554047],[103.90055494419684,1.4072659396859775],[103.90053743410023,1.4072557661057234],[103.90052797697678,1.4072722529241921],[103.90052836607008,1.4072724790037567],[103.90052479437735,1.4072787056491214],[103.90052441696582,1.407278485899761],[103.90051808606395,1.4072966646914487],[103.90051390009945,1.407315462005505],[103.90051191477723,1.4073346210011262],[103.90051603748019,1.4073346208816395],[103.90051603720588,1.4073250346298816],[103.90051663919239,1.4073227737039988],[103.90051828355358,1.4073211186713641],[103.90052052999597,1.407320512682791],[103.90053580592223,1.4073205122399661],[103.90053781606808,1.407320989685549],[103.9005394012082,1.4073223217668407],[103.90054029895748,1.4073245564227082],[103.90054029995818,1.4073595154932486],[103.90053940233682,1.4073617502011702],[103.90053781727292,1.4073630823743761],[103.90053580715438,1.4073635599365169],[103.9005131259978,1.4073635605939916],[103.90051737062483,1.4073850589970873],[103.90052441791487,1.4074058464893122],[103.90052479890814,1.407405625813605],[103.9005283700589,1.4074118522519041],[103.90052798097851,1.4074120783540272],[103.9005374390463,1.407428563719743],[103.90055494856162,1.4074183891240521],[103.90054214310159,1.4073960689029907],[103.9005544283366,1.4073889295022695],[103.90054634067774,1.407374832520546],[103.90056987599606,1.4073611560550403],[103.90058745050021,1.4073611555451857],[103.90058905192028,1.4073661665761672],[103.9005956712199,1.4073777033476353],[103.90060225323754,1.4073738786039232],[103.90064177044005,1.407442760101631],[103.90064177583149,1.407442757388384],[103.90070375875939,1.407550798070581],[103.90066142537631,1.4075753979844332],[103.90065333771608,1.4075613000988048],[103.90064104259623,1.407568444926536],[103.9006276476343,1.40754510912311],[103.90061013811842,1.4075552837193694],[103.90064408382514,1.4076144543246436],[103.90066237150208,1.4076038275238267],[103.90067482297303,1.4075965913507356],[103.90070556122188,1.407578729280829],[103.90071042427734,1.407575903003927],[103.90071622184456,1.4075725340818235],[103.90075641302573,1.4076425912299149],[103.90074983100766,1.40764641597408],[103.90075644941032,1.4076579527450106],[103.90075996118875,1.407661854066402],[103.90075117437554,1.407677172428754],[103.90072763905528,1.407690848896166],[103.90071955139423,1.4076767510108208],[103.90070726615828,1.4076838904124482],[103.90069446069523,1.407661569288056],[103.90067656209843,1.4076719699869868],[103.90067750565885,1.4076736149965343],[103.90067789473925,1.4076733888943853],[103.90068640924879,1.4076882301541713],[103.90068679832919,1.407688004052021],[103.90069039284512,1.4076942693769599],[103.90069001993896,1.4076944864350072],[103.90070256189739,1.4077091548442537],[103.900716721262,1.4077222469010438],[103.90073230573063,1.407733581738267],[103.90073387727547,1.4077308423759198],[103.90073115362175,1.4077292589148818],[103.90072901492992,1.4077271074966333],[103.90072823307742,1.407724168338429],[103.90072901476115,1.4077212291347523],[103.9007440976379,1.4076949370442393],[103.90074623530752,1.4076927855016048],[103.90074915568302,1.4076919977161564],[103.90075207610374,1.4076927853316878],[103.9007571352163,1.407695724365441],[103.90076072847386,1.4076894579271244],[103.90076851034149,1.40769397951752],[103.90076491618537,1.4077002459558743],[103.90076997439934,1.4077031840852607],[103.90077211219258,1.4077053355034972],[103.90077289494373,1.4077082746616585],[103.90077211236148,1.4077112138653736],[103.90075703038357,1.4077375068603923],[103.9007548927139,1.4077396584030377],[103.90075197233836,1.4077404461884957],[103.90074905191757,1.4077396585729676],[103.90074632826384,1.4077380760163116],[103.90074475671904,1.4077408162830303],[103.90076230090169,1.4077487379956828],[103.9007806465603,1.407754532622232],[103.90079958611993,1.407758129628362],[103.90079958610721,1.4077576873946769],[103.90080003539926,1.407757687381596],[103.90080003482736,1.4077377913875697],[103.90080003441699,1.4077235142031275],[103.90078385990414,1.4077235146739764],[103.90078385911818,1.4076961631083524],[103.90079264593123,1.4076808447458864],[103.90079775890626,1.4076819542508923],[103.90081099594762,1.4076819538654952],[103.90081099572772,1.407674304760153],[103.9008900261927,1.407674296127073],[103.90101398585894,1.4076742925101042],[103.90101398618509,1.407685604287028],[103.90103892189187,1.407685603558632],[103.9010389217601,1.4076810356192964],[103.90103892156577,1.4076742981122579],[103.90111929990661,1.4076742966668858],[103.9011193001275,1.4076819457721794],[103.90114643736504,1.4076819449782307],[103.90114643856539,1.4077234932396547],[103.90113026405265,1.4077234937129215],[103.90113026446538,1.4077377826539896],[103.90111930353719,1.4077377829746458],[103.90111930402034,1.4077545127924214],[103.90114643946157,1.4077545129028475],[103.90114644016701,1.4077789298091548],[103.90111930472553,1.4077789306031057],[103.90111930520872,1.4077956613252387],[103.90113026613717,1.4077956610045694],[103.90113026654993,1.4078099499456285],[103.90114644106325,1.4078099494723326],[103.9011464422637,1.407851497733711],[103.9011193050242,1.4078514985277555],[103.9011193052451,1.407859147633037],[103.90104027477412,1.407859149943696],[103.90091631509836,1.4078591598930896],[103.90091631438011,1.4078342166472058],[103.9008913786717,1.407834217374359],[103.90089137903286,1.4078467645116488],[103.90089137919556,1.4078524167826634],[103.9008913793895,1.4078591542897119],[103.90081100104197,1.4078591566318495],[103.90081100082203,1.4078515066221555],[103.90079776377972,1.407851507007599],[103.90079265086811,1.4078526168103083],[103.90078386317404,1.407837299863817],[103.90078386238801,1.40780994829822],[103.90080003780002,1.407809947827316],[103.90080003681773,1.407775774648863],[103.9007995866271,1.4077757746619703],[103.90079958661447,1.4077753351413753],[103.900780778454,1.4077789070198279],[103.90076251130367,1.4077846574937365],[103.90074503227171,1.4077925060675873],[103.90074709372682,1.4077960999476324],[103.90075534169236,1.4077913065818222],[103.90075758813514,1.407790700593003],[103.90075983461273,1.4077913064510914],[103.9007614799677,1.4077929613881734],[103.90076911831487,1.4078062752033647],[103.90076971143755,1.4078082656898712],[103.90076935835285,1.4078103131788064],[103.90076788472953,1.4078122132891238],[103.90073780333222,1.4078296936994983],[103.90073543107984,1.4078300283829501],[103.90073349191483,1.4078293130879334],[103.90073207660146,1.4078278001291895],[103.9007207350041,1.4078080319802244],[103.90070434254989,1.4078224959402104],[103.90068999712909,1.4078390181716074],[103.90069037543931,1.4078392379209081],[103.90068680374623,1.4078454645665128],[103.90068641465282,1.4078452384869815],[103.90067695752826,1.4078617253060386],[103.90069446763007,1.4078718988849372],[103.9007072718128,1.4078495770160542],[103.90071955745955,1.4078567157032102],[103.90072764431164,1.4078426182518626],[103.90075118041902,1.407856292445642],[103.900759968113,1.4078716102966249],[103.9007564565584,1.4078755118223663],[103.90074983881787,1.407887049882739],[103.90075642105636,1.4078908742438858],[103.90071690779777,1.407959758037811],[103.90065493644784,1.4080678059393854],[103.90061260164462,1.4080432084856116],[103.90062068849794,1.408029110130234],[103.90060839296596,1.4080219660167006],[103.90062177580921,1.4079986231051957],[103.90060426570672,1.4079884495257895],[103.9005703233857,1.4080476211974824],[103.90058861167537,1.4080582469362186],[103.90059366988994,1.4080611859703176],[103.90060106266513,1.4080654814816718],[103.90063180194502,1.4080833417654282],[103.9006366660623,1.4080861677596448],[103.9006424638241,1.4080895363447448],[103.90060227575594,1.4081595949245393],[103.90059569351693,1.4081557705629877],[103.90058212557312,1.4081794227720101],[103.90054637300751,1.408158650583069],[103.9005544598616,1.4081445522278984],[103.9005421643292,1.4081374081140399],[103.90055636125071,1.4081126588942194],[103.90053799657979,1.4081019879392938],[103.90053530006318,1.4081066870895735],[103.90053926917562,1.4081089931010229],[103.9005196810178,1.4081431415255885],[103.9004986699723,1.4081309332293785],[103.90051825813033,1.4080967848049772],[103.90052175997123,1.4080988204253624],[103.90052445558923,1.40809412037076],[103.90050655639297,1.40808372071108],[103.9004923594711,1.4081084708349818],[103.90048006393906,1.4081013267207736],[103.90047197708462,1.4081154241713403],[103.90043622452089,1.40809465107623],[103.90044979246572,1.4080709979636334],[103.9004432102272,1.4080671736016213],[103.90048272349568,1.4079982898119519],[103.90054469485209,1.407890241914624],[103.9005870296518,1.407914839369839],[103.90057894279865,1.4079289377251039],[103.90059123833004,1.407936081838827],[103.90057785548682,1.4079594247501654],[103.90059536558897,1.40796959832979],[103.90062930790832,1.407910426657776],[103.90061101961967,1.4078998009192998],[103.90060596140542,1.4078968618852195],[103.90059856863077,1.4078925663738493],[103.90056782935368,1.4078747060894894],[103.90056296523694,1.407871880095098],[103.90055716747578,1.4078685115097616],[103.90059735464216,1.4077984529307752],[103.90060393777874,1.4078022772923566],[103.90061055551979,1.4077907401367327],[103.90061215755156,1.4077857290127929],[103.9006297311603,1.40778572850249],[103.90065326726656,1.407799402697326],[103.90064518041419,1.407813501052797],[103.90065746606052,1.4078206388359393],[103.90064466187745,1.4078429607045677],[103.900662171979,1.4078531342837257],[103.90067162910363,1.4078366474647248],[103.90067124001023,1.40783642138519],[103.90067481170334,1.4078301947396077],[103.90067518911495,1.4078304144889373],[103.9006822316212,1.4078096491969803],[103.90068648040777,1.4077881288427974],[103.90068065219035,1.4077880901245703],[103.90066379924717,1.4077881295019452],[103.90066178999949,1.4077876520564678],[103.90066020485897,1.4077863199752838],[103.90065930621078,1.4077840853195118],[103.90065930520802,1.4077491262491855],[103.90066020372798,1.407746891541197],[103.90066178879205,1.4077455593679022],[103.9006637980123,1.4077450818056654],[103.90067907394128,1.4077450813617622],[103.90068132041881,1.40774568721993],[103.9006829657737,1.4077473421570732],[103.90068356699132,1.4077496030480188],[103.90068356726638,1.4077591892997086],[103.90068768547411,1.4077590833694968],[103.90068569456209,1.4077399751337685],[103.90068151470976,1.4077212287069987],[103.90067520253521,1.4077030973092712],[103.90067482962904,1.4077033134629529],[103.90067123511314,1.407697048137989],[103.90067162419355,1.407696822035841],[103.90066310968406,1.4076819807759986],[103.90066349876446,1.407681754673852],[103.90066255520404,1.4076801096642988],[103.90064465660693,1.4076905103629949],[103.90065746206967,1.4077128314876721],[103.90064517683334,1.4077199708889865],[103.90065326449408,1.4077340678702368],[103.90062972917265,1.4077477443367028],[103.9006121555642,1.407747744846992],[103.90061055324519,1.407742733816084],[103.90060393484293,1.4077311961403587],[103.90059735192578,1.4077350217885014],[103.90055783471921,1.4076661402903847],[103.90055783202348,1.4076661411948264],[103.9004958490988,1.4075581005086562],[103.90053818248346,1.407533500597756],[103.90054627014291,1.4075475984838282],[103.90055856526297,1.4075404536565896],[103.9005719602242,1.4075637894604502],[103.9005894670446,1.4075536157689106],[103.9005555213402,1.4074944460670595],[103.90053723366356,1.4075050728670253],[103.90053217561854,1.407508012194644],[103.90052478309117,1.4075123081349907],[103.90049404484166,1.4075301702025345],[103.90048918088745,1.4075329964790175],[103.90048338331997,1.4075363654005655],[103.9004431930473,1.4074663091515298],[103.90044977506543,1.4074624844082302],[103.90044315576624,1.4074509476363306],[103.9004396448872,1.4074470454100219],[103.90044843170175,1.4074317279531279],[103.90047196612265,1.4074180514885937],[103.90048005378127,1.4074321484705856],[103.90049233991529,1.407425009974515],[103.90050514537504,1.4074473301958612],[103.90052265399206,1.4074371556004284],[103.90051319592432,1.4074206702346501],[103.90051280684395,1.4074208963367705],[103.90050923479464,1.4074146698984726],[103.9005096130922,1.407414450127209],[103.90049526672705,1.4073979287284777],[103.90047887254822,1.4073834657200086],[103.90047592443909,1.4073885257184888],[103.90046753298441,1.4074032345274745],[103.90046611685939,1.407404747568416],[103.90046417773573,1.4074054629760082],[103.90046180636315,1.4074051284302393],[103.90043172396935,1.4073876497659608],[103.90043024933881,1.4073857497411968],[103.9004304900439,1.4073817117517584],[103.90043812762669,1.4073683965886827],[103.90043977198795,1.4073667415561006],[103.90044201843041,1.4073661355676006],[103.90044426490753,1.4073667414260207],[103.9004525140449,1.4073715343130546],[103.900454480941,1.407367892384788],[103.90043704369661,1.4073600737639198],[103.90041882294682,1.4073543433406255],[103.90040006400723,1.4073507788830415],[103.90040006401962,1.4073512129774615],[103.90039287534835,1.407351213185446],[103.90039287533541,1.4073507610037579],[103.9003758471703,1.4073507614963316],[103.90037584715739,1.407350309314644],[103.90037396013116,1.4073503093692221],[103.9003739607251,1.4073711097268649],[103.90039957036682,1.4073711089860175],[103.90039957077465,1.4073853861706214],[103.90041574528529,1.4073853857025673],[103.9004157460668,1.4074127372684717],[103.9004069592521,1.4074280547252513],[103.90040184627777,1.407426945219345],[103.90038860923775,1.4074269456023356],[103.90038860945624,1.4074345956121244],[103.90030957899835,1.4074345978971718],[103.90018561934308,1.4074346050933058],[103.90018561794217,1.407385407725494],[103.90020179245288,1.4073854072589327],[103.90020179204592,1.4073711183175468],[103.9002285698466,1.407371110309982],[103.90022856926693,1.4073507657514195],[103.90030822873088,1.4073507634510956],[103.9003082276345,1.4073123280075632],[103.90030822746682,1.4073064496456105],[103.90030822722174,1.4072978581935243],[103.90030822620278,1.4072621358401085],[103.90030822604155,1.4072564835689974],[103.90030822584937,1.4072497460618323],[103.90038860417687,1.4072497437381417],[103.9003886043953,1.4072573928435783],[103.90040184143437,1.407257392460634],[103.90040695434493,1.4072562826588353],[103.90041574203428,1.4072716005114199],[103.90041574281571,1.4072989511729879],[103.90039956830566,1.4072989516410133],[103.9003995687135,1.407313229729989],[103.90039956928182,1.407333125724252]]]},"properties":{"OBJECTID":948192,"BLK_NO":"308A","ST_COD":"PUW02H","ENTITYID":2096,"POSTAL_COD":"821308","INC_CRC":"22FCD36D86AF9349","FMEL_UPD_D":"20160331101333","SHAPE.AREA":4396.045971195,"SHAPE.LEN":1297.69329923647}},{"type":"Feature","geometry":{"type":"Polygon","coordinates":[[[103.88348605560589,1.3858888916457746],[103.8834814728685,1.3858889098306912],[103.8834813917642,1.3858778585065803],[103.88348203784037,1.3858778584928158],[103.88348206319566,1.3858444151183322],[103.88348130120319,1.385844415134566],[103.88348130090229,1.3858301080989883],[103.88348210243208,1.3858301080819124],[103.88348209332653,1.385824412398787],[103.88347958090803,1.385824413356675],[103.88347958535293,1.38582213164667],[103.88342674818922,1.3858223317317229],[103.883426707668,1.3858182711390428],[103.88341792588471,1.3858182731346371],[103.88341796280491,1.3858220135826027],[103.8833838861096,1.3858221427270723],[103.88338380335951,1.3858182792865992],[103.88337423172791,1.385818281298825],[103.88337431627681,1.3858222243232763],[103.88332085100517,1.3858222706774557],[103.88332085002317,1.3858182914766717],[103.88332059932047,1.3858182914819954],[103.88332059756992,1.3858205144083007],[103.8833151180544,1.3858205615515744],[103.88331509445314,1.3858520605439],[103.8833140143648,1.385852062375562],[103.88331390949527,1.3858646493134232],[103.88331408561616,1.3858646493096836],[103.88333619058717,1.3858646850147633],[103.88333617729648,1.3858736472604891],[103.8833363345473,1.3858736472571485],[103.88333629085778,1.3859327383899738],[103.88333335880426,1.3859327447828074],[103.88333345141152,1.3859353158871757],[103.88331147224562,1.3859355243576537],[103.88331137334504,1.3859327949897493],[103.88330461874918,1.3859328105073487],[103.88330471495237,1.3859354611956582],[103.88328408364846,1.3859355701572442],[103.88328398564683,1.3859328570678673],[103.88328004898533,1.3859328661950454],[103.88327992291168,1.385919834315088],[103.88324958788431,1.3859199036902512],[103.88324956906347,1.3859222559409452],[103.88324849077208,1.3859222496332657],[103.88324850921275,1.3859017386614463],[103.88324587548638,1.3859017387172965],[103.88324582125716,1.3858867081917619],[103.8832485232753,1.3858867081344641],[103.88324853468377,1.38587366720794],[103.8832485346794,1.3858734582998977],[103.88324322409393,1.3858734050550423],[103.88324313383215,1.3858540968893984],[103.88324855134815,1.3858541510363518],[103.88324855222531,1.3858531291052167],[103.8832446074764,1.3858531201452258],[103.8832446073079,1.3858450713072303],[103.88322963703254,1.3858451258864393],[103.88322963796804,1.3858898285900516],[103.88318498772551,1.3858898657106833],[103.8831847886645,1.3858241365523967],[103.88317823804441,1.3858240914729258],[103.88317820557235,1.3858181923084074],[103.88317532653241,1.3858180775151645],[103.8831754430851,1.3858055339864945],[103.88317813341787,1.385805353056764],[103.88317811177076,1.3858014642927903],[103.88316538793585,1.3858015278676497],[103.88316543282627,1.3857996920081412],[103.88316543282626,1.385799691103777],[103.88316009528143,1.3857995293356407],[103.88316017309384,1.3857821257566076],[103.8831590354969,1.3857821384417806],[103.88315899868911,1.3857837572538008],[103.88313807984044,1.3857837848274015],[103.88313794584019,1.3857784020567674],[103.88313688462198,1.3857784038879475],[103.88313686632743,1.3857629392669746],[103.88312940814596,1.3857629032502012],[103.88312940727663,1.385721275383468],[103.88315669792746,1.3857212702842114],[103.88315669695717,1.3857178382235267],[103.88321183357867,1.3857178280123015],[103.88321183360611,1.3857191393398423],[103.8832754527865,1.3857192112444905],[103.88327545275693,1.385717799532567],[103.88327554980313,1.385717799530508],[103.88327557849979,1.3857150412202461],[103.88333052642321,1.385715175708458],[103.88333061635211,1.3857185761145112],[103.88335773896789,1.385718512232846],[103.88335771116837,1.3857211972896166],[103.88335785224484,1.3857211990953466],[103.88335786211016,1.3857631244974395],[103.88335046503306,1.385763145454989],[103.88335029642188,1.3857784536249402],[103.88335028024751,1.385778453625284],[103.8833501438493,1.3857872892626955],[103.88332730204803,1.3857873168788366],[103.8833271313186,1.3857873168824624],[103.8833271315917,1.3858003424345477],[103.88333524483484,1.385800362158227],[103.88333538040575,1.3857949224069745],[103.88337472006396,1.3857949667891987],[103.88337474620216,1.3857987551686795],[103.88338382181973,1.3857987531670015],[103.88338387655187,1.3857948942454235],[103.88339787636498,1.385794848729524],[103.88339800228597,1.3858005805847269],[103.88340615147172,1.3858005795070294],[103.88340617904845,1.3857872880714053],[103.8834060981766,1.3857872880731255],[103.88338316651738,1.3857872976044436],[103.88338315734748,1.385778525275597],[103.8833830851366,1.3857630516121926],[103.88337564492572,1.3857629703776264],[103.8833756799974,1.3857214510339446],[103.88338067248445,1.3857214011878007],[103.88338070297445,1.3857184665265587],[103.88340285017514,1.3857184072719637],[103.88340286184496,1.3857178510879669],[103.88340813918168,1.3857178536888082],[103.88340820831766,1.385715264493724],[103.8834288243447,1.3857151971321808],[103.88342875341321,1.3857178631982277],[103.88343328762761,1.3857178658148261],[103.88343335945731,1.3857151825658478],[103.88345407163243,1.3857151369067686],[103.88345399800677,1.385717875321978],[103.88345806136734,1.3857178770441898],[103.88345789090025,1.38573035726851],[103.8834635321602,1.3857303571483854],[103.88346368665805,1.385727635010003],[103.8834849829086,1.3857276345564011],[103.88348507282345,1.3857303566895771],[103.88349418438382,1.3857303564954448],[103.88349433708503,1.3857276614880147],[103.88351770005745,1.3857275253355053],[103.88351791397811,1.385730355989693],[103.88352168080858,1.3857303559093879],[103.88352172547738,1.385718002298692],[103.88352177040618,1.385718002297734],[103.88352181078156,1.3857151264199343],[103.88357646666493,1.3857151342976968],[103.88357642898193,1.3857178482943144],[103.88357687108129,1.3857178473805152],[103.88357688013488,1.3857210669155084],[103.88357974839055,1.3857211220204821],[103.88357978248457,1.3857186612458101],[103.88360382837651,1.3857186155142545],[103.88360378710459,1.3857215836371803],[103.88360414294083,1.385721590864492],[103.88360404496976,1.3857629655111643],[103.88359673056314,1.3857630561037357],[103.88359661407311,1.385778466465645],[103.88359658711583,1.3857784664662207],[103.8835966322326,1.3857873834924805],[103.88357383536346,1.3857875648519034],[103.88357357747219,1.385787566666135],[103.88357365679303,1.385799249236217],[103.88357553391829,1.3857992491961528],[103.88357798703191,1.3857993034056222],[103.88357821285311,1.385855165953696],[103.8835756420259,1.3858551090336502],[103.88357564293177,1.3858554554049722],[103.88354289882315,1.3858555284527603],[103.88354289882028,1.3858553918938241],[103.88352690416791,1.3858554293138636],[103.88352688421033,1.3858464562165045],[103.88352178209594,1.3858464671776614],[103.88352177584645,1.3858483934727233],[103.88352658053623,1.385848574243038],[103.88352655395381,1.3858663811671448],[103.88352171512378,1.3858664698979766],[103.88352170173256,1.3858706227369058],[103.88350936518114,1.38587056783372],[103.88350941829822,1.385875370908816],[103.88350361619361,1.3858754099201351],[103.88350362251309,1.3858768089708242],[103.88350355087954,1.385888809880193],[103.88350626188345,1.3858888107267717],[103.8835063543338,1.3858839172121915],[103.88352429889751,1.3858839349168997],[103.88352447062827,1.3858888148603887],[103.88357223803183,1.385888826502435],[103.88357223811697,1.3858928662955956],[103.88357485297175,1.3858927966037697],[103.88357488036411,1.3859134432290845],[103.8835722403492,1.3859135138258123],[103.88357224132032,1.3859169576431993],[103.88357484449463,1.3859169340741762],[103.88357487188586,1.3859375264376577],[103.88357224355067,1.3859375156413938],[103.88357224362005,1.3859408075256787],[103.88357489891251,1.385940818321367],[103.88357493592872,1.38599174304698],[103.88357224918605,1.385991732251965],[103.88357224920344,1.385992557936127],[103.88352650269239,1.3859924042659424],[103.88352439643018,1.3859924088326785],[103.88352414852913,1.385997441622596],[103.88350631179293,1.3859973877410667],[103.88350614185802,1.3859924444920744],[103.88350041972583,1.3859924563707768],[103.88350027336323,1.3859974602188874],[103.88348940957873,1.3859974713027876],[103.88348940958059,1.3859975599304415],[103.88348937308469,1.3860139922217471],[103.88348950876967,1.386013992218856],[103.88348958134624,1.386046811580168],[103.88348493211363,1.3860468162010626],[103.88348480097926,1.386049560948036],[103.88346432243199,1.386049651820706],[103.8834643223728,1.3860468374405135],[103.88346053936753,1.3860468411385447],[103.88346053942435,1.3860495433776245],[103.88344007884801,1.3860496071187862],[103.88344014708211,1.3860468623731519],[103.88343611606983,1.386046866076424],[103.88343605322294,1.3860494082444488],[103.88338092558655,1.3860497440319888],[103.88338099561622,1.3860469215110272],[103.88338048522502,1.3860469224262446],[103.8833803856942,1.3860141754145525],[103.88338020203723,1.3859976246562422],[103.88338020203672,1.385997600238419],[103.88336940474636,1.3859975896156196],[103.88336939206665,1.385992842610212],[103.88336514539631,1.385992850839763],[103.88336527977486,1.38597341605847],[103.8833801422255,1.3859735351185147],[103.8833801321654,1.3859651616141442],[103.88338208477161,1.3859651814686285],[103.8833820856694,1.3859651443896928],[103.88338209723256,1.3859595074897737],[103.88338027671743,1.3859595066241206],[103.88338028917883,1.3859538534456328],[103.88337746405419,1.3859537820609606],[103.88337760756099,1.3859411390517398],[103.88338031676528,1.3859410196181121],[103.8833803301198,1.3859351068871886],[103.88343195331436,1.3859351238762423],[103.88343190874414,1.385952189222414],[103.88344288934509,1.385952261337771],[103.88344286251498,1.3859583115322751],[103.88347949746321,1.385958419275698],[103.88347950102118,1.3859566919407333],[103.88348131255053,1.3859566919021375],[103.883481392974,1.3859353760452782],[103.88348582385251,1.3859353759508706],[103.88348590363115,1.3859261243073315],[103.88348747613925,1.3859261242738246],[103.88348748757319,1.3859143566916041],[103.88348209341706,1.3859141596552251],[103.88348212004621,1.385898559378825],[103.8834875016182,1.3858985646903443],[103.88348750250239,1.3858978809912803],[103.88348599199723,1.3858979361896582],[103.88348605560589,1.3858888916457746]]]},"properties":{"OBJECTID":935961,"BLK_NO":"994B","ST_COD":"BUL13G","ENTITYID":11055226,"POSTAL_COD":"532994","INC_CRC":"FB4BD644B138BADC","FMEL_UPD_D":"20240806152411","SHAPE.AREA":999.31125672,"SHAPE.LEN":325.544301811869}},{"type":"Feature","geometry":{"type":"Polygon","coordinates":[[[103.73603653493753,1.3779964889246612],[103.73605517068819,1.3780121396907647],[103.73607070326804,1.377993382937783],[103.73605140080132,1.3779771307430664],[103.73606867040391,1.377956325679455],[103.73606110827913,1.3779499658887275],[103.73609329670715,1.3779111103540502],[103.7361381150589,1.3779487373093127],[103.7361383073619,1.3779485256962853],[103.73614150174132,1.3779496210109254],[103.73614466107067,1.3779508583091],[103.73615080359353,1.3779537199655363],[103.73615668191619,1.377957076297628],[103.73616227986284,1.3779609634792305],[103.7361662801756,1.377964177749236],[103.73617124729462,1.3779688064825193],[103.73617582621476,1.3779738240759158],[103.73617993336889,1.377979228717273],[103.73618360110838,1.3779849516763383],[103.73618526693939,1.3779879551339511],[103.73618503869493,1.3779881314753535],[103.7362478620256,1.378040880115567],[103.73621821758024,1.3780766627315337],[103.73621135605761,1.3780772982171519],[103.73619378957048,1.3780625292499011],[103.73617827656386,1.3780639412281306],[103.7361797315937,1.378080156514955],[103.73614840455714,1.3780830148245413],[103.73615338399601,1.3781384072575915],[103.73613504496798,1.3781401012807042],[103.73613572937066,1.378147731418726],[103.73618539363757,1.3781432143560906],[103.73618684956604,1.3781594296429436],[103.73620238144332,1.3781580176654769],[103.73621703607517,1.378140320788856],[103.73622344201902,1.3781397567292148],[103.73625946904569,1.3781700001029906],[103.73620727113197,1.3782329814126788],[103.73620749936502,1.3782330872325057],[103.73620641106383,1.3782363021980153],[103.73620381303542,1.3782426253969138],[103.73620072349942,1.3782486664144074],[103.73619712538161,1.3782544587112213],[103.73619307080335,1.3782598991921193],[103.7361897010001,1.378263785101262],[103.7361848745741,1.3782685879746077],[103.73617971479491,1.3782729684967763],[103.73617416864684,1.3782769248568643],[103.7361712904485,1.3782786900551207],[103.7361683592386,1.3782803503450989],[103.73616814897844,1.3782802092558522],[103.73613055447207,1.3783255642253975],[103.73609173747278,1.37829298928743],[103.73609823087519,1.3782851116488721],[103.73607752398206,1.3782677651174047],[103.73609361819986,1.3782483011756983],[103.7360750004187,1.3782326495061545],[103.73605944986569,1.3782514071626428],[103.73604151587239,1.3782363912880804],[103.73605757504446,1.378216963519696],[103.73605555866294,1.378194460174464],[103.73604044968637,1.3781817758636081],[103.73603818810231,1.3781566236293183],[103.73605698360657,1.3781548943555761],[103.73605367027021,1.378118013395437],[103.73604819435143,1.3781185078568996],[103.73604770305322,1.378113067189421],[103.73603368168034,1.3781143725131542],[103.73603117184071,1.3781175168798327],[103.73602755583585,1.3781212255234936],[103.73602353728928,1.3781244747342398],[103.73601914945104,1.3781271948774925],[103.73601205869484,1.3781302323409892],[103.73600617927842,1.3781316799842713],[103.73600082735683,1.378132315531334],[103.73599554465402,1.3781322438694341],[103.73599042012567,1.378131537351263],[103.735985435799,1.3781302294375108],[103.73598066355687,1.3781283915758054],[103.73597611778074,1.3781259188606414],[103.73597190629499,1.3781229152981904],[103.73596887102582,1.3781202662943755],[103.73595483078432,1.378121536346706],[103.73595532208232,1.3781269770141888],[103.73594986323646,1.3781274696673973],[103.73595317746975,1.3781643515319657],[103.7359719729726,1.3781626584334243],[103.73597423455598,1.3781878106677272],[103.73596161528997,1.3782029998280716],[103.73596364964204,1.3782255031740587],[103.73598289999426,1.3782417200972605],[103.73596794612266,1.3782597343913203],[103.73594930947223,1.3782440836244287],[103.73593377688832,1.3782628747421808],[103.73595309732919,1.3782790925728736],[103.73593582682314,1.3782999329054642],[103.7359436890631,1.378306504329898],[103.73591135864545,1.3783455362067811],[103.7358662249018,1.3783076623430133],[103.73586297840205,1.378306636661777],[103.73585981997097,1.3783054002676065],[103.73585369542049,1.3783025033409715],[103.73584779822752,1.3782991461029666],[103.73584221825065,1.378295295095868],[103.7358381999664,1.378292080824575],[103.73583323374602,1.3782874520906405],[103.73582867100177,1.3782824001314784],[103.73582454767376,1.3782769945845164],[103.7358208628619,1.378271271624235],[103.73581921320402,1.3782683043415735],[103.73581928329556,1.3782682328997917],[103.73575679422684,1.3782157673279218],[103.73578682418669,1.378179525317923],[103.7357931420721,1.3781789241769526],[103.73581069058585,1.3781936940506692],[103.73582620449196,1.3781922820749626],[103.7358247494645,1.3781760667881027],[103.73588917373455,1.3781701738994194],[103.73588351079997,1.3781071151537418],[103.73581908653159,1.378113008946757],[103.73581763060562,1.3780967936598518],[103.73580209962728,1.3780982056348439],[103.73578746116713,1.3781159016050049],[103.73578072275018,1.378116501824278],[103.73574518723396,1.3780866473400037],[103.73579754331153,1.3780234887924545],[103.73579719287702,1.378023277157095],[103.73579828117862,1.3780200621918006],[103.73580087830922,1.3780137389933573],[103.73580398491869,1.3780076988814904],[103.73580756596276,1.378001940046028],[103.73581161964415,1.3779964661043456],[103.73581500741902,1.3779925801964892],[103.73581979880086,1.3779877755137306],[103.73582499362423,1.3779833968025081],[103.7358305047278,1.3779794404417778],[103.73583340089753,1.3779776734359377],[103.73583634918005,1.3779760140514263],[103.73583668254022,1.3779762618605929],[103.73587410271577,1.3779310823348152],[103.73591262049185,1.3779634103724328],[103.73590626637571,1.377971110761123],[103.73592697326504,1.3779884581982236],[103.73591086107643,1.3780079212337644],[103.73592947975335,1.3780235738088271],[103.73594503120427,1.3780048161531608],[103.73596296519241,1.3780199025686237],[103.73594690602393,1.3780392597961308],[103.73594892240439,1.378061763141403],[103.73596348686367,1.3780739880140096],[103.73603070120598,1.3780678827107289],[103.73604284780036,1.3780532234871574],[103.73604083141902,1.3780307201419015],[103.73602158106651,1.3780145393937517],[103.73603653493753,1.3779964889246612]]]},"properties":{"OBJECTID":936025,"BLK_NO":"458","ST_COD":"CHA44R","ENTITYID":11697,"POSTAL_COD":"680458","INC_CRC":"6BBEE449B6411A84","FMEL_UPD_D":"20130426120328","SHAPE.AREA":1316.0409503,"SHAPE.LEN":329.129383999486}},{"type":"Feature","geometry":{"type":"Polygon","coordinates":[[[103.9348026665115,1.3360172756620998],[103.93481677611508,1.336006815211912],[103.93483081473265,1.3359963565733277],[103.93483530776157,1.3360023613576235],[103.93486163106921,1.3359827862279754],[103.93486542318642,1.3359878731127979],[103.93489069251875,1.3359690739702414],[103.93488970944286,1.3359677319362726],[103.93491504976082,1.3359489345992646],[103.93491905215772,1.3359544456215522],[103.93493281043354,1.335944196806338],[103.93498932280133,1.3359528103215716],[103.93497922221128,1.3360204299717504],[103.93496293726982,1.336032514749522],[103.93497094116263,1.3360434653492386],[103.93495047087296,1.3360586703538941],[103.93497486265228,1.3360917925417999],[103.93497137547006,1.3360946070649677],[103.93497944186193,1.3360958212888048],[103.93498878018694,1.3361086076899873],[103.93498744710372,1.3361177228212602],[103.93499355440657,1.336113199847058],[103.9350332119361,1.3360630991923683],[103.93502970205815,1.3360602732038576],[103.93504037006748,1.3360468465847934],[103.93504388084399,1.3360496725732527],[103.93505118033927,1.3360404866530808],[103.93503854262224,1.3360303139989549],[103.93507911303354,1.3359790114070644],[103.93515219864037,1.3360376463597696],[103.93514672402065,1.3360445712963567],[103.93518330186913,1.336073889222575],[103.93515971777965,1.3361035677859023],[103.93514848455516,1.336094596068034],[103.9351296032686,1.3361184105446184],[103.93514083649606,1.3361274528028908],[103.9351195696666,1.3361543051345617],[103.93512834526064,1.336161369653236],[103.93510813058236,1.3361868093257916],[103.93510321531517,1.3361828529421176],[103.93508377336312,1.3362075148300177],[103.93505857411164,1.3362261710823193],[103.93506229524368,1.336231257969724],[103.9350363223637,1.3362506223703743],[103.93502965200332,1.3362415075725176],[103.93500325950865,1.3362611541516118],[103.93497686611208,1.3362807301901654],[103.93498353647234,1.3362898440838074],[103.93495749439931,1.3363091370419002],[103.93495377326735,1.3363040501543313],[103.93492857311824,1.336322777850151],[103.9348995124706,1.3363342282964308],[103.93490175910593,1.3363401635380352],[103.93487164446843,1.336352038174161],[103.93486757177747,1.336341509748246],[103.9348357714766,1.336354092570374],[103.9348305053808,1.3363405969786437],[103.93480228666833,1.3363517643231533],[103.93480755276397,1.3363652590105906],[103.9347724539132,1.336379113503598],[103.93475532023552,1.3363353077707458],[103.93474717675021,1.3363385592944779],[103.93471304867629,1.336251020171359],[103.93477369936478,1.3362270592642427],[103.93477959811047,1.3362421790660117],[103.93479047855527,1.3362378675148805],[103.93478886367808,1.336233699372408],[103.93480472833497,1.3362274079632177],[103.93480634321512,1.336231647550364],[103.93486565956583,1.3362081804787862],[103.93489493185085,1.3361864853988834],[103.93488587434561,1.3361851446051805],[103.93487646682894,1.3361722858574228],[103.93487800922406,1.3361618991829407],[103.9348989979681,1.3361463514036176],[103.93487786363305,1.3361175266129541],[103.93487231770733,1.3361166803597442],[103.93485238294112,1.336131519978692],[103.93485554154721,1.3361359005822604],[103.93484873339311,1.3361409888122278],[103.93484550380109,1.336136609115965],[103.93480612396372,1.3361658659953932],[103.93479812007406,1.3361549859354445],[103.93478183513078,1.3361670707121311],[103.93471458134968,1.3361569057514058],[103.93472313956316,1.3360999549375263],[103.93473682775618,1.336089778475264],[103.93473282535943,1.3360842674526698],[103.93475816567981,1.3360654692127614],[103.93475914875569,1.3360668112467848],[103.93478441898826,1.3360480130095422],[103.9347806969585,1.3360429261216786],[103.93479389365507,1.3360331032855333],[103.9348070903515,1.3360232795449607],[103.9348026665115,1.3360172756620998]]]},"properties":{"OBJECTID":936186,"BLK_NO":"763","ST_COD":"BEV00N","ENTITYID":6102,"POSTAL_COD":"470763","INC_CRC":"730DFA054DDE2224","FMEL_UPD_D":"20130426120302","SHAPE.AREA":1289.56878999,"SHAPE.LEN":253.936240254623}},{"type":"Feature","geometry":{"type":"Polygon","coordinates":[[[103.76539426054036,1.3194751088093262],[103.76540322184434,1.3194400767064343],[103.76542323603545,1.319445261975227],[103.76542547636132,1.3194365041755651],[103.7654655047436,1.319446876521363],[103.76546729664479,1.319439869558096],[103.76546468637159,1.31943919302215],[103.76546513389759,1.3194374421856851],[103.76546774506936,1.3194381178172914],[103.76546897711373,1.3194333012083197],[103.76545418346899,1.3194294681074534],[103.76545642379476,1.3194207103077562],[103.7654220526521,1.3194118040913183],[103.76542272483974,1.3194091760279305],[103.76542533511288,1.319409852563919],[103.76543160766578,1.3193853300013378],[103.76542899739265,1.3193846534653573],[103.76542966958023,1.3193820263063303],[103.76547317802638,1.3193933003984748],[103.76547418540916,1.3193893592077064],[103.76547157513602,1.31938868267177],[103.76547583202431,1.3193720424905586],[103.76547844229744,1.3193727190264897],[103.76548079495385,1.3193635226132903],[103.76548340522697,1.319364199149216],[103.7654820608519,1.3193694543716696],[103.76550381552423,1.3193750909652056],[103.76550448771174,1.3193724638061541],[103.76552015114777,1.3193765221172067],[103.76551947896026,1.3193791501806273],[103.76552643998821,1.3193809536734165],[103.76552856888145,1.319372633582767],[103.76555902506355,1.3193805249939647],[103.76555409598829,1.319399793238777],[103.76557411017944,1.31940497850635],[103.76557870316081,1.3193870251975746],[103.76561133382216,1.3193954800865235],[103.7656171588473,1.3193727092642347],[103.76561976912049,1.3193733858000187],[103.7656190915412,1.3193760346636971],[103.76567047843082,1.3193893501177871],[103.76566689373112,1.3194033631402933],[103.76568947237001,1.3194092131846935],[103.76569014994924,1.3194065643209931],[103.7656918904309,1.3194070156462625],[103.76568886558789,1.3194188392188086],[103.76570887977951,1.319424025389676],[103.76571066089622,1.3194170618353733],[103.7657124013779,1.3194175131606292],[103.76571173188653,1.3194201294674526],[103.76573522973757,1.3194262065319604],[103.7657371447525,1.3194187184501596],[103.76573975592433,1.3194193949858455],[103.76573908373705,1.3194220221449722],[103.7657573520552,1.3194267795991694],[103.7657609358559,1.3194127665764857],[103.76578530080265,1.3194190797032315],[103.76578597298987,1.3194164525440895],[103.76578858326316,1.3194171290796997],[103.76577402160218,1.3194740556843991],[103.76575226423263,1.3194684181887313],[103.76575103218877,1.31947323479787],[103.76576408894674,1.3194766183806013],[103.76575938273717,1.3194950103032277],[103.76578679375244,1.3195021121186896],[103.76580180383769,1.3194434337730443],[103.76583226002164,1.3194513260853247],[103.76583080331653,1.3194570181127596],[103.76587692293806,1.319468968733545],[103.76587759512522,1.3194663415743746],[103.76588020539859,1.3194670172055278],[103.76587796507424,1.319475775910045],[103.76590146023032,1.319481863825313],[103.76590202008676,1.3194796743752626],[103.76590463036015,1.3194803500063912],[103.76589264511927,1.319527205684299],[103.76588263802282,1.3195246125995999],[103.7658810698856,1.3195307432405794],[103.76585278907808,1.3195234153113846],[103.76584931670988,1.3195369906250585],[103.7658519269833,1.3195376671606087],[103.76585147945751,1.3195394189015193],[103.76584886828554,1.3195387423659442],[103.76584763624183,1.319543558975136],[103.76586721553903,1.319548632087409],[103.76586497521455,1.3195573898875383],[103.76590021705125,1.3195665222127524],[103.76589954486408,1.3195691493719264],[103.76589432341859,1.3195677963008952],[103.76589365212995,1.3195704243644557],[103.76589626240342,1.319571100899961],[103.76589133422885,1.3195903682411925],[103.7658887230568,1.3195896917056564],[103.76588805086959,1.3195923197691897],[103.76589327141662,1.3195936719358476],[103.76589260012798,1.3195962990950432],[103.76585431222301,1.3195863789854838],[103.76585341627292,1.3195898815629152],[103.7658560265464,1.3195905580984635],[103.7658521066523,1.3196058851530401],[103.7658494963788,1.3196052086174868],[103.76584614263179,1.3196183172825398],[103.76584353235826,1.319617641651344],[103.76584554173083,1.3196097873046055],[103.76582422195139,1.3196042628669582],[103.76582354976414,1.3196068900261062],[103.7658078863261,1.3196028317168829],[103.76580855851338,1.319600203653376],[103.76580159748458,1.3195984001613426],[103.7658020450104,1.3195966484204438],[103.76579116812215,1.3195938301249617],[103.76578545542867,1.3196161632385548],[103.76576848730319,1.3196117666612834],[103.76576792654807,1.3196139561112694],[103.76576618696478,1.3196135047860702],[103.76576674682137,1.3196113153360607],[103.76574977869596,1.3196069187586643],[103.76575549138973,1.3195845856451671],[103.76574461360302,1.31958176734946],[103.76574214951516,1.3195914005677132],[103.76569342051731,1.3195787743130158],[103.76569543618086,1.3195708937400352],[103.76567194102459,1.3195648040140682],[103.7656712688372,1.3195674311731675],[103.7656686585638,1.319566754637428],[103.76567795595807,1.3195304085016508],[103.76569970973374,1.3195360459978909],[103.76570351909497,1.3195211575571195],[103.76571961652955,1.3195253289243454],[103.76572196918525,1.3195161325108886],[103.76569760423776,1.319509819383483],[103.76569883628174,1.3195050018700143],[103.76568099746703,1.3195003800817218],[103.76567685291057,1.3195165825542137],[103.76563334446121,1.3195053084655053],[103.76563748901792,1.3194891059930989],[103.76561965020349,1.3194844833000106],[103.76561841815936,1.3194893008134332],[103.76559405321244,1.3194829876850322],[103.7655917014549,1.3194921831940074],[103.7656077997876,1.3194963545619676],[103.76560399042586,1.3195112430025666],[103.76562574509973,1.3195168804994655],[103.76561644770479,1.3195532257306495],[103.7656138374314,1.3195525500992173],[103.76561450961887,1.3195499220357718],[103.76559102704262,1.3195438377355837],[103.76558899879909,1.3195517164993926],[103.76554026890439,1.319539089337364],[103.76554273299296,1.319529456119346],[103.76553185610533,1.3195266378227513],[103.76552614340977,1.3195489700312815],[103.76550917438674,1.3195445734522506],[103.76550861452995,1.3195467629021922],[103.7655068740482,1.3195463124811548],[103.76550743480354,1.3195441230312381],[103.76546914690121,1.3195342020114658],[103.76547485959725,1.3195118688987253],[103.76546615808729,1.3195096140803475],[103.76546358795801,1.3195196678246364],[103.76541398737456,1.319506815449635],[103.76542103815592,1.3194792452017423],[103.76539754389981,1.3194731572819947],[103.76539687171214,1.3194757853453722],[103.76539426054036,1.3194751088093262]]]},"properties":{"OBJECTID":936195,"BLK_NO":"311B","ST_COD":"CLA07H","ENTITYID":9891,"POSTAL_COD":"122311","INC_CRC":"A8A33A7BC704AF27","FMEL_UPD_D":"20150330193231","SHAPE.AREA":823.261134815,"SHAPE.LEN":267.592103233866}},{"type":"Feature","geometry":{"type":"Polygon","coordinates":[[[103.903477359141,1.3268575365836865],[103.90350389402978,1.3268785206869815],[103.90351340577826,1.326866332302847],[103.904168353997,1.3273839714214546],[103.90415870208159,1.3273963714332013],[103.90418270929166,1.3274153415828844],[103.9041116039046,1.3275064845223052],[103.90407689018151,1.3274790706343906],[103.90410700412575,1.3274404588545006],[103.90407229040265,1.327413009696261],[103.90404207222895,1.32745172909805],[103.90400711409464,1.3274241035949326],[103.90402747009688,1.3273979967363885],[103.90400837539472,1.3273829477657606],[103.90398875618067,1.3274081357692353],[103.90395351679312,1.3273802633820186],[103.90398320933237,1.3273422159387667],[103.9039467406968,1.3273133894827929],[103.90391589086066,1.3273528848454896],[103.90384811500115,1.3272992941855117],[103.90387921103061,1.3272594108444398],[103.90384435713507,1.3272318558761145],[103.90381427912814,1.32727036274569],[103.90377988170857,1.3272431613696238],[103.90378984990541,1.3272303724737287],[103.9037477660835,1.3271970948963219],[103.90373811416659,1.3272094949065094],[103.90370368170507,1.3271822935302773],[103.90373407599084,1.3271433281404268],[103.90369866049026,1.3271153499436066],[103.90366872355126,1.3271537148223087],[103.90360242136485,1.3271013251080106],[103.90363211300706,1.3270632433030014],[103.90359652318426,1.3270350878542254],[103.903566585346,1.327073452731767],[103.90353222297638,1.3270462866210915],[103.90355114044881,1.3270220527450773],[103.90353173035192,1.3270067207134917],[103.90351221626145,1.3270317323593719],[103.9034760998758,1.3270031527771002],[103.90350610779899,1.3269646820880296],[103.90347174543156,1.3269375159763692],[103.90344205378722,1.3269755634137022],[103.90340705972193,1.326947867361865],[103.903477359141,1.3268575365836865]]]},"properties":{"OBJECTID":936584,"BLK_NO":"326","ST_COD":"UBA00H","ENTITYID":8214,"POSTAL_COD":"400326","INC_CRC":"0301D63F1B133780","FMEL_UPD_D":"20130426120329","SHAPE.AREA":1239.1134106,"SHAPE.LEN":311.439858746257}},{"type":"Feature","geometry":{"type":"Polygon","coordinates":[[[103.74455388273734,1.3782374222480693],[103.74456265834205,1.3782334668928813],[103.74457764348901,1.3782670645452184],[103.74458957673097,1.3782616596142445],[103.7446081936076,1.3783033822009703],[103.74461287974131,1.3783012634538208],[103.74462514423816,1.3783287484135067],[103.74462038801833,1.378330797522089],[103.74463512697874,1.3783638290335776],[103.74463984815692,1.378361709383332],[103.74465220070789,1.3783893716013782],[103.74464714616319,1.378391385428666],[103.74468390551375,1.3784737706699006],[103.74468887200632,1.3784715452182734],[103.74470115447365,1.3784991007186373],[103.74469622302671,1.378501289997074],[103.7447219811697,1.3785590164605543],[103.74472691261941,1.378556755737384],[103.74473914207697,1.3785841710593167],[103.74473433373561,1.3785863250722692],[103.74474093140543,1.3786011632052253],[103.74474573974814,1.3785989730177364],[103.744758811998,1.3786282604028253],[103.7447093375628,1.3786506162156726],[103.74470482889397,1.3786406544868954],[103.7446873837147,1.3786485308362733],[103.74469205051264,1.378659022527799],[103.74465389650406,1.3786756930324668],[103.74447957442773,1.378284965446824],[103.74444614318317,1.3782811116045832],[103.74444263026804,1.3783160126545022],[103.74432064502928,1.378303530571737],[103.74432968617751,1.3782628707456197],[103.74433721528828,1.3782636135108646],[103.74433995455662,1.3782523099791495],[103.74433221428401,1.378251495761288],[103.74434259003341,1.3782048662842625],[103.74437217811264,1.3782079069609932],[103.74436977183602,1.3782294207649857],[103.74439381484623,1.3782318960060835],[103.74439600996467,1.3782102058433092],[103.74445062408459,1.3782159334177926],[103.7445993083499,1.377943864060809],[103.74461327724653,1.3779522028124602],[103.7446236501646,1.3779333390905322],[103.74467499978287,1.3779386080250373],[103.74466752223894,1.3779527727848004],[103.74467947300649,1.3779593796050844],[103.74468328231437,1.3779523510374347],[103.74471869670278,1.3779562402204595],[103.7446867161486,1.3780147368482876],[103.74469064732158,1.3780169282673758],[103.74467653518549,1.3780427861940512],[103.74467158685601,1.3780398531590698],[103.74462856658907,1.3781185917324348],[103.74463358501386,1.3781213475149634],[103.7446194558036,1.378147205440556],[103.74461455957682,1.3781446612835488],[103.74459762123936,1.3781756405121135],[103.7446024473723,1.3781783266515426],[103.74458821302186,1.3782043609237618],[103.74458310654214,1.378201463152817],[103.74457401416925,1.378218136554943],[103.74456080003547,1.3782107872045612],[103.7445502869527,1.3782292620446548],[103.74455388273734,1.3782374222480693]]]},"properties":{"OBJECTID":937755,"BLK_NO":"251","ST_COD":"CHA42Y","ENTITYID":11552,"POSTAL_COD":"680251","INC_CRC":"D108800B5A07EA77","FMEL_UPD_D":"20130426120312","SHAPE.AREA":1214.90201528,"SHAPE.LEN":264.580731130586}},{"type":"Feature","geometry":{"type":"Polygon","coordinates":[[[103.91009947642135,1.392537086751856],[103.91009800411751,1.3925514797419831],[103.91009688718121,1.3925513640200822],[103.91008786480194,1.3925588850009043],[103.91007167416765,1.3925572070330619],[103.91007114956389,1.3925623347901466],[103.91005863592348,1.3925610383430709],[103.91005849758609,1.392562387657643],[103.91001603962913,1.3925579893204356],[103.91001649955574,1.39255349100233],[103.91001545076223,1.3925487603122437],[103.91001470384961,1.392542749938206],[103.9100143325316,1.392536398606909],[103.91001452736181,1.392531409228209],[103.91001527837481,1.3925252740030025],[103.91001665569156,1.3925189786849896],[103.91001835742392,1.3925135786760232],[103.91002128476937,1.3925067117496632],[103.91002174469598,1.3925022143359185],[103.91006087340902,1.3925062673153437],[103.91005958185653,1.3924971188185158],[103.9100599238754,1.3924866227668689],[103.9100622175726,1.3924751001989548],[103.91006488970092,1.392467591182964],[103.91002570078356,1.392463530970634],[103.91002616071017,1.3924590335568883],[103.91002461396556,1.3924500053487012],[103.91002399815747,1.3924412755499265],[103.91002470504834,1.3924323006253976],[103.91002722970129,1.3924214291915218],[103.91003094502493,1.3924122543042141],[103.9100314049515,1.3924077559861032],[103.91007386290576,1.392412154323186],[103.91007372546696,1.3924135036377303],[103.91008623910659,1.3924148000847698],[103.91008572258752,1.3924198491619886],[103.91010190603478,1.3924216058096301],[103.91010936273386,1.3924308327840067],[103.91011033320143,1.3924309340408925],[103.91010886089768,1.3924453270310317],[103.91013031362185,1.3924475492528752],[103.91013178592546,1.392433156262729],[103.9101586903408,1.3924359435326579],[103.91015661977367,1.3924561841555079],[103.91017002750174,1.3924575737221843],[103.91017218969455,1.3924364332548436],[103.9101949831016,1.39243879470407],[103.91019282090899,1.3924599351714204],[103.91019773704598,1.3924604441666624],[103.91020384364538,1.3924007351883936],[103.91017730757295,1.3923678986276093],[103.91015765709109,1.3923839842776575],[103.9100941058461,1.3923773998828108],[103.91009566977576,1.3923621070481844],[103.91007424041555,1.3923598893470293],[103.91007265402116,1.3923751776605682],[103.91003591104288,1.392371370589928],[103.91001100865317,1.3923405561299604],[103.91009357679758,1.3922728889641847],[103.91013910597282,1.3923292274969234],[103.91015444249577,1.3923166735271713],[103.9101465041398,1.3923068505932965],[103.9101707633055,1.3922869926929116],[103.91018040273775,1.392298920024305],[103.91019713291776,1.3922852247021018],[103.91018536826338,1.3922706666476532],[103.91020791118996,1.392252213279409],[103.91020338037887,1.3922466262716062],[103.91021443529895,1.3922378391150987],[103.91021216719727,1.3922350329502065],[103.91025169279612,1.392202678056059],[103.91025452792326,1.3922061859882169],[103.9102612224762,1.3922107274809115],[103.91026708946279,1.3922160069612084],[103.91027276688239,1.3922223020476947],[103.91027630564689,1.3922273763139466],[103.91028026501822,1.3922346816306306],[103.91028287649924,1.3922412653096627],[103.91028571162646,1.3922447732417766],[103.91025751409946,1.3922678553277357],[103.91027282198937,1.39228679852307],[103.91027543498474,1.392284657809342],[103.91027685299764,1.3922864113232054],[103.91027424000227,1.392288552036935],[103.91028954879104,1.3923074952321122],[103.91031774631817,1.3922844131457663],[103.91032058144549,1.3922879210778307],[103.91032705584169,1.3922922934616129],[103.91033273321679,1.3922972066808186],[103.91033790741297,1.3923028813904406],[103.91034273569433,1.392309718218252],[103.91034642098728,1.392316640093772],[103.91034893092204,1.392323001302678],[103.91035176515089,1.392326509234728],[103.91031223955152,1.3923588641305689],[103.91030997144958,1.392356057061424],[103.91029965695593,1.3923647926453524],[103.91029810504945,1.3923628727330597],[103.91029660895677,1.3923640972901077],[103.9102954591416,1.392375342181085],[103.91027078859933,1.3923727863563422],[103.91026904720138,1.3923742125944443],[103.91026035131314,1.3923634527654987],[103.91024362113299,1.392377148088155],[103.91025508205671,1.3923913299370898],[103.91024565981755,1.392399042656615],[103.91024441747774,1.3924111873920948],[103.91026587020166,1.3924134096127074],[103.9102673425044,1.392399015718156],[103.91026831297192,1.392399116070613],[103.91027748092017,1.39239161136291],[103.91029369851078,1.3923932911372288],[103.91029422311405,1.3923881633801156],[103.91030671069475,1.3923894571137447],[103.910306849032,1.3923881077991644],[103.91034930698618,1.3923925070356107],[103.91034884616161,1.3923970044494174],[103.91035039736254,1.3924048696459856],[103.91035098256503,1.3924119010513523],[103.91035078243024,1.3924195456408486],[103.91034971336911,1.3924271477538348],[103.91034759657937,1.3924351622909252],[103.91034406185317,1.3924437837023944],[103.9103436019272,1.3924482820205326],[103.91030404908459,1.3924441838415715],[103.91030218602462,1.3924624013969737],[103.910305537732,1.3924627485623569],[103.91030530776898,1.3924649977214243],[103.9103019560616,1.392464650556041],[103.91030009300158,1.3924828672070773],[103.9103396458448,1.3924869644817048],[103.91033918591882,1.3924914627998417],[103.91034073082824,1.3924992818740871],[103.91034134031872,1.392507125396889],[103.91034091648055,1.3925160822248719],[103.91033966320255,1.3925234284090957],[103.91033773956676,1.392530203057753],[103.91033440071152,1.392538242052812],[103.9103339407855,1.392542740370947],[103.91029148372724,1.3925383411343473],[103.91029162116591,1.3925369918197983],[103.91027913358444,1.3925356980861334],[103.91027965818775,1.3925305703290267],[103.91026344059621,1.3925288905546642],[103.91025598389619,1.3925196626764733],[103.91025501342864,1.392519562324014],[103.9102564848329,1.3925051684295047],[103.91023503300673,1.3925029462088248],[103.91023356070376,1.3925173401033573],[103.9102097842482,1.39251487649376],[103.91020316199344,1.3925785502176014],[103.91026249799998,1.3925846979401246],[103.91026102659573,1.3925990918346287],[103.9102824784228,1.3926013140550189],[103.91028395072549,1.3925869201604795],[103.91032162823169,1.3925908239631717],[103.9103457263698,1.3926206888643853],[103.91026311868256,1.3926883090135294],[103.91021759039576,1.3926319713882567],[103.91020713391956,1.3926405306256615],[103.91021507137833,1.3926503526548928],[103.91019081220952,1.3926702114602252],[103.91018117367419,1.39265828412897],[103.91016444349158,1.392671979451168],[103.91017620814796,1.392686537505568],[103.91016805466695,1.3926932382006907],[103.91015497620882,1.3927039444823532],[103.91015323301342,1.392705371624805],[103.91015775573842,1.392710967676539],[103.9101472830877,1.392719540479682],[103.91014940920877,1.3927221712027813],[103.91010988360016,1.392754526095622],[103.91010687773587,1.3927508074522785],[103.91010349630191,1.3927482011880945],[103.91010066120772,1.3927457260386769],[103.91009723841792,1.3927424623037221],[103.91009307426316,1.3927380247294996],[103.9100889011021,1.3927329522925296],[103.91008552409409,1.3927282750362229],[103.91008369539693,1.392725474283017],[103.91008112622191,1.3927211433713744],[103.91007869899397,1.3927159388401327],[103.91007586386644,1.3927124309077972],[103.91010406229896,1.3926893488236882],[103.91009931409343,1.3926856817861408],[103.91009467909583,1.3926816150162964],[103.9100906865852,1.3926776594620733],[103.91008770409326,1.3926742247880053],[103.91008347791674,1.3926691686312924],[103.91007894347992,1.3926626275201373],[103.91007490234794,1.392655636019888],[103.91007204018456,1.3926496980642473],[103.91004382917241,1.3926727910007413],[103.91004099494354,1.392669282163963],[103.91003734931505,1.3926662816059254],[103.91003247169328,1.3926619607178072],[103.9100277629855,1.3926570610316367],[103.9100225159805,1.3926506474589173],[103.91001802737073,1.3926440864501388],[103.9100149333938,1.3926387508079652],[103.91001264546694,1.3926342028398333],[103.91000981033959,1.3926306949074043],[103.9100493359477,1.3925983400162572],[103.91005146206855,1.3926009707394602],[103.9100624415038,1.3925919837217562],[103.91006697770757,1.3925975960517925],[103.91006819794434,1.3925965975947394],[103.91006940974296,1.3925847476827522],[103.91009302984604,1.3925871950203261],[103.9100947730414,1.3925857678779203],[103.91010122419186,1.3925937513857003],[103.91011795527291,1.3925800560639257],[103.91010888286523,1.3925688304996846],[103.9101187337159,1.3925607668736495],[103.91012092824778,1.3925393089737665],[103.91009947642135,1.392537086751856]]]},"properties":{"OBJECTID":938081,"BLK_NO":"134","ST_COD":"EDP01G","ENTITYID":3309,"POSTAL_COD":"820134","INC_CRC":"DDA403AF1A7CEAA9","FMEL_UPD_D":"20130426120230","SHAPE.AREA":1222.1606222,"SHAPE.LEN":376.632578548948}},{"type":"Feature","geometry":{"type":"Polygon","coordinates":[[[103.74250804829836,1.3786368017980835],[103.74250717171493,1.3786493416628702],[103.74256875881274,1.3786536831601763],[103.74256963629445,1.3786411423910172],[103.74266321788018,1.3786477414988083],[103.74265560284107,1.3787568942134052],[103.74225984109412,1.3787290146818512],[103.74224799593742,1.3788990670400676],[103.74213953042783,1.378891408332443],[103.74214600554603,1.3787968447622974],[103.74215973030718,1.3787977984899147],[103.74216409975381,1.3787351326282198],[103.74215030580292,1.378734178897985],[103.74215827240147,1.3786199047920111],[103.74221606843064,1.378623963086683],[103.74221571779128,1.3786291206557713],[103.74223216342106,1.378630285204277],[103.74223251406039,1.378625127635184],[103.7422514163807,1.3786264686289373],[103.74224894216135,1.378661934035893],[103.74227351356126,1.378663663219472],[103.74227944558227,1.3785783901493285],[103.74226766802482,1.3785775432122656],[103.74226801955855,1.3785724923580362],[103.74227017792434,1.378572632617375],[103.74227149415643,1.3785536292867897],[103.74226935286495,1.3785534519492242],[103.74226970440006,1.3785483649204706],[103.74230735178935,1.3785510478054712],[103.74230838661103,1.3785361764988988],[103.7423424352282,1.3785385761792546],[103.74234138332845,1.3785535894702015],[103.74237904779362,1.3785562000056826],[103.74237869626276,1.3785611812239882],[103.74237602840773,1.3785610047706416],[103.74237467712136,1.378580292069997],[103.74237736294789,1.3785804676196742],[103.74237701231559,1.3785854488380127],[103.74236958743114,1.3785849195001987],[103.74236239313097,1.3786882788793573],[103.74239905658978,1.3786908550103762],[103.74240032066358,1.3786729106868303],[103.74239435325948,1.3786724872155682],[103.74239738938878,1.37862900284253],[103.74250804829836,1.3786368017980835]]]},"properties":{"OBJECTID":938109,"BLK_NO":"271","ST_COD":"CHA42Y","ENTITYID":11460,"POSTAL_COD":"680271","INC_CRC":"D37A79E9ACAAD9D9","FMEL_UPD_D":"20130426120229","SHAPE.AREA":932.735639545,"SHAPE.LEN":228.686496958924}},{"type":"Feature","geometry":{"type":"Polygon","coordinates":[[[103.9089063340387,1.3991357273357792],[103.9088955239263,1.3991298619859638],[103.90889875503,1.3991238560047563],[103.90888152385071,1.3990958411976961],[103.90891125639288,1.3990773686142863],[103.90892490744412,1.3990996616307718],[103.90894705791338,1.399085887459916],[103.90894470620466,1.3990820358530067],[103.90897341994476,1.3990694642722188],[103.9089749295307,1.3990685453901632],[103.90899897579841,1.3990483420388495],[103.9090013266086,1.3990521936457312],[103.90902351212156,1.3990384185686915],[103.90900982602406,1.3990160911881357],[103.90903952351952,1.3989976186043247],[103.9090567538047,1.3990257410294358],[103.90906349315216,1.3990255291895584],[103.90906384309646,1.3990378936328103],[103.90906854561331,1.3990455254017025],[103.90906994837121,1.3990478215344797],[103.90908402615212,1.3990390623189113],[103.90910104525923,1.3990667958742946],[103.9090752798728,1.3990827958019931],[103.90907857873434,1.3990881648995541],[103.90906615161283,1.3990959003222683],[103.90907559259338,1.3991112678606186],[103.90908938732856,1.3991027211795661],[103.90910068667374,1.3991211987627004],[103.90910756696826,1.3991169245183022],[103.90912974599712,1.3991531019455332],[103.9090861477336,1.3991801555809174],[103.90912155635856,1.3992378835549366],[103.90912805116908,1.3992338218483646],[103.90913419239126,1.3992438555591395],[103.90915293730792,1.3992322004201925],[103.90914584893297,1.3992206483143446],[103.9091710877634,1.3992050011046306],[103.90918287955574,1.3992242202491474],[103.90919741111249,1.3992152141269378],[103.90918607672144,1.3991967365454938],[103.90924182085413,1.3991620894789076],[103.90928852972709,1.3992382588579122],[103.90920449165198,1.3992905301735694],[103.9092163184897,1.3993097493167244],[103.9092025228553,1.3993182969029463],[103.90921196294025,1.3993337006151774],[103.90922439006246,1.3993259660960224],[103.9092276880261,1.3993313351933534],[103.90925348845758,1.3993153008969677],[103.90927050936595,1.3993430344507711],[103.90925636239447,1.3993518289399247],[103.90926243352592,1.3993617912078902],[103.9092732795835,1.3993676574590768],[103.9092700844214,1.3993735910905252],[103.90928727966643,1.3994016782445151],[103.90925758216811,1.399420149022864],[103.9092438960672,1.3993978569141656],[103.90922171055121,1.3994115958188444],[103.90922409730533,1.3994154465199162],[103.90919538356268,1.3994280190082748],[103.90919383803451,1.3994289731618152],[103.90916982680952,1.399449176514054],[103.90916744095402,1.3994453258128956],[103.90914525633681,1.3994590999870284],[103.90915897658331,1.3994813929995784],[103.9091292790818,1.399499828506223],[103.90911204969177,1.399471743160864],[103.90910531034301,1.399471953192224],[103.90910496039831,1.399459588749039],[103.90909885422371,1.3994496617519556],[103.90908467310484,1.3994584562412395],[103.90906765219881,1.3994307579561993],[103.90909348767605,1.3994146883901726],[103.9090901897125,1.3994093174839188],[103.90910261683669,1.399401619139905],[103.9090931767521,1.3993862145228526],[103.90907941526288,1.399394763011643],[103.90906758932437,1.3993755438677409],[103.90898355213778,1.3994278151758797],[103.90893673813515,1.3993516096194336],[103.90899262245168,1.39931689201357],[103.90900392269583,1.3993353695970958],[103.90901849019605,1.399326327300238],[103.90900669930306,1.3993071090591955],[103.90903190308963,1.3992914265818688],[103.90903544727753,1.3992972207222407],[103.90905763368997,1.3992834112789565],[103.90909065466349,1.399337287647753],[103.9090952193627,1.3993344622685648],[103.9090970435767,1.3993374294251555],[103.9091406768864,1.3993103405181448],[103.90913579913533,1.3993023913236489],[103.90913492124017,1.399302956579235],[103.90912670892203,1.3992970558759366],[103.90911979500314,1.3992896014343064],[103.90911449579517,1.3992809450413848],[103.90911098743018,1.3992714068360546],[103.90910944424527,1.3992613747844982],[103.9091102861972,1.39926080953009],[103.9091031978223,1.3992492565197452],[103.90910702480134,1.3992468896766945],[103.90907000134109,1.3991864767003623],[103.90906617526183,1.3991888788134885],[103.90906027846648,1.3991792339707723],[103.90897841850213,1.3992300925922923],[103.90895248410945,1.3991877683282155],[103.90896624559693,1.3991791863787586],[103.90895680551533,1.3991638179355583],[103.90894437839188,1.3991715180874944],[103.90894107953049,1.3991661480853737],[103.9089152440548,1.3991822185540168],[103.90889822405032,1.39915448499726],[103.90891244021168,1.3991456552378458],[103.90891103745496,1.399143393470775],[103.9089063340387,1.3991357273357792]]]},"properties":{"OBJECTID":938118,"BLK_NO":"181","ST_COD":"EDP02K","ENTITYID":5788,"POSTAL_COD":"820181","INC_CRC":"0F6381A6A1DE6BF9","FMEL_UPD_D":"20130426120300","SHAPE.AREA":962.4225067,"SHAPE.LEN":304.059418145573}},{"type":"Feature","geometry":{"type":"Polygon","coordinates":[[[103.86677075551525,1.3530592465013056],[103.86677608728483,1.3530366680692687],[103.86685541816627,1.3530556785129637],[103.86685022656512,1.353077655540975],[103.86686514187853,1.353081259225134],[103.86685711008148,1.353115248963089],[103.86687985101445,1.3531206911108506],[103.86688832218324,1.3530848275239722],[103.86690327164219,1.3530884321117815],[103.86690809395445,1.353068009690971],[103.86698732060391,1.3530869839571504],[103.86698247942243,1.353107405474],[103.86700941486605,1.3531138369364806],[103.86701413295086,1.3530939092041874],[103.86709381427676,1.3531129892710865],[103.86708911506193,1.3531328817330472],[103.86716714662069,1.3531515729439412],[103.86717193478786,1.3531313277785386],[103.8672510374389,1.3531502667674729],[103.86724621512887,1.3531706530143175],[103.86727374722278,1.3531772608164414],[103.86727851652024,1.3531570852871662],[103.86735747989496,1.3531759899086808],[103.86735272677177,1.3531961292632955],[103.86736762411482,1.3531996985787174],[103.86735915385178,1.353235596532907],[103.8673822982436,1.3532411435764247],[103.86739071639253,1.3532054572441348],[103.86740505302974,1.3532088845820562],[103.86740989330778,1.3531883554451267],[103.86745921834861,1.3532001576052115],[103.86748908312306,1.353207295329279],[103.86748427878574,1.353227647210446],[103.86750100111867,1.3532316397416466],[103.86748007839434,1.3533201845331435],[103.8674592325359,1.3533151665111387],[103.86673475926985,1.3531416427235272],[103.86673756532292,1.3531297710950267],[103.86675512044991,1.353055465571138],[103.86677075551525,1.3530592465013056]]]},"properties":{"OBJECTID":937813,"BLK_NO":"302","ST_COD":"SEA11N","ENTITYID":5998,"POSTAL_COD":"550302","INC_CRC":"D3C654CAD6F6A36D","FMEL_UPD_D":"20130426120302","SHAPE.AREA":960.832354325,"SHAPE.LEN":234.539992694328}},{"type":"Feature","geometry":{"type":"Polygon","coordinates":[[[103.70736155177013,1.3421888757192062],[103.7073591823848,1.342186685230913],[103.70735751570079,1.342183928648244],[103.70735669996925,1.3421808194083873],[103.707356789091,1.3421776044050433],[103.7073577803577,1.3421745314333406],[103.7073595883937,1.3421718473797604],[103.70736207300942,1.342169836206795],[103.70736503022879,1.3421685648266801],[103.70736821563476,1.3421682140992062],[103.7073713650515,1.3421687803932316],[103.7073742349715,1.3421702302347323],[103.70737956862358,1.3421739067438874],[103.70738801300881,1.3421614767217167],[103.70736493705682,1.3421455686973693],[103.70738239555446,1.342119895660899],[103.70741868523339,1.3421449239590866],[103.70742918207827,1.342129491560238],[103.70744302450524,1.3421091513604182],[103.70742430101438,1.3420962478536298],[103.70743863408993,1.3420752013722752],[103.70743310725521,1.3420713837727338],[103.70743073786993,1.342069193284513],[103.70742908017148,1.3420664367023563],[103.70742825545429,1.3420633274620495],[103.70742834457589,1.342060113363053],[103.707429336741,1.3420570403913523],[103.70743114387646,1.3420543916077834],[103.70743362849386,1.3420523442602341],[103.70743658571114,1.3420511099588683],[103.70743977111886,1.342050722152431],[103.707442921434,1.3420512893507601],[103.70744579045541,1.3420527382877598],[103.7074509758507,1.3420563089786797],[103.70745509245334,1.3420502707647946],[103.70744271166093,1.3420417157605848],[103.70745909989324,1.342017631632526],[103.70750039885507,1.3420461248008329],[103.70750987845562,1.3420321755030493],[103.70749936659675,1.3420249283037506],[103.70750692493414,1.3420138403088335],[103.70748328740369,1.3419975442851513],[103.707510006233,1.341958275544073],[103.70755732352607,1.341990868497236],[103.70756120289104,1.3419851829721559],[103.70756335326642,1.3419827105568785],[103.7075661182193,1.341980945384719],[103.70756926860834,1.341980064698833],[103.70757253216699,1.3419801372166669],[103.70757563843112,1.3419811276540987],[103.70757833131356,1.3419830007277511],[103.70758038528702,1.3419855448051778],[103.70758162244603,1.3419885844308903],[103.70758194575913,1.3419918690915102],[103.70758132289434,1.3419950831629206],[103.70757981227058,1.3419979788528715],[103.70757616924257,1.3420033469590407],[103.7075830133182,1.3420080481883845],[103.70759016637489,1.3419975606687709],[103.70761389196298,1.3420138928705276],[103.70758546934063,1.3420556684169949],[103.70761296694197,1.3420746153253738],[103.70764178316135,1.3420322745724793],[103.7076658232328,1.3420488536809616],[103.70765716857231,1.342061566758808],[103.70766303055868,1.3420655969003423],[103.70766659360768,1.3420603707747836],[103.70766876195056,1.3420579698049617],[103.70767151701573,1.3420562751724334],[103.70767463235752,1.342055464120502],[103.70767785278557,1.3420555357316126],[103.70768092400603,1.3420565270714733],[103.7076835827452,1.3420583648731277],[103.7076856178509,1.342060874583738],[103.70768687208457,1.3420638771314384],[103.7076872223581,1.3420670921575526],[103.70768666059536,1.3420703062321577],[103.7076852110736,1.342073201925338],[103.7076815338987,1.3420786053000382],[103.70770259086306,1.342093134064645],[103.70766845567903,1.3421433144601094],[103.70773400497426,1.3421885269202465],[103.70776281220758,1.3421461870697833],[103.70778785324039,1.3421634372657758],[103.70778095449384,1.3421735720978276],[103.7077869548532,1.3421777080566424],[103.70779059787922,1.3421723761246376],[103.70779272219276,1.3421699751524305],[103.70779543412719,1.3421682805175397],[103.70779851442714,1.34216743419352],[103.70780169891303,1.342167505802624],[103.70780474407731,1.3421684618708691],[103.70780737675854,1.3421702996710612],[103.70780939389327,1.3421728093806573],[103.70781061308519,1.3421757766563713],[103.70781093730254,1.342178955506643],[103.70781034858672,1.342182099943997],[103.7078088909798,1.342184960366708],[103.70780530995792,1.3421902217616837],[103.70785268835796,1.3422228852532436],[103.70782590033613,1.3422622598050666],[103.70780248294058,1.3422461048759846],[103.70779426770726,1.342258182210294],[103.7077834575361,1.3422507224715137],[103.70777465370394,1.3422636471628222],[103.70781622492788,1.3422923166911593],[103.70779995082265,1.3423162235726123],[103.70778712345866,1.342307386385826],[103.7077828325216,1.342313707656694],[103.7077884204576,1.342317560528822],[103.70779078085964,1.3423197166505105],[103.70779242957312,1.3423224723276432],[103.70779323721824,1.3423255815669894],[103.70779314809702,1.342328796570399],[103.70779215683082,1.3423318686379584],[103.70779034789837,1.3423345174217143],[103.70778787316507,1.342336564770135],[103.70778493302006,1.3423378008815163],[103.70778175659767,1.3423381868801152],[103.707778606282,1.342337620586546],[103.70777573725829,1.34233620601566],[103.707770262537,1.342332423689611],[103.70775524381033,1.3423544947800676],[103.70772113215173,1.342330986831953],[103.70770747394249,1.3423510801520333],[103.70774567569322,1.3423774162526727],[103.70772945460523,1.3424012525959983],[103.70773455284521,1.3424047518372841],[103.70773696446328,1.3424069432318042],[103.70773866708838,1.34240973508625],[103.70773950797654,1.3424129139632242],[103.70773942873579,1.342416199507393],[103.70773843656907,1.3424193077493642],[103.70773660247508,1.3424219918018963],[103.70773408371049,1.3424240744181029],[103.70773108156314,1.3424253439876057],[103.70772784404038,1.3424256965215586],[103.70772464070976,1.342425129320808],[103.70772172855695,1.3424236803818557],[103.70771660426063,1.342420144964702],[103.70770912589977,1.3424311271539502],[103.70772319053518,1.342440813601339],[103.70770575001127,1.3424664504667483],[103.70766883854401,1.3424409988984727],[103.70765815658164,1.342456713449798],[103.70760910153054,1.342422883240206],[103.70758491053037,1.3424584433229125],[103.70750975418647,1.3424066212813128],[103.70752468484967,1.342384691268581],[103.70751922719951,1.3423809442130081],[103.70751685871248,1.3423787528205255],[103.70751520101375,1.3423759962384052],[103.70751438528372,1.3423728526328136],[103.70751447350673,1.3423696376294034],[103.70751546567185,1.3423665655620394],[103.70751727370785,1.342363881508343],[103.70751976641259,1.3423618332567901],[103.70752272363028,1.3423605980509914],[103.70752591712358,1.3423602464193891],[103.70752907642655,1.3423607774436184],[103.70753195443386,1.3423622281897414],[103.70753725484178,1.3423658685223936],[103.70754569742812,1.342353473769718],[103.70752284251125,1.342337708647312],[103.70754016891006,1.342312247223662],[103.70757649273871,1.34233727461728],[103.70758699856917,1.3423218422182233],[103.70763624680262,1.3423557782484512],[103.70770904624653,1.3422488149435616],[103.70766415047555,1.3422178834315335],[103.70764924677324,1.3422397772722674],[103.70761097493993,1.34221340680099],[103.70763391055779,1.342179682508242],[103.70762493517789,1.342173496205851],[103.70763164161917,1.3421636444297587],[103.70753947168545,1.3421001199659028],[103.7074267786561,1.3422657390421942],[103.70735228004243,1.342214376446637],[103.7073670606356,1.34219265804786],[103.70736155177013,1.3421888757192062]]]},"properties":{"OBJECTID":937838,"BLK_NO":"696","ST_COD":"JUC06T","ENTITYID":5864,"POSTAL_COD":"640696","INC_CRC":"F925E3940E1FAB68","FMEL_UPD_D":"20130426120259","SHAPE.AREA":1119.92972624,"SHAPE.LEN":345.967830188353}},{"type":"Feature","geometry":{"type":"Polygon","coordinates":[[[103.89466992813536,1.3788292453592994],[103.89467018941555,1.3788563581761804],[103.89466920278255,1.378856373575943],[103.89467016403451,1.3789179363009871],[103.89466110642017,1.3789180902776408],[103.89459725293158,1.3789190505576225],[103.8945971008653,1.3789109384191867],[103.89459778375945,1.3789100973432626],[103.89459869581094,1.3789100837541874],[103.89459843911816,1.3788866381319536],[103.8945961567366,1.3788864211437706],[103.8945957514312,1.3788493603298935],[103.89457061834734,1.3788497136824207],[103.89457022025739,1.3788488518341193],[103.89441046567978,1.378851173847991],[103.89441042975898,1.3788520420380717],[103.89435073756202,1.3788529117675223],[103.89434278519337,1.3788530838017143],[103.89434260545663,1.3788522156171947],[103.89425333223319,1.378853248892304],[103.8942178386244,1.3788545701770147],[103.89415818237187,1.3788555122497836],[103.89415810147595,1.378854553626335],[103.89399829927233,1.3788568909878165],[103.89399796682405,1.3788578315345985],[103.89397189921397,1.3788578050719784],[103.89397245726786,1.378894893013387],[103.89397300622576,1.378927621921941],[103.89396395759583,1.3789277306775132],[103.89389993427277,1.3789285824194046],[103.89389949303059,1.3788913407331183],[103.89389913298484,1.3788669500530673],[103.89389831438355,1.3788669075689295],[103.89389732516041,1.378799991010204],[103.89389822373225,1.3787999367253787],[103.8938975123277,1.378739326287663],[103.89397043151635,1.3787383205762587],[103.89397078282461,1.3787724964718602],[103.89399401992705,1.3787724777889223],[103.89399308633514,1.3787379899027874],[103.89415613059035,1.378735946376873],[103.89415610361088,1.3787350691447704],[103.89421699989303,1.378734190345737],[103.89422504211815,1.3787340002223978],[103.89422506011144,1.3787348593674553],[103.89425749859035,1.37873435208872],[103.8942579486386,1.378764313646689],[103.89429346922644,1.3787639057680825],[103.89430798746922,1.3787637389910468],[103.89430745026183,1.3787338986200977],[103.89433969105939,1.3787335812617094],[103.89433989770728,1.3787326407181288],[103.89440071311311,1.3787315900873547],[103.89440849475152,1.3787313818828444],[103.89440896203354,1.3787323224090329],[103.8944438356497,1.3787319778503515],[103.89447089167207,1.3787313531404275],[103.89447090064027,1.3787306658237823],[103.89453981218945,1.3787295878493098],[103.89453990207079,1.3787305283852336],[103.8945722417114,1.3787302200647593],[103.8945726558195,1.378760136405238],[103.89459503027928,1.3787596474696069],[103.89459461617089,1.3787297311291442],[103.89466755332901,1.378728707308542],[103.89466844447043,1.3787894262641445],[103.89466930710047,1.3787894171981443],[103.89466894150236,1.378829260759061],[103.89466992813536,1.3788292453592994]]]},"properties":{"OBJECTID":937680,"BLK_NO":"446","ST_COD":"HOA11S","ENTITYID":9221,"POSTAL_COD":"530446","INC_CRC":"762300260C9C95D1","FMEL_UPD_D":"20141127185830","SHAPE.AREA":1221.236015,"SHAPE.LEN":251.337288919496}},{"type":"Feature","geometry":{"type":"Polygon","coordinates":[[[103.76339045185998,1.3208168930359896],[103.76337839421613,1.3207839648021815],[103.7633624537597,1.3207892729671467],[103.76317593792027,1.3202714831272166],[103.76304765213617,1.3203204589294415],[103.76304168029839,1.3203227386611143],[103.76304039905844,1.320319370773233],[103.76303022733165,1.3203237485097925],[103.76302371691325,1.3203064387981234],[103.76301232225845,1.320310793890709],[103.76301443279894,1.3203163865375742],[103.76296994325077,1.3203328474082485],[103.76293344208759,1.3203080523258346],[103.76293537225725,1.3203051765034117],[103.762924844131,1.3202979801793011],[103.76291543410265,1.320312068093022],[103.76290078439968,1.3203020554619371],[103.76278439545531,1.320222708672966],[103.76262850810716,1.32045732697732],[103.7626143561583,1.320448867151733],[103.76259460247714,1.3204779138522416],[103.76249103112329,1.3204074166179747],[103.76251832127244,1.3203672274659943],[103.76256193163285,1.3203969497328807],[103.76258467493092,1.3203630873801193],[103.76254087587871,1.3203332330710986],[103.76256747411159,1.3202941020044734],[103.76261533813312,1.320326704791453],[103.76262926087608,1.3203059988726376],[103.76258156398235,1.3202735009969395],[103.76260782076768,1.3202342523526995],[103.76265042297197,1.3202632737070565],[103.76267351491899,1.3202289365722024],[103.76263086060028,1.3201998690941994],[103.76265707245314,1.3201607380153588],[103.76270664189074,1.3201945291835617],[103.7627226215022,1.3201707882774394],[103.7627497689171,1.3201892977660206],[103.76276475738493,1.3201670074310905],[103.76270234789165,1.3201245141069606],[103.76271567217253,1.320104689925285],[103.76273545070828,1.320118150139361],[103.7627435101543,1.3201061765906918],[103.76272572456816,1.3200940503704799],[103.76275917814272,1.3200443492912384],[103.76278879381418,1.3200651052899388],[103.76277797929414,1.3200811773376173],[103.76282407859374,1.3201125673180665],[103.76283375639858,1.3200981791634603],[103.76290331193748,1.3201455155571196],[103.76287834733473,1.320182631751436],[103.76291232720625,1.3202057817246415],[103.76293765394021,1.3201681256350009],[103.7629764346765,1.3201947059966619],[103.76295383516018,1.320228328701089],[103.76296883798803,1.3202385439194393],[103.76299075715009,1.320242253340219],[103.76301157052465,1.3202342403635419],[103.76299723605412,1.3201979170809885],[103.76304184959312,1.320181694060918],[103.76305691717904,1.32022169450801],[103.76309515994717,1.32020691828813],[103.76308012830329,1.320166899754981],[103.76315910280509,1.3201380527883537],[103.7631664146955,1.320156665710964],[103.76321673598277,1.320135060979687],[103.76320939534217,1.3201163133061573],[103.76324640794866,1.3201030455279912],[103.76326823394392,1.3201608386225387],[103.76324757692146,1.3201687512214935],[103.76325253026866,1.3201818709701918],[103.76327325288584,1.3201739457119654],[103.76328130151245,1.3201953097303885],[103.76321253548971,1.3202228845505104],[103.76322125079184,1.3202460102890454],[103.76324829478625,1.3202357112550018],[103.7632577961951,1.3202633461745072],[103.76331523219683,1.32024239368952],[103.76333118024384,1.3202868345872536],[103.76327920749172,1.3203057524085253],[103.76329361917341,1.3203445409880519],[103.76334562786504,1.320325740734855],[103.76337673328904,1.3204127323867945],[103.76332481444435,1.3204317677777282],[103.76333905541927,1.3204699594719649],[103.76339076759298,1.320451095904079],[103.76342200779634,1.3205383136503384],[103.76337007097952,1.3205573038233749],[103.76338402442352,1.3205953417673697],[103.76343604210513,1.3205765505564449],[103.76345270896948,1.3206219953178584],[103.76340061579793,1.3206411699772715],[103.76340911274538,1.3206646411760934],[103.76345993266438,1.320645653683852],[103.76347703987038,1.320689289729627],[103.76342487841534,1.320708189460897],[103.76343896662142,1.3207470232487375],[103.76349128083024,1.3207281506524522],[103.76350767812589,1.3207737762787195],[103.76339045185998,1.3208168930359896]]]},"properties":{"OBJECTID":938190,"BLK_NO":"201","ST_COD":"CLA09K","ENTITYID":11168,"POSTAL_COD":"120201","INC_CRC":"DA6CBE351CF621BC","FMEL_UPD_D":"20240125100400","SHAPE.AREA":2156.89726169,"SHAPE.LEN":561.039990275347}},{"type":"Feature","geometry":{"type":"Polygon","coordinates":[[[103.76243079825495,1.313962816769738],[103.76243079838741,1.3139581185987332],[103.76257346375323,1.313958105486272],[103.762573463295,1.3139424563714581],[103.76263236140338,1.3139424508145858],[103.7626323627744,1.3139576061466962],[103.76306042896172,1.3139575685606737],[103.76306042963819,1.3139655161116812],[103.76313040236785,1.3139655099521204],[103.76313040785408,1.3140264821744296],[103.76311879050988,1.3140264836545934],[103.76311879385253,1.3140676729139018],[103.76310522665608,1.3140676743388386],[103.76310522875286,1.3140891168097604],[103.76301172031685,1.3140891259192493],[103.76301171910858,1.3140680705161947],[103.76296124579534,1.3140680754163923],[103.76296124701112,1.3140888468491232],[103.76287044231039,1.314088855125575],[103.7628704402146,1.3140674479249577],[103.7628478704525,1.3140674490929296],[103.76284787254708,1.3140888924680967],[103.7627566113835,1.3140889007274223],[103.76275660926292,1.314068411456329],[103.76273403950084,1.3140684135276293],[103.76273404160837,1.3140893613112659],[103.76264211372138,1.3140893695474192],[103.76264211159081,1.3140692691528995],[103.76259186561094,1.3140692731476946],[103.76259186683062,1.3140897985932503],[103.7624987986848,1.3140898067915998],[103.7624987965355,1.3140704118010667],[103.76247489422488,1.3140704138319845],[103.76247489545554,1.3140905151307698],[103.76238317782958,1.3140905233633335],[103.76238317573697,1.3140691505287743],[103.76236915387477,1.3140691519366925],[103.76236914973856,1.314024678027967],[103.76235677671463,1.3140246785785987],[103.76235585924454,1.3139628227676008],[103.76243079825495,1.313962816769738]]]},"properties":{"OBJECTID":937866,"BLK_NO":"432","ST_COD":"CLA06H","ENTITYID":8282,"POSTAL_COD":"120432","INC_CRC":"8A2BDA9219FC9928","FMEL_UPD_D":"20130426120328","SHAPE.AREA":1184.70483766,"SHAPE.LEN":227.694666499101}},{"type":"Feature","geometry":{"type":"Polygon","coordinates":[[[103.8698674263919,1.35588832776425],[103.87069825379798,1.3559353898738638],[103.87069346296877,1.3560734447605667],[103.86985905570387,1.356031151417466],[103.8698674263919,1.35588832776425]]]},"properties":{"OBJECTID":939000,"BLK_NO":"229","ST_COD":"SEA13U","ENTITYID":7172,"POSTAL_COD":"550229","INC_CRC":"D3AF00363C4FF8E2","FMEL_UPD_D":"20130426120318","SHAPE.AREA":1442.552896125,"SHAPE.LEN":216.680443641045}},{"type":"Feature","geometry":{"type":"Polygon","coordinates":[[[103.87738063548142,1.3947581228726307],[103.8773881213042,1.3947450691441465],[103.87736951511701,1.3947342623467902],[103.87738824449981,1.3947015990857],[103.87741332861607,1.3947161679143643],[103.87741746374454,1.3947089573436295],[103.87746429551625,1.3947361588200353],[103.87745771273693,1.3947476371299263],[103.87748503074684,1.3947635036777326],[103.8774759931282,1.3947792632923675],[103.87748903704903,1.394786838901915],[103.87749175903544,1.3947969876213824],[103.87748819897926,1.3948031970506283],[103.87752670352728,1.3948255612407754],[103.87750774231947,1.3948586269491912],[103.87751784785402,1.3948644960795173],[103.87755342595133,1.394802450622475],[103.87758024794121,1.394818028686439],[103.87758658631442,1.3948069754318453],[103.87763314312163,1.3948340168375293],[103.8776292595877,1.3948407887874037],[103.87765434550404,1.3948553585177008],[103.87763527287763,1.394888620476154],[103.87762226489934,1.3948810647627852],[103.87761477907746,1.3948941184919756],[103.87758676555711,1.3948778477083101],[103.87757529017196,1.3948978596881363],[103.87760458597938,1.3949148756434486],[103.87761694047357,1.394910828381424],[103.8776447616964,1.3949269879315978],[103.87764681782868,1.3949367333171971],[103.87763825284797,1.394951670856751],[103.87761417604645,1.3949376862306087],[103.87760226756002,1.3949584524581893],[103.87763602216853,1.3949780584266458],[103.87761776533291,1.3951011164621938],[103.87748943410038,1.3950695873400367],[103.87743012001786,1.3950351367194327],[103.87746902185766,1.3949672951331744],[103.87748697477275,1.3949777230135374],[103.87749592702973,1.3949621108117805],[103.87747195895818,1.3949481894875664],[103.8774767024054,1.394939917182121],[103.87745233446198,1.394925763443737],[103.87746853442592,1.3948975117165048],[103.87747914137334,1.3949036720426833],[103.87748633876133,1.394891119336908],[103.87749852363149,1.3948981957537616],[103.87751073313288,1.3948769031812467],[103.87749995994648,1.3948706451870558],[103.87749730832454,1.3948752683450076],[103.877490823206,1.394871501792132],[103.87749347392936,1.3948668786342036],[103.87747842795126,1.3948581391462487],[103.87745267819481,1.3949030458179468],[103.87741527262081,1.3948813191823963],[103.87740566891458,1.3948980672771054],[103.87737843087805,1.3948822477538358],[103.87737210328628,1.3948932829204164],[103.87732597780352,1.3948664929145222],[103.87733021985999,1.39485909513861],[103.87730480236607,1.394844331877149],[103.87732303844646,1.3948125295801945],[103.8773363744085,1.3948202752055077],[103.87734426008662,1.394806523300759],[103.87737196269266,1.3948226132205084],[103.87738386309353,1.3948018587509161],[103.87741713066269,1.3948211816659832],[103.87742340793527,1.394810234223527],[103.87738523586643,1.3947880626548697],[103.87739696554246,1.3947676075328561],[103.87738063548142,1.3947581228726307]]]},"properties":{"OBJECTID":938962,"BLK_NO":"433A","ST_COD":"SEW08G","ENTITYID":9177,"POSTAL_COD":"791433","INC_CRC":"AAFB2478C06B9645","FMEL_UPD_D":"20140120182932","SHAPE.AREA":754.06428763,"SHAPE.LEN":227.180610555718}},{"type":"Feature","geometry":{"type":"Polygon","coordinates":[[[103.90721547103517,1.3976910810336727],[103.90720188937014,1.3976742639232997],[103.90720294247843,1.3976733812313704],[103.90719441462444,1.397662852903504],[103.90718254917785,1.3976725661410097],[103.90719251661339,1.3976848959150945],[103.90718763744816,1.3976888870248179],[103.90718847944973,1.3976899116418136],[103.9071487407607,1.3977224419431908],[103.90711301543054,1.3976782441242845],[103.90712137021438,1.3976713924036517],[103.90710438369788,1.3976503357450591],[103.90712179503875,1.3976360661502076],[103.90709880617956,1.3976205190626545],[103.90709427745172,1.3976242279997548],[103.90709255840191,1.3976221082264548],[103.9070971212758,1.397618399288279],[103.90708663044643,1.3975925746207958],[103.9070755027152,1.397601687337212],[103.9070585170993,1.3975806659483656],[103.90704384276168,1.3975926392778428],[103.90700811653693,1.397548442361464],[103.90704785432659,1.3975159111581508],[103.90704869632913,1.3975169710453748],[103.90705357639284,1.3975129799359143],[103.90706350698305,1.3975252391714628],[103.90707537332806,1.397515525934535],[103.90706459803955,1.3975022068119043],[103.90710433672626,1.3974696765120345],[103.90711514526453,1.397483067078133],[103.90712697566589,1.3974733538420983],[103.90711700913018,1.3974610231632536],[103.90712188829507,1.397457032053689],[103.90712104629362,1.3974560074366607],[103.90716078408016,1.3974234762315654],[103.90719651030571,1.3974676749543296],[103.9071860493053,1.3974762576932258],[103.90720307086468,1.3974972790800044],[103.90718671173494,1.3975106659835073],[103.90720934927744,1.397527131010124],[103.90721907346112,1.3975191487916863],[103.9072424128115,1.3975361437526548],[103.90719091470983,1.397578315844286],[103.90719435460564,1.3975825210248718],[103.90719119527868,1.3975850985603029],[103.90722579823701,1.3976278485279052],[103.90723239813869,1.397622443843764],[103.90724713811863,1.397640709707325],[103.90728227059131,1.397662688240544],[103.90728483344004,1.3976658317262316],[103.90731059866445,1.397644710408839],[103.90730807265744,1.3976415651132856],[103.90731224915044,1.3976381392526693],[103.90728108608535,1.3975995591967225],[103.90728340257942,1.3975981103332973],[103.90730814913282,1.3975871984057162],[103.90729428710088,1.3975700638732307],[103.90731520910266,1.3975529327602423],[103.90730671629329,1.397542404431668],[103.9073506314698,1.3975064482671564],[103.90738295374719,1.3975464418052983],[103.90738190063793,1.3975472892271334],[103.90738586622543,1.3975521997941316],[103.90737365034283,1.3975621961093816],[103.90738270478614,1.3975733963618169],[103.907395973778,1.3975625517203145],[103.90741296029633,1.397583609281059],[103.90742889273734,1.3976032877210665],[103.90741565879004,1.397614131457281],[103.90742527486842,1.397626037999447],[103.9074374907511,1.397616041683926],[103.90744145633887,1.3976209531551773],[103.90744247440348,1.3976201048300647],[103.9074747975826,1.3976600983667005],[103.90743084736187,1.3976960907091978],[103.90742123038234,1.3976841127224053],[103.90740030838026,1.3977012438363459],[103.90738816629454,1.397686192903],[103.90737180566178,1.3977089761426795],[103.90737998305717,1.397719080334567],[103.90735839432463,1.3977367414262147],[103.90735021692927,1.3977266372342516],[103.90732473355669,1.3977381144127645],[103.90733919137176,1.3977559923127334],[103.90731827026589,1.3977730872514327],[103.90732563980791,1.3977822373658184],[103.90728168958148,1.3978181944355437],[103.90724936640207,1.3977781647216956],[103.90725042041007,1.3977773172998849],[103.90724645392385,1.3977724067327],[103.90725863566311,1.3977624456892974],[103.90724901958386,1.3977505047806378],[103.90723578563485,1.3977613476115431],[103.90722013266368,1.397742021863061],[103.90720686367219,1.3977529361396188],[103.90718026197413,1.3977199385727357],[103.90719353096668,1.397709059566498],[103.90721547103517,1.3976910810336727]]]},"properties":{"OBJECTID":938457,"BLK_NO":"106D","ST_COD":"PUF02Z","ENTITYID":7072,"POSTAL_COD":"824106","INC_CRC":"D49886F50F9A1974","FMEL_UPD_D":"20130426120318","SHAPE.AREA":866.322383535,"SHAPE.LEN":242.451310565071}},{"type":"Feature","geometry":{"type":"Polygon","coordinates":[[[103.90770717005404,1.3959345440642823],[103.90769046050167,1.395948248413437],[103.90770179742037,1.3959622747277916],[103.90774153427695,1.3959297796887389],[103.90777841880323,1.395975425348224],[103.90775542564607,1.3959942522118503],[103.90776500667334,1.3960061225796274],[103.90772316360001,1.3960403477331949],[103.90769543775161,1.3960060424974743],[103.90765148756054,1.3960419290322894],[103.90767928350019,1.3960763048066416],[103.90763743862719,1.3961105299588445],[103.90761589075251,1.3960838564477889],[103.90760546480307,1.3960924039169709],[103.9075838818854,1.3960657647725083],[103.90758876014813,1.396061773662146],[103.90758479456285,1.3960568621909548],[103.90759943294526,1.396044888859722],[103.90758809782388,1.396030862544812],[103.90756857938167,1.396046828795088],[103.90755555935748,1.396030681801544],[103.90754509926201,1.3960392292715442],[103.90755815433079,1.3960553762640338],[103.90753860084463,1.3960713759766337],[103.90754993686451,1.3960854022917557],[103.90756457524726,1.396073428960725],[103.90756854083247,1.3960783386232236],[103.90757345503845,1.396074347511749],[103.90759500381006,1.3961009866573932],[103.9075845077724,1.3961095703032493],[103.90760609069048,1.396136208543311],[103.90756424761248,1.3961704336942424],[103.9075364516733,1.3961360588228824],[103.9074925715698,1.3961720493544845],[103.90752033246319,1.3962063907660376],[103.90747848758667,1.3962406520901365],[103.90746887151292,1.3962287102775908],[103.90744584330727,1.3962475715053135],[103.9074089587826,1.396201924936204],[103.90744876663622,1.3961694660740462],[103.90743739646824,1.3961553692191764],[103.90742068601415,1.3961690735665728],[103.90740587685428,1.39615087824599],[103.90741254683859,1.3961454030189533],[103.90738647084926,1.3961131470144115],[103.90742378700168,1.3960826298997453],[103.90743312180702,1.396094182845225],[103.9074463557461,1.3960833391092322],[103.90745204127866,1.3960903703537482],[103.90748689987696,1.3960618311586763],[103.90748461829622,1.3960590394614962],[103.90748883072943,1.396055613599541],[103.90746215895875,1.3960226160368019],[103.90746180762304,1.3960228982093048],[103.90745233173647,1.396011204187721],[103.90744902866975,1.3960434566017847],[103.90742579222805,1.3960410508278742],[103.90742793648923,1.3960203507877036],[103.90741006997631,1.396018510974787],[103.90740483376076,1.3960697686454113],[103.907351165929,1.3960642510166659],[103.9073542237633,1.3960345064099502],[103.90733723516688,1.3960328085537113],[103.90733783343745,1.3960269446429434],[103.90733604256305,1.3960267674444478],[103.90733762358464,1.3960114709930405],[103.90733941355934,1.3960116129213944],[103.90733997588454,1.396005678471424],[103.9073384686564,1.3959957513229013],[103.9073374520505,1.3959857545228622],[103.90733689192072,1.3959756862636628],[103.90733678737183,1.3959656532602038],[103.90733717434478,1.395955584971009],[103.9073380186969,1.395945588112032],[103.90733398226484,1.3959451640934544],[103.90733306929266,1.3959446685312609],[103.90733278890495,1.3959436791666577],[103.90733327950062,1.3959427612223432],[103.90733426253769,1.3959424790298551],[103.90733829896975,1.3959429030484325],[103.90733949376673,1.3959328709081862],[103.90734118098852,1.395922944562854],[103.90734328785022,1.3959131240147402],[103.90734588623815,1.395903409261567],[103.90734890606313,1.3958938012099162],[103.90735241831511,1.395884369493515],[103.90735301568706,1.395878505582768],[103.90735122481166,1.3958782931141078],[103.90735280583424,1.3958630328372152],[103.90735459580881,1.3958631738612004],[103.90735515813836,1.3958573804919021],[103.9073721476321,1.395859078348051],[103.90737520457074,1.3958294395518218],[103.90742883735263,1.3958349580857832],[103.90742356519563,1.3958862510277954],[103.90744146675213,1.395888090839553],[103.90744361011558,1.3958674242608275],[103.90746681151097,1.3958698300357673],[103.90746083689024,1.3959282946012719],[103.90747870250497,1.3959301687796715],[103.90747866747367,1.395930592927183],[103.90748063357208,1.3959308044858196],[103.90750091799244,1.3959559243422213],[103.90750126932815,1.395955642169713],[103.90751828997998,1.3959766635549327],[103.90752766372042,1.3959689987781545],[103.90755149227519,1.395998463987306],[103.90755781092415,1.395993307106937],[103.90756289977787,1.395999631158016],[103.90761934708868,1.395953431772611],[103.90761706640538,1.3959506048053623],[103.90762022483229,1.3959480625396592],[103.9075608102523,1.395874540593717],[103.90755456079428,1.395879697471884],[103.90754606798919,1.3958691338735942],[103.90755231655083,1.3958640475358177],[103.90749290107655,1.395790525587898],[103.90749012813141,1.3957927856798393],[103.9074867241822,1.3957886175772696],[103.90745256736054,1.3958165906184898],[103.90744916340914,1.395812351975525],[103.90744881207344,1.395812634148025],[103.90744031927017,1.395802105819477],[103.90744063556124,1.3958018227437259],[103.90743838992401,1.3957990319497018],[103.90742097769956,1.3958133024507016],[103.90740620268585,1.3957950356841609],[103.90742224551073,1.3957818965852065],[103.90741090949312,1.3957678702693097],[103.90737117173906,1.3958004720177848],[103.907337129539,1.3957583225298738],[103.90736012269757,1.395739497478996],[103.90734938335927,1.3957261774516276],[103.90735391208214,1.3957224341483818],[103.90735278881488,1.3957210559342403],[103.90736465425138,1.3957113426962697],[103.90736577751976,1.3957127561805756],[103.90737037543205,1.3957089767005757],[103.90737627435134,1.395700852617915],[103.90738255787245,1.3956930459545855],[103.90738922779263,1.3956855585192534],[103.90739624906719,1.395678387599936],[103.90740354980983,1.395671535007635],[103.90741120370626,1.395665071280352],[103.90740864175714,1.3956618916200803],[103.90740832542626,1.3956609022566224],[103.9074088169204,1.395659983407903],[103.90740980085596,1.3956597021197246],[103.90741074707435,1.3956601615063073],[103.90741330992203,1.395663340262185],[103.90742117319516,1.3956571243237883],[103.90742931683712,1.3956512963483474],[103.90743770670196,1.3956458572413053],[103.90744637693675,1.3956408413673826],[103.90745525834984,1.3956362152673276],[103.90746435004483,1.3956320485771427],[103.9074689479568,1.395628269096963],[103.9074678255881,1.3956268908828484],[103.9074796550805,1.3956171785498404],[103.90748077834887,1.3956185911297279],[103.90748530707239,1.3956148821920529],[103.90749608055795,1.3956282365835184],[103.90751907371285,1.395609376261022],[103.90755311591145,1.3956514533972117],[103.90751334311344,1.3956839493385298],[103.90752467823263,1.3956979756539574],[103.90754075700154,1.3956849061890844],[103.9075554960712,1.3957031367813812],[103.90750287481825,1.3957462277469184],[103.90751136762272,1.3957567922497736],[103.90751484413654,1.3957539298295027],[103.90752961825,1.3957721260550209],[103.90754351981474,1.3957607523404654],[103.90752962184716,1.3957435463650638],[103.90753453695,1.395739519983495],[103.90753369405047,1.3957384953666063],[103.9075594960953,1.3957174093163676],[103.90756798889873,1.3957279367401152],[103.90760495370611,1.3956976674296182],[103.90760948002645,1.3957032851907576],[103.90761088536905,1.3957021546919401],[103.90762050054151,1.3957140612338903],[103.90761913114319,1.3957152270017408],[103.90762646653346,1.3957243771167054],[103.90762790602096,1.3957232113466225],[103.90763752209219,1.395735117888463],[103.90763611764812,1.3957362474829045],[103.90764067991178,1.3957418652428308],[103.90761206988017,1.3957652837361954],[103.90763077543431,1.3957884248947328],[103.90760360578818,1.3958106767135394],[103.90761894153798,1.3958296126897791],[103.90764611208385,1.3958073961409343],[103.90766478259297,1.3958305020300996],[103.90769335758246,1.3958071558862697],[103.90772908379148,1.3958513536979118],[103.90769215402588,1.395881552468922],[103.90770064772913,1.395892080796444],[103.9076748816281,1.3959132021172709],[103.90767091604296,1.3959082924549424],[103.90766600093893,1.3959122835666289],[103.90765526159817,1.3958989635408205],[103.90764125580131,1.3959104421655024],[103.90765602991561,1.3959286031199225],[103.90764556982207,1.3959371858605059],[103.90765409767131,1.3959477132827431],[103.90769236089254,1.3959163134753487],[103.90770717005404,1.3959345440642823]]]},"properties":{"OBJECTID":938556,"BLK_NO":"114","ST_COD":"EDP02K","ENTITYID":138,"POSTAL_COD":"820114","INC_CRC":"0774CF0147C9A614","FMEL_UPD_D":"20130426120214","SHAPE.AREA":1543.0510572,"SHAPE.LEN":475.706210253867}},{"type":"Feature","geometry":{"type":"Polygon","coordinates":[[[103.75573673502706,1.3789563292889668],[103.75581013381944,1.378963751092645],[103.75581459206629,1.3789227926210055],[103.75574127234928,1.3789153789593978],[103.75572440888634,1.3789136736812582],[103.75572755759787,1.3788824696303468],[103.75574425572171,1.3788842201211986],[103.75574982156729,1.3788260869209878],[103.75575071564437,1.378826178291009],[103.75575147068763,1.378818701943663],[103.7558502145103,1.378829610897714],[103.75584839881121,1.3788476058609258],[103.75587523909621,1.3788503198300064],[103.7558770547951,1.3788323248667633],[103.7559688329446,1.3788412955371183],[103.75596701724638,1.3788592905004693],[103.75596791132347,1.3788593818704096],[103.75596294248494,1.3789066907655354],[103.75597900621831,1.3789083923983785],[103.7559758665337,1.3789384198733279],[103.75595979022042,1.378936709196407],[103.75595984415118,1.3789362018503102],[103.75588664934563,1.378928449965339],[103.75588222791143,1.378970339028312],[103.75595550628519,1.3789780999598569],[103.75597180814005,1.3789798269227382],[103.75596858845745,1.379010621295187],[103.75595252922399,1.3790086809104485],[103.75594549688438,1.3790676542169122],[103.75594460280726,1.3790675610382324],[103.7559439556401,1.3790735858859464],[103.75584957074648,1.3790638482286062],[103.75585138644581,1.3790458532654353],[103.75582454615869,1.3790431392959652],[103.75582273045914,1.3790611342591048],[103.75572785045176,1.3790514363727278],[103.75572848594685,1.3790451384069777],[103.75572759186969,1.3790450470369435],[103.75573364476216,1.3789863160686755],[103.75571742018201,1.37898467592558],[103.75572053114159,1.3789538453755457],[103.75573682131714,1.3789554927556673],[103.75573673502706,1.3789563292889668]]]},"properties":{"OBJECTID":939107,"BLK_NO":"13","ST_COD":"TEL13D","ENTITYID":10771,"POSTAL_COD":"680013","INC_CRC":"1E4F204E53D4F114","FMEL_UPD_D":"20130426120315","SHAPE.AREA":568.245478725,"SHAPE.LEN":156.342792924144}},{"type":"Feature","geometry":{"type":"Polygon","coordinates":[[[103.78498193116316,1.3084694722098096],[103.78496872285031,1.3084518097165196],[103.78495052697632,1.3084665957216768],[103.78493929538352,1.3084533736958912],[103.78492213285742,1.3084672101382555],[103.78489885202646,1.3084390658654028],[103.7849201749066,1.3084211417768208],[103.78491352581071,1.3084129571497156],[103.78495672866389,1.3083774074231411],[103.78496765474955,1.308390665617497],[103.78501544024118,1.3083526832384635],[103.78500264523583,1.30833631399448],[103.78504600083609,1.3083009451420857],[103.78504947811517,1.308306190523063],[103.78507174446712,1.3082883207132194],[103.78509859242114,1.3083223162913251],[103.78508197800255,1.3083365868403956],[103.78510089199602,1.3083593410151815],[103.78508473584654,1.3083730870417596],[103.78509058525567,1.3083802135465823],[103.78506592871575,1.3084007240543865],[103.78507872401595,1.3084017010156492],[103.78507855318337,1.3084073804208978],[103.78513504476798,1.3084130247476597],[103.78514760665674,1.3084029503708408],[103.78511963552339,1.308368602069384],[103.7851824629516,1.3083174253009642],[103.78519695168197,1.3083358095006996],[103.78520367741348,1.3083304395146067],[103.78520528607054,1.308316964515774],[103.78520702953145,1.308302350020368],[103.7852163026885,1.308294717363621],[103.78521835159194,1.3082834399788148],[103.78519089203733,1.3082802379987082],[103.78517248949215,1.3082954309655996],[103.78515956869005,1.30827902554538],[103.7851488847962,1.308287544451783],[103.78511934121902,1.3082524997593468],[103.78514760097902,1.308229574667549],[103.78515523845553,1.30823891689961],[103.78522865089806,1.308181038993945],[103.78522011490864,1.3081698699286288],[103.78524797930297,1.3081470985699335],[103.78527639069125,1.3081831742145185],[103.78526613809726,1.308191892089946],[103.78527919817161,1.3082084503499056],[103.78525351728048,1.3082294926062517],[103.78526032541556,1.308237908752844],[103.78528590297216,1.3082169506003305],[103.78529866473615,1.3082331317344815],[103.78531004051317,1.3082244952733564],[103.78533928756227,1.3082600554456412],[103.7853112614244,1.3082830619369556],[103.78530244686714,1.308272806274607],[103.78525205556443,1.308312289854074],[103.78524899096428,1.308341319892934],[103.78525897398639,1.3083330361073373],[103.78527415908907,1.30835156682711],[103.78528749554299,1.3083405501167507],[103.78532302147939,1.3083847760301268],[103.78527719483513,1.3084222520088788],[103.78526332158098,1.308405331083084],[103.78524213978247,1.3084228780574567],[103.78522275766687,1.3083989174525168],[103.78519295866496,1.3084233338122984],[103.78521196339929,1.3084468286625006],[103.78518856664904,1.3084659998321293],[103.78519467123826,1.308473545966741],[103.78520238957304,1.3084835122116851],[103.78515656292109,1.3085212052355173],[103.7851208914209,1.3084769901694122],[103.78513524146723,1.3084644378687456],[103.78511931055156,1.3084468928909503],[103.78513277103225,1.308434512402324],[103.78511446763405,1.3084335624657368],[103.78511505717628,1.30842858847283],[103.78510579766366,1.3084274759254875],[103.78510479012091,1.3084416563400978],[103.7850947792509,1.3084495214037697],[103.78506646157625,1.30844660156733],[103.78505889658639,1.3084527158286907],[103.78508838173586,1.3084889904563228],[103.78506315913378,1.3085082438865445],[103.78507473214901,1.3085228586396138],[103.78503111596342,1.3085583812292194],[103.78502404456306,1.308549482146318],[103.78500315298245,1.3085675599860698],[103.78497964751328,1.3085393885786385],[103.78499769960285,1.3085254978912757],[103.78499912834549,1.308522793869369],[103.7849901072024,1.3085083781256255],[103.78498403317174,1.3085004467318855],[103.7850023458717,1.308484892018999],[103.78498716977673,1.3084652670168642],[103.78498193116316,1.3084694722098096]]]},"properties":{"OBJECTID":939230,"BLK_NO":"27","ST_COD":"GHL00P","ENTITYID":11050647,"POSTAL_COD":"270027","INC_CRC":"B7C48D1DDCE2A4E4","FMEL_UPD_D":"20200506182425","SHAPE.AREA":798.592706055,"SHAPE.LEN":283.238536686809}},{"type":"Feature","geometry":{"type":"Polygon","coordinates":[[[103.84802114379066,1.365629717178115],[103.84802042223981,1.3656296954778087],[103.84802124142591,1.3655788530167903],[103.8480220663121,1.3655788665771826],[103.84802210942703,1.3655761688582417],[103.84803488887307,1.3655763776877774],[103.84803562003943,1.3655321696437064],[103.84804877508829,1.365532595518288],[103.84804931495827,1.3655046741718773],[103.84805097820919,1.3655047067187456],[103.8480513689639,1.365484533966485],[103.84807562582928,1.3654850095125348],[103.84807522699009,1.3655055801851346],[103.8481084677469,1.3655062329307932],[103.84810886658579,1.3654856604494623],[103.8481331234512,1.365486135994928],[103.84813272461251,1.3655067084762607],[103.84813407156723,1.365506740120666],[103.84813357122206,1.3655325099841953],[103.84818388119298,1.365533500855231],[103.84818438243617,1.3655077309916916],[103.84818564672086,1.365507484996745],[103.8481860401693,1.3654871720679933],[103.84821029703473,1.365487647612675],[103.84820990358651,1.3655079605414284],[103.84824314434336,1.3655086132852126],[103.84824353779128,1.3654882985477281],[103.84826779465673,1.365488774091826],[103.848267401209,1.3655090888293115],[103.8482688317323,1.365509393591134],[103.84826833049,1.3655351634546808],[103.8482916887871,1.365535622725591],[103.84829219002916,1.3655098537664063],[103.8482934552124,1.365509607771397],[103.84829384865985,1.3654892839902666],[103.84831810552531,1.3654897595338533],[103.84831771207806,1.3655100833149856],[103.84835095283495,1.3655107360572687],[103.8483513462819,1.3654904104674055],[103.84837560314739,1.3654908860104085],[103.84837520880207,1.3655112116002786],[103.84837663932538,1.365511516362036],[103.84837613808422,1.365537285321228],[103.84839949638135,1.3655377454954476],[103.84839999762224,1.3655119756318896],[103.84840108309172,1.365511726924864],[103.8484014765382,1.3654913922913547],[103.84842573340369,1.3654918678338483],[103.84842533995742,1.3655122024673594],[103.84845858071434,1.365512855208144],[103.84845897416032,1.3654925187659022],[103.84846732725615,1.3654926824029356],[103.8484832310258,1.3654929870728973],[103.84848283758006,1.3655133307500549],[103.84848444691856,1.3655136382237063],[103.84848394567857,1.3655394080872718],[103.84850730397572,1.3655398682604372],[103.84850780521548,1.36551409839687],[103.84850889068494,1.3655138496897954],[103.8485092850289,1.3654934852122518],[103.84853354189435,1.3654939489969142],[103.84853314755068,1.3655143261355593],[103.84856638830765,1.3655149779704794],[103.84856678265093,1.3654945854576388],[103.84859104041497,1.3654950492417113],[103.84859064427482,1.3655154544156654],[103.84859225451191,1.3655157609848738],[103.84859175327306,1.3655415308484484],[103.84864206414282,1.3655425208054601],[103.84864256448257,1.3655167518462517],[103.84864364995202,1.3655165031391159],[103.84864404609151,1.365496063599316],[103.84866830295698,1.3654965273826096],[103.8486679068178,1.3655169795835116],[103.8487011475748,1.3655176314165554],[103.84870154371363,1.365497162937094],[103.84872634960468,1.3654976375686374],[103.84872596873997,1.3655178265994372],[103.84872764996207,1.365517828397332],[103.8487271298659,1.365545357249578],[103.84874016091096,1.3655455516038915],[103.8487395088316,1.3655897732129834],[103.84875189560304,1.3655899585277427],[103.84875182823099,1.3655931925348654],[103.84875267108859,1.3655932097123464],[103.84875170455207,1.365643968972875],[103.84875077992467,1.3656439499871933],[103.84875059307994,1.3656529836832514],[103.84868342595429,1.3656516935879914],[103.84868327861251,1.365655399673783],[103.84866564689521,1.3656552795065728],[103.84866402984846,1.365714785782609],[103.84865100966675,1.3657274523923295],[103.84857649673688,1.3657258105434769],[103.84856406225174,1.3657115099103412],[103.84856562629771,1.3656539633920906],[103.84820728241397,1.365646402451803],[103.84820560604945,1.3657057513686428],[103.84819238279076,1.3657187354090201],[103.84811844494457,1.3657169714531145],[103.8481044828958,1.3657027675939886],[103.84810503156429,1.3656442823520611],[103.84809169230977,1.3656441106052994],[103.84808809354165,1.365644083496603],[103.84808814204102,1.3656402571309976],[103.84802099468439,1.3656389670169808],[103.84802114379066,1.365629717178115]]]},"properties":{"OBJECTID":940342,"BLK_NO":"320","ST_COD":"ANA02E","ENTITYID":8785,"POSTAL_COD":"560320","INC_CRC":"CECD324E5AF5D2D5","FMEL_UPD_D":"20130426120338","SHAPE.AREA":1401.453199465,"SHAPE.LEN":304.418054994488}},{"type":"Feature","geometry":{"type":"Polygon","coordinates":[[[103.8357129342744,1.371366331085941],[103.83571481587046,1.3713547181424044],[103.83571929973975,1.371355070839978],[103.83572025221288,1.3713429071395251],[103.83571693648591,1.371342635833567],[103.83571722402505,1.3713390364634648],[103.83571811361033,1.371339108811715],[103.83572013536944,1.3713134067769883],[103.83570992760306,1.3713126019030037],[103.83570964904955,1.3713161108366698],[103.83570741160779,1.3713159390096916],[103.83570768117568,1.3713125114688196],[103.83569746442359,1.3713116975511475],[103.83569632774734,1.3713279634481301],[103.83569557744995,1.3713374818828705],[103.83569602224281,1.3713377378175187],[103.835695597222,1.371341045982459],[103.83569227969791,1.3713407945724825],[103.8356911295388,1.3713527376082382],[103.83569571314972,1.3713533570932188],[103.83569430689681,1.3713641669607926],[103.835678210794,1.3713624360234922],[103.83567862772648,1.3713578915926001],[103.83566828876823,1.3713567412514134],[103.83566780534142,1.3713612178550485],[103.83566589947246,1.3713612205700112],[103.83566847654909,1.3713356089712152],[103.83563661052526,1.3713322791330225],[103.83563395527266,1.3713579061060532],[103.83563247263038,1.371357662833497],[103.83563297402843,1.3713529094943828],[103.83562800672786,1.3713524120988287],[103.83562244187755,1.371351842354697],[103.83562197552347,1.3713562909230146],[103.83560574643253,1.3713548665648405],[103.83560768823111,1.3713408633865503],[103.835612154129,1.3713412884334857],[103.83561313356142,1.3713308430251696],[103.83560982682015,1.371330535544483],[103.83561016827367,1.371326927130698],[103.83561105785898,1.3713270175662742],[103.83561343904789,1.3713016230151431],[103.83560297069586,1.3713006282244513],[103.83560263822793,1.3713041462017994],[103.83560049962895,1.3713039382000558],[103.83560083209682,1.371300338829923],[103.83557622922311,1.3712979965497734],[103.83557589675524,1.3713016049635458],[103.83557374917058,1.371301396961786],[103.83557408163846,1.371297797591657],[103.83556393317774,1.371296839879427],[103.83556149807458,1.3713228014669612],[103.8355618727787,1.3713228647721092],[103.83556172541626,1.3713263022608575],[103.83556157176078,1.371326464142207],[103.83555837734106,1.3713263547171197],[103.83555701781404,1.3713380327742761],[103.83556160412057,1.3713386142762132],[103.83556024010004,1.3713495842161474],[103.83554412692456,1.3713478351906692],[103.83554456901734,1.3713433622045543],[103.83553420130492,1.371342184731883],[103.83553348155401,1.371346985098121],[103.83553197105604,1.3713467409211633],[103.83553487701172,1.3713218898925579],[103.83550275309796,1.3713180554175441],[103.83550267672105,1.3713198614330715],[103.83549977885092,1.371343298940269],[103.83549841032725,1.3713431397734028],[103.83549875088129,1.3713383104678631],[103.83548840024189,1.3713372731714395],[103.83548782965332,1.3713417009394475],[103.83547169760818,1.371340230457693],[103.83547211183848,1.37132794014682],[103.83547657773636,1.3713284013685807],[103.83547781775343,1.3713162557552463],[103.83547487044055,1.3713159482740476],[103.83547522088016,1.3713125297767714],[103.83547602060834,1.371312611168836],[103.83547864441252,1.3712868820028343],[103.83546854447462,1.3712858419930045],[103.83546818504936,1.3712893509267159],[103.8354660374647,1.3712891248375734],[103.83546639688996,1.3712856159038618],[103.83545602738079,1.3712845487632923],[103.83545327777756,1.371311534995725],[103.83545434707705,1.371311643518485],[103.83545403257999,1.3713147997500863],[103.83545107628142,1.371314492268866],[103.83544984524994,1.3713266378821796],[103.8354543111478,1.3713270991039823],[103.83545322029222,1.3713379062580435],[103.83543706128984,1.371336236815937],[103.83543732816152,1.3713317927696524],[103.83542668009522,1.371330788934701],[103.83542625956804,1.3713353921492324],[103.83542495124867,1.3713352682524773],[103.83542765053383,1.3713100880355846],[103.83539559850617,1.371306380170058],[103.8353927311879,1.371331545917233],[103.83539129437285,1.3713313795154496],[103.83539142645864,1.3713265438795554],[103.83538028777251,1.371325352841416],[103.83538046838935,1.371330160441748],[103.83536446753536,1.3713282621948502],[103.83536559792844,1.3713174179618592],[103.83536980953066,1.371317811356717],[103.835370073709,1.3713160315675972],[103.8353715284868,1.371305975035608],[103.83536817861432,1.371305817679092],[103.83536849400907,1.3713015255659704],[103.83536906909465,1.3713017534652758],[103.83537139367905,1.371279824438331],[103.83535826735398,1.371278248142608],[103.83536282486855,1.3712342544341607],[103.83534946221948,1.3712325551450482],[103.83535677113967,1.3711665880954371],[103.83542489180256,1.3711734928577748],[103.83542528267778,1.3711698925832467],[103.83558791054199,1.3711879625372914],[103.83558885133812,1.371179880232862],[103.83559329743078,1.371141513478579],[103.83561718683805,1.3711442998021022],[103.83561217555234,1.3711907461474138],[103.83571974258408,1.3712024557505913],[103.83593673579391,1.37122596537674],[103.83594043337995,1.3711953282241183],[103.83596414846508,1.3711978251477772],[103.83596126768008,1.3712282669568487],[103.83612434393937,1.3712466136091723],[103.83612398002232,1.3712502003183156],[103.83619146540029,1.371257256088269],[103.83618446561135,1.3713234447092308],[103.83618116156582,1.3713232213352125],[103.83618151380207,1.371320213419213],[103.83617329367411,1.3713191851668602],[103.83616703068608,1.371362766488726],[103.83616633159788,1.37136275835028],[103.83616583559078,1.371366202170028],[103.8361632441117,1.3713657780262676],[103.83616369608924,1.3713626823868184],[103.83615370308021,1.3713612345114843],[103.83615080252346,1.371387071297878],[103.83615142703054,1.371387314571128],[103.83615081780322,1.3713905313955732],[103.83614772222631,1.3713905359210592],[103.83614639954375,1.3714024138430025],[103.8361510433591,1.3714030007699198],[103.83614991836093,1.3714138377683496],[103.83613356886048,1.3714121222086253],[103.83613398579219,1.3714076428918847],[103.83612349407639,1.3714064391953655],[103.83612283722661,1.3714112630751742],[103.83612156305279,1.371411084916906],[103.83612340509451,1.3713862709677889],[103.8360912542221,1.371382662591828],[103.83608845969536,1.3714079214892485],[103.83608712082447,1.3714077767925148],[103.83608761503335,1.3714032821014994],[103.83607689508058,1.3714020793094037],[103.83607640087168,1.3714065740004167],[103.83606023557824,1.3714047562468124],[103.8360614306654,1.3713939762232925],[103.83606589656357,1.3713944736185169],[103.8360672354205,1.3713823370484162],[103.83606393766473,1.3713819662628515],[103.83606433303187,1.3713783759362281],[103.836065042903,1.3713784573281975],[103.83606790032931,1.371352655812161],[103.83605736009098,1.3713514801506974],[103.83605694675262,1.3713552513501963],[103.83605470931073,1.371355007174403],[103.83605508670665,1.371351588677013],[103.83604508561095,1.3713504672767343],[103.83604225514132,1.3713760788762164],[103.83604332444088,1.3713762054859966],[103.83604293805931,1.3713797053761791],[103.83603954146074,1.3713793255470506],[103.83603820260366,1.3713914621171364],[103.8360426685018,1.3713919595124047],[103.83604147341458,1.3714027485795588],[103.83602539797832,1.3714009489129007],[103.83602589218732,1.3713964542218973],[103.8360151812203,1.3713952514295131],[103.83601467802559,1.3713997461205236],[103.8360133391547,1.371399592380106],[103.83601612469663,1.371374432962851],[103.83598442311005,1.3713708788467949],[103.8359816375678,1.3713960382640145],[103.83598029869694,1.3713958935672208],[103.83598079290603,1.371391398876227],[103.83597008193905,1.3713901960836392],[103.83596957874424,1.3713946907746408],[103.83595342243669,1.3713928820639427],[103.8359546085386,1.3713820929968414],[103.83595907443672,1.3713825903922667],[103.83596043126552,1.3713703724294193],[103.83595730423826,1.3713700197308036],[103.83595775351934,1.3713659772220006],[103.83595828367625,1.3713660314832719],[103.83596113211807,1.3713403294474389],[103.83595122087958,1.3713392170903091],[103.83595081652656,1.371342816460568],[103.8359487677846,1.37134258132811],[103.83594933837331,1.3713390624460888],[103.83593206693949,1.3713371189861938],[103.83592481008,1.3713364588081898],[103.83592437158109,1.371339891775455],[103.83592172618798,1.3713396141385026],[103.83592204427829,1.3713360735520204],[103.8359122004326,1.3713349195938977],[103.83590994055459,1.3713609761398327],[103.83591083013992,1.3713610846625819],[103.83591040781543,1.37136467498921],[103.83590683150267,1.3713642499418726],[103.83590541177333,1.3713761875518338],[103.83591003582002,1.3713767898534361],[103.83590873110658,1.3713876060515726],[103.83589263680061,1.3713858959161005],[103.83589321817163,1.3713817765362044],[103.83588232749051,1.3713805194815578],[103.83588196537121,1.3713850494425974],[103.8358804602647,1.37138487399754],[103.8358827587822,1.3713593844879968],[103.83585121804026,1.371355881014391],[103.83584842351112,1.371381212260682],[103.83584676834302,1.3713807989679583],[103.83584718168102,1.371376358538933],[103.83583678701125,1.3713752398512877],[103.83583625236606,1.3713796034094756],[103.83582012391457,1.371377955674683],[103.83582101348853,1.371367025527129],[103.83582476502265,1.3713674876533473],[103.83582698178472,1.3713554885458266],[103.83582375950878,1.371354924225895],[103.83582416476068,1.3713514324750053],[103.83582495729992,1.3713511331296004],[103.83582741396674,1.3713259212597693],[103.83581778487957,1.3713247555442947],[103.83581734098881,1.371327924437178],[103.83581468211723,1.3713277092012555],[103.8358150451371,1.371325000629873],[103.83580579165218,1.3713234433242274],[103.83580259456278,1.3713487510574192],[103.83580352548275,1.37134922856079],[103.8358030438523,1.3713526977026482],[103.83579953583124,1.371352549390547],[103.8357982032627,1.3713644399734135],[103.83580282281649,1.3713650341359505],[103.83580143902837,1.3713759018828762],[103.83578530967826,1.3713741501459569],[103.83578570953775,1.371369648220185],[103.83577537597075,1.371368432765231],[103.83577455108765,1.3713733742124747],[103.83577313404106,1.3713731625926886],[103.83577593216515,1.3713477065442095],[103.83574394752924,1.3713439471345465],[103.83574093734185,1.371369178900864],[103.83573950861388,1.3713690070730973],[103.83574002079501,1.371364702298631],[103.83572946168673,1.3713634407211275],[103.83572892254865,1.3713679616386805],[103.8357129342744,1.371366331085941]]]},"properties":{"OBJECTID":939877,"BLK_NO":"112","ST_COD":"ANA06H","ENTITYID":1671,"POSTAL_COD":"560112","INC_CRC":"C0ACB785A4790853","FMEL_UPD_D":"20130426120220","SHAPE.AREA":1461.50552808,"SHAPE.LEN":386.95372551714}},{"type":"Feature","geometry":{"type":"Polygon","coordinates":[[[103.83613009736115,1.3734574857951019],[103.83612929134219,1.3734573845072537],[103.83611709768273,1.3734216820293688],[103.8361203001909,1.3734204945953412],[103.83612133175411,1.373423007822406],[103.83612385314548,1.3734222888498593],[103.83613970394426,1.3734171203894434],[103.83613282355714,1.3733968156112197],[103.83636294946567,1.3733183056587668],[103.83657948087568,1.373244820350445],[103.83658571878726,1.3732650120827412],[103.83662400331265,1.3732518481038491],[103.83661759287556,1.3732320416310657],[103.83675777806788,1.3731835060120088],[103.83676467822795,1.373203606402097],[103.83678302165997,1.3731973138090086],[103.83678227584232,1.3731950800303694],[103.83678551069856,1.3731939857449158],[103.83678729796563,1.3731996461582217],[103.83679841244565,1.3732327522044971],[103.8367727977756,1.3732417289613652],[103.83678897303233,1.3732896068861533],[103.83666018081831,1.3733335609817556],[103.83666981983689,1.3733626145744204],[103.8366162155684,1.3733809289297196],[103.83660692879037,1.3733517975610279],[103.83657535119922,1.3733626418361684],[103.83640377979486,1.3734212982256204],[103.8364059453615,1.373428224748677],[103.8363541858561,1.373445615739765],[103.83635161503398,1.3734388773249426],[103.83614719724024,1.3735082405058163],[103.83613009736115,1.3734574857951019]]]},"properties":{"OBJECTID":939759,"BLK_NO":"116","ST_COD":"ANA06H","ENTITYID":1069,"POSTAL_COD":"560116","INC_CRC":"FECE04315FA0765D","FMEL_UPD_D":"20130426120219","SHAPE.AREA":944.745646635,"SHAPE.LEN":195.547123165334}},{"type":"Feature","geometry":{"type":"Polygon","coordinates":[[[103.87865462664226,1.3980672986162272],[103.87864891130495,1.3980014456693577],[103.8785120055793,1.3980134808842846],[103.87849299722014,1.3980248237828825],[103.87849285451833,1.3980338529537133],[103.87851628681427,1.398034226002338],[103.87851506443212,1.3981118927881488],[103.87851012043946,1.398111814204231],[103.87850998581595,1.3981203722013644],[103.87851623185249,1.398120471560435],[103.87851617890047,1.3981238321772964],[103.87855884622229,1.3981245123365864],[103.87855851056068,1.3981458110146474],[103.87855335540141,1.3981457288174617],[103.87855320641714,1.3981551432473744],[103.87856081110829,1.3981552642847208],[103.8785605651963,1.3981708953131833],[103.87855359849763,1.3981707842114741],[103.87855324040014,1.3981935823251213],[103.87855117006946,1.398193549808151],[103.87855118801973,1.3981924338228902],[103.87852928960001,1.3981920842584132],[103.87852932460224,1.398189866757729],[103.87852144674237,1.3981897412037556],[103.87852140366265,1.3981924687657723],[103.87849262840231,1.3981920099061147],[103.87849279174564,1.3981816296153975],[103.87847261680444,1.3981813080523033],[103.8784724256386,1.3981934473311277],[103.8784443117339,1.3981929993104443],[103.8784443539162,1.3981903269146343],[103.87843509044436,1.3981901796824283],[103.8784350581351,1.3981922570066752],[103.87841363057184,1.3981919155712845],[103.8784135937752,1.3981942841007577],[103.87841150906723,1.3981942515839412],[103.87841186357736,1.398171746484208],[103.87840384194455,1.3981716182195216],[103.87840408516556,1.3981561825336726],[103.8784115676497,1.398156302669502],[103.87841172830088,1.3981460905904928],[103.87840511384603,1.3981459849077147],[103.8784054495087,1.3981246690467188],[103.87844797934767,1.398125347401965],[103.87844805473682,1.3981205470375162],[103.878454091404,1.3981206427833468],[103.87845790758347,1.398115777232362],[103.87846648813343,1.3981159136253314],[103.87846656531784,1.398111015589559],[103.87841303594911,1.3981101620006116],[103.87841308351605,1.398107129667907],[103.87841733290558,1.398107197413087],[103.87841782562833,1.3980758458240787],[103.87841318984903,1.3980757717558165],[103.87841324100654,1.3980725431760994],[103.87845306431865,1.398073177269747],[103.87845311009039,1.3980702507476408],[103.87846460923124,1.3980704341111],[103.87846509387731,1.3980396667412573],[103.8784481232753,1.39803930441956],[103.87844199322602,1.398042879488134],[103.87843989766637,1.3980392403687558],[103.87841091067403,1.3980561471056137],[103.87840337582529,1.3980430611071266],[103.8783864521445,1.3980529307559961],[103.87837487534611,1.3980328251637113],[103.87836919278492,1.398036138862324],[103.87834961565825,1.3980021387790158],[103.87837433533817,1.397987720934444],[103.87836972187228,1.3979797083603032],[103.87839359869254,1.397965782505705],[103.87839848443745,1.3979742680568021],[103.87842200362635,1.3979605502124985],[103.87842308016164,1.3979624195116518],[103.87842851202134,1.397959251420329],[103.87842704638771,1.3979567056645825],[103.87845026994653,1.3979431605591996],[103.87844577419843,1.3979353514647885],[103.8784702845101,1.3979210566167568],[103.87847560158819,1.3979302909725646],[103.87849713583364,1.3979177307515755],[103.87851579997339,1.3979501445972153],[103.87851027645961,1.3979533660479748],[103.87852208420162,1.3979738731726274],[103.87850570864998,1.397983424475667],[103.87851342142397,1.3979968197627888],[103.87850730305631,1.3980003875963924],[103.8785837218233,1.3979936703102245],[103.87858240601086,1.3979785050593767],[103.87855955244702,1.3979805140944006],[103.8785574717742,1.3979565484943284],[103.87853890623028,1.3979581803263368],[103.8785353803214,1.3979175536601407],[103.87856416450697,1.397915023596886],[103.87856349491678,1.3979073093867442],[103.87858686785866,1.3979052542190789],[103.87859233211836,1.3979047738959365],[103.87864522608037,1.3979001244396105],[103.87864775524505,1.3979292711310196],[103.87866708098662,1.3979275723604665],[103.87866460574861,1.3978990560095983],[103.8787170782767,1.397894443638754],[103.87871730926302,1.3978971060812506],[103.87872301074756,1.3978966049528234],[103.87872277976122,1.3978939425103267],[103.87874409855091,1.3978920682538056],[103.87874397631685,1.3978906583530408],[103.87874592533497,1.3978904873903577],[103.87874679175842,1.39790046612352],[103.87877794100376,1.3978977280079443],[103.87877865193859,1.3979059224343675],[103.87877566506157,1.3979061847580314],[103.87877838656661,1.3979375399018645],[103.87876102511906,1.3979390659016173],[103.87876308422342,1.3979627945585527],[103.8787403699397,1.3979647918358966],[103.87874172350178,1.3979803857543236],[103.87869992968659,1.3979840591885806],[103.87870027032407,1.3979879877382473],[103.8786932236663,1.3979886073644314],[103.87868873175918,1.397993698115501],[103.87866172496243,1.3979960725952203],[103.8786661766165,1.3980473743532755],[103.87867472762662,1.3980534298070437],[103.87869824373654,1.3980197933476568],[103.87871052480575,1.39802848947103],[103.87872399775456,1.3980092190254287],[103.87874391955938,1.3980233267128754],[103.87875399147347,1.3980089209060989],[103.87877833435567,1.3980261603189723],[103.8787807766828,1.3980253707618198],[103.87878712164748,1.3980298644218792],[103.8787695485881,1.3980549997468192],[103.87877639856205,1.3980598506207662],[103.87876263717693,1.3980795343665227],[103.87876092086442,1.3980783189350114],[103.8787578693682,1.3980826825496833],[103.87875958568071,1.398083897981197],[103.87869916767106,1.3981703165425743],[103.87869751515858,1.3981691454236036],[103.87869381580319,1.3981744360236723],[103.87869546921425,1.3981756071426288],[103.87868234310696,1.3981943819899807],[103.87867623986355,1.398190060154072],[103.87865863984514,1.3982152334620235],[103.87865238114513,1.3982108012966914],[103.87865370471829,1.398208908437578],[103.87862827094321,1.398190896717969],[103.87863813079947,1.3981767938776517],[103.8786186052734,1.398162966534424],[103.87863231005119,1.3981433641833154],[103.87861957609074,1.3981343452104678],[103.8786439503233,1.3980994815132854],[103.87864055364207,1.3980970768759362],[103.87864434105595,1.3980916596633082],[103.87864301113844,1.398090718246432],[103.87864240807686,1.398084775683701],[103.87865462664226,1.3980672986162272]]]},"properties":{"OBJECTID":939767,"BLK_NO":"467A","ST_COD":"FEL02Q","ENTITYID":9939,"POSTAL_COD":"791467","INC_CRC":"2F461819B0B6CAE5","FMEL_UPD_D":"20160331101333","SHAPE.AREA":836.447288115,"SHAPE.LEN":323.655422292987}},{"type":"Feature","geometry":{"type":"Polygon","coordinates":[[[103.881148553972,1.3728430651059227],[103.88113490466029,1.3728422794882769],[103.88113055554925,1.3728409411171216],[103.88112737457426,1.3728392771514417],[103.88112456200699,1.372837287607326],[103.881122207706,1.3728350448320845],[103.88112006905257,1.372832322739612],[103.88111838866794,1.3728294740269684],[103.88111731033119,1.3728268875677614],[103.88111619600438,1.3728219226320935],[103.88111606113468,1.3728176902115274],[103.88111669903617,1.372813457775422],[103.8811180737698,1.3728094152409278],[103.88112048185629,1.372805173725583],[103.88112878088971,1.3727966227975394],[103.88112993464995,1.372796365030607],[103.88112642093955,1.3727813978779346],[103.88111942110137,1.3727829625683408],[103.88111181850532,1.3727484974111273],[103.88111147701886,1.3727470142611164],[103.88111107260457,1.3727441293482507],[103.88111215081221,1.3727402134306734],[103.88111662562876,1.3727368038886105],[103.88111946510169,1.3727362069513067],[103.88119143134462,1.3727201620866014],[103.88119484590159,1.372719492788511],[103.88119796395003,1.3727198273403705],[103.88120060577971,1.372721364705869],[103.88120229513983,1.3727236979308255],[103.88120344539162,1.3727277585017803],[103.88121635001252,1.3727850406542232],[103.8812557521793,1.3727760957004853],[103.88124339569204,1.3727191210209753],[103.8812433867038,1.3727189944102034],[103.88124267675666,1.3727151780086586],[103.88124304511358,1.3727123021238796],[103.88124459060442,1.372709715611831],[103.88124702569723,1.372707961096677],[103.88125138733875,1.3727068206057942],[103.88132284678677,1.372690830913587],[103.88132367346769,1.3726906048059062],[103.88132710599852,1.3726900621182179],[103.8813301521681,1.372690740329656],[103.8813328299506,1.3726927750944504],[103.88133413292957,1.372695325374461],[103.88133493271953,1.3726984182830024],[103.88134179759015,1.3727328074877423],[103.88133479775227,1.3727343721787737],[103.88133831146386,1.372749339331101],[103.88133946522406,1.3727490815640684],[103.88135058153152,1.3727532902492756],[103.88135454788069,1.3727561063584524],[103.88135749435683,1.3727591829450503],[103.88135985317714,1.3727627451869595],[103.88136151111854,1.372766636631508],[103.88136259130029,1.3727716097070117],[103.88136270277903,1.3727744123286254],[103.88136237935919,1.3727777087417432],[103.88136158688684,1.3727810865570966],[103.88136039813777,1.3727841216265235],[103.88135868731818,1.3727871223406711],[103.88135650564456,1.3727899856010144],[103.88135312887536,1.37279305146303],[103.88134109444218,1.3727995812138813],[103.88133316278882,1.3728012969525185],[103.88133816828233,1.3728239692555142],[103.8813467208447,1.372822067205339],[103.88135340169718,1.3728208588401059],[103.88135627083552,1.3728208904348604],[103.88136024253073,1.3728214257380442],[103.88136392040597,1.3728226022411978],[103.88136647866342,1.3728238728208286],[103.88137020419146,1.3728264782180417],[103.88137269867295,1.3728288801582496],[103.88137462615727,1.3728313436066666],[103.88137573682937,1.37283325540959],[103.88137693287825,1.3728357930306363],[103.88137861513701,1.3728424825767211],[103.8813784175817,1.3728490120883958],[103.88137635998062,1.37285536980853],[103.88137311623615,1.3728602534394136],[103.88136670952764,1.3728654627052552],[103.88136459790685,1.3728665389410348],[103.88136810714633,1.3728825244071803],[103.88137530017659,1.3728809181113906],[103.88138284886313,1.372915410399583],[103.88138342400359,1.3729181596543423],[103.88138331624924,1.372921876592331],[103.88138184084968,1.372924598757639],[103.88137928175665,1.3729264889300312],[103.88137515733759,1.372927628511998],[103.88130346066058,1.3729436372024155],[103.88130012697546,1.3729443426735957],[103.88129635296521,1.3729437820441375],[103.88129442999868,1.3729425702352687],[103.8812921205995,1.3729389980443016],[103.88127893556259,1.3728787513930816],[103.88123884868385,1.3728877388661629],[103.88124862962243,1.3729324332395128],[103.88125128065057,1.3729446420993154],[103.8812521379867,1.3729496242230006],[103.88125110109803,1.3729527632911676],[103.88124889964556,1.3729551237254627],[103.88124366999567,1.3729568602096978],[103.8811718565045,1.3729729683785914],[103.88116833411917,1.3729736648097493],[103.88116472185207,1.372973122264105],[103.88116279888521,1.3729718923678493],[103.88116081298729,1.3729690979232316],[103.88116057035617,1.3729682478260057],[103.8811598963679,1.3729652363076306],[103.88115222188834,1.3729309429812369],[103.88115907795446,1.3729293240317781],[103.8811557223806,1.3729137735612496],[103.8811495797257,1.3729126567954002],[103.88114507785453,1.3729111737291197],[103.8811410522078,1.3729087682020222],[103.88113856312265,1.372906606822269],[103.88113679289788,1.3729046172572006],[103.88113148205852,1.3728903374573114],[103.88113148202224,1.3728885106421378],[103.88113167067837,1.3728863039903105],[103.88113236251749,1.3728832472262504],[103.88113359349553,1.3728800005349149],[103.88113584883052,1.3728760393754524],[103.88113761897104,1.3728737874736103],[103.8811404404319,1.3728711376304779],[103.88114380104449,1.3728689399584677],[103.88114637991862,1.3728676737970493],[103.88115293046695,1.3728658830246119],[103.88116146685398,1.3728639113393954],[103.88115646136202,1.3728412390359792],[103.881148553972,1.3728430651059227]]]},"properties":{"OBJECTID":940140,"BLK_NO":"653","ST_COD":"HOA11S","ENTITYID":1098,"POSTAL_COD":"530653","INC_CRC":"78ABE54BB23B6DB7","FMEL_UPD_D":"20130426120220","SHAPE.AREA":606.830967,"SHAPE.LEN":149.924849363415}},{"type":"Feature","geometry":{"type":"Polygon","coordinates":[[[103.76879353657512,1.3169396975842083],[103.76879420272431,1.3169620616214714],[103.76881642119,1.3169617474815964],[103.7688164055848,1.3169396303526741],[103.76889962843126,1.3169396071967834],[103.76890118863909,1.3169619721616868],[103.7689119640455,1.3169623974930953],[103.76891196111173,1.3170066670203224],[103.76892340414767,1.3170068463820184],[103.7689231885693,1.3170739746108178],[103.76872043154557,1.3170739087371224],[103.76871862203402,1.3171022279473663],[103.76866231976967,1.3171017263644722],[103.76866256849965,1.3170734053048188],[103.76830326333535,1.317072432748921],[103.76807605027213,1.3169416032721135],[103.76810990830214,1.3168820753019688],[103.76812247345597,1.3168888258063698],[103.7681437826218,1.3168526147246569],[103.7681543116668,1.3168591164751848],[103.76816529969375,1.3168378497382838],[103.76823909563926,1.3168803287557158],[103.76822810766495,1.316899582378489],[103.7682483067471,1.3169123751394172],[103.76825929475523,1.3168918138060728],[103.76833286247859,1.3169340459234589],[103.76832187451663,1.3169528401297033],[103.76833914348977,1.3169631955517869],[103.76835999346298,1.3169628804757352],[103.76835976673816,1.3169393841862271],[103.76844477951919,1.3169384793375758],[103.76844521740419,1.3169619738239196],[103.76846562797985,1.3169619065312295],[103.76846698000169,1.3169386237129532],[103.7685515371831,1.3169390609250262],[103.76855107922613,1.3169620968753726],[103.76857419354023,1.316962028748137],[103.76857351033786,1.3169389936723046],[103.76865919069667,1.3169398532481043],[103.76865941745893,1.3169620056526719],[103.76870875057358,1.3169620838112555],[103.76870875204814,1.3169397197914257],[103.76879353657512,1.3169396975842083]]]},"properties":{"OBJECTID":940865,"BLK_NO":"335","ST_COD":"CLA05L","ENTITYID":8341,"POSTAL_COD":"120335","INC_CRC":"947D9536655D6AF8","FMEL_UPD_D":"20130426120332","SHAPE.AREA":1341.526335785,"SHAPE.LEN":255.514324438052}},{"type":"Feature","geometry":{"type":"Polygon","coordinates":[[[103.70777314067637,1.341238631985632],[103.70774922266135,1.3412250734552236],[103.70775427300246,1.3412163014015182],[103.70772984014265,1.341202185757177],[103.70772939262096,1.341202969816194],[103.70772771236707,1.341202011105365],[103.70772815269903,1.3412012514637595],[103.70770364975495,1.3411870788407367],[103.70769838374099,1.3411962216717366],[103.70769799732064,1.3411970174906134],[103.70767441087926,1.3411833604011771],[103.70767400648405,1.3411842285681066],[103.70767239811987,1.341183170381102],[103.70767699734509,1.3411751850994784],[103.70765549729028,1.3411627942249147],[103.70765507223524,1.3411635249277014],[103.70765383046447,1.3411628221740182],[103.70766578952623,1.3411421002338628],[103.70766494760284,1.341141608217264],[103.70766933295148,1.3411340108960303],[103.70767017397631,1.3411345029125807],[103.70767574642451,1.3411248473240331],[103.70767490539968,1.3411243553074843],[103.70767926648514,1.3411167986812764],[103.70768010751001,1.3411172897934613],[103.70768419091657,1.3411102151780105],[103.70770420389955,1.341121796571216],[103.70771123753126,1.3411096106522782],[103.70769745406433,1.3411016343691022],[103.70769843267897,1.3410999595406397],[103.70769689888685,1.3410990632383613],[103.70770204807683,1.3410901410657092],[103.70770363218664,1.3410910672145395],[103.70770984625443,1.34108043675645],[103.70775806142734,1.3411084473470989],[103.70776345142473,1.3410996400407456],[103.70775891743813,1.3410969900250822],[103.7077611253892,1.3410931628777385],[103.7077535175263,1.341088761857926],[103.70775955726528,1.341078296888992],[103.70773392846364,1.3410634540757587],[103.70773481002446,1.3410619664452657],[103.70773091130236,1.3410596266586357],[103.70773828460169,1.3410471821095],[103.7077175806523,1.3410351304125228],[103.70772126866319,1.3410286454207945],[103.70772070348777,1.3410283062557402],[103.70772655092611,1.3410180230537776],[103.70772711610152,1.3410183622188305],[103.70773140350397,1.3410108236759313],[103.7077308383286,1.3410104836065169],[103.70773433043631,1.3410043431666885],[103.70773489561172,1.3410046823317396],[103.70774752237573,1.3409824790800149],[103.70774910918418,1.3409833464454002],[103.70774873175175,1.3409840970466391],[103.7077702425791,1.3409966687933137],[103.70777478070539,1.3409886111592906],[103.7077764250178,1.3409895517809753],[103.70777602062864,1.3409903023808276],[103.70779956214518,1.3410038780742515],[103.70779911282585,1.3410046738899055],[103.70779366708366,1.3410141603696026],[103.70781832277692,1.3410284234357386],[103.7078187271679,1.3410276366613856],[103.70782018278787,1.3410284868370757],[103.70781973347177,1.3410292193473718],[103.70784434424297,1.3410433738874745],[103.70784923282869,1.341034882177466],[103.70784970910519,1.3410340773195693],[103.70787321468121,1.3410476349232525],[103.70787372869471,1.3410468779984999],[103.70787523643025,1.3410477435510075],[103.7078708241386,1.3410550867454905],[103.70789246975367,1.3410676042364071],[103.70789290110137,1.3410668174634308],[103.70789534690493,1.3410681967421034],[103.70788319377371,1.3410885894857225],[103.7078843268216,1.3410892424937566],[103.7078792019097,1.3410978427151221],[103.70787806796325,1.3410971897070396],[103.70787462529492,1.3411029665959875],[103.7078757583428,1.3411036196040256],[103.7078694643075,1.3411141813269383],[103.70786834473917,1.3411135048061715],[103.70786414452196,1.341120553189448],[103.70784419714042,1.3411088225810897],[103.70783704847437,1.341121392848526],[103.70783227457788,1.3411186424363926],[103.70783157184313,1.3411198732372518],[103.70780504719289,1.3411047509305107],[103.70779911617821,1.3411152412273235],[103.70779278063574,1.3411115664762292],[103.70779064277698,1.3411152995735407],[103.70778614562906,1.3411126911604907],[103.7077794795431,1.3411241834527532],[103.70779660824059,1.3411341196613042],[103.70779728042146,1.3411329467380686],[103.70779936141936,1.3411341541691695],[103.70779980534631,1.341133379153573],[103.7078220871197,1.341146303641016],[103.707820972809,1.3411482515799524],[103.70788178629138,1.3411835257522795],[103.70786961492887,1.3411560768236326],[103.70791665549639,1.3411349443021894],[103.70792853125872,1.3411619057641118],[103.70793976618262,1.3411568392012492],[103.7079424615474,1.3411628931416046],[103.70796832981812,1.341151227296715],[103.70796262552764,1.3411384158059976],[103.70794169764872,1.341147688058465],[103.7079384632104,1.341140434905876],[103.70791714289999,1.3410920685095538],[103.70791880526747,1.3410913631926544],[103.70791925450068,1.341092258534518],[103.7079419435984,1.3410820765844969],[103.70793843962188,1.3410742536697524],[103.70794011996739,1.341073412699415],[103.70794043442434,1.3410741633363552],[103.70796531604329,1.3410631766166459],[103.70796569339515,1.341064008649434],[103.70796964658474,1.3410731248254246],[103.70799407982109,1.3410621823960522],[103.70799331523644,1.3410604550246101],[103.70799791685472,1.341058394219979],[103.70799868143938,1.34106012159142],[103.70802301313611,1.341049225278978],[103.70801911385243,1.341040253803807],[103.70801879041495,1.3410394036865565],[103.70804342943697,1.3410281366011585],[103.7080432587423,1.3410275216259828],[103.70804475039157,1.3410266625586007],[103.70804812856986,1.3410344945103643],[103.7080709254912,1.3410243577827041],[103.7080705301677,1.3410235347926265],[103.70807199395244,1.34102285750062],[103.70808167118905,1.3410450311545383],[103.70808251225822,1.3410446522700301],[103.70808626420627,1.3410530811201369],[103.70808536203376,1.3410534880367322],[103.70808876986581,1.3410612964765598],[103.70808972954735,1.3410608633364172],[103.70809403314689,1.3410705302869501],[103.7080930024777,1.3410709950761204],[103.70809628542486,1.3410785168266517],[103.7080747959256,1.341088236710802],[103.70808014891631,1.3411003445893233],[103.7080759786155,1.3411022118827813],[103.7080772113063,1.3411047740047393],[103.70804918466115,1.3411172256305772],[103.70805294020005,1.3411257204993654],[103.7080741574257,1.3411162185527505],[103.70807944033702,1.34112816816426],[103.70808102003525,1.3411275008262087],[103.70808438923187,1.3411352604284903],[103.70811688181325,1.3411207470860502],[103.70811778655705,1.3411227882784067],[103.70812175288064,1.3411210123149726],[103.70812965298978,1.3411388811125797],[103.70812570553629,1.3411406489377347],[103.70813207468133,1.3411550141568584],[103.70813297146074,1.3411546425101026],[103.70814692982519,1.3411866621769086],[103.70814516501818,1.3411874452638515],[103.70814480564705,1.3411864233159196],[103.70812040655198,1.3411974281495003],[103.70812087554442,1.3411985034604554],[103.70811927697272,1.341199244050906],[103.70811879540116,1.3411981551738683],[103.70809107695783,1.3412106565558937],[103.70809151270763,1.3412116531856193],[103.70808991413591,1.3412123937760487],[103.70808946760415,1.3412113826759708],[103.7080614670069,1.3412240124625503],[103.70806186771699,1.3412249295065903],[103.70806026914525,1.341225670096999],[103.70805985765323,1.341224738582606],[103.70803660334617,1.3412352270833476],[103.7080369753058,1.3412360772030973],[103.70803537673406,1.341236817793488],[103.70802107871866,1.341204747464375],[103.70802183711783,1.3412044228373747],[103.70801557129552,1.3411902927575452],[103.7080104547914,1.3411925904785849],[103.70800241631838,1.3411744621215462],[103.70800753282244,1.3411721644005201],[103.70800666221997,1.3411702009850495],[103.7080361445725,1.341156899334188],[103.70803000722324,1.3411431762240595],[103.70799162984534,1.3411604783154178],[103.70799366035924,1.3411649278827],[103.70797742304873,1.3411722795115986],[103.70799572456274,1.341213657744279],[103.70797322417269,1.3412236109007558],[103.70797066357008,1.341217976591489],[103.70793124833081,1.3412357841667764],[103.70791516960449,1.341199217255885],[103.70789794386911,1.3412067858801953],[103.70789824933911,1.3412075636475465],[103.7078903598142,1.3412112711261632],[103.70791178439043,1.341223691838862],[103.70791075455378,1.3412254516748348],[103.70791529573012,1.3412280845077367],[103.70790820368214,1.3412404784276382],[103.7079285473258,1.3412522714570214],[103.7078991645585,1.3413038737602334],[103.70789739445209,1.3413028481220635],[103.70789787162863,1.3413020152289765],[103.70787636349326,1.3412894516225482],[103.70787141379631,1.3412981160626052],[103.70786978745942,1.3412970850056594],[103.70787028170437,1.3412963344104305],[103.70784676714884,1.3412826140208423],[103.70784722545426,1.3412818091620249],[103.70785212303024,1.3412732360599262],[103.70782746733998,1.3412588644704324],[103.70782698207323,1.341259759764087],[103.7078258831731,1.3412590552091312],[103.70783608450017,1.3412413781652854],[103.70783552741105,1.341241051661742],[103.70785838964355,1.341201249142512],[103.70785173152582,1.3411974323900189],[103.70785214939312,1.3411966863126625],[103.70784370949255,1.3411917516763945],[103.70784596057806,1.3411878521822125],[103.7078177314335,1.341171349730698],[103.70781065107288,1.3411836179445307],[103.70783085813231,1.3411954598031641],[103.70782683583317,1.3412024313247315],[103.70782728420008,1.3412026936129413],[103.70782333558923,1.3412095358144909],[103.70782287643995,1.3412092671951878],[103.7078167252717,1.341219889517556],[103.70781786730451,1.3412205560915227],[103.70781369043978,1.3412277943919664],[103.70781253762463,1.3412271205825428],[103.70780048421031,1.3412479347635697],[103.70779890279934,1.341246943500843],[103.70779930898354,1.3412462345017508],[103.70777846036736,1.3412341249184692],[103.70777392584507,1.3412419808798302],[103.70777189426674,1.341240793347224],[103.70777314067637,1.341238631985632]]]},"properties":{"OBJECTID":940927,"BLK_NO":"698A","ST_COD":"JUC08W","ENTITYID":11051255,"POSTAL_COD":"641698","INC_CRC":"53BFFD458F29AFB1","FMEL_UPD_D":"20201104102827","SHAPE.AREA":830.65616835,"SHAPE.LEN":319.863583340748}},{"type":"Feature","geometry":{"type":"Polygon","coordinates":[[[103.84391711839672,1.3649444477911137],[103.84390450176514,1.3649831881008396],[103.84386490089358,1.3649700342968136],[103.84386186194548,1.3649724950854876],[103.84385250606607,1.3649762337687386],[103.8438409585657,1.3649771472274905],[103.84383770759548,1.3649888451941135],[103.84383569121232,1.3649899195877746],[103.84384059204561,1.3649992354229743],[103.84385455846426,1.3649917933476325],[103.84386752581423,1.3650164435484613],[103.84391148009145,1.3649930221274507],[103.84391926086118,1.365007812971259],[103.84392346974647,1.3650055701291268],[103.84394176475463,1.365040348281813],[103.8439471381821,1.3650374850405547],[103.84395500431692,1.3650524377650701],[103.84393153286207,1.3650649461320208],[103.84392941312116,1.3650609171984294],[103.84392215899398,1.3650647824836355],[103.84392411429545,1.365068498507911],[103.84392148239422,1.3650699011886152],[103.84391952709275,1.3650661851643373],[103.84387504625434,1.365089887845114],[103.84386852259246,1.3650774872304958],[103.84382655055103,1.3650998523445002],[103.8438279667068,1.3651025437264612],[103.84382455664688,1.3651043606093294],[103.84382314049111,1.365101669227366],[103.84378126279833,1.3651239846001264],[103.84378754654013,1.3651359303207833],[103.84374361202761,1.3651593408870586],[103.84374579017572,1.3651634810573678],[103.84374280963048,1.3651650700384426],[103.84374063148235,1.36516092986813],[103.84373268096547,1.365165165945161],[103.84373488157799,1.365169348620505],[103.84371141910651,1.365181851559074],[103.84370398249204,1.3651677163772342],[103.84371031918344,1.3651643394533997],[103.84369172944476,1.3651290024030942],[103.84369570739887,1.3651268825559097],[103.8436876507673,1.3651115671812772],[103.84373114048908,1.3650883935614084],[103.8437188255062,1.3650649841448426],[103.84373320077336,1.3650573241166335],[103.8437279441043,1.3650473318182605],[103.84372285282645,1.3650500449333265],[103.84371911747785,1.3650502683275472],[103.84371393362602,1.3650479938738354],[103.84371119209958,1.3650494544341008],[103.84370568023506,1.3650389764931523],[103.84370780264916,1.365037845124189],[103.84371035994693,1.3650312251663468],[103.84371220110175,1.3650283881675154],[103.84372146442387,1.3650234521068696],[103.84371804264688,1.3650169470292692],[103.8437038659631,1.3650245012459021],[103.84369482628983,1.3650073165545178],[103.84366799509384,1.3650216137660593],[103.84366009751072,1.365006601352672],[103.84365318393998,1.3650102848583678],[103.84363040234717,1.3649669794716925],[103.843649547205,1.3649567772553541],[103.84364827841596,1.3649543662255819],[103.8437012992299,1.3649261136551276],[103.843707538042,1.3649379734616074],[103.84373395859197,1.364923895107571],[103.8437762392834,1.3650042666836972],[103.84382334842815,1.3649791631328976],[103.84382379590829,1.3649775515537352],[103.84382038853222,1.3649765920381585],[103.84382202390148,1.3649707100455175],[103.84379057396431,1.3649618555523915],[103.84380871578064,1.3648965820745662],[103.84384037508374,1.3649054953502242],[103.84384176335041,1.3649005005400408],[103.84384717184092,1.364902023465751],[103.84385215342688,1.3648841016563145],[103.84384847825135,1.3648771163625615],[103.84384110191955,1.3648810476666562],[103.84383526027752,1.3648699420986121],[103.84382054355655,1.3648777848105247],[103.84380806413448,1.3648540615806821],[103.84376455195348,1.3648772478631561],[103.84375671367626,1.3648623484953513],[103.84375287859469,1.3648643923754136],[103.84373392763024,1.3648283680100344],[103.84372724139742,1.3648319312345019],[103.84371992519311,1.3648180230475813],[103.84374381178439,1.3648052940159938],[103.8437459638735,1.3648093853507586],[103.84375401143434,1.364805096820127],[103.84375207140913,1.364801408830927],[103.84375503308405,1.364799830702294],[103.84375697310927,1.364803518691491],[103.84380079978726,1.3647801641960113],[103.84380787786931,1.3647936202015745],[103.84389491660372,1.364747239494914],[103.84388783852131,1.3647337843939702],[103.84393197520217,1.364710265300418],[103.84392965597772,1.3647058556303229],[103.84395741269198,1.3646910646288188],[103.84398376073598,1.364741150920159],[103.84398028058851,1.3647430048824987],[103.84398826174031,1.364758176462598],[103.84394451503694,1.3647814875516606],[103.84395712475346,1.3648054576716746],[103.84394249519421,1.3648132533570052],[103.84394702311852,1.364821859267672],[103.84394937017393,1.3648206085214085],[103.84395579673411,1.3648202395122169],[103.84396114501935,1.364821521877032],[103.84396442388808,1.3648197746306043],[103.8439704668116,1.3648312609348119],[103.84396718614573,1.3648330090856202],[103.84396673777904,1.3648373337577424],[103.84396467377955,1.3648401418181046],[103.84395406171048,1.3648457968553112],[103.84395758682409,1.3648524990835398],[103.84397170689637,1.3648449747096791],[103.84398093437338,1.36486251571873],[103.84400824180592,1.3648479634708222],[103.84401593361676,1.364862585198604],[103.84402190459039,1.3648594036182695],[103.84404823466606,1.3649094564474047],[103.84402029014949,1.3649243469308658],[103.84401808684098,1.3649201597339684],[103.84397410650773,1.3649435956268807],[103.84396806538105,1.3649321129401448],[103.84394189373529,1.3649460592584644],[103.84389971727421,1.3648658830274947],[103.84386880029949,1.3648823579686027],[103.8438603628732,1.3649127138981834],[103.84386945731653,1.3649199171198287],[103.84387517943718,1.364928253524796],[103.84387647608962,1.3649324018381608],[103.84391711839672,1.3649444477911137]]]},"properties":{"OBJECTID":940795,"BLK_NO":"310A","ST_COD":"ANA02E","ENTITYID":11010781,"POSTAL_COD":"561310","INC_CRC":"58B6DBDCD666AB98","FMEL_UPD_D":"20200506182425","SHAPE.AREA":923.515805775,"SHAPE.LEN":305.117489644164}},{"type":"Feature","geometry":{"type":"Polygon","coordinates":[[[103.84107430564787,1.3767594931533886],[103.8410737791509,1.3767801949566114],[103.84102928990173,1.3767789941058426],[103.84102979843125,1.3767594218536046],[103.84087846345946,1.376755427763559],[103.84087828825874,1.3767621055895667],[103.84080935063547,1.3767603025058164],[103.84081315922894,1.3766135901982754],[103.84104422546943,1.376619669498349],[103.84104364596107,1.376641819188891],[103.84108604694323,1.3766488857526167],[103.84108946863212,1.376625146180455],[103.84117330642141,1.376637370195817],[103.84117046340126,1.3766571179024811],[103.84119092661183,1.3766601212283103],[103.84119436716914,1.3766362044005542],[103.84128018631364,1.3766487476461264],[103.84127715010538,1.3766697668896624],[103.8413002991519,1.376673159082157],[103.84130382686784,1.3766486761219516],[103.841388981069,1.376661112650834],[103.84138590981853,1.3766824855010331],[103.84143522442287,1.3766896931158121],[103.84143901541313,1.3766633742951377],[103.84152109829172,1.3766753523171056],[103.84151751756312,1.3767001156307086],[103.84153448891841,1.3767026242783915],[103.84152892508638,1.3767411303176393],[103.84154400045212,1.3767433559058067],[103.84153341820948,1.3768167658997001],[103.84146349841551,1.3768065549641935],[103.84146258638538,1.3768128782819848],[103.84122664167946,1.3767783956718513],[103.84122588689526,1.3767835885337505],[103.84111477650016,1.376767371841961],[103.84111549624095,1.3767623915058036],[103.84107430564787,1.3767594931533886]]]},"properties":{"OBJECTID":940839,"BLK_NO":"151","ST_COD":"ANA07B","ENTITYID":3858,"POSTAL_COD":"560151","INC_CRC":"930DB29618A8837E","FMEL_UPD_D":"20130426120238","SHAPE.AREA":1220.855362665,"SHAPE.LEN":222.33718117104}},{"type":"Feature","geometry":{"type":"Polygon","coordinates":[[[103.75273939968906,1.3805530290068888],[103.75276866588834,1.38064318055675],[103.75270673641033,1.3806636649862067],[103.75272312394475,1.380709623479784],[103.75278503723526,1.3806895631958063],[103.75281363691714,1.380773144523064],[103.7527276119074,1.3808018931077422],[103.75272257680209,1.3807870206814115],[103.75266984249598,1.3808053503256186],[103.7526739646288,1.3808208584882729],[103.75245865858322,1.3808926232073993],[103.7524659936833,1.3809179157868405],[103.75248801614366,1.3809114539605052],[103.75249215805243,1.3809267143285366],[103.75242424409457,1.3809463149822134],[103.75240959234608,1.3809081268357999],[103.75235036490405,1.3809275876085936],[103.75236343672381,1.3809727329679882],[103.75231514245014,1.380985552470489],[103.75230182620369,1.3809408656146878],[103.75217382467426,1.3809855421931079],[103.75213952247005,1.3808812254219227],[103.75267598862261,1.3807021672043995],[103.75263882760666,1.380583966556132],[103.75273939968906,1.3805530290068888]]]},"properties":{"OBJECTID":941611,"BLK_NO":"144","ST_COD":"TEL13D","ENTITYID":10669,"POSTAL_COD":"680144","INC_CRC":"49FC7EE26C021C5C","FMEL_UPD_D":"20130426120233","SHAPE.AREA":1086.418187955,"SHAPE.LEN":243.197509993312}},{"type":"Feature","geometry":{"type":"Polygon","coordinates":[[[103.88167749905838,1.3712898301252814],[103.88170161079137,1.3713987096287508],[103.88148404355918,1.371447643750242],[103.88147901919736,1.3714249569777974],[103.88145587211616,1.3714298862297585],[103.88146089647779,1.3714525730022582],[103.8812423650635,1.3715012412384737],[103.88123734160239,1.3714785553697981],[103.88117395671598,1.371493062643423],[103.88117898017654,1.3715157485122498],[103.88097734180108,1.3715604733577322],[103.8809724773941,1.3715380298547797],[103.88094930335798,1.3715431851934112],[103.88095416776476,1.371565628696417],[103.88084409333528,1.3715900215938703],[103.88082046237083,1.3714809892334718],[103.88093087464948,1.3714561559052467],[103.88092253517588,1.37141879679687],[103.88094452130574,1.3714139064609527],[103.88095301534234,1.371451696947757],[103.88143682159121,1.3713434348471936],[103.88142886579726,1.37130594279156],[103.88145142251639,1.371301010838747],[103.88145954634072,1.3713383699493942],[103.88167749905838,1.3712898301252814]]]},"properties":{"OBJECTID":942340,"BLK_NO":"644","ST_COD":"HOA11S","ENTITYID":10598,"POSTAL_COD":"530644","INC_CRC":"9E494EEBF54A3A71","FMEL_UPD_D":"20130426120346","SHAPE.AREA":1196.85132631,"SHAPE.LEN":252.433259061126}},{"type":"Feature","geometry":{"type":"Polygon","coordinates":[[[103.86370545828774,1.336139296617328],[103.86362044210556,1.336136790775345],[103.86362074653152,1.336121674320416],[103.86362096295241,1.3361109322772404],[103.8635712430339,1.336109453353364],[103.86357063771725,1.336134915740904],[103.86350678616866,1.3361325787488807],[103.86350011068173,1.336124320175552],[103.86348378188285,1.3361074340849302],[103.86347651443458,1.3361146084975624],[103.86346003148792,1.3361308809299104],[103.8634829243346,1.3361545560032855],[103.86348158806359,1.3362187875978622],[103.86345238941603,1.3362180029699682],[103.86345213165134,1.3362279726864381],[103.86345958339605,1.3362283225835179],[103.86345858041688,1.3362865998386533],[103.86345245404688,1.3362864136151809],[103.8634518233978,1.3362977896229074],[103.86347931927003,1.336297830884268],[103.8634774752944,1.3363604807516853],[103.86346075243301,1.3363769024071337],[103.86344481490164,1.336392553534304],[103.86345820269501,1.3364072221598715],[103.86346792432317,1.3364178736439094],[103.8634891407976,1.3363952669846906],[103.86347991697718,1.3363851608263273],[103.86349454892367,1.3363711529452016],[103.86350955035107,1.336371385181447],[103.8635169887788,1.336384919807259],[103.86352301541118,1.3363852751479421],[103.86353135836565,1.3363725081323479],[103.86356338387837,1.3363733017678903],[103.86356263842879,1.3364022143073395],[103.86361214898727,1.3364035367788067],[103.86361289443629,1.336374624239356],[103.86364480314472,1.3363760862005767],[103.8636517689329,1.3363897166944572],[103.86365788721224,1.3363895854856154],[103.86366632721176,1.3363769396532015],[103.8636923404717,1.3363775886634492],[103.86369159502361,1.3364065012029023],[103.86371977111683,1.3364074775658656],[103.86372015282197,1.3363926694982726],[103.86373520187661,1.3363931911291458],[103.86373233401483,1.3364935322047804],[103.86368140552104,1.3364914736007971],[103.86368043190224,1.3365255319765474],[103.86345936227086,1.3365167569543208],[103.86334659264412,1.336393281852998],[103.86334849257666,1.336350651899944],[103.86334480579177,1.3363505081513334],[103.86335047694806,1.3361578694178426],[103.86335410891778,1.3361577771280138],[103.86335572846188,1.336112002703257],[103.86347261511156,1.336001438191649],[103.86351880998204,1.3360026214340048],[103.86351897257924,1.3359991993170515],[103.86366921329336,1.3360036460235691],[103.86380500340151,1.336008101040497],[103.86380421678662,1.3360504479138842],[103.86385161482625,1.3360515741599441],[103.86385181151226,1.336043620272491],[103.86385421335778,1.336043661843231],[103.86385114961053,1.3361436158536522],[103.86382946290897,1.336142960460448],[103.8638295202358,1.3361282934777214],[103.8638081884629,1.3361274897641282],[103.86380798197845,1.336142409970754],[103.86372858268311,1.3361400596131012],[103.86372899031547,1.3361146008454794],[103.8637058650227,1.3361139129119615],[103.86370545828774,1.336139296617328]]]},"properties":{"OBJECTID":941871,"BLK_NO":"113","ST_COD":"POA04Y","ENTITYID":11766,"POSTAL_COD":"350113","INC_CRC":"517C03689B0F9C71","FMEL_UPD_D":"20151130190131","SHAPE.AREA":1580.736957425,"SHAPE.LEN":325.149523554618}},{"type":"Feature","geometry":{"type":"Polygon","coordinates":[[[103.8690463345059,1.354276264745105],[103.86906699355326,1.3542866881407987],[103.86906637368348,1.354296225575137],[103.86908453548507,1.3542974045965879],[103.86908805885707,1.3542429690527147],[103.86909083093092,1.3542431480756825],[103.86909084979456,1.35424272392858],[103.8691075063921,1.3542365179339309],[103.86912313614286,1.354244795347526],[103.86912310110611,1.3542452900352788],[103.86921734982116,1.3542514681538316],[103.86921092115848,1.354351047794509],[103.86917838860101,1.3543489049356716],[103.86917875962304,1.3543431124772827],[103.86915200034805,1.3543413629305965],[103.86915168142923,1.3543462365541545],[103.86913281784737,1.354344987003242],[103.86912787686444,1.3544214302716187],[103.869243129551,1.3544289646230525],[103.86924293371229,1.3544322501812005],[103.86926960672508,1.3544339282833597],[103.86926980166623,1.354430715074362],[103.86930510719745,1.354433036050269],[103.86929851952762,1.3545350185890639],[103.8692095103379,1.3545292980042507],[103.86919513247558,1.3545339593116088],[103.86918163863535,1.3545273685060428],[103.86917705775149,1.3545272356326863],[103.86916301594691,1.3545315342847986],[103.86914949155951,1.3545252111713149],[103.86905683060115,1.3545192844401022],[103.8690591061474,1.354483936426212],[103.86900822668119,1.3544806272073613],[103.86900601583068,1.3545159643678946],[103.86891322548043,1.3545100955123648],[103.86889914953379,1.354514653715987],[103.86888586236448,1.3545080782798777],[103.8688811466966,1.3545079888174296],[103.86886682094614,1.3545123534906067],[103.86885345560515,1.3545060077639834],[103.86876326749561,1.354499951660878],[103.8687655035302,1.3544660442999452],[103.86876985518782,1.354397969122923],[103.86880484442307,1.3544002539362738],[103.86880463240962,1.3544035394946412],[103.86883135753969,1.3544052890456775],[103.86883156955365,1.3544020405662425],[103.86894676922341,1.3544095749326897],[103.86894880580859,1.3543780297739434],[103.86893539921374,1.3543771364602954],[103.86893708184247,1.354350926151362],[103.8689505585247,1.3543517841937633],[103.86895176232824,1.3543330963935505],[103.86893293379056,1.3543318468405492],[103.86893325270826,1.354326865597665],[103.86890659766703,1.3543251160467027],[103.86890622574634,1.3543309455840138],[103.8688738153946,1.354328837989448],[103.86888022610177,1.354229399430371],[103.86897440382921,1.3542355766551462],[103.86897442179122,1.354234940886828],[103.86899102627385,1.3542288416087276],[103.86900674408402,1.354237154291991],[103.86900669107646,1.354237684250214],[103.86900813057822,1.354237790943874],[103.86900937598953,1.3542378623702027],[103.86900585261473,1.3542922273736],[103.86902396140098,1.35429340549193],[103.86902456330117,1.3542839729641145],[103.8690463345059,1.354276264745105]],[[103.86897883743174,1.354425953398813],[103.86909372170678,1.3544334877628557],[103.86909899692985,1.35435520772582],[103.86908789588017,1.3543426245667864],[103.86899680741458,1.354336555824539],[103.8689841306308,1.3543477439020704],[103.86897883743174,1.354425953398813]]]},"properties":{"OBJECTID":942195,"BLK_NO":"234A","ST_COD":"SEA11N","ENTITYID":10028,"POSTAL_COD":"551234","INC_CRC":"3DE019DAC65A9D87","FMEL_UPD_D":"20140929105030","SHAPE.AREA":1069.87127907,"SHAPE.LEN":290.902874389786}},{"type":"Feature","geometry":{"type":"Polygon","coordinates":[[[103.94239992835226,1.350726153735939],[103.94236343508884,1.3507266301742176],[103.94236271809069,1.350707681997528],[103.94230777651154,1.3507093566440613],[103.94230830341782,1.3507373656401318],[103.94230179155494,1.3507376688954975],[103.94230176933317,1.3507431077342962],[103.94227639933345,1.3507428927361884],[103.94227626789531,1.350737320962988],[103.94226903447911,1.3507374379520811],[103.94226872280822,1.350700000059836],[103.9421975701945,1.3506997943604189],[103.94219746043538,1.3506563849514606],[103.94215639617336,1.3506564953256341],[103.94215651581581,1.3506999020211201],[103.94206448334458,1.3507001467268425],[103.9420645730707,1.3506567861442957],[103.94206453622978,1.350656788859043],[103.94202347196395,1.350656817838306],[103.9420234963565,1.3507002245382773],[103.9419763973496,1.3507002501709329],[103.94197563280244,1.3506222145483409],[103.94190733313597,1.3506222899686826],[103.94189878664066,1.350697073017066],[103.9418736232026,1.3506944306956468],[103.9418757149504,1.3506718396189092],[103.94186411716419,1.3506706915993616],[103.94186113134332,1.3506931895669068],[103.94179977728945,1.3506872470421587],[103.94180353164144,1.3506503542974118],[103.94182267646863,1.3506519939516228],[103.94182699074427,1.3505975474997347],[103.94180856383248,1.3505951011216601],[103.94181275477615,1.3505557475861],[103.94187496155263,1.3505614865908397],[103.94187948018272,1.350515653281054],[103.9418365646892,1.350511332355062],[103.94184569898168,1.3504193582477704],[103.94188861447357,1.3504236791737336],[103.94189270110427,1.3503825576135196],[103.94184978471459,1.3503782375919722],[103.9418589549347,1.3502859424342015],[103.94190153525389,1.3502901078247835],[103.94190583218689,1.350249868913181],[103.94186294813332,1.3502452233196132],[103.94187170996155,1.3501631691845042],[103.9418417247044,1.3501572831295237],[103.94184309918867,1.3501501838197794],[103.94183763409022,1.3501491096822094],[103.9418423926817,1.3501245569227207],[103.94184746151166,1.3501255668683232],[103.94184881439125,1.350117583997087],[103.94187726040731,1.3501233606932719],[103.94188803266329,1.3500693769848446],[103.94186932086204,1.3500658146360032],[103.94187606566963,1.3500299246951375],[103.94187606027778,1.350029913843026],[103.9419210929892,1.3500390965282956],[103.94191892493203,1.350063216886041],[103.94194720277572,1.350065820179929],[103.9419492361236,1.3500433946041277],[103.9419720139801,1.3500484191241915],[103.9419571252893,1.3501197921058528],[103.9419987111423,1.350129457874207],[103.94201571672133,1.3500553536215165],[103.9420400868575,1.350061022879972],[103.94203619705495,1.3500828272420584],[103.94204875904458,1.3500850966274927],[103.9420528141428,1.3500624023649637],[103.94211362567457,1.3500734002969996],[103.94210688627659,1.350109623043507],[103.9420897200339,1.3501068121523279],[103.94207884542,1.350162453562903],[103.94209476897537,1.3501657772837745],[103.94209665464676,1.3501565716899808],[103.94210978275055,1.3501592914222484],[103.94210694031817,1.3501731527187981],[103.94211159221382,1.350174119273186],[103.94210618755918,1.3501986684446188],[103.94210177378962,1.3501978673778956],[103.94210039840294,1.3502048635904071],[103.94202038350949,1.3501893365690247],[103.94201887889493,1.350200052431513],[103.94204194155772,1.350204193375515],[103.94203782808025,1.350227506224807],[103.94199437960677,1.3502200761258973],[103.94195995781936,1.3505710644935636],[103.94223568588933,1.3505698718837316],[103.94223548481462,1.3505542472168848],[103.94223540180057,1.3505262779926344],[103.94225948775272,1.3505264740576446],[103.94225963710554,1.3505509605777806],[103.94226914838647,1.3505511048468717],[103.9422689651975,1.350473018554499],[103.94227624353982,1.3504728753369224],[103.94227626127034,1.3504674690553709],[103.9422994846024,1.3504676570196696],[103.94229963311273,1.3504732179397547],[103.94230781810282,1.3504730556895639],[103.94230803146046,1.3505021788747935],[103.94236283019693,1.3505012503343774],[103.94236263621899,1.3504835845204697],[103.94239979352349,1.350483280785807],[103.94239969296201,1.3505454900975897],[103.94237780581015,1.3505457461161197],[103.94237776775198,1.350558758993954],[103.94239981575768,1.3505587543810056],[103.94239981238714,1.350583929127987],[103.9423249002376,1.350584672278374],[103.94232556080176,1.35062773710009],[103.94240004162128,1.3506265056131495],[103.94239980731288,1.3506515103503423],[103.94237728038007,1.3506516741528325],[103.94237734384777,1.3506644256652274],[103.94239958594211,1.3506643848689286],[103.94239992835226,1.350726153735939]]]},"properties":{"OBJECTID":942718,"BLK_NO":"148","ST_COD":"TAA10E","ENTITYID":10768,"POSTAL_COD":"521148","INC_CRC":"88A2C13F6A67E54A","FMEL_UPD_D":"20190403140624","SHAPE.AREA":1857.836185605,"SHAPE.LEN":495.681295691356}},{"type":"Feature","geometry":{"type":"Polygon","coordinates":[[[103.7706472876567,1.3159642582394386],[103.77065873675137,1.3158655263823078],[103.7706971541491,1.3158700356085604],[103.7706991799167,1.3158525705793842],[103.77078414297273,1.3158625433393143],[103.7707821181043,1.3158800074642452],[103.77085709111057,1.3158888070093333],[103.77085911597851,1.3158713428843174],[103.77094400086246,1.3158813056888523],[103.77094197599509,1.3158987707183283],[103.77101790865149,1.3159076824239127],[103.77101993351832,1.3158902182987153],[103.77110360806029,1.3159000390822477],[103.77110158229547,1.315917503207517],[103.77117746553307,1.3159264103852055],[103.7711794912974,1.3159089453554862],[103.77126485331314,1.315918964231694],[103.77126282844796,1.3159364292615323],[103.77133828307979,1.3159452848748614],[103.77134030884301,1.315927820749325],[103.77142499515254,1.3159377600191333],[103.77142297028843,1.3159552250491517],[103.77146084227108,1.3159596700402194],[103.77144939320718,1.3160584019024713],[103.77106756350013,1.3160135865223865],[103.77106245954207,1.3160576008929659],[103.77101920705606,1.3160525245143384],[103.77102431101486,1.316008510143882],[103.7706472876567,1.3159642582394386]]]},"properties":{"OBJECTID":942893,"BLK_NO":"349","ST_COD":"CLA05L","ENTITYID":7831,"POSTAL_COD":"120349","INC_CRC":"9A9797BAC0A4CD2D","FMEL_UPD_D":"20130426120325","SHAPE.AREA":1103.831925085,"SHAPE.LEN":230.968048924225}},{"type":"Feature","geometry":{"type":"Polygon","coordinates":[[[103.8556055223054,1.3703044890497709],[103.85559887176062,1.3702801517665915],[103.85567702292941,1.370258569286746],[103.85568342725908,1.3702820944529464],[103.85575743602786,1.3702616433689918],[103.85575097957847,1.3702379056778977],[103.85583350048128,1.37021512306049],[103.85584021932256,1.3702397786785483],[103.8559121928322,1.3702199272025333],[103.85590599967215,1.370197214154032],[103.85599204835054,1.3701734782978372],[103.85599838169297,1.3701966851276322],[103.85607046033238,1.370176799280027],[103.85606417910739,1.3701536973561819],[103.85614594610563,1.370131126356449],[103.85615227855119,1.370154369360397],[103.85622637537173,1.3701339173567664],[103.85621993689055,1.3701102863817944],[103.85630266894768,1.3700874332058095],[103.8563093177025,1.3701118410273785],[103.85634871811335,1.3701009620497284],[103.85637387806753,1.3701932621221535],[103.85630897809098,1.3702112053353137],[103.85631460962881,1.370231870003183],[103.85601971485191,1.370313288219846],[103.85602660982148,1.3703386139695244],[103.85596184911607,1.3703564875359373],[103.8559549020287,1.3703310198013783],[103.8556601995203,1.3704123665272436],[103.85565467312395,1.3703920907333973],[103.85559021163554,1.3704096812209556],[103.85556356006978,1.370316075251955],[103.8556055223054,1.3703044890497709]]]},"properties":{"OBJECTID":942470,"BLK_NO":"572","ST_COD":"ANA05P","ENTITYID":3019,"POSTAL_COD":"560572","INC_CRC":"B010EF2CC884494E","FMEL_UPD_D":"20130426120226","SHAPE.AREA":1299.76397005,"SHAPE.LEN":239.983954986366}},{"type":"Feature","geometry":{"type":"Polygon","coordinates":[[[103.80550706971609,1.4464379757779966],[103.8055133887691,1.4464297090684346],[103.80549484365223,1.4464148193975668],[103.80550622459482,1.4464001353865061],[103.80549429669813,1.4463907723631275],[103.80550187650547,1.4463809284590636],[103.80545905169939,1.4464011223690303],[103.80545709819512,1.446396925193496],[103.80543719320119,1.4464063212850182],[103.80544298542216,1.4464187635908285],[103.80546326693145,1.446409200196648],[103.80548946760888,1.4464657386183952],[103.80543700795805,1.4464906839351843],[103.80543195707007,1.4464791857941146],[103.80537780175094,1.446504939589568],[103.80538324352712,1.4465166348868574],[103.8053307650101,1.446541033965281],[103.80530426869838,1.4464843436050325],[103.80532164501948,1.446476150286872],[103.80531604419569,1.446464120372937],[103.80530549727374,1.4464688835248742],[103.80528932290134,1.4464346350749733],[103.80528729205484,1.4464355665442092],[103.80527678051413,1.4464129880722885],[103.80531868065769,1.4463932300575826],[103.80531512229713,1.4463855863323833],[103.80531874367432,1.4463838789389236],[103.80531462453357,1.446380644883586],[103.80531170408524,1.4463806222382143],[103.80531167258542,1.446384604150676],[103.80527713920397,1.4464008885963886],[103.80527572214982,1.4463978453953072],[103.80526761314026,1.4464016707523673],[103.80526267097015,1.446391288596943],[103.80523851197903,1.446402806270711],[103.80523182477766,1.4463884430849976],[103.80521181374768,1.4463978789651908],[103.80518540999287,1.4463414662443377],[103.80523764588868,1.4463167596825532],[103.80524292951843,1.4463277839404298],[103.80529836444379,1.4463017642811333],[103.80529286515544,1.4462902896476348],[103.80534430128496,1.4462664331751496],[103.80537069246334,1.4463227771624518],[103.8053508755331,1.4463321217055913],[103.80535748366036,1.4463463157739997],[103.80533095594662,1.4463590669713262],[103.80533802863602,1.4463743860738516],[103.80536678308926,1.4463608490121038],[103.8053879032322,1.4464050853141783],[103.80539633573927,1.4464011089319713],[103.80539819309581,1.4464050981027408],[103.80540764192483,1.4464006433247432],[103.80540591665896,1.4463969372214183],[103.80543833831831,1.4463816493562671],[103.80544006358424,1.446385354555205],[103.80544988353687,1.4463807243350812],[103.80544815827092,1.4463770191361502],[103.80549041875288,1.4463570911023067],[103.80549222039781,1.446360962705049],[103.80550004904217,1.446357271189521],[103.80550127654843,1.4463556903771235],[103.80549822762929,1.4463532964890915],[103.80551883014502,1.4463267138800582],[103.80552189703597,1.4463291213337377],[103.8055244742599,1.4463258014467957],[103.80552271664511,1.4463220284202507],[103.80551739331082,1.4463245388679185],[103.80551364175483,1.4463165641435627],[103.80551542189123,1.4463156842197502],[103.80550288495844,1.4462887548306411],[103.80550645152047,1.4462870736627405],[103.8055045483346,1.4462831387533035],[103.80547847082745,1.4462953382961705],[103.8054777968917,1.4462941987897315],[103.80542955619735,1.4463168705885092],[103.80542306129028,1.4463029197955062],[103.80540636431601,1.4463107929781962],[103.80539625802862,1.4462893956106537],[103.80538666093284,1.4462937093060606],[103.80536889787739,1.4462561165004604],[103.80539499155115,1.4462445934230197],[103.80539311352473,1.4462407860290691],[103.80544262663604,1.4462180057231344],[103.80544375884095,1.4462205017806269],[103.80547250519685,1.4462075697366015],[103.80547643647037,1.4462157135792368],[103.80549487943257,1.4462070174466892],[103.80549108834049,1.446198874510178],[103.80551883096597,1.446185471279732],[103.80551746243641,1.4461823928092123],[103.8055671552778,1.4461585724845754],[103.80556849415443,1.446161584031797],[103.80559380784881,1.446149483054074],[103.80561174343335,1.4461874855368193],[103.80560259562957,1.4461925046422834],[103.80561216995025,1.4462136822420602],[103.80559572818099,1.4462214351489628],[103.80560221320457,1.4462353642366468],[103.8055535852109,1.4462584773628053],[103.80555417826886,1.4462599333954813],[103.80552171168328,1.4462751172599966],[103.80552345402204,1.4462788740078105],[103.8055272596129,1.446277078893011],[103.80554346722913,1.4463118925689522],[103.80553961041778,1.4463137111965991],[103.80554512857286,1.4463256081675453],[103.80559719245299,1.4462581062060047],[103.80560901072133,1.44626738421732],[103.80562018947438,1.4462529606598644],[103.80563917670904,1.4462672507420844],[103.80564572759219,1.4462596089502053],[103.80567796634263,1.4462847759755741],[103.80566007764205,1.4463078659672444],[103.80566325865507,1.4463102897006794],[103.805630567092,1.4463524869042839],[103.80562738607897,1.4463500631708033],[103.80558990849416,1.4463987789676989],[103.80559310388469,1.4464012135537718],[103.80556018766912,1.4464434107535087],[103.8055575997278,1.446441312598124],[103.80554007676538,1.4464635325955],[103.80550706971609,1.4464379757779966]]]},"properties":{"OBJECTID":942805,"BLK_NO":"785B","ST_COD":"WOR04F","ENTITYID":11052533,"POSTAL_COD":"732785","INC_CRC":"962B5260C9945F24","FMEL_UPD_D":"20220107154827","SHAPE.AREA":906.201935545,"SHAPE.LEN":308.145106436416}},{"type":"Feature","geometry":{"type":"Polygon","coordinates":[[[103.8462409432182,1.4217207544991382],[103.84623824924469,1.421720649608083],[103.84623831842609,1.4217188417843305],[103.84618938389798,1.4217169356600026],[103.84618931471654,1.4217187425793902],[103.84618662074304,1.4217186376882747],[103.84618642937086,1.4217236080731421],[103.84618418469246,1.42172352036242],[103.84618437606466,1.4217185499775526],[103.84618168209116,1.421718445086431],[103.84618175217118,1.4217166381670387],[103.84615592758661,1.421715631754519],[103.84610878754333,1.42171379525446],[103.84603448581336,1.421710900798221],[103.84603441663181,1.421712707717605],[103.84603172265831,1.4217126028263072],[103.84603153128579,1.4217175732111649],[103.8460292866074,1.4217174855002916],[103.84602947797993,1.4217125151154337],[103.84602678400644,1.42171241022413],[103.84602685408659,1.4217106033047413],[103.84599677377886,1.421709431415381],[103.84599651322468,1.42171620871962],[103.84599022758604,1.4217159636716934],[103.84596822830015,1.4217151064559943],[103.8459684196728,1.4217101360711406],[103.84596572569932,1.4217100311797652],[103.84596579577952,1.4217082242603778],[103.84591686035323,1.421706317225875],[103.84591679117158,1.4217081250496204],[103.84591409719809,1.4217080201581842],[103.84591390672391,1.42171299054303],[103.84591166114693,1.4217129028320459],[103.8459118525197,1.4217079324471955],[103.84590915854623,1.4217078275557538],[103.84590922862647,1.4217060206363679],[103.84586029409886,1.4217041136006527],[103.84586022401857,1.4217059214244014],[103.8458575300451,1.421705816532899],[103.84585733957078,1.421710786013377],[103.84585509399382,1.421710699206702],[103.845855355447,1.4217039209981062],[103.84584929445597,1.421703684992206],[103.84584694766725,1.4217646843476923],[103.8458244999844,1.4217638090457878],[103.84582437869174,1.421766972511247],[103.84574446346711,1.4217638583157632],[103.84574999082551,1.4216201729548985],[103.84581643617827,1.4216227608837828],[103.845816062417,1.4216324755624627],[103.84582773600218,1.4216329303939548],[103.84582810976339,1.4216232157152733],[103.84609119899966,1.42163346613642],[103.8460906689072,1.4216472477403026],[103.84611132120578,1.4216480525092305],[103.84611303277502,1.4216035460408198],[103.84616017371468,1.421605382540809],[103.84615899223839,1.4216361074053516],[103.84642029507988,1.4216462881627057],[103.84641996444711,1.4216548732907477],[103.84643163713389,1.4216553281191704],[103.84643196776663,1.421646742991127],[103.84649860362195,1.421649353508253],[103.84649652728625,1.4217033485646073],[103.8464851520326,1.4217029100133618],[103.84648428322387,1.4217255019319976],[103.84643103905692,1.4217234638003995],[103.84643087374056,1.4217277568166],[103.84642907835726,1.4217276871908304],[103.84642913046784,1.4217263306447383],[103.8463635765128,1.4217237219282008],[103.8463635073315,1.4217255297519562],[103.84636121952079,1.4217254447547438],[103.84636102814896,1.4217304151396224],[103.84635878347056,1.421730328333435],[103.8463589739438,1.4217253579485618],[103.84635587470605,1.421725232259577],[103.84635594478596,1.4217234244358166],[103.8463025182051,1.4217213428928042],[103.84630244902377,1.421723150716558],[103.84629975505025,1.4217230458255752],[103.8462995636783,1.4217280162104495],[103.84629731899989,1.4217279284998383],[103.84629751037184,1.421722958114964],[103.84629481639833,1.4217228532239754],[103.84629488557968,1.4217210454002216],[103.84626929732427,1.4217200489356467],[103.84626903677089,1.4217268262399088],[103.8462627511322,1.421726581192729],[103.84624075184612,1.421725724884009],[103.8462409432182,1.4217207544991382]]]},"properties":{"OBJECTID":943663,"BLK_NO":"438","ST_COD":"YIA01R","ENTITYID":9978,"POSTAL_COD":"760438","INC_CRC":"54F25D21EEA2375F","FMEL_UPD_D":"20140725100430","SHAPE.AREA":826.65004252,"SHAPE.LEN":224.745293010676}},{"type":"Feature","geometry":{"type":"Polygon","coordinates":[[[103.73777536847831,1.3773119823125775],[103.73777361454802,1.377309922102977],[103.73777702654269,1.3773069803479105],[103.73776021864333,1.3772872356174712],[103.73775159025963,1.3772946754633986],[103.7377158000196,1.3772526328976644],[103.73776091706614,1.3772137290238016],[103.73777638256145,1.377231897395405],[103.73782537887455,1.377189648438088],[103.73780991248049,1.3771714809711175],[103.73785417944588,1.3771333104993244],[103.73788996878828,1.377175353063019],[103.73788101960417,1.3771830705359867],[103.73789958143425,1.377204875475117],[103.7379212611225,1.377186180452819],[103.73802626692408,1.3773095316504358],[103.7379615917913,1.3773653002070323],[103.73794917669589,1.3773760064602538],[103.73796869725949,1.3773989373694662],[103.73795471560949,1.3774182847477967],[103.73796582073695,1.3774264145137491],[103.73797171120009,1.3774182637274974],[103.7379761769727,1.3774215331794508],[103.73797934101857,1.3774171543813458],[103.73798419676005,1.3774207096276847],[103.73801664417992,1.37737581021667],[103.73803507515143,1.3773893013408267],[103.73805434249115,1.3773626414956135],[103.73810152513197,1.3773971810152614],[103.73809993996396,1.3773993749360938],[103.73809630624461,1.3773967150584678],[103.73808252858262,1.3774157802845821],[103.7380891212134,1.3774206062305498],[103.73805813495252,1.37746348264141],[103.73805154232171,1.3774586566953535],[103.73801741897242,1.3775058739216213],[103.73802401160327,1.3775106998677744],[103.73799344319897,1.3775529984064727],[103.73798685056806,1.3775481724602319],[103.73797197029579,1.3775687633014888],[103.73797560311668,1.3775714222749107],[103.73797401794842,1.3775736171000021],[103.73792683530634,1.3775390775777507],[103.73794573241659,1.3775129277794214],[103.73792730144476,1.377499435750189],[103.7379366435131,1.377486509162267],[103.73791998806799,1.3774743176784632],[103.73790468634226,1.3774954909120727],[103.73787994847785,1.3774773827597566],[103.73787539875744,1.3774836787513436],[103.73783422469413,1.377453538291097],[103.73783963259801,1.3774460558099844],[103.73781754274899,1.3774298858136877],[103.73784892979864,1.3773864541435317],[103.7378745428455,1.3774052026203605],[103.73790784665324,1.377359118529988],[103.73789278010338,1.3773414195395919],[103.73785954707787,1.3773700747495032],[103.73783452212142,1.3773406783266822],[103.7378519280567,1.377325670220653],[103.73784537597668,1.3773179738276489],[103.73781670785299,1.3773426943377227],[103.73778413165245,1.3773044258091791],[103.73777536847831,1.3773119823125775]]]},"properties":{"OBJECTID":943514,"BLK_NO":"476C","ST_COD":"CHA45S","ENTITYID":11465,"POSTAL_COD":"683476","INC_CRC":"FE36BE4D5AA539F2","FMEL_UPD_D":"20130719122130","SHAPE.AREA":813.637692325,"SHAPE.LEN":213.52366232346}},{"type":"Feature","geometry":{"type":"Polygon","coordinates":[[[103.79707866435047,1.4434220180333908],[103.79708219142724,1.4434170721258066],[103.79710602557599,1.44343434675582],[103.79715258567958,1.443369310198154],[103.79712880454844,1.4433520355694796],[103.79713510565885,1.443343238926311],[103.79708694583543,1.4433083378613656],[103.79713910522558,1.4432355283890546],[103.79720895786063,1.4432861856212034],[103.79719772603315,1.4433018707228151],[103.79724209381678,1.443334017033565],[103.79725332564414,1.4433183319317335],[103.7973171047272,1.443364608326701],[103.79730583785303,1.4433803992388234],[103.79732984722705,1.4433978502201974],[103.79734116711845,1.4433820593088],[103.79746565392057,1.4434723520389312],[103.79745421091829,1.4434883545700627],[103.79747836047538,1.4435058408223025],[103.79748980437618,1.4434898382910637],[103.79763482483024,1.443595002691683],[103.79757799802367,1.4436744166684474],[103.79755972702871,1.4436611701665614],[103.7975393167167,1.443689678095072],[103.7975575517678,1.4437029264052808],[103.79749930244346,1.4437843191047444],[103.79742639728276,1.4437314361940843],[103.79749731712265,1.4436323796688983],[103.79719123284525,1.4434104286089349],[103.79718437099723,1.4434200020915626],[103.79720771361853,1.443436958376697],[103.797180405511,1.4434751121331388],[103.79716285428947,1.4434623594221219],[103.79715599244115,1.4434719329046517],[103.79719004084201,1.4434965909211712],[103.7971764043111,1.4435156311728654],[103.79718603987098,1.443522625674571],[103.79718756662308,1.4435205058708696],[103.7972247385162,1.4435474953860281],[103.7972042581088,1.4435761091208748],[103.79719114681022,1.443566572397767],[103.7971686310322,1.4435980122357552],[103.7970987792873,1.4435473559066585],[103.79710723887922,1.4435355568112809],[103.79705691974561,1.443499064935596],[103.79704846105219,1.4435108640308005],[103.79697836399812,1.4434600304388876],[103.79703054047026,1.4433871160634602],[103.79707866435047,1.4434220180333908]]]},"properties":{"OBJECTID":943393,"BLK_NO":"735","ST_COD":"WOC06Q","ENTITYID":10901,"POSTAL_COD":"730735","INC_CRC":"F15C76999EA728BB","FMEL_UPD_D":"20130426120254","SHAPE.AREA":1235.814455095,"SHAPE.LEN":294.253174278889}},{"type":"Feature","geometry":{"type":"Polygon","coordinates":[[[103.86830610751595,1.351487472208621],[103.86828889506496,1.3514546738794808],[103.86834216331103,1.3514274969615767],[103.86835237846738,1.3514475908827963],[103.86836414416983,1.3514415468457486],[103.8683539227233,1.3514214411679355],[103.86837552133191,1.351410318982858],[103.86840521339943,1.3514687260126863],[103.86842740595942,1.3514576607934614],[103.86840701159461,1.3514179251332494],[103.86843325934164,1.3514048376965775],[103.86848314719794,1.351503251697522],[103.8684653503782,1.351512102969586],[103.8685236032101,1.351627528843693],[103.86858290380896,1.3517454733552743],[103.86871483531718,1.3516780384086071],[103.86885998818364,1.3516039353826852],[103.86885096005513,1.351585929623352],[103.86893395974407,1.3515436421369207],[103.86894731367477,1.351569706621933],[103.86891471314382,1.3515868095350827],[103.86892527158997,1.3516091842552844],[103.86899222574705,1.3515748409389967],[103.86900324245215,1.3515965961625604],[103.86898231147192,1.3516073321798108],[103.86899600059627,1.3516353582256198],[103.86901693157667,1.3516246222082486],[103.86903596099712,1.3516617515053628],[103.86900325622234,1.351678175243704],[103.86899485533236,1.3516630860503838],[103.8689459145429,1.3516883646581719],[103.86895424893729,1.3517033353809302],[103.86888197082767,1.3517404434161746],[103.86885926349274,1.3516967204522314],[103.86881979887616,1.3517167943017376],[103.86884202907859,1.351760877210051],[103.86876473791611,1.351800501256959],[103.86874282310512,1.3517560502670436],[103.8687032902085,1.3517770049664668],[103.86872502529809,1.351820890731728],[103.86868540342867,1.3518408904235364],[103.86866667232512,1.3518030701849537],[103.86859332045016,1.3518419507813695],[103.8686118529546,1.3518786785514212],[103.86859022109522,1.3518897347205465],[103.86857366728445,1.3518569273404553],[103.86856188989888,1.3518629469608785],[103.86857844370954,1.3518957543410521],[103.86852553757731,1.3519229321633486],[103.86850882472767,1.3518905597843283],[103.86852374166175,1.3518822611204617],[103.86849779758492,1.3518301294214243],[103.8684830378974,1.3518382680103649],[103.86844721923585,1.3517672280067548],[103.86849133747836,1.3517444807947234],[103.86847026739404,1.351705007410708],[103.86842717710933,1.3517278025387045],[103.86838747835074,1.3516495593291948],[103.86843083911766,1.3516278503394539],[103.8684108337848,1.3515850145130484],[103.86836672722363,1.3516076215469526],[103.86833180716769,1.351539047729597],[103.86834776014666,1.3515309416813976],[103.86832076747265,1.3514801149929416],[103.86830610751595,1.351487472208621]]]},"properties":{"OBJECTID":943332,"BLK_NO":"322","ST_COD":"SEA12Y","ENTITYID":9676,"POSTAL_COD":"550322","INC_CRC":"1623C2D85715E305","FMEL_UPD_D":"20130426120342","SHAPE.AREA":1356.626794275,"SHAPE.LEN":353.297331798573}},{"type":"Feature","geometry":{"type":"Polygon","coordinates":[[[103.88377250154103,1.369895097375974],[103.88377217623069,1.3698937598286056],[103.88375352110585,1.3698979537592408],[103.8837488705741,1.3698772945679805],[103.88367036556946,1.3698947007126971],[103.88367499184488,1.3699156330225533],[103.88365624416973,1.3699199598958935],[103.88365654072103,1.3699210713529035],[103.88361421287385,1.3699303546385],[103.88361394327771,1.3699291491270653],[103.883595244119,1.3699331829849928],[103.88359093324411,1.3699123374872417],[103.88357820596059,1.369915342957188],[103.88356349104323,1.3699184994977731],[103.88356798252913,1.3699392798775678],[103.88354932830316,1.3699435262597175],[103.88354941010012,1.3699448267333343],[103.88350728802475,1.3699541172476306],[103.88350701842865,1.3699529117361822],[103.88348808114925,1.369956983581584],[103.88348381520724,1.3699363062943561],[103.88343107208254,1.3699479528990375],[103.8834355617721,1.3699688237155487],[103.88341674759704,1.3699729181668996],[103.88341692284592,1.3699742539087512],[103.88337483401706,1.3699835697422307],[103.88337446108358,1.3699822719878156],[103.88335574035933,1.3699863564887245],[103.88335136478906,1.3699654974263757],[103.88333515915426,1.3699691812410615],[103.88331624422057,1.3698808307073829],[103.88342446030993,1.3698568826850979],[103.88342147317309,1.3698429130381553],[103.88341834496228,1.3698290157432884],[103.88341964679702,1.3698197107153314],[103.88344032458811,1.369814796871056],[103.88344041355371,1.3698151423362088],[103.88344473849214,1.3698209654446105],[103.88345199057363,1.369850877129286],[103.88350437606623,1.3698392784630378],[103.8836116675291,1.369815621657043],[103.88371486871462,1.3697927101287084],[103.88375844556188,1.3697829791548224],[103.88392889001769,1.3697451478051315],[103.88392762649106,1.3697386038545527],[103.88392514525795,1.3697251858595831],[103.88392289592417,1.3697150226654793],[103.88392457249579,1.3697073952244487],[103.88394518289729,1.369702735503556],[103.88394968755546,1.3697087856025365],[103.88395642476902,1.3697390237718063],[103.88406484841147,1.3697149409662281],[103.88408439595717,1.3698029622911596],[103.88406819032475,1.3698066461107563],[103.88407244638708,1.3698273179708085],[103.88405381821921,1.36983145311953],[103.8840543088554,1.3698322598017063],[103.88401190374323,1.3698419563902258],[103.88401152092509,1.369840655923039],[103.88399303652892,1.3698448263384262],[103.88398794479964,1.3698242738720252],[103.88393555032918,1.369836102257444],[103.88394033115173,1.3698566013731055],[103.8839217263499,1.369860913775644],[103.88392187104557,1.369862148229338],[103.88387950905454,1.3698714116242967],[103.88387936435889,1.3698701771705992],[103.88386034710565,1.3698741287402112],[103.88385590953338,1.369853433370112],[103.88384544034636,1.3698559305410243],[103.88382854011877,1.3698596261304805],[103.88383335059754,1.369880329632005],[103.88381460291794,1.3698844150414022],[103.88381473144565,1.3698859533617291],[103.88377250154103,1.369895097375974]]]},"properties":{"OBJECTID":943848,"BLK_NO":"619","ST_COD":"HOA11S","ENTITYID":12835,"POSTAL_COD":"530619","INC_CRC":"F84478F899BA0864","FMEL_UPD_D":"20170601120549","SHAPE.AREA":1008.080584105,"SHAPE.LEN":235.919403842559}},{"type":"Feature","geometry":{"type":"Polygon","coordinates":[[[103.92941444819428,1.3488741426600677],[103.9294684349681,1.3489736168451798],[103.92943888192205,1.348989872139048],[103.92943207213045,1.3489772954311519],[103.92940486967078,1.3489922781922354],[103.92939876260566,1.3489810100698154],[103.92927493362949,1.3490491017758512],[103.9292844114403,1.3490665519914686],[103.92915352800259,1.3491385318289908],[103.92915447623093,1.3491448198285403],[103.92915419523,1.3491511793214943],[103.92915265084473,1.3491573616093353],[103.9291499490957,1.3491631197967136],[103.92915644257072,1.3491751303866442],[103.92918055584755,1.3491618796060556],[103.92922036139701,1.349235213741484],[103.92920081091677,1.349245955638144],[103.92920709410951,1.3492574715495815],[103.92927553696111,1.3492198030129259],[103.92927413330847,1.3492172599994001],[103.92928125784873,1.349213337493617],[103.92928266240132,1.3492159157772659],[103.92929284108699,1.3492103336438317],[103.9292914724768,1.3492077544543992],[103.92929870214594,1.3492037614040688],[103.92930010669858,1.3492063405920702],[103.92934970082943,1.349179025046721],[103.9293513156607,1.3491819921981376],[103.92937486734664,1.3491690254080189],[103.9293732875606,1.3491660926210272],[103.92940168238843,1.349150474045487],[103.9294115106673,1.3491686314585674],[103.92941466994003,1.3491668642074013],[103.92942597286093,1.3491876351713494],[103.92942277854428,1.349189402423924],[103.92944903550949,1.3492377612960125],[103.92937462633958,1.3492786803556518],[103.9293733972668,1.3492827437081736],[103.92937143225964,1.3492864878497326],[103.9293687645594,1.3492897735070792],[103.92936553523609,1.3492924948641183],[103.92936181527183,1.3492945442988107],[103.92935781402737,1.349295816896712],[103.92935360158909,1.34929627648051],[103.92934939001884,1.3492959583119448],[103.92934535273635,1.3492947936525286],[103.9292760329045,1.349332885467977],[103.92927441835555,1.3493371251865758],[103.92927210201621,1.3493410113270266],[103.92926915396875,1.3493444037102549],[103.92926564429817,1.3493472299844251],[103.92926171317598,1.3493493861422072],[103.92925746573238,1.3493508341961762],[103.92925300799497,1.3493515063148842],[103.92924851608039,1.3493513654124534],[103.92924412836848,1.3493504467535564],[103.92920537873695,1.3493717550868232],[103.92918947754292,1.3493424353591008],[103.92919418051162,1.3493398215630632],[103.92918119356442,1.3493159052896315],[103.92917649059581,1.3493185208943688],[103.92916476621775,1.3492969025575845],[103.929185297907,1.3492856306654604],[103.92917118767821,1.349259666958256],[103.92914998837308,1.3492713268485106],[103.92914430096829,1.3492608708269342],[103.92912060910737,1.3492739099695559],[103.92912626056967,1.3492843668969792],[103.92906157361932,1.3493199489151249],[103.9290450415902,1.3492894282169772],[103.9290422336463,1.349290983832798],[103.9290310358638,1.3492703186732034],[103.92903380876521,1.3492687992333108],[103.92901720484915,1.3492382079974283],[103.92911814887273,1.3491826959975737],[103.9291151663317,1.3491771849265617],[103.92911035715895,1.3491753492598344],[103.92910596938246,1.349172770189878],[103.9291020380476,1.3491694847941953],[103.92909866829021,1.34916559978348],[103.92909603623106,1.3491611847867218],[103.929094105036,1.349156415251838],[103.92909301668193,1.349151398792425],[103.92909277117438,1.3491462764891389],[103.92909333257502,1.3491411541538954],[103.92909473593463,1.349136208136124],[103.92909694711336,1.3491315795178305],[103.92909986008384,1.3491273406522672],[103.92910344070748,1.3491236651785123],[103.92910758205839,1.349120627258579],[103.92911214486357,1.3491183299953824],[103.92911702309422,1.3491168104720106],[103.92912207747466,1.3491161030597791],[103.92912720197745,1.3491162792075788],[103.92913218633642,1.3491172674790475],[103.92913657391799,1.3491148653166214],[103.92910508785414,1.3490568616144318],[103.92913334161136,1.3490413144922748],[103.9291251973621,1.3490263005775356],[103.92913144575088,1.3490210016661701],[103.92913793856073,1.3490160192722171],[103.92914467758882,1.3490113552043288],[103.92915162779263,1.3490070438296928],[103.92915359308873,1.3490106820048573],[103.9291543999803,1.3490102587309187],[103.92915404950404,1.3490093046416607],[103.92915408450924,1.3490083152669632],[103.92915443580941,1.3490073611498958],[103.92915510251295,1.3490066195456758],[103.92915597948954,1.3490061248242688],[103.92915696251019,1.3490059837046595],[103.92915794554463,1.3490061952866863],[103.92915878751741,1.3490067252101394],[103.92915938419398,1.3490075382089854],[103.92916001586877,1.3490071836735897],[103.9291580505727,1.349003546402794],[103.92916528115661,1.3489999765948115],[103.92917279210691,1.3489967965562242],[103.92918047919179,1.3489940397525972],[103.92918827052499,1.3489916718209787],[103.92919634378258,1.349006543753287],[103.92922119386269,1.348992904067037],[103.92921175199506,1.3489754529453197],[103.92924116486985,1.3489592691043788],[103.92923305656691,1.348944362807812],[103.92923923396613,1.3489389924543218],[103.92924569173162,1.348934010061497],[103.92925239571677,1.34892938126489],[103.92925934412581,1.3489251413347334],[103.92926131032193,1.348928814779934],[103.92926222234236,1.3489283200571016],[103.92926183682216,1.348927365969251],[103.92926180173815,1.3489263413271708],[103.92926215213971,1.348925387210127],[103.92926278379792,1.348924610337107],[103.9292636967169,1.3489241156142389],[103.92926467973751,1.3489239744945885],[103.92926566277332,1.348924221346737],[103.92926650474884,1.3489248218104801],[103.92926706638154,1.3489256348106895],[103.92926808442942,1.3489250695433215],[103.92926611823464,1.3489214304639272],[103.92927338386482,1.3489179320989482],[103.92928079058298,1.3489147873343497],[103.92928837163723,1.3489120305346127],[103.92929605873829,1.3489096978769706],[103.92930420209092,1.3489247461569374],[103.92933185921294,1.3489095164877938],[103.929334632374,1.3489146377863261],[103.92935786867082,1.348901882630025],[103.92936889032217,1.3489221941890877],[103.92939447720406,1.3489081303255932],[103.92938629880568,1.3488930467771927],[103.92939216082738,1.348888135852358],[103.92939819718097,1.3488835061775297],[103.92940444470489,1.3488790908283694],[103.92941083241394,1.3488749205560433],[103.92941276356223,1.3488784890963739],[103.92941357045368,1.3488780649179912],[103.92941321907739,1.3488770755586479],[103.92941321903582,1.348876015645019],[103.9294136053784,1.348875026256366],[103.92941430712293,1.3488742132059994],[103.92941444819428,1.3488741426600677]]]},"properties":{"OBJECTID":944437,"BLK_NO":"892","ST_COD":"TAA12N","ENTITYID":7009,"POSTAL_COD":"520892","INC_CRC":"9C242CA3B0953261","FMEL_UPD_D":"20130426120314","SHAPE.AREA":1039.83677208,"SHAPE.LEN":282.551365066137}},{"type":"Feature","geometry":{"type":"Polygon","coordinates":[[[103.83178588754043,1.4431930141072122],[103.8317825007208,1.4431962182655378],[103.83178321510611,1.4431968694079036],[103.83175101021597,1.4432275255068368],[103.8317436192492,1.4432197950006065],[103.83172876360962,1.4432344474910357],[103.83171572226003,1.4432209200092774],[103.83170374393467,1.4432324687253262],[103.8317005386365,1.4432290375670747],[103.83169901730835,1.4432304149119148],[103.8316654187393,1.443193970838343],[103.8316618459096,1.4431972437279927],[103.83165098635604,1.4431857881447434],[103.83165336854206,1.4431835842121383],[103.83165228663047,1.443182344328679],[103.83164741263224,1.443182908648008],[103.83164653649756,1.4431845762940474],[103.831649141533,1.4431864429026997],[103.83164274709907,1.4431966893388315],[103.8316758397684,1.4432172301764228],[103.83167550099641,1.4432177547071297],[103.83169033864696,1.443227196275158],[103.83168799869384,1.4432310714719787],[103.83168526246286,1.4432293188131038],[103.8316713161983,1.4432524650878351],[103.83168336460098,1.4432598202867617],[103.83167495281072,1.4432738514836534],[103.83169416393865,1.443285655252882],[103.83169314582547,1.4432872152795524],[103.83169702058024,1.443289732126581],[103.83168939416618,1.4433021535566781],[103.83170772736412,1.4433133613494615],[103.83170464247186,1.4433185641516946],[103.831705417962,1.4433190525086594],[103.83167506237099,1.4433687526989134],[103.83167422937056,1.4433682426371668],[103.83167320496706,1.4433699247529246],[103.83162517040687,1.4433401295501807],[103.83162603306243,1.4433387458743485],[103.83162530519799,1.4433383117792153],[103.83162917187202,1.4433319125044863],[103.8316030774829,1.4433159368996331],[103.83161018181117,1.4433042950309545],[103.831602276844,1.443299614038324],[103.83159993329632,1.4433034132684956],[103.83159018800036,1.4432976162895859],[103.83158549910767,1.4433053495000945],[103.83158374684149,1.443304259740462],[103.831583896009,1.4433040680154696],[103.83155962667317,1.4432891288123415],[103.83155578785582,1.443295225125131],[103.83155508065919,1.4432947675165348],[103.83155403918234,1.443296336586761],[103.83150606752703,1.4432666743229863],[103.83150708923486,1.443264937041115],[103.83150617805643,1.4432644260748793],[103.8315365255622,1.4432148922897674],[103.83153720759809,1.4432153064888915],[103.83154054230103,1.4432099996852534],[103.8315588440463,1.4432215393807106],[103.83156522859628,1.443211064140792],[103.8315546341258,1.4432046096886386],[103.83153611941263,1.4431933286409993],[103.83152768335947,1.443207484639524],[103.83152630131572,1.4432066878939855],[103.83152409435505,1.4432104057314565],[103.8315120145022,1.4432030505316535],[103.83148672161866,1.4432447163562492],[103.83148608630985,1.4432443546102438],[103.83148528296178,1.443245663223884],[103.83143787652665,1.443216237902407],[103.8314391570311,1.4432142021807557],[103.83143839861444,1.4432137020669855],[103.83143716843144,1.4432158056159567],[103.83138971706747,1.4431865575487142],[103.8313905941008,1.4431850563056996],[103.83138973414255,1.4431845480525516],[103.83141506476808,1.4431431508250763],[103.83140335154394,1.443135970167197],[103.83138993817272,1.4431276066000545],[103.83138339546855,1.4431384426804714],[103.83138576327423,1.4431397576273566],[103.83136721977151,1.443170134284173],[103.83136659794177,1.4431697209894134],[103.83136555197174,1.443171420287926],[103.83131810330539,1.443142181262811],[103.8313194853517,1.4431399646685734],[103.83131874221124,1.4431394763115044],[103.83131738802142,1.443141777011592],[103.83126973627306,1.443112536176547],[103.83127074629905,1.443110980671876],[103.83127001304312,1.443110581846808],[103.83128847926714,1.443080248600163],[103.83129062781471,1.4430815545033124],[103.83129740056019,1.4430708649302881],[103.83128312004264,1.4430621233376932],[103.83128579517376,1.4430579171444695],[103.83128428732628,1.4430572641925],[103.8312950597393,1.4430395540475651],[103.83132390203544,1.4430572298622382],[103.83133247557477,1.4430431715358594],[103.83133919888425,1.4430471706381578],[103.83134108684192,1.4430443074242936],[103.83135320713002,1.4430519782479918],[103.83135660114087,1.4430464037530093],[103.83136051363613,1.4430487496759095],[103.83136686853281,1.4430382355488698],[103.83141173193141,1.4430659263001062],[103.83141412939504,1.4430621505836239],[103.83141944370318,1.4430652968695012],[103.83142814753903,1.4430508758930194],[103.83142918901387,1.443051665403422],[103.83142938041551,1.4430514293646532],[103.8314322900757,1.443053031899609],[103.83143314284672,1.4430516310409276],[103.8314310509135,1.443047086611489],[103.83142931482193,1.443046504199794],[103.83142842970041,1.443049069878914],[103.83141494533673,1.4430449939002377],[103.83141604073163,1.4430408238800667],[103.83136877806443,1.4430264661611125],[103.83136929206408,1.443024838306868],[103.83136504528939,1.4430235143146921],[103.83136508752365,1.4430233451987138],[103.83136471370683,1.4430232393878333],[103.83136990312605,1.4430072520505488],[103.83135330242453,1.4430021604683407],[103.8313551149027,1.4429960098922838],[103.83135417227328,1.4429957286343424],[103.83135823484803,1.4429822626621394],[103.83134802677353,1.4429792230867426],[103.83136061797033,1.4429364023800852],[103.83136162080584,1.4429366610289835],[103.83136221388231,1.4429348197449705],[103.83138731352412,1.4429424860579523],[103.83138773047483,1.4429412027661954],[103.83138865962526,1.4429414930677487],[103.8313891628416,1.4429399818764084],[103.83144283610632,1.4429559348979135],[103.8314424056765,1.4429574126278686],[103.83144346871805,1.442957743625878],[103.83144219989377,1.442961897367374],[103.83149709615121,1.4429784725908492],[103.83149828499995,1.442974558505644],[103.83149904072097,1.4429747755535494],[103.83149950170332,1.4429730373668577],[103.83155333402159,1.442988854731308],[103.83155281912349,1.4429904798725033],[103.8315537374908,1.4429907168165204],[103.83155338434082,1.4429917830610657],[103.8315786214695,1.4429993779272965],[103.83157807512035,1.4430011477666675],[103.83157902224282,1.4430014055110623],[103.83156659459463,1.4430442117492253],[103.83155637483769,1.4430412969769542],[103.83155253691375,1.443054583885669],[103.83155154755715,1.4430543143845016],[103.8315497737191,1.4430605553971154],[103.83153267609177,1.443055641071122],[103.83152776254278,1.4430722524199595],[103.8315233333525,1.4430708533657473],[103.83152275824808,1.4430726910323597],[103.83147562947086,1.4430581406862775],[103.8314743103249,1.443062526849221],[103.8314596380142,1.4430582256832687],[103.83146046023407,1.4430553335287823],[103.83145607417657,1.4430539344744744],[103.83145423384445,1.4430571720950527],[103.83145772579593,1.4430593706061492],[103.83143542165512,1.44309633735883],[103.83143198002503,1.4430942618412075],[103.8314312611454,1.4430953814428842],[103.83143385269504,1.443105135912113],[103.83143551779699,1.4431061786448771],[103.8314371577412,1.4431035912616594],[103.83147089470208,1.4431244802828356],[103.83146917568106,1.4431272847133039],[103.83147466791175,1.4431306525683067],[103.83147680568013,1.4431272069443035],[103.8315073049933,1.4431460611439095],[103.83150525618625,1.4431494226621875],[103.83151052286885,1.443152757959827],[103.83151220864168,1.443149966190393],[103.8315418354169,1.4431681592989503],[103.83154014155654,1.4431711608807816],[103.83154559784344,1.443174570336314],[103.83154785782129,1.4431709537875987],[103.83157904905622,1.4431900657304362],[103.83160213677475,1.4431513625986314],[103.83162579955557,1.4431661453459392],[103.83162848007792,1.4431617239137526],[103.831619192172,1.4431520318407793],[103.83162263650188,1.4431490980874926],[103.83158874229652,1.443112478565973],[103.83158988980742,1.4431114928104065],[103.83158708258848,1.443108270560317],[103.8315871877246,1.4431081701760258],[103.8315869855401,1.443107973024579],[103.83159960007303,1.4430964351619886],[103.83158737734746,1.443083745120905],[103.83159213183494,1.443079229636533],[103.83159148484458,1.4430786020076147],[103.83160148625184,1.4430689461238912],[103.83159413392583,1.443061181251371],[103.83162632264091,1.4430305848426206],[103.83162696783401,1.4430312857249887],[103.83163031511529,1.4430280752363156],[103.83164872468555,1.4430475263049434],[103.83164757807324,1.4430485952620027],[103.83164799142811,1.4430490953754465],[103.83165116977275,1.4430460892728172],[103.83168809584707,1.443085503279517],[103.83168485190474,1.4430885392261514],[103.83168552585298,1.4430892862310731],[103.83168882281264,1.4430862276753829],[103.83173123572618,1.4431312071396631],[103.83172805378705,1.443134328096592],[103.83172882208821,1.4431350199353805],[103.83173199504131,1.4431319487184489],[103.8317690262546,1.4431710859885765],[103.83176594406,1.4431740712910692],[103.83176647602984,1.4431746754064008],[103.83176767925383,1.4431736371976882],[103.83178588754043,1.4431930141072122]]]},"properties":{"OBJECTID":944261,"BLK_NO":"132B","ST_COD":"CAV02U","ENTITYID":11055570,"POSTAL_COD":"752132","INC_CRC":"41B5E91C86F62179","FMEL_UPD_D":"20241224133512","SHAPE.AREA":1059.441910935,"SHAPE.LEN":335.06724681593}},{"type":"Feature","geometry":{"type":"Polygon","coordinates":[[[103.87123249781733,1.3585003129873525],[103.87122465335464,1.358501478836571],[103.87121722964201,1.3585168459097479],[103.87118851869519,1.3585189661921757],[103.87118427145728,1.3584794365010726],[103.8711353616819,1.358483818915964],[103.87113937984071,1.3585269515976526],[103.87110908922185,1.3585295322253716],[103.87110056072868,1.3585164254095405],[103.87109248801256,1.358516461711066],[103.87108710045283,1.3585320403730605],[103.8710545634293,1.3585352920736329],[103.87105100090403,1.3584959730883357],[103.87102676482618,1.358498765241116],[103.87103145058971,1.358540096419115],[103.87100115998749,1.358543772230497],[103.87099106975927,1.3585288639453237],[103.87098210119743,1.3585304892283863],[103.87097917120781,1.3585456093389852],[103.87093406867598,1.3585513690367685],[103.8709307174975,1.3585238149215104],[103.87094261538824,1.35852243648418],[103.87094082530884,1.3585136406662348],[103.8709282596056,1.3585035029405823],[103.87092582044004,1.3584738986174343],[103.87091213171848,1.3584759833911242],[103.87090634028502,1.358406426119758],[103.87119041418484,1.358372362399038],[103.871196696757,1.3583594678755804],[103.87136027498724,1.358340139028528],[103.87148471895061,1.3584403550748585],[103.87147912097734,1.3584462543312814],[103.87150275989272,1.3586397725139692],[103.87152317020062,1.3586575755024535],[103.87154168584667,1.3588160849244502],[103.87147206637056,1.358906839880161],[103.87127280883118,1.3589321055463819],[103.87126142021117,1.3588621242181131],[103.8712744413071,1.358860498869936],[103.87127400326888,1.3588325205625096],[103.87128097058435,1.3588218869384647],[103.87127917954095,1.3588089925424267],[103.87127044011265,1.3588106178229644],[103.87127044083816,1.3587995248920302],[103.87136266232699,1.3587903025358454],[103.87136668105698,1.3588122043636532],[103.87138037070008,1.358811497838316],[103.87138080958557,1.3588361200502463],[103.87139583180178,1.358835378233494],[103.87139093488268,1.3587949640851136],[103.8714142754861,1.3587599196034106],[103.87145444674306,1.3587575513404824],[103.87144907646994,1.3587293262200144],[103.87141250309622,1.3587332481234213],[103.8714125208911,1.3587219797455792],[103.87138289700175,1.3587242763958844],[103.87137196369466,1.3586377976496542],[103.8713979897103,1.3586345831269206],[103.87139688414183,1.3586133513868028],[103.87136861261716,1.3586170262664548],[103.8713605915773,1.358531431037731],[103.87138953073935,1.3585280030390363],[103.87138909209767,1.3585189594042688],[103.87138258107097,1.3585178290522362],[103.87137857926938,1.3584866719611846],[103.87138082563122,1.358483280559946],[103.87137521041136,1.3584780877898337],[103.87135769587915,1.358498259005747],[103.87130969760167,1.3584676325682525],[103.87130592483284,1.3584299043633312],[103.87127809088035,1.3584315661202961],[103.87128233807724,1.3584683754837752],[103.87127089665519,1.3584695422943478],[103.87127535416225,1.35850928450752],[103.87124034250573,1.3585136305303458],[103.87123249781733,1.3585003129873525]]]},"properties":{"OBJECTID":944403,"BLK_NO":"222","ST_COD":"SEA13U","ENTITYID":9035,"POSTAL_COD":"550222","INC_CRC":"224A6500533C69FD","FMEL_UPD_D":"20130426120338","SHAPE.AREA":1709.61422398,"SHAPE.LEN":355.305341045503}},{"type":"Feature","geometry":{"type":"Polygon","coordinates":[[[103.8400917923253,1.4191194812170844],[103.84010307672543,1.4190915725138986],[103.84010732256355,1.4190932681837054],[103.84011966009868,1.4190615801405866],[103.84009661665391,1.4190520066122383],[103.84014756088868,1.4189251468154809],[103.84014721043732,1.4189245815890807],[103.84014126083842,1.4189104500163694],[103.84014841988783,1.418907412236811],[103.84014959614885,1.4189101687344983],[103.84022804286651,1.4188766799052794],[103.84023832729126,1.418901690962498],[103.84027033768517,1.4188880205013903],[103.84026800313443,1.4188824378700644],[103.84032179260043,1.418859475907714],[103.84032417926976,1.4188651634450402],[103.84035531174243,1.4188518818618976],[103.84034476403,1.4188268337270797],[103.84042250804644,1.4187936632294662],[103.84042228069958,1.4187923907901556],[103.84042963294455,1.41878924719855],[103.84043675880619,1.4188061343637006],[103.84055341197038,1.4188535452779167],[103.84057090837256,1.4188460905512619],[103.84057415499835,1.418853792104029],[103.84057327707805,1.4188541457130794],[103.84060667607942,1.4189333850683559],[103.84058051010213,1.4189446544295607],[103.84059379493985,1.4189761660434135],[103.84059960430996,1.4189736925897904],[103.84062264879572,1.4190283450360852],[103.84061696253195,1.419030747044628],[103.84063054660314,1.4190630002356894],[103.84065662452024,1.4190518737636981],[103.84072189492379,1.4192067485857207],[103.84069720352488,1.4192168160438783],[103.84071048836564,1.4192482932911377],[103.84071519157459,1.4192462792576357],[103.84072674032859,1.4192736579331786],[103.84063653558208,1.4193121985934583],[103.84063070908702,1.4192984215323379],[103.84064634541527,1.419291744563979],[103.84063521810339,1.4192653199906062],[103.84061959884849,1.419271996054472],[103.84058865839964,1.419198586221579],[103.8406083662287,1.4191900724775415],[103.84060346978053,1.4191784496081998],[103.84060869866336,1.4191762248564634],[103.8405985553172,1.419152907674126],[103.84059330846196,1.4191549217091075],[103.84058858724003,1.419143687715653],[103.84056901869207,1.4191520242037599],[103.84053825347259,1.419079038516213],[103.84055278453675,1.419072891509194],[103.84054139393845,1.4190458302639466],[103.84052688084631,1.4190520125410302],[103.84051584159944,1.4190258348580809],[103.84053026662994,1.41901972402609],[103.84051898206654,1.4189929449419214],[103.84050457410947,1.4189990919483453],[103.84047788043038,1.4189357847496433],[103.84047993367552,1.4189257870003302],[103.84049276191486,1.4189203128457217],[103.84048819884674,1.4189094668236548],[103.8404908307958,1.4189036020155597],[103.84044832568699,1.418886043922339],[103.84044555265992,1.4188920850817837],[103.84043547949071,1.4188963591367232],[103.84044113075765,1.4189097834970172],[103.84043637455257,1.4189184030040645],[103.84037249394514,1.4189456751983593],[103.84036617681821,1.4189303073619113],[103.84034025525544,1.4189414003686787],[103.8403466963872,1.4189566614898788],[103.84032063644146,1.4189677897670392],[103.84031372085528,1.4189526688236123],[103.84028734460651,1.4189639381821253],[103.84029380281139,1.4189792698438044],[103.84023136174439,1.4190079555505992],[103.84022020035593,1.419003079253906],[103.84021328566378,1.4189862282620322],[103.84020184304589,1.418991103722041],[103.84019668333941,1.4189882423300664],[103.84018745310166,1.4190114872229658],[103.8402138653612,1.4190226153418728],[103.84020918015376,1.4190346976576118],[103.84022906325802,1.4190431760096294],[103.8401997568909,1.4191161266114172],[103.84018419061445,1.4191098729814886],[103.8401736439534,1.419136615053437],[103.84018892897215,1.4191430459395982],[103.84018343683617,1.4191567524952458],[103.8400917923253,1.4191194812170844]]]},"properties":{"OBJECTID":944158,"BLK_NO":"666","ST_COD":"YIA04Q","ENTITYID":1919,"POSTAL_COD":"760666","INC_CRC":"516AE1A752D625D1","FMEL_UPD_D":"20240806152411","SHAPE.AREA":1211.52997723,"SHAPE.LEN":312.650502010376}},{"type":"Feature","geometry":{"type":"Polygon","coordinates":[[[103.8391290545233,1.377979524937728],[103.83912545753397,1.3779795240421675],[103.83912552667174,1.3779578337705276],[103.8391291245596,1.3779578346660861],[103.839129281709,1.377916077456526],[103.83924677467225,1.3779165130695166],[103.83924661655146,1.3779279234332866],[103.83927092296166,1.3779279957215869],[103.83927095707928,1.3779166206283313],[103.83934311971082,1.377916873668225],[103.83934315474836,1.3779141542449238],[103.83938088584486,1.377914298847116],[103.83938086877883,1.3779170191747356],[103.83940782418333,1.3779171276294313],[103.83940749283758,1.3780070702694514],[103.83934615801313,1.3780068877444633],[103.83934607090714,1.3780290727033657],[103.83947748008264,1.378029579714267],[103.83948416736101,1.3780666025593207],[103.83949009884435,1.37806663871847],[103.83949387290642,1.3780875168610178],[103.83948794142303,1.3780874807018786],[103.83949462780333,1.3781245749916589],[103.83940705642772,1.3781242487424985],[103.83934573957086,1.3781237135154216],[103.83934565336442,1.3781462873509143],[103.83940697022105,1.3781465051461497],[103.8394066388751,1.3782363772455872],[103.83937968346702,1.378236268790894],[103.8393796655024,1.3782389882141444],[103.8393419344008,1.3782388436119557],[103.83934193439399,1.3782361232843872],[103.83927001796188,1.378235834973678],[103.83927005207934,1.3782243893400425],[103.83924564143152,1.378224279973074],[103.839245588444,1.3782357617813252],[103.83912809636362,1.3782352918025018],[103.83912825261312,1.3781929702697684],[103.83912465562346,1.3781929693742079],[103.8391247256598,1.3781712791026048],[103.83912832264942,1.3781712799981654],[103.8391284789002,1.3781294884228419],[103.83928752909965,1.3781301029957718],[103.83928792959617,1.3780224963137229],[103.83912889737525,1.3780218464705398],[103.8391290545233,1.377979524937728]]]},"properties":{"OBJECTID":944697,"BLK_NO":"614","ST_COD":"ANA06H","ENTITYID":5745,"POSTAL_COD":"560614","INC_CRC":"1CE04640A54558C6","FMEL_UPD_D":"20130426120256","SHAPE.AREA":941.143232645,"SHAPE.LEN":222.228592434858}},{"type":"Feature","geometry":{"type":"Polygon","coordinates":[[[103.73763057801948,1.377018481745333],[103.73765073160233,1.376985543851527],[103.73766893621665,1.376996827419082],[103.73767472968633,1.3769873598771412],[103.73764224442381,1.3769672256368721],[103.73766753277944,1.376925899079392],[103.7376575669664,1.3769197218778935],[103.73765898051185,1.3769174121919643],[103.73766280563726,1.3769197835861302],[103.73767771121786,1.3768954242671485],[103.73766735543444,1.3768890046806763],[103.73769553288507,1.3768429547516594],[103.73774451371906,1.3768733134800768],[103.73773228246283,1.3768933039299602],[103.73778907438985,1.376928504027709],[103.73780130654437,1.3769085144819166],[103.73785057671412,1.3769390522838476],[103.73782239926506,1.376985103119164],[103.73781266168292,1.376979067912463],[103.73779775700163,1.3770034272323726],[103.7378015821273,1.377005798626332],[103.73780016858193,1.3770081083123504],[103.73773736984896,1.376969184710031],[103.73773579185422,1.376971762985174],[103.73772823505223,1.3769670789844173],[103.73771855141229,1.3769829040411583],[103.73773751799702,1.37699465971643],[103.73773036310261,1.3770063537452222],[103.73776822438877,1.377029820778781],[103.73770899206981,1.3771266223047578],[103.73767112988426,1.377103155270169],[103.7376644647428,1.377114047148535],[103.73764942122514,1.3771047234631275],[103.73763233915992,1.3771326413621054],[103.7375982549447,1.3771223302470423],[103.73759486418017,1.3771336843869917],[103.73760304198365,1.377136159054566],[103.7376015762171,1.3771410687818513],[103.7376068992924,1.377142678763048],[103.73760534365684,1.3771478851177552],[103.73765955384168,1.3771642861215612],[103.73765333309673,1.377185116062429],[103.73768439545242,1.3771945127437926],[103.73766734457229,1.3772516017759895],[103.73766476300645,1.3772508203021188],[103.73766605622404,1.3772464902644848],[103.73764217426897,1.3772392652484167],[103.7376396597291,1.3772476838616456],[103.73759073397987,1.3772328828889637],[103.73759324851993,1.377224463371434],[103.73753686830945,1.3772074075195087],[103.73753435376925,1.3772158261326044],[103.73748633646665,1.3772012992165712],[103.73748885100699,1.3771928806035365],[103.73746510473582,1.3771856962875781],[103.73746381151793,1.3771900263250816],[103.73746122995219,1.3771892457553603],[103.73747827993797,1.3771321576292577],[103.73750809419093,1.3771411771429796],[103.73751431493702,1.3771203462982031],[103.73752990676694,1.3771250631816925],[103.73753573748044,1.3771055391255453],[103.73752692080028,1.3771028718025997],[103.73753325657857,1.377081657512505],[103.73749666807524,1.3770705884386183],[103.73751274567438,1.377016758692502],[103.73753907350965,1.3770247235775144],[103.7375412986708,1.3770172735254151],[103.73761887323404,1.3770407421667958],[103.73761599112935,1.3770503925075273],[103.73765394185148,1.377061873119759],[103.73766676710396,1.3770409123129415],[103.73763057801948,1.377018481745333]]]},"properties":{"OBJECTID":944490,"BLK_NO":"476B","ST_COD":"CHA45S","ENTITYID":11464,"POSTAL_COD":"682476","INC_CRC":"CFD993580391C4C4","FMEL_UPD_D":"20130426120309","SHAPE.AREA":703.122389575,"SHAPE.LEN":223.96022268108}},{"type":"Feature","geometry":{"type":"Polygon","coordinates":[[[103.83640885473835,1.3760821802079843],[103.83641776499863,1.3760926382644605],[103.83634884544578,1.3761520668403182],[103.83631302469063,1.3761100220878195],[103.83630995516954,1.3761126709745302],[103.83615121129932,1.3759263513349056],[103.83615547951503,1.37592266785428],[103.83608624889314,1.3758414099043283],[103.83608198067748,1.375845093384832],[103.83605261258994,1.3758106235756624],[103.83603287096919,1.3758276609161533],[103.83600389196499,1.3757936478098727],[103.83602499851611,1.3757754338901917],[103.83594305128791,1.3756792512272586],[103.83594168725607,1.3756804287110025],[103.8359233680344,1.3756589265668653],[103.8359264932669,1.3756563436991744],[103.83589027086411,1.3756138277667518],[103.8359584428013,1.3755550440164968],[103.83596735126052,1.3755655002659937],[103.83598378793309,1.3755513152945322],[103.83603898821313,1.375616104790896],[103.83602284627196,1.3756300356360465],[103.83603804384919,1.3756478732990727],[103.8360541857904,1.3756339424538209],[103.83610930340546,1.3756986360859806],[103.83609333758419,1.3757124149982027],[103.8361003230967,1.3757206139562748],[103.83610118123265,1.3757198741853238],[103.8361196190681,1.3757415156000259],[103.83611876183073,1.3757422553709826],[103.83612592076817,1.3757506578107273],[103.8361418865895,1.3757368788982904],[103.83619695838203,1.3758015173621825],[103.83618108511345,1.3758152157864545],[103.8361961874442,1.3758329413073833],[103.83621205981423,1.3758192428830134],[103.83626706062319,1.3758837981438004],[103.8362512628345,1.3758974314542145],[103.8362663786449,1.375915173253221],[103.83628217643361,1.3759015399427086],[103.83633686364404,1.3759657271259687],[103.83632110179806,1.375979329688409],[103.83632813134226,1.3759875792901302],[103.83632885199675,1.375986957086623],[103.83634767532456,1.3760090506811267],[103.8363469537715,1.3760096719802763],[103.8363540992319,1.3760180581407706],[103.83636986017936,1.3760044555781161],[103.83642454469874,1.376068640046198],[103.83640885473835,1.3760821802079843]]]},"properties":{"OBJECTID":945590,"BLK_NO":"176","ST_COD":"ANA06H","ENTITYID":7003,"POSTAL_COD":"560176","INC_CRC":"D68CF21C47F4E609","FMEL_UPD_D":"20130426120315","SHAPE.AREA":955.377764635,"SHAPE.LEN":213.733430409934}},{"type":"Feature","geometry":{"type":"Polygon","coordinates":[[[103.74856327196764,1.377646717090691],[103.74856477623113,1.377645204144855],[103.74856299886645,1.3776448839366413],[103.74855837838734,1.3776708833097893],[103.74858213469076,1.3776751599895756],[103.74858310893696,1.377669675061439],[103.74858755774011,1.377670476486492],[103.74858658259538,1.377675960510235],[103.74861199495719,1.3776805347845027],[103.74861231850741,1.37767871702598],[103.74862287846202,1.377680618375311],[103.74862255581036,1.3776824361338673],[103.74866220236582,1.377689572977848],[103.74866252501745,1.3776877552192843],[103.74867056359426,1.3776892024878993],[103.74867455404784,1.3776667500045452],[103.74867071447281,1.3776660580293887],[103.74867113418959,1.3776636922301733],[103.74865197405417,1.3776602432080134],[103.74865427665377,1.3776472882870243],[103.74865123051305,1.3776467401339674],[103.74865788576291,1.377609292499139],[103.74868393161361,1.3776139807450223],[103.7486851395345,1.37760718811594],[103.74871363038487,1.3776123177781596],[103.7487112459993,1.3776257330171966],[103.74877328213792,1.3776369005019002],[103.74877566652316,1.3776234852627811],[103.7488032489232,1.377628450297396],[103.74880204190121,1.3776352429265895],[103.74882858286277,1.3776400207205513],[103.7488219276154,1.3776774692603735],[103.74881954551533,1.3776770396028128],[103.74881724291657,1.3776899945240133],[103.74879922935165,1.3776867517387632],[103.74879880873642,1.3776891175379766],[103.74879266433793,1.3776880112823637],[103.74878867388539,1.3777104637659794],[103.74879481828395,1.377711570021606],[103.74879064178992,1.3777350715599317],[103.74874096273687,1.3777261283462408],[103.74873859452886,1.377739451340823],[103.74879532463456,1.3777496636279671],[103.7487896283531,1.3777817185795094],[103.74879584643432,1.3777828374988599],[103.74878639966633,1.3778359947282202],[103.74878223840409,1.3778352457668552],[103.74877720989404,1.377863540399834],[103.74873657940479,1.3778562262672376],[103.7487391489333,1.3778417655909216],[103.7487262805601,1.3778394490568449],[103.74873160475958,1.3778094931193057],[103.7487052237413,1.3778047442694996],[103.74870670937635,1.3777963861975866],[103.74866980165008,1.3777897423301404],[103.74867828855444,1.3777419868286556],[103.74865342701317,1.3777375120547086],[103.74865838721934,1.377709599060879],[103.74865332379652,1.3777086872816582],[103.74865432859988,1.3777030359517428],[103.74862373869702,1.3776975290941915],[103.74862344300801,1.3776991913032361],[103.74861631018632,1.3776979077566136],[103.74861226580703,1.3777206650083065],[103.74861597508996,1.3777213334654554],[103.74861556166441,1.377723663090352],[103.74863477212,1.3777271211582656],[103.74863253512883,1.3777397116231795],[103.74863504662252,1.3777401638946392],[103.74862860078073,1.3777764349602428],[103.74860316775089,1.3777718561635361],[103.74860182411798,1.377779420209528],[103.74857213188236,1.3777740752644037],[103.74857469242427,1.3777596643279686],[103.74851231842274,1.3777484353291303],[103.7485097569819,1.377762846265444],[103.74848120143352,1.3777577057460164],[103.74848254596535,1.3777501417001468],[103.74845769790299,1.377745668733372],[103.7484641437472,1.377709398572743],[103.74846665613943,1.3777098499400469],[103.74846889402995,1.3776972603797342],[103.74848751951818,1.3777006135217158],[103.74848793384247,1.377698282992518],[103.74849164312533,1.3776989514498577],[103.74849598319481,1.3776745310850487],[103.7484567499809,1.3776674684109314],[103.74845517357106,1.3776763419664344],[103.74841160836786,1.3776684986708188],[103.74841551973371,1.3776464902275554],[103.74840151287816,1.377643968360512],[103.74840605426874,1.3776184148360024],[103.74838305455934,1.37761427383613],[103.74838547939063,1.3776006279863635],[103.74837549541778,1.3775988306584432],[103.7483826557699,1.3775585433422155],[103.74841038104016,1.377563534612971],[103.74841126720904,1.3775585461771767],[103.74846279910122,1.377567822269581],[103.74846056121069,1.3775804154473603],[103.74852385803544,1.3775918099788136],[103.74852609592567,1.3775792168009557],[103.74857909877231,1.377588758826354],[103.74857821170521,1.3775937472621989],[103.74860535111104,1.3775986326992533],[103.74859819166103,1.3776389200163983],[103.74858742683347,1.377636981580745],[103.74858500200322,1.3776506283351468],[103.74856327196764,1.377646717090691]]]},"properties":{"OBJECTID":945443,"BLK_NO":"818A","ST_COD":"CHA41M","ENTITYID":10720,"POSTAL_COD":"681818","INC_CRC":"34850BBA22F162F9","FMEL_UPD_D":"20160729143834","SHAPE.AREA":727.109407275,"SHAPE.LEN":244.088443590726}},{"type":"Feature","geometry":{"type":"Polygon","coordinates":[[[103.89987865135932,1.3260817076922782],[103.89986378831102,1.3260790384117833],[103.89986727423384,1.3260616012752113],[103.89983915654474,1.3260561152591621],[103.8998356706217,1.3260735514913409],[103.89981857375116,1.3260702157546882],[103.89982127893532,1.3260566836830228],[103.89979259695167,1.3260510873492768],[103.89978954676863,1.3260663404349344],[103.89971659101631,1.3260521059066666],[103.89971964119977,1.3260368519167114],[103.89969129168313,1.3260313206869967],[103.89968824239806,1.3260465746769012],[103.8996606773228,1.3260411962631933],[103.89966372750659,1.3260259422732894],[103.89963762887888,1.3260208505031563],[103.89963457959345,1.3260361035886479],[103.89955463665287,1.3260205054628689],[103.89955768593877,1.3260052523774508],[103.89953068785451,1.3259999842793921],[103.89952763856844,1.3260152373647855],[103.89948648998718,1.326007208623651],[103.89949542581573,1.325962518331533],[103.89947266713024,1.3259580776118556],[103.89946373130128,1.3260027679039121],[103.89944842525843,1.325999782105365],[103.89945147544348,1.3259845281156568],[103.89942241247256,1.325978857629898],[103.89941936228729,1.325994110715216],[103.89934531838453,1.3259796636794035],[103.89934836857024,1.325964410594154],[103.89931886530614,1.325958654204381],[103.89931581601883,1.3259739072895798],[103.89930120815606,1.325971057125974],[103.89932397179598,1.325857202512607],[103.89961624227477,1.325914709493612],[103.900042760075,1.3259981725710548],[103.90002089320927,1.3261114800248148],[103.90000566803546,1.3261085096018006],[103.90000871731866,1.326093256515969],[103.89998090334169,1.3260878292770033],[103.89997785315977,1.3261030823628335],[103.89990299875167,1.3260884771024068],[103.89990604893403,1.3260732240166448],[103.89988131251994,1.326068397190935],[103.89987865135932,1.3260817076922782]]]},"properties":{"OBJECTID":945915,"BLK_NO":"346","ST_COD":"UBA00H","ENTITYID":4406,"POSTAL_COD":"400346","INC_CRC":"ECD2134A782785D9","FMEL_UPD_D":"20130426120246","SHAPE.AREA":979.3364424,"SHAPE.LEN":229.817551253213}},{"type":"Feature","geometry":{"type":"Polygon","coordinates":[[[103.69847250857389,1.343986158178203],[103.6985019267177,1.343948959787619],[103.69851547817754,1.3439598400147912],[103.69852736692921,1.3439447902833153],[103.69853219107763,1.343948641324486],[103.69855178190492,1.343923877364381],[103.69852677432841,1.343903847975551],[103.69851452707545,1.3439184735413754],[103.69811635300974,1.3435993373305082],[103.69812851224515,1.3435839701850314],[103.69810261963481,1.3435632335321464],[103.69808244919581,1.3435887390330423],[103.69808762466154,1.3435929084299438],[103.698076113331,1.3436074625898866],[103.69809071782723,1.3436196144106463],[103.69803410202704,1.3436912195395483],[103.69804918325046,1.3438251057402042],[103.69802555910789,1.3438277894740969],[103.6980243321069,1.343819982953381],[103.69798515561904,1.3438244691176364],[103.69798593513401,1.3438323461536401],[103.69795370544446,1.3438360205876654],[103.69794641451384,1.3437712678658709],[103.69793390559535,1.3437728923066068],[103.69793086546184,1.343745904167924],[103.69792908360729,1.3437461509593474],[103.69791914681458,1.34365797782869],[103.6980928456979,1.3434383216106565],[103.69829383082461,1.343599407800823],[103.6983106152598,1.3435781779329952],[103.6983324115259,1.3435956288090787],[103.69831562798927,1.343616859581473],[103.69845406635719,1.3437278189240252],[103.69847084180655,1.3437065881501993],[103.69849263807498,1.343724039025057],[103.69847584555306,1.3437452697980892],[103.69867753337275,1.3439069212264565],[103.69864829944993,1.3439438727389075],[103.69864759770685,1.3439433074737375],[103.69861881219282,1.3439797281501404],[103.69860865533663,1.3439715684327134],[103.69854760832001,1.3440510159550678],[103.69847023686148,1.343989019453224],[103.69847250857389,1.343986158178203]]]},"properties":{"OBJECTID":945923,"BLK_NO":"722","ST_COD":"JUA02D","ENTITYID":4351,"POSTAL_COD":"640722","INC_CRC":"B7DBFFDE8D708AF1","FMEL_UPD_D":"20130426120243","SHAPE.AREA":1504.5155136,"SHAPE.LEN":309.871198681432}},{"type":"Feature","geometry":{"type":"Polygon","coordinates":[[[103.86652488746101,1.3540302314360193],[103.8672702239169,1.3542087371279756],[103.86724930117666,1.354297281917179],[103.86723257883675,1.3542932884800785],[103.8672277915676,1.3543136050902145],[103.86714861879028,1.3542946308324284],[103.86715345907243,1.3542741026004532],[103.86713914040054,1.3542706752609626],[103.86714755765766,1.3542349889296585],[103.86712441325685,1.3542294418841576],[103.86711594298701,1.3542653398373674],[103.86710104563777,1.3542617705205768],[103.86709627453929,1.3542819107792279],[103.86701731292753,1.354263007054521],[103.8670220651563,1.35424283243043],[103.86699453305091,1.354236224625775],[103.86698972870812,1.3542566117761443],[103.86691062512428,1.3542376736840367],[103.86691541329549,1.3542174276148546],[103.86683737990703,1.3541987354924447],[103.86683268068822,1.3542186279538317],[103.86675299842881,1.3541995126091346],[103.86675769854631,1.3541795848776665],[103.86673078106274,1.3541731534124584],[103.86672595784849,1.354193576737196],[103.86664673206329,1.3541746024634338],[103.86665155437913,1.3541541447730068],[103.86663662198717,1.3541505763581556],[103.86664507519147,1.3541147127725075],[103.86662233424967,1.354109270622794],[103.86661430244669,1.3541432974387542],[103.86659938712708,1.3541396928488625],[103.8665941784493,1.3541617051466819],[103.86651486460627,1.3541426965039007],[103.86652019548227,1.3541201533427327],[103.86650454423676,1.3541164076815613],[103.86652208140598,1.354042103064235],[103.86652488746101,1.3540302314360193]]]},"properties":{"OBJECTID":947579,"BLK_NO":"306","ST_COD":"SEA11N","ENTITYID":4269,"POSTAL_COD":"550306","INC_CRC":"81EE7C6E693E7C4B","FMEL_UPD_D":"20130426120246","SHAPE.AREA":961.039856915,"SHAPE.LEN":234.535098732976}},{"type":"Feature","geometry":{"type":"Polygon","coordinates":[[[103.7702451485246,1.3100940700321753],[103.77024510915206,1.3100875305738022],[103.77025339286773,1.3100874810436491],[103.7702533624441,1.3100824030380145],[103.77029303154909,1.310082165290545],[103.77029306376258,1.3100875363102227],[103.77030126930458,1.310087486777931],[103.77030131851654,1.3100958168776349],[103.77031108483676,1.3100957583411814],[103.77031104278092,1.3100887178649776],[103.77033266364727,1.3100885881836934],[103.77033277370239,1.3101072560718836],[103.77033030898473,1.3101072704793444],[103.77033046378351,1.3101332926581737],[103.77031106322934,1.3101334097345234],[103.77031118850117,1.3101544163088525],[103.77030741909145,1.3101544388225412],[103.77030739493242,1.3101503664700305],[103.77029752977171,1.3101504250039568],[103.77029754229852,1.3101525403120886],[103.77027805188942,1.310152657385899],[103.77027832926885,1.3101994736133553],[103.77029721854954,1.3101993601417978],[103.77029724539197,1.310203921755395],[103.77031030489184,1.3102038434063308],[103.77031038989517,1.310218199285458],[103.77032969879805,1.3102180831111905],[103.77032985896304,1.3102451073256425],[103.77033380538688,1.3102450839120419],[103.77033391007731,1.3102626855547066],[103.77031084793808,1.3102628242430854],[103.77031080767168,1.3102560912507568],[103.77030183297185,1.3102561443810363],[103.7703018803972,1.3102640548557052],[103.77029418343294,1.3102641007833922],[103.77029421564444,1.3102695504827453],[103.77025346827858,1.3102697954376827],[103.77025343248727,1.3102637741800824],[103.77024444970047,1.3102638282143129],[103.77024440854025,1.3102569134447697],[103.77022005878148,1.310257059334593],[103.77022011515173,1.3102665804820766],[103.77021333560523,1.3102666210065856],[103.77021325149762,1.3102524007821368],[103.77019554919875,1.3102525079525917],[103.77019563062191,1.3102662768992441],[103.77019033008584,1.3102663084175576],[103.77019027281898,1.3102567140165573],[103.77016365422593,1.3102568734137463],[103.77016368464926,1.3102619559411868],[103.77015475847104,1.3102620090721664],[103.77015478979035,1.3102671928884166],[103.77010116083703,1.3102675152892458],[103.77010080561419,1.3102076590329355],[103.7701158059782,1.3102075689774526],[103.77011578629354,1.3102042418211508],[103.77013441858944,1.3102041301530332],[103.77013429779406,1.3101838335047669],[103.77009459544126,1.3101840721531481],[103.77009488803068,1.3102333563906674],[103.77005441292567,1.3102335995405618],[103.7700542626044,1.3102082990446002],[103.77004579917872,1.3102083494738672],[103.77004583586347,1.3102145552217634],[103.77003871307168,1.3102145984501703],[103.77003881060253,1.3102309710616566],[103.77004366815423,1.3102309422454936],[103.77004368962925,1.310234534380539],[103.77003444626361,1.3102345902161205],[103.77003454289628,1.3102509456446612],[103.77004580529986,1.3102508781036744],[103.77004598335745,1.310280902998773],[103.7698939597769,1.3102818161547398],[103.76989376830066,1.3102494950787469],[103.76990668762716,1.310249417632605],[103.76990660352008,1.310235244435165],[103.76989604288275,1.31023530837595],[103.76989601693425,1.3102309592879884],[103.76990243436568,1.3102309214682057],[103.76990235025993,1.310216696722007],[103.76989463622343,1.3102167435523946],[103.76989460222333,1.3102109899866687],[103.76998121508336,1.3102104685652798],[103.76998112113482,1.3101945843105516],[103.76997695636383,1.310194609526769],[103.76997692236303,1.3101888767614098],[103.76992585517247,1.3101891838495412],[103.76992582385668,1.3101838779441446],[103.76993082158182,1.310183848227403],[103.76993071600062,1.3101660485290716],[103.76992585844904,1.31016607734502],[103.76992583697431,1.3101624806881595],[103.76997767332159,1.3101621690977536],[103.76997763663464,1.310156057403736],[103.76998263525829,1.3101560276869106],[103.76998254667753,1.3101410776405031],[103.76989532101004,1.3101416017595342],[103.7698953013269,1.310138225767578],[103.76990101699195,1.310138191547364],[103.76990088993571,1.3101168168969142],[103.76990598200827,1.3101167862782555],[103.76990589342832,1.3101018226664],[103.7698932023338,1.3101018992140268],[103.76989302517586,1.3100718996411835],[103.7699180443511,1.310071749249701],[103.76991807029795,1.310076166164982],[103.76993792192269,1.3100760472944304],[103.76993788881694,1.3100704565142682],[103.76996702603846,1.31007028090494],[103.76996700993188,1.3100676030822114],[103.76997340579776,1.310067564357312],[103.7699734227975,1.3100704565143733],[103.77000392850789,1.310070273704523],[103.77000396340335,1.3100761647336434],[103.77002167288931,1.310076057564673],[103.77002165320788,1.3100726065104813],[103.77004865637754,1.3100724444113983],[103.77004868948488,1.310077981834085],[103.77004882280558,1.3101004191126595],[103.77003373977578,1.310100510070033],[103.77003382835821,1.3101154049502437],[103.7700458087012,1.3101153329056587],[103.77004583017536,1.310118959406546],[103.77003800202354,1.3101190062344918],[103.77003810760563,1.310136801411042],[103.77004366602476,1.3101367680908662],[103.77004380203039,1.310159629516295],[103.77006637715546,1.3101594935310612],[103.77006641652687,1.310166059215972],[103.7700820090339,1.3101659655582705],[103.77008202245618,1.3101681957206675],[103.77013241753238,1.310167893134071],[103.77013230121423,1.3101482150710095],[103.7701174895457,1.310148304227036],[103.77011746002103,1.3101432207952535],[103.77010258904835,1.3101433099496875],[103.77010224188042,1.3100847252295535],[103.77015653485697,1.3100843992279023],[103.7701565661727,1.310089726838064],[103.77016433502027,1.3100896800082364],[103.77016436454613,1.3100947200305453],[103.77019271553837,1.310094549824827],[103.77019269316973,1.310090752399078],[103.77019640686937,1.3100907298841458],[103.77019675940926,1.310150173750475],[103.77021454526779,1.3101502501680231],[103.77021418914619,1.3100902908140033],[103.77021689467476,1.3100902746040324],[103.7702169179378,1.3100942393371786],[103.77021952193041,1.3100942240289954],[103.7702451485246,1.3100940700321753]]]},"properties":{"OBJECTID":947787,"BLK_NO":"418","ST_COD":"CLA04L","ENTITYID":4561,"POSTAL_COD":"120418","INC_CRC":"EB2D74FA0AEA716F","FMEL_UPD_D":"20130426120244","SHAPE.AREA":781.320261845,"SHAPE.LEN":292.879943967447}},{"type":"Feature","geometry":{"type":"Polygon","coordinates":[[[103.89512393667823,1.4030780621871057],[103.89504544940505,1.403089617515486],[103.89504131338346,1.4030611672537645],[103.89501961450013,1.4030643620414707],[103.89502375052146,1.4030928123032418],[103.89494439342276,1.4031044969753146],[103.89494349917234,1.4030983446140781],[103.89491654719609,1.4031023127708395],[103.89491064065017,1.4030616789705472],[103.89492124747562,1.4030601168538284],[103.89491912464221,1.403045515056872],[103.89493273272113,1.4030435115312136],[103.89493178814114,1.4030370146088043],[103.89494931492256,1.4030344339953118],[103.89494698447908,1.403018402405182],[103.89495871183219,1.4030166756644495],[103.89495678402595,1.4030034105116254],[103.89494610621306,1.4030049825783746],[103.89494376408595,1.402988870500193],[103.8949250871239,1.4029916202600738],[103.89492398885861,1.4029840625233332],[103.89491061710629,1.4029860316768545],[103.89490855359014,1.402971837746245],[103.89489781467397,1.402973418858021],[103.89489188835647,1.402932650307968],[103.89491890323136,1.4029286722019065],[103.89491804672826,1.4029227775832454],[103.89510241533868,1.4028956318397419],[103.89510395219175,1.4029062065213826],[103.89513148734304,1.4029021524325245],[103.89513749724775,1.4029434943460366],[103.89511057402821,1.402947457982377],[103.89511200662687,1.4029573109846978],[103.89509951907648,1.4029591489830913],[103.89510043579592,1.4029654587029121],[103.89507895796397,1.402968620928174],[103.89508128391466,1.4029846253873544],[103.89522771452849,1.4029630659899652],[103.89522047873419,1.402913288206637],[103.89524828076321,1.402909195221668],[103.89524655157818,1.4028973010789223],[103.8952196714912,1.402901259289166],[103.89521769874656,1.402887691176029],[103.89520503777094,1.4028895554061274],[103.89520266598352,1.4028732335167207],[103.89518093026045,1.4028764337330115],[103.89517996860368,1.402869818339556],[103.89516783689103,1.4028716038757474],[103.89516649955908,1.402862404725742],[103.89513938494322,1.4028663964027337],[103.89513336425374,1.4028249785229439],[103.89516015178643,1.4028210338816405],[103.89515877850486,1.4028115914587973],[103.89537065619356,1.40278039522323],[103.89537217147785,1.402790821589615],[103.89540021072985,1.4027866924220327],[103.89540609211842,1.402827154392438],[103.89537799625549,1.402831291700893],[103.89537934347439,1.4028405577733776],[103.89536725489388,1.4028423378832648],[103.89536822104486,1.4028489831204964],[103.89534666054517,1.4028521571071013],[103.89534892538272,1.4028677365167384],[103.89533606312567,1.4028696296925407],[103.89533802957989,1.4028831589180872],[103.89533405696295,1.4028837441471995],[103.89534009563104,1.402925285923604],[103.8953286081993,1.4029269773896555],[103.89533165045131,1.4029479042799549],[103.89534042058074,1.4029466126150163],[103.89534238703507,1.4029601427449099],[103.89535396342627,1.402958438615322],[103.89535639722826,1.4029751864580664],[103.89537455211524,1.4029725135795765],[103.89537557668463,1.4029795567351757],[103.89538873457467,1.402977620141793],[103.89539080438504,1.4029918620029436],[103.89540177423561,1.4029902465169244],[103.89540755226915,1.4030299967559166],[103.89538039002724,1.40303399567196],[103.89538135797586,1.4030406544745755],[103.89519664969554,1.4030678499895566],[103.89519511463936,1.403057286160329],[103.89516888691871,1.4030611475858132],[103.89516290307661,1.4030199838313795],[103.89518898342988,1.4030161441146258],[103.895187500501,1.4030059393163095],[103.89519923863678,1.4030042116697239],[103.89519826978986,1.4029975438233964],[103.89522006482022,1.4029943354660475],[103.89521789165524,1.4029793836821],[103.8950972107165,1.4029971513032409],[103.8950994692614,1.4030126882082514],[103.89511755855277,1.4030100243771206],[103.89511842763876,1.4030160040055155],[103.89513133662294,1.4030141035947257],[103.89513352147101,1.4030291331537235],[103.89514422534265,1.4030275574679678],[103.89515008246147,1.4030678503237768],[103.89512303074379,1.4030718338597332],[103.89512393667823,1.4030780621871057]]]},"properties":{"OBJECTID":947789,"BLK_NO":"217A","ST_COD":"SUW06A","ENTITYID":10527,"POSTAL_COD":"821217","INC_CRC":"7535073C4523F899","FMEL_UPD_D":"20160930094741","SHAPE.AREA":1043.713735765,"SHAPE.LEN":302.846076697875}},{"type":"Feature","geometry":{"type":"Polygon","coordinates":[[[103.93693694115682,1.3463792825001861],[103.93694392637829,1.346396167562608],[103.93693037812575,1.346401820410564],[103.93692609605084,1.346391505429547],[103.93688197572607,1.3464099834512573],[103.93688583723142,1.3464192738070853],[103.93687067429569,1.3464256339355896],[103.93686038922756,1.3464008349335097],[103.93682918547756,1.346413907024806],[103.93683926025999,1.3464381760793143],[103.93682483412994,1.3464442169359387],[103.9368219907963,1.3464373637947387],[103.93677794145607,1.3464558418116406],[103.93678088993012,1.34646290747371],[103.93676667495845,1.3464688777806806],[103.93675649503015,1.3464442560287566],[103.93671648105187,1.3464610372873613],[103.93670159758211,1.3464250759284269],[103.93667457116304,1.346436381618677],[103.93668952472613,1.346472484055435],[103.93667225649995,1.3464797269308477],[103.93668208505484,1.3465035013100477],[103.93666758883778,1.3465095783433016],[103.93666400861218,1.3465009942825725],[103.93662037978818,1.3465192950236997],[103.93662434643328,1.3465287979008183],[103.93661181623159,1.34653406182761],[103.93660500625191,1.3465176705388222],[103.93657892689754,1.3465285882160165],[103.93658535135904,1.3465441312288389],[103.93655692051506,1.3465560727449475],[103.9365510586089,1.3465418717827426],[103.93652522545503,1.3465526827340732],[103.93653122754839,1.3465671667559918],[103.93651954018102,1.3465720779448653],[103.9365160291494,1.3465635996914112],[103.93647166351546,1.3465821835270213],[103.9364752446406,1.3465908028581903],[103.93646102876876,1.3465967731635147],[103.93645049837161,1.346571373672883],[103.93639391792465,1.3465951156091747],[103.93640441417458,1.3466204798313812],[103.93638977778211,1.346626592139195],[103.93638563499763,1.3466165593124229],[103.93634221732795,1.3466347904039098],[103.9363461138815,1.346644221839848],[103.936332424555,1.3466499452309741],[103.93632505291724,1.3466321413501832],[103.93629957109391,1.3466428464738422],[103.93630680254134,1.3466602976591135],[103.93629037265453,1.3466671877947778],[103.93626552934786,1.346605069060898],[103.93627033835824,1.3466030548401633],[103.93626637171286,1.3465935166922174],[103.9362619841199,1.346595354544253],[103.93624759131988,1.3465605932509623],[103.93627535544583,1.346548934832313],[103.93628332378925,1.3465682227476292],[103.93630087326234,1.3465608740524317],[103.93628195305438,1.346515126750135],[103.93628433958901,1.346514137275601],[103.93628626989066,1.3465187648190107],[103.93631347242759,1.3465073885850911],[103.93631122580155,1.3465020194774973],[103.9363200351309,1.3464983094060232],[103.93632152868976,1.3465019231770519],[103.93644969976673,1.3464481913284327],[103.93644917315551,1.346446884546326],[103.93645826372934,1.346443068651939],[103.93646524894639,1.3464599193501805],[103.93649410120717,1.3464478014664634],[103.93649785667512,1.3464569507469049],[103.93656408928265,1.3464291812688505],[103.9365612621263,1.3464223869101901],[103.93658644113701,1.3464118183557412],[103.93657861298362,1.3463929193116528],[103.93658765952695,1.346389088948878],[103.93658849706904,1.346391083937932],[103.9368464080507,1.346282973521234],[103.93684602163106,1.3462820547049545],[103.93685567379327,1.3462779918940817],[103.93685686720337,1.3462808885177169],[103.9368842449494,1.3462694064598217],[103.93688291135044,1.3462661915064242],[103.93688371824257,1.3462658378660164],[103.93690246322049,1.3463111257540838],[103.93692064526556,1.3463035301365358],[103.93691190408052,1.3462824407655813],[103.93694107172678,1.3462702161485438],[103.93695700755153,1.3463094630115406],[103.93695269813341,1.3463112773479713],[103.93695655964333,1.3463206744185159],[103.93696083581604,1.3463188908318404],[103.93698534389881,1.3463792451597716],[103.93696954928616,1.3463858513026112],[103.93696238793183,1.3463686126418832],[103.93693694115682,1.3463792825001861]]]},"properties":{"OBJECTID":947478,"BLK_NO":"810","ST_COD":"TAA09N","ENTITYID":8678,"POSTAL_COD":"520810","INC_CRC":"BCAEBA5392000A9A","FMEL_UPD_D":"20130426120332","SHAPE.AREA":1097.55423635,"SHAPE.LEN":272.445604597994}},{"type":"Feature","geometry":{"type":"Polygon","coordinates":[[[103.85228988927277,1.3092121851295466],[103.85228669225671,1.3092146558781919],[103.85228343049428,1.309210348414],[103.85228592484972,1.3092084239069743],[103.85228427599756,1.3092062706271972],[103.85228638487779,1.3092046111019562],[103.85228066735907,1.3091971076316369],[103.85227852433387,1.309198749069839],[103.85227140326923,1.3091894278371483],[103.85227354719296,1.309187785494581],[103.85226753135355,1.30917991214134],[103.85226537035739,1.3091815535796676],[103.8522516916235,1.309163634601656],[103.85225385172097,1.3091619750760535],[103.85224864368445,1.309155160727678],[103.85226076413112,1.3091458031742191],[103.85225557316703,1.3091389879213626],[103.852253430142,1.3091406483512018],[103.85224301227197,1.3091270187500827],[103.8522451732681,1.3091253764074098],[103.85224106955812,1.3091199918512038],[103.85228526798913,1.3090858463222896],[103.85229677311327,1.3091009057155325],[103.85232458211948,1.3090794015202056],[103.85234373306588,1.3091044884505942],[103.85232797531789,1.309116671267465],[103.85233285088837,1.3091230433838776],[103.85232079962991,1.3091323484840047],[103.85232960369197,1.3091438763535632],[103.85234100440542,1.3091350849374992],[103.85236727641717,1.3091694759172485],[103.85236797907774,1.309168927866881],[103.85238604277097,1.3091925669173536],[103.85237267513843,1.3092017653127608],[103.85238196981324,1.3092139479384044],[103.85239231653601,1.309205984928219],[103.85239559716798,1.309210274304828],[103.85239809062466,1.3092083326147692],[103.85246320906136,1.3092936218447604],[103.85246071380743,1.309295546351968],[103.8524640115122,1.309299853815643],[103.85245366389087,1.3093078340090587],[103.85246241493927,1.30931929224244],[103.85247525781456,1.3093093875417685],[103.85248891857972,1.309327288431341],[103.85249875672723,1.3093197143014434],[103.85250668379906,1.3093301126255927],[103.85251023124673,1.3093273597121895],[103.85251268790225,1.3093305900839312],[103.85257919625651,1.3092792126133161],[103.85257674139805,1.309275982241625],[103.85258028884569,1.3092732447023225],[103.85256938125958,1.3092589621550972],[103.85256405829126,1.3092630942384336],[103.85255935793842,1.3092569319337475],[103.85253581790982,1.3092751179847362],[103.8525073543138,1.3092378665182107],[103.85253019168158,1.3092202104306074],[103.8525268068167,1.309215779974092],[103.85252855529045,1.3092024857997482],[103.85247941409855,1.3091381704744864],[103.85250009136837,1.3091221739129513],[103.85250580888727,1.3091296421125418],[103.85250600296203,1.3091281064998117],[103.85250868872515,1.309128441998443],[103.85250833471768,1.3091311424341194],[103.85252456689551,1.3091185897273108],[103.85252430451675,1.3091182370271042],[103.85252543482339,1.3091094266976273],[103.85252827873126,1.3091097974652426],[103.85252741258087,1.3091163830555583],[103.85254515610796,1.3091026998811168],[103.85254182069359,1.3091022413939355],[103.85254229689698,1.3090986745759428],[103.85254919595684,1.309099574365611],[103.85256736000157,1.3090855384855429],[103.85259308838879,1.3091192240626286],[103.85256882862876,1.309137955451395],[103.85258361258994,1.3091573060283959],[103.85259643659428,1.3091473832399585],[103.85261067692852,1.309166007616154],[103.85258142755939,1.3091886070113985],[103.85260498143904,1.3092193968293924],[103.85262635957255,1.3092029064782824],[103.85264167098762,1.3092229443679928],[103.85265024308725,1.3092163415349856],[103.85266557157516,1.3092363975117043],[103.85265415289157,1.309245207016669],[103.85266290483935,1.3092566824322638],[103.85267325066269,1.3092487022380028],[103.8526781792492,1.3092551467024796],[103.85269279494828,1.3092438465522267],[103.85271961059331,1.309278979102959],[103.85269886413569,1.30929501003269],[103.8526963905789,1.30931411294713],[103.85269905837141,1.3093144656286209],[103.85269858216833,1.3093180505339284],[103.85267730632107,1.3093152616385293],[103.85267557491977,1.3093284671850836],[103.8526782427123,1.3093288198665964],[103.85267778448028,1.309332421050325],[103.85265368179708,1.3093292442042248],[103.8526386866732,1.309309594284615],[103.85262299991017,1.3093217065623337],[103.85263422378907,1.3093364123495297],[103.85263215634951,1.309352107614633],[103.85263477292467,1.3093524431136598],[103.85263433086621,1.3093560099313974],[103.85261530139195,1.309353555633002],[103.85261367691243,1.309366091044456],[103.8526162746182,1.309366443726577],[103.85261581548755,1.309370045814666],[103.85260756500868,1.3093689335099508],[103.85259574198015,1.3093780794414411],[103.8525938307488,1.30937557165295],[103.85258954469877,1.3093788907044726],[103.85258161762646,1.3093684923805982],[103.85257021691297,1.309377302789408],[103.85258005521662,1.3093902089018212],[103.85254226878747,1.3094194102247416],[103.85253295614017,1.3094072285042415],[103.85252155452791,1.309416057000132],[103.8525294816,1.3094264372369013],[103.85252306959687,1.3094313814480285],[103.85253429347571,1.3094460872356637],[103.85249935362954,1.3094730818861693],[103.85249498574257,1.3094673446302192],[103.85248997995909,1.3094711936448127],[103.85248122891002,1.3094597363159164],[103.85248623469336,1.3094558692140466],[103.85248346354288,1.3094522508722515],[103.85246441789363,1.309449726032393],[103.85246406388606,1.3094524273724226],[103.85246050113824,1.3094519327122984],[103.85246337992028,1.3094299349236203],[103.85245024942076,1.3094282049747767],[103.85244991428256,1.309430889131731],[103.85244633266552,1.3094304297419534],[103.85244942349289,1.3094068248956152],[103.85246470681153,1.3093950309584446],[103.85245211532933,1.3093785417738188],[103.85243781591537,1.3093895769413977],[103.85242399982316,1.3093877755528596],[103.85241877381449,1.3093809259347806],[103.85241557679849,1.309383415675248],[103.85241229706452,1.3093790901240807],[103.85241545993594,1.309376635654102],[103.85228988927277,1.3092121851295466]]]},"properties":{"OBJECTID":947679,"BLK_NO":"671B","ST_COD":"KLL00G","ENTITYID":7570,"POSTAL_COD":"212671","INC_CRC":"03F84CA61942C7BA","FMEL_UPD_D":"20130426120324","SHAPE.AREA":844.342012215,"SHAPE.LEN":276.705861602208}},{"type":"Feature","geometry":{"type":"Polygon","coordinates":[[[103.82823553627257,1.4515030647566916],[103.82820777753172,1.4515190583646431],[103.82821429596267,1.4515305175712616],[103.82816329485775,1.4515599002293764],[103.82813728223972,1.4515141701172587],[103.82816006901135,1.4515010415227716],[103.82814769531564,1.451479287931104],[103.82818122847831,1.4514599680876403],[103.82817239525906,1.451444438334832],[103.82813886119794,1.451463758178165],[103.82813043324668,1.4514489410646831],[103.82810355693378,1.4514644255166644],[103.82809245565362,1.4514449084189474],[103.8281124998889,1.4514333597418272],[103.82810510892006,1.4514203667321324],[103.82809687412356,1.4514251110046539],[103.82808090244242,1.4513970331892387],[103.82817673573756,1.4513418202017392],[103.82819270741949,1.4513698980164897],[103.82818510973273,1.4513742751191545],[103.82819250070187,1.4513872681285929],[103.82821306073417,1.4513754228204698],[103.82822416291364,1.4513949408219713],[103.82819408038714,1.4514122719783242],[103.82820427857692,1.4514302010109228],[103.8282185834353,1.4514219604819691],[103.8282149728681,1.4514156136496745],[103.82822940622655,1.4514072980587602],[103.82823301679377,1.4514136448910322],[103.82827779327297,1.4513878471147887],[103.82826759508278,1.451369917178152],[103.8282358672152,1.4513881970088276],[103.82822476503567,1.451368679911746],[103.82824615088359,1.4513563580055513],[103.82823875991423,1.451343364996285],[103.82822964808194,1.4513486148065888],[103.82821367729832,1.4513205369920963],[103.8283109142045,1.4512645145965466],[103.82832688498894,1.4512925933147287],[103.82831951914221,1.4512968374769126],[103.82832690921327,1.451309830485918],[103.82834707385896,1.4512982130753145],[103.82835817514061,1.4513177310761682],[103.82832795872432,1.4513351400093093],[103.82833815781342,1.4513530690413174],[103.82838191976774,1.4513278554796392],[103.82839141169667,1.451327855500528],[103.8283914117097,1.451321854143359],[103.82841628050953,1.4513218541978976],[103.82841628049657,1.451327855555067],[103.8284530863204,1.4513278556352798],[103.82845308636222,1.4513083503201143],[103.82842970924122,1.451308350269238],[103.8284297092466,1.4513058487993866],[103.82839141174445,1.4513058487155135],[103.82839141179872,1.451280841251909],[103.8283650504221,1.4512808411937983],[103.82836505053777,1.4512278255879874],[103.82842324397626,1.4512278257158517],[103.82842324394498,1.4512423299000528],[103.82848292906249,1.4512423300296309],[103.82848292909338,1.4512278258454288],[103.82854211728383,1.4512278259723619],[103.82854211717228,1.4512808415781866],[103.82851625362092,1.4512808415229101],[103.82851625356801,1.4513058489865192],[103.82851973475066,1.4513058489939767],[103.82851973470413,1.451327855778996],[103.82850929025747,1.4513278557566047],[103.82850929022673,1.451342359940794],[103.82854311179481,1.4513423600131266],[103.82854311174852,1.4513643667981395],[103.82851973462692,1.4513643667481975],[103.8285197345952,1.4513793719498433],[103.82853067686742,1.4513793719732504],[103.82853067679989,1.4514113810201983],[103.82842025932429,1.4514113807815503],[103.82842025939337,1.4513793717346077],[103.82842970908824,1.4513793717552432],[103.82842970912057,1.4513643665535996],[103.82840633289759,1.45136436650248],[103.82840633294306,1.4513433608480302],[103.82838167621297,1.4513433607938477],[103.8283854044969,1.4513499138210508],[103.82837868384686,1.451353785387023],[103.82838617186566,1.451366950225138],[103.82836600811817,1.4513785676360857],[103.82837265235325,1.4513902475072682],[103.82838001820019,1.4513860033449146],[103.82839693251448,1.4514157379544925],[103.82834836483087,1.4514437188585445],[103.82833970593859,1.4514284974947782],[103.82827413219557,1.4514662771394848],[103.82827172754688,1.4514620501383857],[103.8282377702444,1.4514816141604248],[103.82821480836635,1.4514412469325115],[103.82820393617068,1.451447510530344],[103.82823553627257,1.4515030647566916]]]},"properties":{"OBJECTID":947105,"BLK_NO":"593B","ST_COD":"MOL06T","ENTITYID":1242,"POSTAL_COD":"752593","INC_CRC":"2C138BB13C536C98","FMEL_UPD_D":"20140325183042","SHAPE.AREA":757.336364815,"SHAPE.LEN":303.410804468404}},{"type":"Feature","geometry":{"type":"Polygon","coordinates":[[[103.89008945401831,1.374776608007688],[103.89011353155745,1.3747516379470406],[103.89009468177103,1.3747327227247041],[103.89009468438776,1.3747293783872951],[103.89010768281322,1.3747161083462376],[103.89011119532732,1.3747159879818087],[103.89012999029293,1.3747345685907217],[103.89015279548484,1.3747109180269446],[103.89047897597875,1.374704690884345],[103.8906915384486,1.3747019907517448],[103.89096405091307,1.374698716682625],[103.89096382039357,1.3746784824527787],[103.8909662653465,1.3746759510791495],[103.89098478760037,1.3746757480517378],[103.890987208412,1.374678225949708],[103.89098758899254,1.374698433949348],[103.89116250940593,1.3746963324733372],[103.89116475061849,1.3748156297589005],[103.89114828609432,1.3748158897125426],[103.89114797014837,1.3747931386404637],[103.89110525206164,1.3747937419872176],[103.89110560305235,1.3748165283286533],[103.89103227602763,1.3748175936447202],[103.8910319952051,1.374798092855181],[103.89100275658886,1.3747985186169744],[103.89100303651259,1.374818019406549],[103.8909880842835,1.3748182322954066],[103.8909878025831,1.3747995797991026],[103.8909623199959,1.3747999692945791],[103.89096256485469,1.3748186226961532],[103.89094641932314,1.374818871788283],[103.89094613760865,1.3747996178900406],[103.89091766996692,1.3748000445364308],[103.89091795168117,1.3748192975303222],[103.89084406304868,1.3748203619498454],[103.89084374712249,1.3747983171857256],[103.89080137947838,1.3747989214228853],[103.89080169630358,1.3748210014571935],[103.8907736500908,1.3748213910127447],[103.89077329822156,1.3747993118836341],[103.8907310716531,1.374799915211761],[103.89073138847847,1.3748220296119296],[103.89065704337197,1.3748231302112304],[103.89065676255923,1.3748039124873863],[103.89062797951854,1.3748043382335609],[103.89062826033108,1.374823556861782],[103.89054352594084,1.374824798789131],[103.89054324513658,1.3748058994012915],[103.89051502280458,1.3748063251325786],[103.89051530450635,1.374825189250221],[103.89044127569665,1.3748262898351462],[103.89044099484364,1.3748053058887084],[103.89039880242132,1.3748059444802965],[103.89039908417251,1.3748269284267332],[103.89037114309232,1.3748273197837313],[103.89037082717716,1.3748055571808715],[103.89032888096258,1.374806160495111],[103.89032919777677,1.3748279583681586],[103.89024446338577,1.3748292002848406],[103.89024411146869,1.3748048955161356],[103.89020634271333,1.3748054625534574],[103.890206061019,1.3747868100568026],[103.89018233334048,1.3747871298658256],[103.89016404517125,1.3748066672751333],[103.89016439620649,1.3748317136222223],[103.89018415848818,1.3748313948127386],[103.89018468502428,1.374868241294486],[103.89020925646169,1.374867886194992],[103.89021045082124,1.3749504826166346],[103.8901880907674,1.3749508014886314],[103.89018868752348,1.3749931944318416],[103.89021108262118,1.3749928402887943],[103.890211355329,1.3750114538979854],[103.89008953324846,1.3750115029380674],[103.89008950039026,1.3749138298394987],[103.89008945401831,1.374776608007688]]]},"properties":{"OBJECTID":946677,"BLK_NO":"527","ST_COD":"HOA09N","ENTITYID":5093,"POSTAL_COD":"530527","INC_CRC":"E3C8E10E258C80DE","FMEL_UPD_D":"20240605153541","SHAPE.AREA":1702.15751937,"SHAPE.LEN":381.013548577916}},{"type":"Feature","geometry":{"type":"Polygon","coordinates":[[[103.77789026888686,1.4422528332637223],[103.77789011923129,1.4422358818743883],[103.77798449175542,1.4422357051217063],[103.77798464410058,1.4422529422899295],[103.77801108982914,1.4422529338932712],[103.77801093748377,1.4422356967250418],[103.7780805338739,1.4422355356407768],[103.77808043461268,1.4422527637592426],[103.77810705107787,1.442252628754771],[103.77810689873178,1.4422353915865198],[103.77817646815777,1.4422354927640018],[103.77817626106554,1.4422527208798706],[103.77819072848922,1.4422526488835536],[103.77819068312986,1.4422704919704135],[103.7782112789985,1.4422700493344138],[103.77821838736122,1.4422511211836964],[103.77824632451293,1.4422614677804557],[103.77823902653417,1.442280901465735],[103.77825427631585,1.4422941697511673],[103.7782660213126,1.4422806317184875],[103.77827693904777,1.4422900464062605],[103.77828824371913,1.442277023849824],[103.77834069376296,1.4423228853888441],[103.77833535504502,1.4423291000436627],[103.77835540323898,1.4423465438904948],[103.7783607680164,1.4423403220013566],[103.77841326299735,1.4423860026672113],[103.77840194933515,1.4423992332276083],[103.77841295693297,1.442408575567877],[103.77835575061458,1.4424747735718437],[103.77821458836029,1.442351951268858],[103.77821394087458,1.4423725399880223],[103.77819977412207,1.4423874987161038],[103.77817175609397,1.4423772063785552],[103.77817179254048,1.4423563336744396],[103.77818598986546,1.4423405356981296],[103.7779489406924,1.4423408093541044],[103.77790971600402,1.4423408762205026],[103.77790973484252,1.4423422011131957],[103.77789985026469,1.442342345569083],[103.77786673513044,1.442342883757744],[103.77786671540815,1.4423409484198042],[103.77782798944156,1.442341014392652],[103.777572877547,1.4423417496955047],[103.77757268787953,1.4423812703667156],[103.77754310603962,1.4423814505098576],[103.77754325975135,1.442342436281226],[103.77734397776143,1.4423418977824674],[103.77734377682229,1.442254174538405],[103.77735812742714,1.442254142336508],[103.77735808830786,1.4422369919901044],[103.77742756788093,1.4422367766612456],[103.77742777413887,1.4422539686125107],[103.7774540877743,1.4422539204271156],[103.7774540495556,1.442236659748386],[103.77752354709477,1.4422366885951112],[103.77752353769067,1.4422538534101759],[103.7775430399573,1.4422537571244178],[103.77754300173456,1.442236634813247],[103.77757285315167,1.4422364637203113],[103.77757288867274,1.4422538365400555],[103.77759772950388,1.4422539058839092],[103.77759769038813,1.4422365366815224],[103.77766736765118,1.442236393699231],[103.77766740587451,1.4422535295758852],[103.77769382464874,1.442253367440513],[103.7776937864252,1.4422362315638515],[103.77776317613468,1.4422361880514973],[103.77776321435802,1.4422533537721667],[103.77779201441709,1.4422531464759845],[103.77779197619356,1.442235980755307],[103.7778613650108,1.4422356785920152],[103.77786138345883,1.4422531291866658],[103.77789026888686,1.4422528332637223]]]},"properties":{"OBJECTID":946687,"BLK_NO":"16","ST_COD":"MAL10K","ENTITYID":8076,"POSTAL_COD":"730016","INC_CRC":"99314E8524CA9AAC","FMEL_UPD_D":"20130426120346","SHAPE.AREA":1369.31795261,"SHAPE.LEN":327.63587182473}},{"type":"Feature","geometry":{"type":"Polygon","coordinates":[[[103.73090326039942,1.3506153731851391],[103.73082684411742,1.3506985288318434],[103.73081922789397,1.35069884593997],[103.7307956065243,1.35067683635983],[103.73079529055182,1.350669170965839],[103.73082010727953,1.3506418295091307],[103.7307847808136,1.3506086559755044],[103.7307599811467,1.350636280498188],[103.73075241703857,1.350636632878488],[103.73073027015222,1.3506160016095863],[103.73072993710879,1.350608300040355],[103.73075117290925,1.3505847386694603],[103.73073699360036,1.3505634005271838],[103.73072128765749,1.3505415323632808],[103.73069225912576,1.3505532950834374],[103.73068522171438,1.350550327569455],[103.73067402589372,1.3505227367880595],[103.73067695730163,1.35051560058443],[103.73071058388014,1.3505012949911013],[103.7306913503499,1.3504540620088472],[103.73065774174763,1.3504682617922519],[103.7306507223063,1.350465329549109],[103.73062454002763,1.3504007867637438],[103.73062747143251,1.3503937220048416],[103.73066093984788,1.350379769106918],[103.73064261918988,1.350334161303437],[103.73060890547514,1.3503479378399417],[103.73060186806597,1.3503449341512463],[103.7305897063911,1.3503150118807423],[103.7305926557672,1.3503079471226422],[103.73063568863071,1.3502902143944981],[103.73060917387429,1.350225954660525],[103.73059915204261,1.3502300871731656],[103.7305921326035,1.350227119659749],[103.7305485604648,1.3501197952438007],[103.73058330934178,1.3501054896995788],[103.73059031170638,1.3501084924824265],[103.73060328019238,1.3501407109647947],[103.73065012213111,1.3501211769070447],[103.7306370134556,1.3500892767546917],[103.73063994486003,1.3500822110913624],[103.73070472328321,1.3500555776409677],[103.73071174272195,1.3500585460583974],[103.73072465820317,1.3500905520126791],[103.73077025380995,1.3500716193008964],[103.73075763664775,1.3500396829954289],[103.73076063814104,1.350032582969101],[103.73082446856306,1.3500063374467592],[103.73083148890045,1.3500093049595174],[103.7308443343026,1.3500411354638817],[103.73089136941374,1.3500219550152641],[103.73087799745096,1.3499901959334544],[103.73088089291066,1.3499831655383965],[103.73090937780344,1.3499714380624417],[103.73091641521349,1.3499744064800407],[103.73092818964655,1.350003480440271],[103.73095132104244,1.3499885739010455],[103.73093157882435,1.3499652215078657],[103.73093221083235,1.3499575914241517],[103.73095483382369,1.349938339399164],[103.73096248505175,1.3499389049501807],[103.73098512321579,1.349965082695748],[103.73102301512755,1.3499323716824323],[103.7310009736097,1.3499061586923151],[103.73100160561896,1.3498984924340416],[103.73102561513987,1.3498780394729648],[103.73103321424827,1.3498786755618513],[103.73110588539419,1.3499651936181771],[103.73098390850733,1.3500690138472875],[103.73066966980277,1.350198225845768],[103.73079996486676,1.3505191744255016],[103.73090326039942,1.3506153731851391]]]},"properties":{"OBJECTID":949078,"BLK_NO":"340","ST_COD":"JUA00N","ENTITYID":2228,"POSTAL_COD":"600340","INC_CRC":"16508B4937639EA0","FMEL_UPD_D":"20130426120221","SHAPE.AREA":1304.81451217,"SHAPE.LEN":348.024677291435}},{"type":"Feature","geometry":{"type":"Polygon","coordinates":[[[103.84965261746889,1.366144172297307],[103.84965217822432,1.3661672408243166],[103.84966835965635,1.3661675590498972],[103.8496682716269,1.3661720456016824],[103.84973206733606,1.3661732814303627],[103.84973213739379,1.3661687596084928],[103.84974921380076,1.3661691121932218],[103.8497491257717,1.3661736340152149],[103.84981292058237,1.3661748707461039],[103.84981300861132,1.3661703489241097],[103.84983006704668,1.3661706662381774],[103.84982999698914,1.3661751880600475],[103.84989377382848,1.3661764238845353],[103.84989386185728,1.3661719020625402],[103.84991093826406,1.3661722202802689],[103.84991085023529,1.3661767421022644],[103.84997462797325,1.3661779779245857],[103.8499747160019,1.3661734561025891],[103.84999179240891,1.3661738095899465],[103.84999170438032,1.366178331411943],[103.85005548121975,1.366179567232109],[103.85005556924825,1.366175045410112],[103.85007264565505,1.366175363626684],[103.8500725576266,1.3661798854486815],[103.85009591682861,1.3661803437974953],[103.85009705759667,1.366120536371176],[103.85019498724772,1.3661224429859156],[103.85019384738065,1.3661822513166082],[103.85025762422025,1.366183487131373],[103.85025771224835,1.3661789653093732],[103.85027478865518,1.3661792826201347],[103.85027470062711,1.3661838044421344],[103.85033847836533,1.3661850411590963],[103.85033856549472,1.366180519337102],[103.85035564190156,1.3661808366472847],[103.85035555477221,1.3661853584692791],[103.8504193316119,1.3661865942797229],[103.85041941963972,1.3661820724577207],[103.85043649604684,1.366182425941896],[103.85043640801906,1.3661869477638982],[103.85050018575713,1.3661881483019676],[103.85050027288648,1.3661836617501777],[103.8505164372456,1.3661839446999249],[103.85051687558337,1.3661608761728687],[103.85058225007832,1.3661621472376766],[103.85058137250219,1.3662078248747471],[103.85056408582999,1.366207506663335],[103.8505626827867,1.3662807041090081],[103.85054023563147,1.3662802801240443],[103.85053986735014,1.366298826829209],[103.85048597027493,1.3662977673021002],[103.85037815995065,1.3662956835145519],[103.85024339255258,1.366293070860112],[103.85014995484181,1.3662912700264327],[103.85015005993974,1.3662862887872669],[103.8501504641511,1.3662654811711812],[103.85009565413063,1.3662644216416795],[103.85009516369068,1.3662902104967944],[103.850041266616,1.3662891862298483],[103.84985260214359,1.3662855131106044],[103.84962439703605,1.3662810995722277],[103.84962474825159,1.3662625528672303],[103.84960228402377,1.36626212887356],[103.8496036870959,1.3661888961578723],[103.84958638335107,1.3661885788438586],[103.84958726004741,1.3661429012069186],[103.84965261746889,1.366144172297307]]]},"properties":{"OBJECTID":948758,"BLK_NO":"314","ST_COD":"ANA05P","ENTITYID":8742,"POSTAL_COD":"560314","INC_CRC":"60C3C2A67F7C828A","FMEL_UPD_D":"20130426120335","SHAPE.AREA":1404.601118175,"SHAPE.LEN":284.932061151011}}]}
