town,block,street,transactions,match_quality,coordinate_quality,strongest_evidenced_reason,property_source_rows,postal_assertions,accepted_footprint_objectids,exact_source_footprint_candidates
ANG MO KIO,102,ANG MO KIO AVE 3,18,Unmatched,Missing,NoPostalAssertionUnderCurrentNormalization,145,[],,[]
ANG MO KIO,104A,ANG MO KIO ST 11,17,Unmatched,Missing,NoPostalAssertionUnderCurrentNormalization,252,[],,[]
ANG MO KIO,104B,ANG MO KIO ST 11,18,Unmatched,Missing,NoPostalAssertionUnderCurrentNormalization,258,[],,[]
ANG MO KIO,113,ANG MO KIO AVE 4,11,Unmatched,Missing,NoPostalAssertionUnderCurrentNormalization,617,[],,[]
ANG MO KIO,126,ANG MO KIO AVE 3,19,Unmatched,Missing,NoPostalAssertionUnderCurrentNormalization,1135,[],,[]
ANG MO KIO,174,ANG MO KIO AVE 4,41,Unmatched,Missing,NoPostalAssertionUnderCurrentNormalization,2289,[],,[]
ANG MO KIO,179,ANG MO KIO AVE 5,28,Unmatched,Missing,NoPostalAssertionUnderCurrentNormalization,2375,[],,[]
ANG MO KIO,221,ANG MO KIO AVE 1,13,Unmatched,Missing,NoPostalAssertionUnderCurrentNormalization,3412,[],,[]
ANG MO KIO,226B,ANG MO KIO AVE 1,2,Unmatched,Missing,NoPostalAssertionUnderCurrentNormalization,3552,[],,[]
ANG MO KIO,226F,ANG MO KIO AVE 1,1,Unmatched,Missing,NoPostalAssertionUnderCurrentNormalization,3563,[],,[]
ANG MO KIO,227A,ANG MO KIO ST 23,23,Unmatched,Missing,NoPostalAssertionUnderCurrentNormalization,3579,[],,[]
ANG MO KIO,228A,ANG MO KIO ST 23,26,Unmatched,Missing,NoPostalAssertionUnderCurrentNormalization,3605,[],,[]
ANG MO KIO,228B,ANG MO KIO ST 23,25,Unmatched,Missing,NoPostalAssertionUnderCurrentNormalization,3610,[],,[]
ANG MO KIO,231,ANG MO KIO AVE 3,19,Unmatched,Missing,NoPostalAssertionUnderCurrentNormalization,3683,[],,[]
ANG MO KIO,234,ANG MO KIO AVE 3,13,Unmatched,Missing,NoPostalAssertionUnderCurrentNormalization,3752,[],,[]
ANG MO KIO,253,ANG MO KIO ST 21,20,Unmatched,Missing,NoPostalAssertionUnderCurrentNormalization,4072,[],,[]
ANG MO KIO,253A,ANG MO KIO ST 21,4,Unmatched,Missing,NoPostalAssertionUnderCurrentNormalization,4086,[],,[]
ANG MO KIO,258,ANG MO KIO AVE 4,5,Unmatched,Missing,NoPostalAssertionUnderCurrentNormalization,4157,[],,[]
ANG MO KIO,260A,ANG MO KIO ST 21,44,Unmatched,Missing,NoPostalAssertionUnderCurrentNormalization,4228,[],,[]
ANG MO KIO,260B,ANG MO KIO ST 21,61,Unmatched,Missing,NoPostalAssertionUnderCurrentNormalization,4231,[],,[]
ANG MO KIO,302,ANG MO KIO AVE 3,43,Unmatched,Missing,NoPostalAssertionUnderCurrentNormalization,4986,[],,[]
ANG MO KIO,305,ANG MO KIO AVE 1,24,Unmatched,Missing,NoPostalAssertionUnderCurrentNormalization,5055,[],,[]
ANG MO KIO,309A,ANG MO KIO ST 31,48,Unmatched,Missing,NoPostalAssertionUnderCurrentNormalization,5171,[],,[]
ANG MO KIO,310C,ANG MO KIO AVE 1,36,Unmatched,Missing,NoPostalAssertionUnderCurrentNormalization,5216,[],,[]
ANG MO KIO,313,ANG MO KIO AVE 3,44,Unmatched,Missing,NoPostalAssertionUnderCurrentNormalization,5264,[],,[]
ANG MO KIO,315A,ANG MO KIO ST 31,34,Unmatched,Missing,NoPostalAssertionUnderCurrentNormalization,5314,[],,[]
ANG MO KIO,315B,ANG MO KIO ST 31,26,Unmatched,Missing,NoPostalAssertionUnderCurrentNormalization,5319,[],,[]
ANG MO KIO,316A,ANG MO KIO ST 31,44,Unmatched,Missing,NoPostalAssertionUnderCurrentNormalization,5336,[],,[]
ANG MO KIO,317,ANG MO KIO ST 31,11,Unmatched,Missing,NoPostalAssertionUnderCurrentNormalization,5353,[],,[]
ANG MO KIO,321,ANG MO KIO AVE 1,26,Unmatched,Missing,NoPostalAssertionUnderCurrentNormalization,5455,[],,[]
ANG MO KIO,336,ANG MO KIO AVE 1,17,Unmatched,Missing,NoPostalAssertionUnderCurrentNormalization,5767,[],,[]
ANG MO KIO,337,ANG MO KIO AVE 1,26,Unmatched,Missing,SourceFootprintRejectedNonpositiveEntityId,5787,"[{""SourceRow"":30978,""Block"":""337"",""Street"":""ANG MO KIO AVENUE 1"",""PostalCode"":""560337""}]",,"[{""feature"":8384,""objectid"":943424,""entityid"":0,""postal"":""560337"",""geometry"":""Polygon""}]"
ANG MO KIO,350,ANG MO KIO ST 32,36,Unmatched,Missing,NoPostalAssertionUnderCurrentNormalization,6002,[],,[]
ANG MO KIO,351,ANG MO KIO ST 32,26,Unmatched,Missing,NoPostalAssertionUnderCurrentNormalization,6018,[],,[]
ANG MO KIO,352,ANG MO KIO ST 32,29,Unmatched,Missing,NoPostalAssertionUnderCurrentNormalization,6041,[],,[]
ANG MO KIO,353,ANG MO KIO ST 32,43,Unmatched,Missing,NoPostalAssertionUnderCurrentNormalization,6058,[],,[]
ANG MO KIO,354,ANG MO KIO ST 32,34,Unmatched,Missing,NoPostalAssertionUnderCurrentNormalization,6075,[],,[]
ANG MO KIO,405,ANG MO KIO AVE 10,28,Unmatched,Missing,NoPostalAssertionUnderCurrentNormalization,6657,[],,[]
ANG MO KIO,411,ANG MO KIO AVE 10,11,Unmatched,Missing,NoPostalAssertionUnderCurrentNormalization,6807,[],,[]
ANG MO KIO,412,ANG MO KIO AVE 10,13,Unmatched,Missing,NoPostalAssertionUnderCurrentNormalization,6829,[],,[]
ANG MO KIO,424,ANG MO KIO AVE 3,24,Unmatched,Missing,NoPostalAssertionUnderCurrentNormalization,7082,[],,[]
ANG MO KIO,434,ANG MO KIO AVE 10,25,Unmatched,Missing,NoPostalAssertionUnderCurrentNormalization,7279,[],,[]
ANG MO KIO,435,ANG MO KIO AVE 10,29,Unmatched,Missing,NoPostalAssertionUnderCurrentNormalization,7289,[],,[]
ANG MO KIO,436,ANG MO KIO AVE 10,8,Unmatched,Missing,NoPostalAssertionUnderCurrentNormalization,7309,[],,[]
ANG MO KIO,455A,ANG MO KIO ST 44,54,Unmatched,Missing,NoPostalAssertionUnderCurrentNormalization,7705,[],,[]
ANG MO KIO,455B,ANG MO KIO ST 44,66,Unmatched,Missing,NoPostalAssertionUnderCurrentNormalization,7709,[],,[]
ANG MO KIO,455C,ANG MO KIO ST 44,58,Unmatched,Missing,NoPostalAssertionUnderCurrentNormalization,7711,[],,[]
ANG MO KIO,456,ANG MO KIO AVE 10,36,Unmatched,Missing,NoPostalAssertionUnderCurrentNormalization,7712,[],,[]
ANG MO KIO,458,ANG MO KIO AVE 10,22,Unmatched,Missing,NoPostalAssertionUnderCurrentNormalization,7739,[],,[]
ANG MO KIO,501,ANG MO KIO AVE 5,26,Unmatched,Missing,NoPostalAssertionUnderCurrentNormalization,8440,[],,[]
ANG MO KIO,506,ANG MO KIO AVE 8,36,Unmatched,Missing,NoPostalAssertionUnderCurrentNormalization,8551,[],,[]
ANG MO KIO,511,ANG MO KIO AVE 8,18,Unmatched,Missing,NoPostalAssertionUnderCurrentNormalization,8670,[],,[]
ANG MO KIO,521,ANG MO KIO AVE 5,20,Unmatched,Missing,NoPostalAssertionUnderCurrentNormalization,8844,[],,[]
ANG MO KIO,533,ANG MO KIO AVE 5,30,Unmatched,Missing,NoPostalAssertionUnderCurrentNormalization,9027,[],,[]
ANG MO KIO,534,ANG MO KIO AVE 10,35,Unmatched,Missing,NoPostalAssertionUnderCurrentNormalization,9042,[],,[]
ANG MO KIO,541,ANG MO KIO AVE 10,42,Unmatched,Missing,NoPostalAssertionUnderCurrentNormalization,9137,[],,[]
ANG MO KIO,543,ANG MO KIO AVE 10,9,Unmatched,Missing,NoPostalAssertionUnderCurrentNormalization,9161,[],,[]
ANG MO KIO,547,ANG MO KIO AVE 10,25,Unmatched,Missing,NoPostalAssertionUnderCurrentNormalization,9204,[],,[]
ANG MO KIO,551,ANG MO KIO AVE 10,29,Unmatched,Missing,NoPostalAssertionUnderCurrentNormalization,9270,[],,[]
ANG MO KIO,575,ANG MO KIO AVE 10,24,Unmatched,Missing,NoPostalAssertionUnderCurrentNormalization,9486,[],,[]
ANG MO KIO,588A,ANG MO KIO ST 52,73,Unmatched,Missing,NoPostalAssertionUnderCurrentNormalization,9558,[],,[]
ANG MO KIO,588B,ANG MO KIO ST 52,73,Unmatched,Missing,NoPostalAssertionUnderCurrentNormalization,9562,[],,[]
ANG MO KIO,588C,ANG MO KIO ST 52,85,Unmatched,Missing,NoPostalAssertionUnderCurrentNormalization,9566,[],,[]
ANG MO KIO,588D,ANG MO KIO ST 52,84,Unmatched,Missing,NoPostalAssertionUnderCurrentNormalization,9569,[],,[]
ANG MO KIO,590A,ANG MO KIO ST 51,50,Unmatched,Missing,NoPostalAssertionUnderCurrentNormalization,9598,[],,[]
ANG MO KIO,590B,ANG MO KIO ST 51,39,Unmatched,Missing,NoPostalAssertionUnderCurrentNormalization,9601,[],,[]
ANG MO KIO,591A,ANG MO KIO ST 51,66,Unmatched,Missing,NoPostalAssertionUnderCurrentNormalization,9608,[],,[]
ANG MO KIO,596A,ANG MO KIO ST 52,39,Unmatched,Missing,NoPostalAssertionUnderCurrentNormalization,9618,[],,[]
ANG MO KIO,596B,ANG MO KIO ST 52,31,Unmatched,Missing,NoPostalAssertionUnderCurrentNormalization,9619,[],,[]
ANG MO KIO,596C,ANG MO KIO ST 52,40,Unmatched,Missing,NoPostalAssertionUnderCurrentNormalization,9620,[],,[]
ANG MO KIO,596D,ANG MO KIO ST 52,48,Unmatched,Missing,NoPostalAssertionUnderCurrentNormalization,9621,[],,[]
ANG MO KIO,604,ANG MO KIO AVE 5,33,Unmatched,Missing,NoPostalAssertionUnderCurrentNormalization,9728,[],,[]
ANG MO KIO,606,ANG MO KIO AVE 5,30,Unmatched,Missing,NoPostalAssertionUnderCurrentNormalization,9762,[],,[]
ANG MO KIO,613,ANG MO KIO AVE 4,14,Unmatched,Missing,NoPostalAssertionUnderCurrentNormalization,9882,[],,[]
ANG MO KIO,615,ANG MO KIO AVE 4,17,Unmatched,Missing,NoPostalAssertionUnderCurrentNormalization,9924,[],,[]
ANG MO KIO,616,ANG MO KIO AVE 4,13,Unmatched,Missing,NoPostalAssertionUnderCurrentNormalization,9937,[],,[]
ANG MO KIO,619,ANG MO KIO AVE 4,14,Unmatched,Missing,NoPostalAssertionUnderCurrentNormalization,9977,[],,[]
ANG MO KIO,627,ANG MO KIO AVE 9,8,Unmatched,Missing,NoPostalAssertionUnderCurrentNormalization,10118,[],,[]
ANG MO KIO,633,ANG MO KIO AVE 6,32,Unmatched,Missing,NoPostalAssertionUnderCurrentNormalization,10220,[],,[]
ANG MO KIO,634,ANG MO KIO AVE 6,26,Unmatched,Missing,NoPostalAssertionUnderCurrentNormalization,10244,[],,[]
ANG MO KIO,639,ANG MO KIO AVE 6,34,Unmatched,Missing,NoPostalAssertionUnderCurrentNormalization,10347,[],,[]
ANG MO KIO,643,ANG MO KIO AVE 5,36,Unmatched,Missing,NoPostalAssertionUnderCurrentNormalization,10428,[],,[]
ANG MO KIO,650,ANG MO KIO ST 61,45,Unmatched,Missing,NoPostalAssertionUnderCurrentNormalization,10537,[],,[]
ANG MO KIO,700B,ANG MO KIO AVE 6,30,Unmatched,Missing,NoPostalAssertionUnderCurrentNormalization,11272,[],,[]
BEDOK,1,BEDOK STH AVE 1,42,Unmatched,Missing,NoPostalAssertionUnderCurrentNormalization,3,[],,[]
BEDOK,1,CHAI CHEE RD,18,Unmatched,Missing,NoPostalAssertionUnderCurrentNormalization,5,[],,[]
BEDOK,10,CHAI CHEE RD,24,Unmatched,Missing,NoPostalAssertionUnderCurrentNormalization,56,[],,[]
BEDOK,100,BEDOK NTH AVE 4,52,Unmatched,Missing,NoPostalAssertionUnderCurrentNormalization,95,[],,[]
BEDOK,101,BEDOK NTH AVE 4,10,Unmatched,Missing,NoPostalAssertionUnderCurrentNormalization,104,[],,[]
BEDOK,101,BEDOK RESERVOIR RD,29,Unmatched,Missing,NoPostalAssertionUnderCurrentNormalization,103,[],,[]
BEDOK,102,BEDOK NTH AVE 4,32,Unmatched,Missing,NoPostalAssertionUnderCurrentNormalization,146,[],,[]
BEDOK,102,BEDOK RESERVOIR RD,8,Unmatched,Missing,NoPostalAssertionUnderCurrentNormalization,147,[],,[]
BEDOK,103,BEDOK NTH AVE 4,33,Unmatched,Missing,NoPostalAssertionUnderCurrentNormalization,187,[],,[]
BEDOK,103,BEDOK RESERVOIR RD,31,Unmatched,Missing,NoPostalAssertionUnderCurrentNormalization,188,[],,[]
BEDOK,104,BEDOK NTH AVE 4,35,Unmatched,Missing,NoPostalAssertionUnderCurrentNormalization,225,[],,[]
BEDOK,104,BEDOK RESERVOIR RD,11,Unmatched,Missing,NoPostalAssertionUnderCurrentNormalization,224,[],,[]
BEDOK,105,BEDOK NTH AVE 4,34,Unmatched,Missing,NoPostalAssertionUnderCurrentNormalization,268,[],,[]
BEDOK,105,BEDOK RESERVOIR RD,37,Unmatched,Missing,NoPostalAssertionUnderCurrentNormalization,269,[],,[]
BEDOK,105,LENGKONG TIGA,1,Unmatched,Missing,NoPostalAssertionUnderCurrentNormalization,284,[],,[]
BEDOK,106,BEDOK NTH AVE 4,12,Unmatched,Missing,NoPostalAssertionUnderCurrentNormalization,309,[],,[]
BEDOK,106,BEDOK RESERVOIR RD,24,Unmatched,Missing,NoPostalAssertionUnderCurrentNormalization,308,[],,[]
BEDOK,107,BEDOK NTH RD,34,Unmatched,Missing,NoPostalAssertionUnderCurrentNormalization,352,[],,[]
BEDOK,107,BEDOK RESERVOIR RD,30,Unmatched,Missing,NoPostalAssertionUnderCurrentNormalization,353,[],,[]
BEDOK,107,LENGKONG TIGA,2,Unmatched,Missing,NoPostalAssertionUnderCurrentNormalization,366,[],,[]
BEDOK,108,BEDOK NTH RD,35,Unmatched,Missing,NoPostalAssertionUnderCurrentNormalization,396,[],,[]
BEDOK,108,BEDOK RESERVOIR RD,28,Unmatched,Missing,NoPostalAssertionUnderCurrentNormalization,395,[],,[]
BEDOK,109,BEDOK NTH RD,33,Unmatched,Missing,NoPostalAssertionUnderCurrentNormalization,437,[],,[]
BEDOK,109,BEDOK RESERVOIR RD,5,Unmatched,Missing,NoPostalAssertionUnderCurrentNormalization,438,[],,[]
BEDOK,10B,BEDOK STH AVE 2,16,Unmatched,Missing,NoPostalAssertionUnderCurrentNormalization,84,[],,[]
BEDOK,10C,BEDOK STH AVE 2,1,Unmatched,Missing,NoPostalAssertionUnderCurrentNormalization,88,[],,[]
BEDOK,10D,BEDOK STH AVE 2,12,Unmatched,Missing,NoPostalAssertionUnderCurrentNormalization,91,[],,[]
BEDOK,10E,BEDOK STH AVE 2,12,Unmatched,Missing,NoPostalAssertionUnderCurrentNormalization,92,[],,[]
BEDOK,10F,BEDOK STH AVE 2,6,Unmatched,Missing,NoPostalAssertionUnderCurrentNormalization,93,[],,[]
BEDOK,11,CHAI CHEE RD,26,Unmatched,Missing,NoPostalAssertionUnderCurrentNormalization,480,[],,[]
BEDOK,110,BEDOK NTH RD,29,Unmatched,Missing,NoPostalAssertionUnderCurrentNormalization,505,[],,[]
BEDOK,110,BEDOK RESERVOIR RD,30,Unmatched,Missing,NoPostalAssertionUnderCurrentNormalization,504,[],,[]
BEDOK,111,BEDOK NTH RD,20,Unmatched,Missing,NoPostalAssertionUnderCurrentNormalization,542,[],,[]
BEDOK,111,BEDOK RESERVOIR RD,2,Unmatched,Missing,NoPostalAssertionUnderCurrentNormalization,543,[],,[]
BEDOK,112,BEDOK NTH RD,25,Unmatched,Missing,NoPostalAssertionUnderCurrentNormalization,581,[],,[]
BEDOK,112,BEDOK RESERVOIR RD,14,Unmatched,Missing,NoPostalAssertionUnderCurrentNormalization,580,[],,[]
BEDOK,113,BEDOK NTH ST 2,15,Unmatched,Missing,NoPostalAssertionUnderCurrentNormalization,619,[],,[]
BEDOK,113,BEDOK RESERVOIR RD,18,Unmatched,Missing,NoPostalAssertionUnderCurrentNormalization,618,[],,[]
BEDOK,113,LENGKONG TIGA,2,Unmatched,Missing,NoPostalAssertionUnderCurrentNormalization,630,[],,[]
BEDOK,114,BEDOK NTH ST 2,8,Unmatched,Missing,NoPostalAssertionUnderCurrentNormalization,661,[],,[]
BEDOK,114,BEDOK RESERVOIR RD,24,Unmatched,Missing,NoPostalAssertionUnderCurrentNormalization,662,[],,[]
BEDOK,115,BEDOK NTH RD,50,Unmatched,Missing,NoPostalAssertionUnderCurrentNormalization,698,[],,[]
BEDOK,115,BEDOK RESERVOIR RD,25,Unmatched,Missing,NoPostalAssertionUnderCurrentNormalization,699,[],,[]
BEDOK,116,BEDOK NTH RD,42,Unmatched,Missing,NoPostalAssertionUnderCurrentNormalization,742,[],,[]
BEDOK,116,BEDOK RESERVOIR RD,19,Unmatched,Missing,NoPostalAssertionUnderCurrentNormalization,741,[],,[]
BEDOK,116,LENGKONG TIGA,21,Unmatched,Missing,NoPostalAssertionUnderCurrentNormalization,755,[],,[]
BEDOK,117,BEDOK NTH RD,30,Unmatched,Missing,NoPostalAssertionUnderCurrentNormalization,781,[],,[]
BEDOK,117,BEDOK RESERVOIR RD,21,Unmatched,Missing,NoPostalAssertionUnderCurrentNormalization,780,[],,[]
BEDOK,118,BEDOK NTH ST 2,18,Unmatched,Missing,NoPostalAssertionUnderCurrentNormalization,819,[],,[]
BEDOK,118,BEDOK RESERVOIR RD,8,Unmatched,Missing,NoPostalAssertionUnderCurrentNormalization,820,[],,[]
BEDOK,119,BEDOK NTH RD,36,Unmatched,Missing,NoPostalAssertionUnderCurrentNormalization,856,[],,[]
BEDOK,119,BEDOK RESERVOIR RD,8,Unmatched,Missing,NoPostalAssertionUnderCurrentNormalization,857,[],,[]
BEDOK,120,BEDOK NTH ST 2,25,Unmatched,Missing,NoPostalAssertionUnderCurrentNormalization,929,[],,[]
BEDOK,120,BEDOK RESERVOIR RD,20,Unmatched,Missing,NoPostalAssertionUnderCurrentNormalization,928,[],,[]
BEDOK,121,BEDOK NTH RD,30,Unmatched,Missing,NoPostalAssertionUnderCurrentNormalization,972,[],,[]
BEDOK,121,BEDOK RESERVOIR RD,28,Unmatched,Missing,NoPostalAssertionUnderCurrentNormalization,971,[],,[]
BEDOK,122,BEDOK NTH ST 2,42,Unmatched,Missing,NoPostalAssertionUnderCurrentNormalization,1012,[],,[]
BEDOK,122,BEDOK RESERVOIR RD,19,Unmatched,Missing,NoPostalAssertionUnderCurrentNormalization,1013,[],,[]
BEDOK,123,BEDOK NTH ST 2,10,Unmatched,Missing,NoPostalAssertionUnderCurrentNormalization,1047,[],,[]
BEDOK,123,BEDOK RESERVOIR RD,9,Unmatched,Missing,NoPostalAssertionUnderCurrentNormalization,1046,[],,[]
BEDOK,124,BEDOK NTH RD,34,Unmatched,Missing,NoPostalAssertionUnderCurrentNormalization,1079,[],,[]
BEDOK,124,BEDOK RESERVOIR RD,19,Unmatched,Missing,NoPostalAssertionUnderCurrentNormalization,1078,[],,[]
BEDOK,125,BEDOK NTH RD,35,Unmatched,Missing,NoPostalAssertionUnderCurrentNormalization,1109,[],,[]
BEDOK,125,BEDOK RESERVOIR RD,20,Unmatched,Missing,NoPostalAssertionUnderCurrentNormalization,1108,[],,[]
BEDOK,126,BEDOK NTH ST 2,27,Unmatched,Missing,NoPostalAssertionUnderCurrentNormalization,1137,[],,[]
BEDOK,126,BEDOK RESERVOIR RD,15,Unmatched,Missing,NoPostalAssertionUnderCurrentNormalization,1136,[],,[]
BEDOK,127,BEDOK NTH ST 2,30,Unmatched,Missing,NoPostalAssertionUnderCurrentNormalization,1174,[],,[]
BEDOK,127,BEDOK RESERVOIR RD,14,Unmatched,Missing,NoPostalAssertionUnderCurrentNormalization,1175,[],,[]
BEDOK,128,BEDOK NTH ST 2,31,Unmatched,Missing,NoPostalAssertionUnderCurrentNormalization,1203,[],,[]
BEDOK,128,BEDOK RESERVOIR RD,31,Unmatched,Missing,NoPostalAssertionUnderCurrentNormalization,1202,[],,[]
BEDOK,129,BEDOK NTH ST 2,30,Unmatched,Missing,NoPostalAssertionUnderCurrentNormalization,1234,[],,[]
BEDOK,129,BEDOK RESERVOIR RD,5,Unmatched,Missing,NoPostalAssertionUnderCurrentNormalization,1235,[],,[]
BEDOK,130,BEDOK NTH ST 2,23,Unmatched,Missing,NoPostalAssertionUnderCurrentNormalization,1288,[],,[]
BEDOK,130,BEDOK RESERVOIR RD,22,Unmatched,Missing,NoPostalAssertionUnderCurrentNormalization,1289,[],,[]
BEDOK,131,BEDOK NTH AVE 3,21,Unmatched,Missing,NoPostalAssertionUnderCurrentNormalization,1318,[],,[]
BEDOK,131,BEDOK RESERVOIR RD,14,Unmatched,Missing,NoPostalAssertionUnderCurrentNormalization,1317,[],,[]
BEDOK,132,BEDOK NTH ST 2,21,Unmatched,Missing,NoPostalAssertionUnderCurrentNormalization,1352,[],,[]
BEDOK,132,BEDOK RESERVOIR RD,14,Unmatched,Missing,NoPostalAssertionUnderCurrentNormalization,1353,[],,[]
BEDOK,133,BEDOK NTH AVE 3,24,Unmatched,Missing,NoPostalAssertionUnderCurrentNormalization,1381,[],,[]
BEDOK,133,BEDOK RESERVOIR RD,17,Unmatched,Missing,NoPostalAssertionUnderCurrentNormalization,1380,[],,[]
BEDOK,134,BEDOK NTH ST 2,30,Unmatched,Missing,NoPostalAssertionUnderCurrentNormalization,1406,[],,[]
BEDOK,134,BEDOK RESERVOIR RD,15,Unmatched,Missing,NoPostalAssertionUnderCurrentNormalization,1407,[],,[]
BEDOK,135,BEDOK NTH ST 2,32,Unmatched,Missing,NoPostalAssertionUnderCurrentNormalization,1428,[],,[]
BEDOK,135,BEDOK RESERVOIR RD,17,Unmatched,Missing,NoPostalAssertionUnderCurrentNormalization,1429,[],,[]
BEDOK,136,BEDOK NTH AVE 3,7,Unmatched,Missing,NoPostalAssertionUnderCurrentNormalization,1453,[],,[]
BEDOK,136,BEDOK RESERVOIR RD,29,Unmatched,Missing,NoPostalAssertionUnderCurrentNormalization,1452,[],,[]
BEDOK,137,BEDOK NTH AVE 3,16,Unmatched,Missing,NoPostalAssertionUnderCurrentNormalization,1470,[],,[]
BEDOK,137,BEDOK RESERVOIR RD,22,Unmatched,Missing,NoPostalAssertionUnderCurrentNormalization,1471,[],,[]
BEDOK,138,BEDOK NTH ST 2,44,Unmatched,Missing,NoPostalAssertionUnderCurrentNormalization,1493,[],,[]
BEDOK,138,BEDOK RESERVOIR RD,4,Unmatched,Missing,NoPostalAssertionUnderCurrentNormalization,1492,[],,[]
BEDOK,139,BEDOK NTH AVE 3,25,Unmatched,Missing,NoPostalAssertionUnderCurrentNormalization,1519,[],,[]
BEDOK,139,BEDOK RESERVOIR RD,14,Unmatched,Missing,NoPostalAssertionUnderCurrentNormalization,1518,[],,[]
BEDOK,14,BEDOK STH AVE 2,20,Unmatched,Missing,NoPostalAssertionUnderCurrentNormalization,1540,[],,[]
BEDOK,140,BEDOK NTH ST 2,24,Unmatched,Missing,NoPostalAssertionUnderCurrentNormalization,1566,[],,[]
BEDOK,140,BEDOK RESERVOIR RD,19,Unmatched,Missing,NoPostalAssertionUnderCurrentNormalization,1565,[],,[]
BEDOK,141,BEDOK RESERVOIR RD,23,Unmatched,Missing,NoPostalAssertionUnderCurrentNormalization,1586,[],,[]
BEDOK,142,BEDOK RESERVOIR RD,26,Unmatched,Missing,NoPostalAssertionUnderCurrentNormalization,1608,[],,[]
BEDOK,143,BEDOK RESERVOIR RD,18,Unmatched,Missing,NoPostalAssertionUnderCurrentNormalization,1628,[],,[]
BEDOK,144,BEDOK RESERVOIR RD,11,Unmatched,Missing,NoPostalAssertionUnderCurrentNormalization,1645,[],,[]
BEDOK,145,BEDOK RESERVOIR RD,24,Unmatched,Missing,NoPostalAssertionUnderCurrentNormalization,1661,[],,[]
BEDOK,146,BEDOK RESERVOIR RD,21,Unmatched,Missing,NoPostalAssertionUnderCurrentNormalization,1679,[],,[]
BEDOK,147,BEDOK RESERVOIR RD,30,Unmatched,Missing,NoPostalAssertionUnderCurrentNormalization,1699,[],,[]
BEDOK,148,BEDOK RESERVOIR RD,26,Unmatched,Missing,NoPostalAssertionUnderCurrentNormalization,1717,[],,[]
BEDOK,149,BEDOK RESERVOIR RD,28,Unmatched,Missing,NoPostalAssertionUnderCurrentNormalization,1734,[],,[]
BEDOK,15,BEDOK STH RD,30,Unmatched,Missing,NoPostalAssertionUnderCurrentNormalization,1755,[],,[]
BEDOK,150,BEDOK RESERVOIR RD,23,Unmatched,Missing,NoPostalAssertionUnderCurrentNormalization,1771,[],,[]
BEDOK,151,BEDOK RESERVOIR RD,29,Unmatched,Missing,NoPostalAssertionUnderCurrentNormalization,1792,[],,[]
BEDOK,152A,BEDOK STH RD,1,Unmatched,Missing,NoPostalAssertionUnderCurrentNormalization,1825,[],,[]
BEDOK,152C,BEDOK STH RD,3,Unmatched,Missing,NoPostalAssertionUnderCurrentNormalization,1832,[],,[]
BEDOK,153A,BEDOK STH RD,5,Unmatched,Missing,NoPostalAssertionUnderCurrentNormalization,1848,[],,[]
BEDOK,153B,BEDOK STH RD,9,Unmatched,Missing,NoPostalAssertionUnderCurrentNormalization,1852,[],,[]
BEDOK,153C,BEDOK STH RD,15,Unmatched,Missing,NoPostalAssertionUnderCurrentNormalization,1853,[],,[]
BEDOK,154A,BEDOK STH RD,11,Unmatched,Missing,NoPostalAssertionUnderCurrentNormalization,1870,[],,[]
BEDOK,154B,BEDOK STH RD,13,Unmatched,Missing,NoPostalAssertionUnderCurrentNormalization,1873,[],,[]
BEDOK,155,BEDOK STH AVE 3,1,Unmatched,Missing,NoPostalAssertionUnderCurrentNormalization,1875,[],,[]
BEDOK,156,BEDOK STH AVE 3,18,Unmatched,Missing,NoPostalAssertionUnderCurrentNormalization,1892,[],,[]
BEDOK,157,BEDOK STH AVE 3,17,Unmatched,Missing,NoPostalAssertionUnderCurrentNormalization,1914,[],,[]
BEDOK,158,BEDOK STH AVE 3,4,Unmatched,Missing,NoPostalAssertionUnderCurrentNormalization,1938,[],,[]
BEDOK,159,BEDOK STH AVE 3,21,Unmatched,Missing,NoPostalAssertionUnderCurrentNormalization,1958,[],,[]
BEDOK,160,BEDOK STH AVE 3,18,Unmatched,Missing,NoPostalAssertionUnderCurrentNormalization,1995,[],,[]
BEDOK,161,BEDOK STH AVE 3,5,Unmatched,Missing,NoPostalAssertionUnderCurrentNormalization,2014,[],,[]
BEDOK,162,BEDOK STH RD,3,Unmatched,Missing,NoPostalAssertionUnderCurrentNormalization,2037,[],,[]
BEDOK,163,BEDOK STH RD,16,Unmatched,Missing,NoPostalAssertionUnderCurrentNormalization,2056,[],,[]
BEDOK,164,BEDOK STH RD,14,Unmatched,Missing,NoPostalAssertionUnderCurrentNormalization,2076,[],,[]
BEDOK,165,BEDOK STH RD,31,Unmatched,Missing,NoPostalAssertionUnderCurrentNormalization,2094,[],,[]
BEDOK,166,BEDOK STH AVE 3,14,Unmatched,Missing,NoPostalAssertionUnderCurrentNormalization,2112,[],,[]
BEDOK,167,BEDOK STH AVE 3,22,Unmatched,Missing,NoPostalAssertionUnderCurrentNormalization,2133,[],,[]
BEDOK,168,BEDOK STH AVE 3,4,Unmatched,Missing,NoPostalAssertionUnderCurrentNormalization,2153,[],,[]
BEDOK,169,BEDOK STH AVE 3,18,Unmatched,Missing,NoPostalAssertionUnderCurrentNormalization,2173,[],,[]
BEDOK,170,BEDOK STH RD,15,Unmatched,Missing,NoPostalAssertionUnderCurrentNormalization,2213,[],,[]
BEDOK,171,BEDOK STH RD,16,Unmatched,Missing,NoPostalAssertionUnderCurrentNormalization,2231,[],,[]
BEDOK,172,BEDOK STH RD,16,Unmatched,Missing,NoPostalAssertionUnderCurrentNormalization,2251,[],,[]
BEDOK,18,BEDOK STH RD,63,Unmatched,Missing,NoPostalAssertionUnderCurrentNormalization,2388,[],,[]
BEDOK,180,BEDOK NTH RD,42,Unmatched,Missing,NoPostalAssertionUnderCurrentNormalization,2424,[],,[]
BEDOK,181,BEDOK NTH RD,55,Unmatched,Missing,NoPostalAssertionUnderCurrentNormalization,2448,[],,[]
BEDOK,182,BEDOK NTH RD,39,Unmatched,Missing,NoPostalAssertionUnderCurrentNormalization,2466,[],,[]
BEDOK,183,BEDOK NTH RD,54,Unmatched,Missing,NoPostalAssertionUnderCurrentNormalization,2485,[],,[]
BEDOK,185,BEDOK NTH RD,56,Unmatched,Missing,NoPostalAssertionUnderCurrentNormalization,2527,[],,[]
BEDOK,186A,BEDOK NTH ST 4,35,Unmatched,Missing,NoPostalAssertionUnderCurrentNormalization,2555,[],,[]
BEDOK,186B,BEDOK NTH ST 4,43,Unmatched,Missing,NoPostalAssertionUnderCurrentNormalization,2557,[],,[]
BEDOK,187A,BEDOK NTH ST 4,43,Unmatched,Missing,NoPostalAssertionUnderCurrentNormalization,2568,[],,[]
BEDOK,187B,BEDOK NTH ST 4,49,Unmatched,Missing,NoPostalAssertionUnderCurrentNormalization,2571,[],,[]
BEDOK,188A,BEDOK NTH ST 4,24,Unmatched,Missing,NoPostalAssertionUnderCurrentNormalization,2582,[],,[]
BEDOK,188B,BEDOK NTH ST 4,21,Unmatched,Missing,NoPostalAssertionUnderCurrentNormalization,2586,[],,[]
BEDOK,188C,BEDOK NTH ST 4,14,Unmatched,Missing,NoPostalAssertionUnderCurrentNormalization,2589,[],,[]
BEDOK,188D,BEDOK NTH ST 4,14,Unmatched,Missing,NoPostalAssertionUnderCurrentNormalization,2591,[],,[]
BEDOK,19,BEDOK STH RD,17,Unmatched,Missing,NoPostalAssertionUnderCurrentNormalization,2606,[],,[]
BEDOK,19,CHAI CHEE RD,33,Unmatched,Missing,NoPostalAssertionUnderCurrentNormalization,2608,[],,[]
BEDOK,2,BEDOK STH AVE 1,42,Unmatched,Missing,NoPostalAssertionUnderCurrentNormalization,2726,[],,[]
BEDOK,2,CHAI CHEE RD,16,Unmatched,Missing,NoPostalAssertionUnderCurrentNormalization,2727,[],,[]
BEDOK,20,BEDOK STH RD,24,Unmatched,Missing,NoPostalAssertionUnderCurrentNormalization,2781,[],,[]
BEDOK,20,CHAI CHEE RD,44,Unmatched,Missing,NoPostalAssertionUnderCurrentNormalization,2783,[],,[]
BEDOK,201,BEDOK NTH ST 1,31,Unmatched,Missing,NoPostalAssertionUnderCurrentNormalization,2816,[],,[]
BEDOK,202,BEDOK NTH ST 1,36,Unmatched,Missing,NoPostalAssertionUnderCurrentNormalization,2853,[],,[]
BEDOK,203,BEDOK NTH ST 1,5,Unmatched,Missing,NoPostalAssertionUnderCurrentNormalization,2878,[],,[]
BEDOK,204,BEDOK NTH ST 1,14,Unmatched,Missing,NoPostalAssertionUnderCurrentNormalization,2904,[],,[]
BEDOK,205,BEDOK NTH ST 1,8,Unmatched,Missing,NoPostalAssertionUnderCurrentNormalization,2932,[],,[]
BEDOK,208,NEW UPP CHANGI RD,6,Unmatched,Missing,NoPostalAssertionUnderCurrentNormalization,3023,[],,[]
BEDOK,21,BEDOK STH RD,17,Unmatched,Missing,NoPostalAssertionUnderCurrentNormalization,3074,[],,[]
BEDOK,21,CHAI CHEE RD,39,Unmatched,Missing,NoPostalAssertionUnderCurrentNormalization,3075,[],,[]
BEDOK,210,NEW UPP CHANGI RD,7,Unmatched,Missing,NoPostalAssertionUnderCurrentNormalization,3109,[],,[]
BEDOK,211,NEW UPP CHANGI RD,3,Unmatched,Missing,NoPostalAssertionUnderCurrentNormalization,3138,[],,[]
BEDOK,213,BEDOK NTH ST 1,22,Unmatched,Missing,NoPostalAssertionUnderCurrentNormalization,3187,[],,[]
BEDOK,214,BEDOK NTH ST 1,9,Unmatched,Missing,NoPostalAssertionUnderCurrentNormalization,3214,[],,[]
BEDOK,217,BEDOK NTH ST 1,10,Unmatched,Missing,NoPostalAssertionUnderCurrentNormalization,3292,[],,[]
BEDOK,218,BEDOK NTH ST 1,16,Unmatched,Missing,NoPostalAssertionUnderCurrentNormalization,3322,[],,[]
BEDOK,219A,BEDOK CTRL,17,Unmatched,Missing,NoPostalAssertionUnderCurrentNormalization,3354,[],,[]
BEDOK,219B,BEDOK CTRL,18,Unmatched,Missing,NoPostalAssertionUnderCurrentNormalization,3357,[],,[]
BEDOK,219C,BEDOK CTRL,28,Unmatched,Missing,NoPostalAssertionUnderCurrentNormalization,3358,[],,[]
BEDOK,219D,BEDOK CTRL,17,Unmatched,Missing,NoPostalAssertionUnderCurrentNormalization,3359,[],,[]
BEDOK,22,BEDOK STH AVE 1,33,Unmatched,Missing,NoPostalAssertionUnderCurrentNormalization,3361,[],,[]
BEDOK,220A,BEDOK CTRL,30,Unmatched,Missing,NoPostalAssertionUnderCurrentNormalization,3402,[],,[]
BEDOK,220B,BEDOK CTRL,24,Unmatched,Missing,NoPostalAssertionUnderCurrentNormalization,3406,[],,[]
BEDOK,220C,BEDOK CTRL,20,Unmatched,Missing,NoPostalAssertionUnderCurrentNormalization,3410,[],,[]
BEDOK,221A,BEDOK CTRL,38,Unmatched,Missing,NoPostalAssertionUnderCurrentNormalization,3428,[],,[]
BEDOK,221B,BEDOK CTRL,24,Unmatched,Missing,NoPostalAssertionUnderCurrentNormalization,3433,[],,[]
BEDOK,221C,BEDOK CTRL,19,Unmatched,Missing,NoPostalAssertionUnderCurrentNormalization,3437,[],,[]
BEDOK,222A,BEDOK NTH DR,2,Unmatched,Missing,NoPostalAssertionUnderCurrentNormalization,3454,[],,[]
BEDOK,23,BEDOK STH AVE 1,38,Unmatched,Missing,NoPostalAssertionUnderCurrentNormalization,3635,[],,[]
BEDOK,24,NEW UPP CHANGI RD,24,Unmatched,Missing,NoPostalAssertionUnderCurrentNormalization,3866,[],,[]
BEDOK,25,CHAI CHEE RD,12,Unmatched,Missing,NoPostalAssertionUnderCurrentNormalization,4014,[],,[]
BEDOK,25,NEW UPP CHANGI RD,1,Unmatched,Missing,NoPostalAssertionUnderCurrentNormalization,4023,[],,[]
BEDOK,26,CHAI CHEE RD,18,Unmatched,Missing,NoPostalAssertionUnderCurrentNormalization,4198,[],,[]
BEDOK,26,NEW UPP CHANGI RD,2,Unmatched,Missing,NoPostalAssertionUnderCurrentNormalization,4205,[],,[]
BEDOK,27,CHAI CHEE RD,14,Unmatched,Missing,NoPostalAssertionUnderCurrentNormalization,4408,[],,[]
BEDOK,27,NEW UPP CHANGI RD,55,Unmatched,Missing,NoPostalAssertionUnderCurrentNormalization,4417,[],,[]
BEDOK,28,NEW UPP CHANGI RD,54,Unmatched,Missing,NoPostalAssertionUnderCurrentNormalization,4615,[],,[]
BEDOK,29,CHAI CHEE AVE,3,Unmatched,Missing,NoPostalAssertionUnderCurrentNormalization,4759,[],,[]
BEDOK,29,NEW UPP CHANGI RD,46,Unmatched,Missing,NoPostalAssertionUnderCurrentNormalization,4766,[],,[]
BEDOK,29A,CHAI CHEE AVE,17,Unmatched,Missing,NoPostalAssertionUnderCurrentNormalization,4768,[],,[]
BEDOK,3,BEDOK STH AVE 1,41,Unmatched,Missing,NoPostalAssertionUnderCurrentNormalization,4897,[],,[]
BEDOK,30,NEW UPP CHANGI RD,47,Unmatched,Missing,NoPostalAssertionUnderCurrentNormalization,4948,[],,[]
BEDOK,31,BEDOK STH AVE 2,25,Unmatched,Missing,NoPostalAssertionUnderCurrentNormalization,5181,[],,[]
BEDOK,32,BEDOK STH AVE 2,18,Unmatched,Missing,NoPostalAssertionUnderCurrentNormalization,5418,[],,[]
BEDOK,32,CHAI CHEE AVE,56,Unmatched,Missing,NoPostalAssertionUnderCurrentNormalization,5421,[],,[]
BEDOK,33,BEDOK STH AVE 2,49,Unmatched,Missing,NoPostalAssertionUnderCurrentNormalization,5635,[],,[]
BEDOK,33,CHAI CHEE AVE,26,Unmatched,Missing,NoPostalAssertionUnderCurrentNormalization,5637,[],,[]
BEDOK,34,BEDOK STH AVE 2,44,Unmatched,Missing,NoPostalAssertionUnderCurrentNormalization,5850,[],,[]
BEDOK,34,CHAI CHEE AVE,23,Unmatched,Missing,NoPostalAssertionUnderCurrentNormalization,5852,[],,[]
BEDOK,35,BEDOK STH AVE 2,39,Unmatched,Missing,NoPostalAssertionUnderCurrentNormalization,5982,[],,[]
BEDOK,35,CHAI CHEE AVE,35,Unmatched,Missing,NoPostalAssertionUnderCurrentNormalization,5983,[],,[]
BEDOK,36,BEDOK STH AVE 2,35,Unmatched,Missing,NoPostalAssertionUnderCurrentNormalization,6165,[],,[]
BEDOK,36,CHAI CHEE AVE,25,Unmatched,Missing,NoPostalAssertionUnderCurrentNormalization,6168,[],,[]
BEDOK,37,BEDOK STH AVE 2,35,Unmatched,Missing,NoPostalAssertionUnderCurrentNormalization,6274,[],,[]
BEDOK,37,CHAI CHEE AVE,27,Unmatched,Missing,NoPostalAssertionUnderCurrentNormalization,6276,[],,[]
BEDOK,38,BEDOK STH RD,7,Unmatched,Missing,NoPostalAssertionUnderCurrentNormalization,6387,[],,[]
BEDOK,39,BEDOK STH RD,36,Unmatched,Missing,NoPostalAssertionUnderCurrentNormalization,6459,[],,[]
BEDOK,4,BEDOK STH AVE 1,39,Unmatched,Missing,NoPostalAssertionUnderCurrentNormalization,6504,[],,[]
BEDOK,40,BEDOK STH RD,30,Unmatched,Missing,NoPostalAssertionUnderCurrentNormalization,6540,[],,[]
BEDOK,40,CHAI CHEE AVE,25,Unmatched,Missing,NoPostalAssertionUnderCurrentNormalization,6543,[],,[]
BEDOK,401,BEDOK NTH AVE 3,50,Unmatched,Missing,NoPostalAssertionUnderCurrentNormalization,6567,[],,[]
BEDOK,402,BEDOK NTH AVE 3,29,Unmatched,Missing,NoPostalAssertionUnderCurrentNormalization,6593,[],,[]
BEDOK,403,BEDOK NTH AVE 3,15,Unmatched,Missing,NoPostalAssertionUnderCurrentNormalization,6616,[],,[]
BEDOK,404,BEDOK NTH AVE 3,27,Unmatched,Missing,NoPostalAssertionUnderCurrentNormalization,6639,[],,[]
BEDOK,405,BEDOK NTH AVE 3,28,Unmatched,Missing,NoPostalAssertionUnderCurrentNormalization,6658,[],,[]
BEDOK,406,BEDOK NTH AVE 3,16,Unmatched,Missing,NoPostalAssertionUnderCurrentNormalization,6679,[],,[]
BEDOK,407,BEDOK NTH AVE 3,12,Unmatched,Missing,NoPostalAssertionUnderCurrentNormalization,6703,[],,[]
BEDOK,408,BEDOK NTH AVE 2,17,Unmatched,Missing,NoPostalAssertionUnderCurrentNormalization,6723,[],,[]
BEDOK,409,BEDOK NTH AVE 2,23,Unmatched,Missing,NoPostalAssertionUnderCurrentNormalization,6745,[],,[]
BEDOK,41,BEDOK STH RD,27,Unmatched,Missing,NoPostalAssertionUnderCurrentNormalization,6766,[],,[]
BEDOK,41,CHAI CHEE ST,39,Unmatched,Missing,NoPostalAssertionUnderCurrentNormalization,6768,[],,[]
BEDOK,410,BEDOK NTH AVE 2,23,Unmatched,Missing,NoPostalAssertionUnderCurrentNormalization,6783,[],,[]
BEDOK,411,BEDOK NTH AVE 2,17,Unmatched,Missing,NoPostalAssertionUnderCurrentNormalization,6808,[],,[]
BEDOK,412,BEDOK NTH AVE 2,31,Unmatched,Missing,NoPostalAssertionUnderCurrentNormalization,6830,[],,[]
BEDOK,413,BEDOK NTH AVE 2,21,Unmatched,Missing,NoPostalAssertionUnderCurrentNormalization,6850,[],,[]
BEDOK,414,BEDOK NTH AVE 2,20,Unmatched,Missing,NoPostalAssertionUnderCurrentNormalization,6875,[],,[]
BEDOK,415,BEDOK NTH AVE 2,26,Unmatched,Missing,NoPostalAssertionUnderCurrentNormalization,6894,[],,[]
BEDOK,416,BEDOK NTH AVE 2,26,Unmatched,Missing,NoPostalAssertionUnderCurrentNormalization,6919,[],,[]
BEDOK,417,BEDOK NTH AVE 2,10,Unmatched,Missing,NoPostalAssertionUnderCurrentNormalization,6940,[],,[]
BEDOK,418,BEDOK NTH AVE 2,44,Unmatched,Missing,NoPostalAssertionUnderCurrentNormalization,6958,[],,[]
BEDOK,419,BEDOK NTH ST 1,52,Unmatched,Missing,NoPostalAssertionUnderCurrentNormalization,6976,[],,[]
BEDOK,42,BEDOK STH RD,20,Unmatched,Missing,NoPostalAssertionUnderCurrentNormalization,6994,[],,[]
BEDOK,42,CHAI CHEE ST,53,Unmatched,Missing,NoPostalAssertionUnderCurrentNormalization,6998,[],,[]
BEDOK,420,BEDOK NTH ST 1,57,Unmatched,Missing,NoPostalAssertionUnderCurrentNormalization,7011,[],,[]
BEDOK,421,BEDOK NTH RD,38,Unmatched,Missing,NoPostalAssertionUnderCurrentNormalization,7030,[],,[]
BEDOK,422,BEDOK NTH RD,29,Unmatched,Missing,NoPostalAssertionUnderCurrentNormalization,7049,[],,[]
BEDOK,423,BEDOK NTH AVE 1,37,Unmatched,Missing,NoPostalAssertionUnderCurrentNormalization,7065,[],,[]
BEDOK,424,BEDOK NTH AVE 1,30,Unmatched,Missing,NoPostalAssertionUnderCurrentNormalization,7083,[],,[]
BEDOK,425,BEDOK NTH RD,40,Unmatched,Missing,NoPostalAssertionUnderCurrentNormalization,7103,[],,[]
BEDOK,426,BEDOK NTH RD,40,Unmatched,Missing,NoPostalAssertionUnderCurrentNormalization,7120,[],,[]
BEDOK,427,BEDOK NTH RD,26,Unmatched,Missing,NoPostalAssertionUnderCurrentNormalization,7138,[],,[]
BEDOK,428,BEDOK NTH RD,42,Unmatched,Missing,NoPostalAssertionUnderCurrentNormalization,7150,[],,[]
BEDOK,429B,BEDOK NTH RD,10,Unmatched,Missing,NoPostalAssertionUnderCurrentNormalization,7176,[],,[]
BEDOK,43,BEDOK STH RD,27,Unmatched,Missing,NoPostalAssertionUnderCurrentNormalization,7179,[],,[]
BEDOK,43,CHAI CHEE ST,34,Unmatched,Missing,NoPostalAssertionUnderCurrentNormalization,7182,[],,[]
BEDOK,430A,BEDOK NTH RD,21,Unmatched,Missing,NoPostalAssertionUnderCurrentNormalization,7210,[],,[]
BEDOK,431A,BEDOK NTH RD,25,Unmatched,Missing,NoPostalAssertionUnderCurrentNormalization,7230,[],,[]
BEDOK,44,BEDOK STH RD,22,Unmatched,Missing,NoPostalAssertionUnderCurrentNormalization,7373,[],,[]
BEDOK,44,CHAI CHEE ST,34,Unmatched,Missing,NoPostalAssertionUnderCurrentNormalization,7376,[],,[]
BEDOK,45,CHAI CHEE ST,44,Unmatched,Missing,NoPostalAssertionUnderCurrentNormalization,7590,[],,[]
BEDOK,5,BEDOK STH AVE 2,24,Unmatched,Missing,NoPostalAssertionUnderCurrentNormalization,8385,[],,[]
BEDOK,50,CHAI CHEE ST,57,Unmatched,Missing,NoPostalAssertionUnderCurrentNormalization,8418,[],,[]
BEDOK,501,BEDOK NTH ST 3,67,Unmatched,Missing,NoPostalAssertionUnderCurrentNormalization,8441,[],,[]
BEDOK,502,BEDOK NTH ST 3,57,Unmatched,Missing,NoPostalAssertionUnderCurrentNormalization,8462,[],,[]
BEDOK,503,BEDOK NTH ST 3,44,Unmatched,Missing,NoPostalAssertionUnderCurrentNormalization,8484,[],,[]
BEDOK,504,BEDOK NTH ST 3,55,Unmatched,Missing,NoPostalAssertionUnderCurrentNormalization,8503,[],,[]
BEDOK,505,BEDOK NTH AVE 3,17,Unmatched,Missing,NoPostalAssertionUnderCurrentNormalization,8527,[],,[]
BEDOK,506,BEDOK NTH AVE 3,19,Unmatched,Missing,NoPostalAssertionUnderCurrentNormalization,8552,[],,[]
BEDOK,507,BEDOK NTH AVE 3,24,Unmatched,Missing,NoPostalAssertionUnderCurrentNormalization,8573,[],,[]
BEDOK,508,BEDOK NTH AVE 3,23,Unmatched,Missing,NoPostalAssertionUnderCurrentNormalization,8594,[],,[]
BEDOK,509,BEDOK NTH ST 3,15,Unmatched,Missing,NoPostalAssertionUnderCurrentNormalization,8613,[],,[]
BEDOK,51,CHAI CHEE ST,19,Unmatched,Missing,NoPostalAssertionUnderCurrentNormalization,8636,[],,[]
BEDOK,51,NEW UPP CHANGI RD,39,Unmatched,Missing,NoPostalAssertionUnderCurrentNormalization,8645,[],,[]
BEDOK,510,BEDOK NTH ST 3,25,Unmatched,Missing,NoPostalAssertionUnderCurrentNormalization,8653,[],,[]
BEDOK,512,BEDOK NTH AVE 2,28,Unmatched,Missing,NoPostalAssertionUnderCurrentNormalization,8691,[],,[]
BEDOK,513,BEDOK NTH AVE 2,22,Unmatched,Missing,NoPostalAssertionUnderCurrentNormalization,8709,[],,[]
BEDOK,514,BEDOK NTH AVE 2,18,Unmatched,Missing,NoPostalAssertionUnderCurrentNormalization,8728,[],,[]
BEDOK,515,BEDOK NTH AVE 2,12,Unmatched,Missing,NoPostalAssertionUnderCurrentNormalization,8742,[],,[]
BEDOK,516,BEDOK NTH AVE 2,20,Unmatched,Missing,NoPostalAssertionUnderCurrentNormalization,8756,[],,[]
BEDOK,517,BEDOK NTH AVE 2,19,Unmatched,Missing,NoPostalAssertionUnderCurrentNormalization,8766,[],,[]
BEDOK,518,BEDOK NTH AVE 2,19,Unmatched,Missing,NoPostalAssertionUnderCurrentNormalization,8783,[],,[]
BEDOK,519,BEDOK NTH AVE 1,47,Unmatched,Missing,NoPostalAssertionUnderCurrentNormalization,8797,[],,[]
BEDOK,52,CHAI CHEE ST,12,Unmatched,Missing,NoPostalAssertionUnderCurrentNormalization,8811,[],,[]
BEDOK,52,NEW UPP CHANGI RD,24,Unmatched,Missing,NoPostalAssertionUnderCurrentNormalization,8820,[],,[]
BEDOK,520,BEDOK NTH AVE 1,45,Unmatched,Missing,NoPostalAssertionUnderCurrentNormalization,8832,[],,[]
BEDOK,521,BEDOK NTH AVE 1,38,Unmatched,Missing,NoPostalAssertionUnderCurrentNormalization,8845,[],,[]
BEDOK,522,BEDOK NTH AVE 1,29,Unmatched,Missing,NoPostalAssertionUnderCurrentNormalization,8856,[],,[]
BEDOK,523,BEDOK NTH ST 3,24,Unmatched,Missing,NoPostalAssertionUnderCurrentNormalization,8867,[],,[]
BEDOK,524,BEDOK NTH ST 3,32,Unmatched,Missing,NoPostalAssertionUnderCurrentNormalization,8881,[],,[]
BEDOK,525,BEDOK NTH ST 3,81,Unmatched,Missing,NoPostalAssertionUnderCurrentNormalization,8898,[],,[]
BEDOK,526,BEDOK NTH ST 3,48,Unmatched,Missing,NoPostalAssertionUnderCurrentNormalization,8912,[],,[]
BEDOK,527,BEDOK NTH ST 3,8,Unmatched,Missing,NoPostalAssertionUnderCurrentNormalization,8926,[],,[]
BEDOK,528,BEDOK NTH ST 3,42,Unmatched,Missing,NoPostalAssertionUnderCurrentNormalization,8942,[],,[]
BEDOK,529,BEDOK NTH ST 3,79,Unmatched,Missing,NoPostalAssertionUnderCurrentNormalization,8955,[],,[]
BEDOK,53,CHAI CHEE ST,19,Unmatched,Missing,NoPostalAssertionUnderCurrentNormalization,8965,[],,[]
BEDOK,53,NEW UPP CHANGI RD,21,Unmatched,Missing,NoPostalAssertionUnderCurrentNormalization,8974,[],,[]
BEDOK,530,BEDOK NTH ST 3,57,Unmatched,Missing,NoPostalAssertionUnderCurrentNormalization,8985,[],,[]
BEDOK,531,BEDOK NTH ST 3,9,Unmatched,Missing,NoPostalAssertionUnderCurrentNormalization,9001,[],,[]
BEDOK,532,BEDOK NTH ST 3,55,Unmatched,Missing,NoPostalAssertionUnderCurrentNormalization,9014,[],,[]
BEDOK,533,BEDOK NTH ST 3,67,Unmatched,Missing,NoPostalAssertionUnderCurrentNormalization,9028,[],,[]
BEDOK,534,BEDOK NTH ST 3,72,Unmatched,Missing,NoPostalAssertionUnderCurrentNormalization,9043,[],,[]
BEDOK,535,BEDOK NTH ST 3,45,Unmatched,Missing,NoPostalAssertionUnderCurrentNormalization,9052,[],,[]
BEDOK,536,BEDOK NTH ST 3,47,Unmatched,Missing,NoPostalAssertionUnderCurrentNormalization,9067,[],,[]
BEDOK,537,BEDOK NTH ST 3,20,Unmatched,Missing,NoPostalAssertionUnderCurrentNormalization,9079,[],,[]
BEDOK,539,BEDOK NTH ST 3,21,Unmatched,Missing,NoPostalAssertionUnderCurrentNormalization,9102,[],,[]
BEDOK,54,CHAI CHEE ST,59,Unmatched,Missing,NoPostalAssertionUnderCurrentNormalization,9113,[],,[]
BEDOK,54,NEW UPP CHANGI RD,23,Unmatched,Missing,NoPostalAssertionUnderCurrentNormalization,9122,[],,[]
BEDOK,540,BEDOK NTH ST 3,34,Unmatched,Missing,NoPostalAssertionUnderCurrentNormalization,9128,[],,[]
BEDOK,541,BEDOK NTH ST 3,10,Unmatched,Missing,NoPostalAssertionUnderCurrentNormalization,9138,[],,[]
BEDOK,542,BEDOK NTH ST 3,51,Unmatched,Missing,NoPostalAssertionUnderCurrentNormalization,9150,[],,[]
BEDOK,543,BEDOK NTH ST 3,19,Unmatched,Missing,NoPostalAssertionUnderCurrentNormalization,9162,[],,[]
BEDOK,545,BEDOK NTH ST 3,51,Unmatched,Missing,NoPostalAssertionUnderCurrentNormalization,9181,[],,[]
BEDOK,546,BEDOK NTH ST 3,29,Unmatched,Missing,NoPostalAssertionUnderCurrentNormalization,9190,[],,[]
BEDOK,547,BEDOK NTH ST 3,39,Unmatched,Missing,NoPostalAssertionUnderCurrentNormalization,9205,[],,[]
BEDOK,547A,BEDOK NTH AVE 1,7,Unmatched,Missing,NoPostalAssertionUnderCurrentNormalization,9213,[],,[]
BEDOK,547B,BEDOK NTH AVE 1,9,Unmatched,Missing,NoPostalAssertionUnderCurrentNormalization,9215,[],,[]
BEDOK,548,BEDOK NTH AVE 1,30,Unmatched,Missing,NoPostalAssertionUnderCurrentNormalization,9221,[],,[]
BEDOK,549,BEDOK NTH AVE 1,28,Unmatched,Missing,NoPostalAssertionUnderCurrentNormalization,9233,[],,[]
BEDOK,55,CHAI CHEE DR,74,Unmatched,Missing,NoPostalAssertionUnderCurrentNormalization,9243,[],,[]
BEDOK,55,NEW UPP CHANGI RD,16,Unmatched,Missing,NoPostalAssertionUnderCurrentNormalization,9250,[],,[]
BEDOK,550,BEDOK NTH AVE 1,50,Unmatched,Missing,NoPostalAssertionUnderCurrentNormalization,9259,[],,[]
BEDOK,551,BEDOK NTH AVE 1,8,Unmatched,Missing,NoPostalAssertionUnderCurrentNormalization,9271,[],,[]
BEDOK,552,BEDOK NTH AVE 1,15,Unmatched,Missing,NoPostalAssertionUnderCurrentNormalization,9279,[],,[]
BEDOK,553,BEDOK NTH AVE 1,19,Unmatched,Missing,NoPostalAssertionUnderCurrentNormalization,9289,[],,[]
BEDOK,554,BEDOK NTH ST 3,56,Unmatched,Missing,NoPostalAssertionUnderCurrentNormalization,9297,[],,[]
BEDOK,56,CHAI CHEE DR,16,Unmatched,Missing,NoPostalAssertionUnderCurrentNormalization,9343,[],,[]
BEDOK,57,CHAI CHEE DR,4,Unmatched,Missing,NoPostalAssertionUnderCurrentNormalization,9422,[],,[]
BEDOK,57,NEW UPP CHANGI RD,48,Unmatched,Missing,NoPostalAssertionUnderCurrentNormalization,9432,[],,[]
BEDOK,58,CHAI CHEE DR,23,Unmatched,Missing,NoPostalAssertionUnderCurrentNormalization,9512,[],,[]
BEDOK,59,CHAI CHEE RD,59,Unmatched,Missing,NoPostalAssertionUnderCurrentNormalization,9581,[],,[]
BEDOK,59,NEW UPP CHANGI RD,2,Unmatched,Missing,NoPostalAssertionUnderCurrentNormalization,9589,[],,[]
BEDOK,6,BEDOK STH AVE 2,12,Unmatched,Missing,NoPostalAssertionUnderCurrentNormalization,9623,[],,[]
BEDOK,60,CHAI CHEE RD,6,Unmatched,Missing,NoPostalAssertionUnderCurrentNormalization,9655,[],,[]
BEDOK,60,NEW UPP CHANGI RD,14,Unmatched,Missing,NoPostalAssertionUnderCurrentNormalization,9662,[],,[]
BEDOK,601,BEDOK RESERVOIR RD,32,Unmatched,Missing,NoPostalAssertionUnderCurrentNormalization,9672,[],,[]
BEDOK,602,BEDOK RESERVOIR RD,31,Unmatched,Missing,NoPostalAssertionUnderCurrentNormalization,9694,[],,[]
BEDOK,603,BEDOK RESERVOIR RD,17,Unmatched,Missing,NoPostalAssertionUnderCurrentNormalization,9711,[],,[]
BEDOK,604,BEDOK RESERVOIR RD,22,Unmatched,Missing,NoPostalAssertionUnderCurrentNormalization,9729,[],,[]
BEDOK,605,BEDOK RESERVOIR RD,19,Unmatched,Missing,NoPostalAssertionUnderCurrentNormalization,9747,[],,[]
BEDOK,606,BEDOK RESERVOIR RD,20,Unmatched,Missing,NoPostalAssertionUnderCurrentNormalization,9763,[],,[]
BEDOK,607,BEDOK RESERVOIR RD,17,Unmatched,Missing,NoPostalAssertionUnderCurrentNormalization,9778,[],,[]
BEDOK,608,BEDOK RESERVOIR RD,18,Unmatched,Missing,NoPostalAssertionUnderCurrentNormalization,9789,[],,[]
BEDOK,609,BEDOK RESERVOIR RD,40,Unmatched,Missing,NoPostalAssertionUnderCurrentNormalization,9804,[],,[]
BEDOK,61,CHAI CHEE RD,16,Unmatched,Missing,NoPostalAssertionUnderCurrentNormalization,9821,[],,[]
BEDOK,61,NEW UPP CHANGI RD,28,Unmatched,Missing,NoPostalAssertionUnderCurrentNormalization,9828,[],,[]
BEDOK,610,BEDOK RESERVOIR RD,8,Unmatched,Missing,NoPostalAssertionUnderCurrentNormalization,9838,[],,[]
BEDOK,611,BEDOK RESERVOIR RD,25,Unmatched,Missing,NoPostalAssertionUnderCurrentNormalization,9853,[],,[]
BEDOK,612,BEDOK RESERVOIR RD,16,Unmatched,Missing,NoPostalAssertionUnderCurrentNormalization,9866,[],,[]
BEDOK,613,BEDOK RESERVOIR RD,30,Unmatched,Missing,NoPostalAssertionUnderCurrentNormalization,9883,[],,[]
BEDOK,613A,BEDOK RESERVOIR RD,9,Unmatched,Missing,NoPostalAssertionUnderCurrentNormalization,9895,[],,[]
BEDOK,613B,BEDOK RESERVOIR RD,33,Unmatched,Missing,NoPostalAssertionUnderCurrentNormalization,9901,[],,[]
BEDOK,614,BEDOK RESERVOIR RD,17,Unmatched,Missing,NoPostalAssertionUnderCurrentNormalization,9909,[],,[]
BEDOK,615,BEDOK RESERVOIR RD,31,Unmatched,Missing,NoPostalAssertionUnderCurrentNormalization,9925,[],,[]
BEDOK,616,BEDOK RESERVOIR RD,45,Unmatched,Missing,NoPostalAssertionUnderCurrentNormalization,9938,[],,[]
BEDOK,617,BEDOK RESERVOIR RD,17,Unmatched,Missing,NoPostalAssertionUnderCurrentNormalization,9949,[],,[]
BEDOK,618,BEDOK RESERVOIR RD,11,Unmatched,Missing,NoPostalAssertionUnderCurrentNormalization,9963,[],,[]
BEDOK,619,BEDOK RESERVOIR RD,20,Unmatched,Missing,NoPostalAssertionUnderCurrentNormalization,9978,[],,[]
BEDOK,62,CHAI CHEE RD,10,Unmatched,Missing,NoPostalAssertionUnderCurrentNormalization,9992,[],,[]
BEDOK,62,NEW UPP CHANGI RD,16,Unmatched,Missing,NoPostalAssertionUnderCurrentNormalization,9999,[],,[]
BEDOK,620,BEDOK RESERVOIR RD,84,Unmatched,Missing,NoPostalAssertionUnderCurrentNormalization,10010,[],,[]
BEDOK,621,BEDOK RESERVOIR RD,23,Unmatched,Missing,NoPostalAssertionUnderCurrentNormalization,10022,[],,[]
BEDOK,622,BEDOK RESERVOIR RD,20,Unmatched,Missing,NoPostalAssertionUnderCurrentNormalization,10036,[],,[]
BEDOK,623,BEDOK RESERVOIR RD,25,Unmatched,Missing,NoPostalAssertionUnderCurrentNormalization,10055,[],,[]
BEDOK,624,BEDOK RESERVOIR RD,4,Unmatched,Missing,NoPostalAssertionUnderCurrentNormalization,10072,[],,[]
BEDOK,625,BEDOK RESERVOIR RD,8,Unmatched,Missing,NoPostalAssertionUnderCurrentNormalization,10091,[],,[]
BEDOK,626,BEDOK RESERVOIR RD,19,Unmatched,Missing,NoPostalAssertionUnderCurrentNormalization,10107,[],,[]
BEDOK,627,BEDOK RESERVOIR RD,14,Unmatched,Missing,NoPostalAssertionUnderCurrentNormalization,10119,[],,[]
BEDOK,628,BEDOK RESERVOIR RD,23,Unmatched,Missing,NoPostalAssertionUnderCurrentNormalization,10133,[],,[]
BEDOK,629,BEDOK RESERVOIR RD,14,Unmatched,Missing,NoPostalAssertionUnderCurrentNormalization,10145,[],,[]
BEDOK,63,CHAI CHEE RD,13,Unmatched,Missing,NoPostalAssertionUnderCurrentNormalization,10158,[],,[]
BEDOK,63,NEW UPP CHANGI RD,19,Unmatched,Missing,NoPostalAssertionUnderCurrentNormalization,10164,[],,[]
BEDOK,631,BEDOK RESERVOIR RD,15,Unmatched,Missing,NoPostalAssertionUnderCurrentNormalization,10186,[],,[]
BEDOK,632,BEDOK RESERVOIR RD,14,Unmatched,Missing,NoPostalAssertionUnderCurrentNormalization,10201,[],,[]
BEDOK,633,BEDOK RESERVOIR RD,10,Unmatched,Missing,NoPostalAssertionUnderCurrentNormalization,10221,[],,[]
BEDOK,634,BEDOK RESERVOIR RD,17,Unmatched,Missing,NoPostalAssertionUnderCurrentNormalization,10245,[],,[]
BEDOK,635,BEDOK RESERVOIR RD,6,Unmatched,Missing,NoPostalAssertionUnderCurrentNormalization,10262,[],,[]
BEDOK,636,BEDOK RESERVOIR RD,17,Unmatched,Missing,NoPostalAssertionUnderCurrentNormalization,10285,[],,[]
BEDOK,637,BEDOK RESERVOIR RD,7,Unmatched,Missing,NoPostalAssertionUnderCurrentNormalization,10307,[],,[]
BEDOK,638,BEDOK RESERVOIR RD,8,Unmatched,Missing,NoPostalAssertionUnderCurrentNormalization,10326,[],,[]
BEDOK,639,BEDOK RESERVOIR RD,13,Unmatched,Missing,NoPostalAssertionUnderCurrentNormalization,10348,[],,[]
BEDOK,64,NEW UPP CHANGI RD,22,Unmatched,Missing,NoPostalAssertionUnderCurrentNormalization,10370,[],,[]
BEDOK,640,BEDOK RESERVOIR RD,16,Unmatched,Missing,NoPostalAssertionUnderCurrentNormalization,10377,[],,[]
BEDOK,641,BEDOK RESERVOIR RD,5,Unmatched,Missing,NoPostalAssertionUnderCurrentNormalization,10396,[],,[]
BEDOK,642,BEDOK RESERVOIR RD,6,Unmatched,Missing,NoPostalAssertionUnderCurrentNormalization,10414,[],,[]
BEDOK,643,BEDOK RESERVOIR RD,9,Unmatched,Missing,NoPostalAssertionUnderCurrentNormalization,10429,[],,[]
BEDOK,644,BEDOK RESERVOIR RD,11,Unmatched,Missing,NoPostalAssertionUnderCurrentNormalization,10442,[],,[]
BEDOK,645,JLN TENAGA,12,Unmatched,Missing,NoPostalAssertionUnderCurrentNormalization,10455,[],,[]
BEDOK,646,JLN TENAGA,9,Unmatched,Missing,NoPostalAssertionUnderCurrentNormalization,10468,[],,[]
BEDOK,647,JLN TENAGA,13,Unmatched,Missing,NoPostalAssertionUnderCurrentNormalization,10481,[],,[]
BEDOK,648,JLN TENAGA,13,Unmatched,Missing,NoPostalAssertionUnderCurrentNormalization,10498,[],,[]
BEDOK,649,JLN TENAGA,14,Unmatched,Missing,NoPostalAssertionUnderCurrentNormalization,10513,[],,[]
BEDOK,65,NEW UPP CHANGI RD,15,Unmatched,Missing,NoPostalAssertionUnderCurrentNormalization,10529,[],,[]
BEDOK,650,JLN TENAGA,16,Unmatched,Missing,NoPostalAssertionUnderCurrentNormalization,10539,[],,[]
BEDOK,651,JLN TENAGA,23,Unmatched,Missing,NoPostalAssertionUnderCurrentNormalization,10551,[],,[]
BEDOK,652,JLN TENAGA,5,Unmatched,Missing,NoPostalAssertionUnderCurrentNormalization,10566,[],,[]
BEDOK,653,JLN TENAGA,12,Unmatched,Missing,NoPostalAssertionUnderCurrentNormalization,10576,[],,[]
BEDOK,654,JLN TENAGA,18,Unmatched,Missing,NoPostalAssertionUnderCurrentNormalization,10588,[],,[]
BEDOK,655,JLN TENAGA,24,Unmatched,Missing,NoPostalAssertionUnderCurrentNormalization,10601,[],,[]
BEDOK,656,JLN TENAGA,17,Unmatched,Missing,NoPostalAssertionUnderCurrentNormalization,10614,[],,[]
BEDOK,657,JLN TENAGA,15,Unmatched,Missing,NoPostalAssertionUnderCurrentNormalization,10629,[],,[]
BEDOK,658,JLN TENAGA,22,Unmatched,Missing,NoPostalAssertionUnderCurrentNormalization,10640,[],,[]
BEDOK,659,JLN TENAGA,11,Unmatched,Missing,NoPostalAssertionUnderCurrentNormalization,10654,[],,[]
BEDOK,66,BEDOK STH AVE 3,22,Unmatched,Missing,NoPostalAssertionUnderCurrentNormalization,10669,[],,[]
BEDOK,660,JLN TENAGA,22,Unmatched,Missing,NoPostalAssertionUnderCurrentNormalization,10682,[],,[]
BEDOK,661,JLN DAMAI,15,Unmatched,Missing,NoPostalAssertionUnderCurrentNormalization,10702,[],,[]
BEDOK,662,JLN DAMAI,5,Unmatched,Missing,NoPostalAssertionUnderCurrentNormalization,10719,[],,[]
BEDOK,663,JLN DAMAI,12,Unmatched,Missing,NoPostalAssertionUnderCurrentNormalization,10737,[],,[]
BEDOK,664,JLN DAMAI,7,Unmatched,Missing,NoPostalAssertionUnderCurrentNormalization,10757,[],,[]
BEDOK,665,JLN DAMAI,22,Unmatched,Missing,NoPostalAssertionUnderCurrentNormalization,10773,[],,[]
BEDOK,666,JLN DAMAI,19,Unmatched,Missing,NoPostalAssertionUnderCurrentNormalization,10788,[],,[]
BEDOK,667,JLN DAMAI,9,Unmatched,Missing,NoPostalAssertionUnderCurrentNormalization,10801,[],,[]
BEDOK,668,JLN DAMAI,5,Unmatched,Missing,NoPostalAssertionUnderCurrentNormalization,10816,[],,[]
BEDOK,669,JLN DAMAI,12,Unmatched,Missing,NoPostalAssertionUnderCurrentNormalization,10830,[],,[]
BEDOK,67,BEDOK STH AVE 3,18,Unmatched,Missing,NoPostalAssertionUnderCurrentNormalization,10840,[],,[]
BEDOK,670,JLN DAMAI,24,Unmatched,Missing,NoPostalAssertionUnderCurrentNormalization,10849,[],,[]
BEDOK,671,JLN DAMAI,13,Unmatched,Missing,NoPostalAssertionUnderCurrentNormalization,10860,[],,[]
BEDOK,672,JLN DAMAI,14,Unmatched,Missing,NoPostalAssertionUnderCurrentNormalization,10879,[],,[]
BEDOK,68,BEDOK STH AVE 3,13,Unmatched,Missing,NoPostalAssertionUnderCurrentNormalization,10998,[],,[]
BEDOK,69,BEDOK STH AVE 3,25,Unmatched,Missing,NoPostalAssertionUnderCurrentNormalization,11144,[],,[]
BEDOK,7,BEDOK STH AVE 2,19,Unmatched,Missing,NoPostalAssertionUnderCurrentNormalization,11224,[],,[]
BEDOK,70,BEDOK STH RD,25,Unmatched,Missing,NoPostalAssertionUnderCurrentNormalization,11256,[],,[]
BEDOK,701,BEDOK RESERVOIR RD,32,Unmatched,Missing,NoPostalAssertionUnderCurrentNormalization,11275,[],,[]
BEDOK,702,BEDOK RESERVOIR RD,24,Unmatched,Missing,NoPostalAssertionUnderCurrentNormalization,11290,[],,[]
BEDOK,703,BEDOK RESERVOIR RD,29,Unmatched,Missing,NoPostalAssertionUnderCurrentNormalization,11301,[],,[]
BEDOK,704,BEDOK RESERVOIR RD,35,Unmatched,Missing,NoPostalAssertionUnderCurrentNormalization,11311,[],,[]
BEDOK,705,BEDOK NTH RD,21,Unmatched,Missing,NoPostalAssertionUnderCurrentNormalization,11323,[],,[]
BEDOK,706,BEDOK NTH RD,19,Unmatched,Missing,NoPostalAssertionUnderCurrentNormalization,11332,[],,[]
BEDOK,707,BEDOK NTH RD,21,Unmatched,Missing,NoPostalAssertionUnderCurrentNormalization,11341,[],,[]
BEDOK,708,BEDOK NTH RD,18,Unmatched,Missing,NoPostalAssertionUnderCurrentNormalization,11350,[],,[]
BEDOK,709,BEDOK RESERVOIR RD,53,Unmatched,Missing,NoPostalAssertionUnderCurrentNormalization,11361,[],,[]
BEDOK,71,BEDOK STH RD,31,Unmatched,Missing,NoPostalAssertionUnderCurrentNormalization,11370,[],,[]
BEDOK,710,BEDOK RESERVOIR RD,29,Unmatched,Missing,NoPostalAssertionUnderCurrentNormalization,11379,[],,[]
BEDOK,711,BEDOK RESERVOIR RD,22,Unmatched,Missing,NoPostalAssertionUnderCurrentNormalization,11391,[],,[]
BEDOK,712,BEDOK RESERVOIR RD,39,Unmatched,Missing,NoPostalAssertionUnderCurrentNormalization,11401,[],,[]
BEDOK,713,BEDOK RESERVOIR RD,35,Unmatched,Missing,NoPostalAssertionUnderCurrentNormalization,11413,[],,[]
BEDOK,714,BEDOK RESERVOIR RD,18,Unmatched,Missing,NoPostalAssertionUnderCurrentNormalization,11422,[],,[]
BEDOK,715,BEDOK RESERVOIR RD,15,Unmatched,Missing,NoPostalAssertionUnderCurrentNormalization,11432,[],,[]
BEDOK,716,BEDOK RESERVOIR RD,16,Unmatched,Missing,NoPostalAssertionUnderCurrentNormalization,11440,[],,[]
BEDOK,717,BEDOK RESERVOIR RD,30,Unmatched,Missing,NoPostalAssertionUnderCurrentNormalization,11448,[],,[]
BEDOK,718,BEDOK RESERVOIR RD,47,Unmatched,Missing,NoPostalAssertionUnderCurrentNormalization,11458,[],,[]
BEDOK,719,BEDOK RESERVOIR RD,18,Unmatched,Missing,NoPostalAssertionUnderCurrentNormalization,11466,[],,[]
BEDOK,72,BEDOK STH AVE 3,15,Unmatched,Missing,NoPostalAssertionUnderCurrentNormalization,11472,[],,[]
BEDOK,720,BEDOK RESERVOIR RD,19,Unmatched,Missing,NoPostalAssertionUnderCurrentNormalization,11481,[],,[]
BEDOK,721,BEDOK RESERVOIR RD,30,Unmatched,Missing,NoPostalAssertionUnderCurrentNormalization,11490,[],,[]
BEDOK,722,BEDOK RESERVOIR RD,27,Unmatched,Missing,NoPostalAssertionUnderCurrentNormalization,11499,[],,[]
BEDOK,723,BEDOK RESERVOIR RD,29,Unmatched,Missing,NoPostalAssertionUnderCurrentNormalization,11508,[],,[]
BEDOK,724,BEDOK RESERVOIR RD,28,Unmatched,Missing,NoPostalAssertionUnderCurrentNormalization,11517,[],,[]
BEDOK,725,BEDOK RESERVOIR RD,26,Unmatched,Missing,NoPostalAssertionUnderCurrentNormalization,11525,[],,[]
BEDOK,74,BEDOK NTH RD,55,Unmatched,Missing,NoPostalAssertionUnderCurrentNormalization,11629,[],,[]
BEDOK,740,BEDOK RESERVOIR RD,8,Unmatched,Missing,NoPostalAssertionUnderCurrentNormalization,11637,[],,[]
BEDOK,742,BEDOK RESERVOIR RD,12,Unmatched,Missing,NoPostalAssertionUnderCurrentNormalization,11649,[],,[]
BEDOK,744,BEDOK RESERVOIR RD,7,Unmatched,Missing,NoPostalAssertionUnderCurrentNormalization,11660,[],,[]
BEDOK,747A,BEDOK RESERVOIR CRES,30,Unmatched,Missing,NoPostalAssertionUnderCurrentNormalization,11682,[],,[]
BEDOK,747B,BEDOK RESERVOIR CRES,45,Unmatched,Missing,NoPostalAssertionUnderCurrentNormalization,11685,[],,[]
BEDOK,747C,BEDOK RESERVOIR CRES,39,Unmatched,Missing,NoPostalAssertionUnderCurrentNormalization,11686,[],,[]
BEDOK,748A,BEDOK RESERVOIR CRES,37,Unmatched,Missing,NoPostalAssertionUnderCurrentNormalization,11692,[],,[]
BEDOK,748B,BEDOK RESERVOIR CRES,51,Unmatched,Missing,NoPostalAssertionUnderCurrentNormalization,11694,[],,[]
BEDOK,748C,BEDOK RESERVOIR CRES,40,Unmatched,Missing,NoPostalAssertionUnderCurrentNormalization,11695,[],,[]
BEDOK,75,BEDOK NTH RD,55,Unmatched,Missing,NoPostalAssertionUnderCurrentNormalization,11701,[],,[]
BEDOK,76,BEDOK NTH RD,43,Unmatched,Missing,NoPostalAssertionUnderCurrentNormalization,11772,[],,[]
BEDOK,77,BEDOK NTH RD,56,Unmatched,Missing,NoPostalAssertionUnderCurrentNormalization,11854,[],,[]
BEDOK,772,BEDOK RESERVOIR VIEW,46,Unmatched,Missing,NoPostalAssertionUnderCurrentNormalization,11877,[],,[]
BEDOK,78,BEDOK NTH RD,23,Unmatched,Missing,NoPostalAssertionUnderCurrentNormalization,11910,[],,[]
BEDOK,79,BEDOK NTH RD,30,Unmatched,Missing,NoPostalAssertionUnderCurrentNormalization,12007,[],,[]
BEDOK,8,BEDOK STH AVE 2,16,Unmatched,Missing,NoPostalAssertionUnderCurrentNormalization,12053,[],,[]
BEDOK,80,BEDOK NTH RD,21,Unmatched,Missing,NoPostalAssertionUnderCurrentNormalization,12094,[],,[]
BEDOK,803,CHAI CHEE RD,8,Unmatched,Missing,NoPostalAssertionUnderCurrentNormalization,12130,[],,[]
BEDOK,804,CHAI CHEE RD,14,Unmatched,Missing,NoPostalAssertionUnderCurrentNormalization,12140,[],,[]
BEDOK,805,CHAI CHEE RD,14,Unmatched,Missing,NoPostalAssertionUnderCurrentNormalization,12149,[],,[]
BEDOK,807A,CHAI CHEE RD,58,Unmatched,Missing,NoPostalAssertionUnderCurrentNormalization,12172,[],,[]
BEDOK,807B,CHAI CHEE RD,34,Unmatched,Missing,NoPostalAssertionUnderCurrentNormalization,12174,[],,[]
BEDOK,807C,CHAI CHEE RD,66,Unmatched,Missing,NoPostalAssertionUnderCurrentNormalization,12176,[],,[]
BEDOK,808A,CHAI CHEE RD,56,Unmatched,Missing,NoPostalAssertionUnderCurrentNormalization,12183,[],,[]
BEDOK,808B,CHAI CHEE RD,36,Unmatched,Missing,NoPostalAssertionUnderCurrentNormalization,12185,[],,[]
BEDOK,808C,CHAI CHEE RD,61,Unmatched,Missing,NoPostalAssertionUnderCurrentNormalization,12187,[],,[]
BEDOK,81,BEDOK NTH RD,23,Unmatched,Missing,NoPostalAssertionUnderCurrentNormalization,12198,[],,[]
BEDOK,82,BEDOK NTH RD,26,Unmatched,Missing,NoPostalAssertionUnderCurrentNormalization,12283,[],,[]
BEDOK,84,BEDOK NTH ST 4,16,Unmatched,Missing,NoPostalAssertionUnderCurrentNormalization,12417,[],,[]
BEDOK,86,BEDOK NTH ST 4,7,Unmatched,Missing,NoPostalAssertionUnderCurrentNormalization,12562,[],,[]
BEDOK,87,BEDOK NTH ST 4,2,Unmatched,Missing,NoPostalAssertionUnderCurrentNormalization,12631,[],,[]
BEDOK,88,BEDOK NTH ST 4,6,Unmatched,Missing,NoPostalAssertionUnderCurrentNormalization,12698,[],,[]
BEDOK,89,BEDOK NTH ST 4,13,Unmatched,Missing,NoPostalAssertionUnderCurrentNormalization,12753,[],,[]
BEDOK,9,BEDOK STH AVE 2,13,Unmatched,Missing,NoPostalAssertionUnderCurrentNormalization,12822,[],,[]
BEDOK,90,BEDOK NTH ST 4,25,Unmatched,Missing,NoPostalAssertionUnderCurrentNormalization,12848,[],,[]
BEDOK,91,BEDOK NTH ST 4,13,Unmatched,Missing,NoPostalAssertionUnderCurrentNormalization,12889,[],,[]
BEDOK,92,BEDOK NTH AVE 4,30,Unmatched,Missing,NoPostalAssertionUnderCurrentNormalization,12932,[],,[]
BEDOK,93,BEDOK NTH AVE 4,22,Unmatched,Missing,NoPostalAssertionUnderCurrentNormalization,12978,[],,[]
BEDOK,94B,BEDOK NTH AVE 4,17,Unmatched,Missing,NoPostalAssertionUnderCurrentNormalization,13048,[],,[]
BEDOK,94C,BEDOK NTH AVE 4,24,Unmatched,Missing,NoPostalAssertionUnderCurrentNormalization,13049,[],,[]
BEDOK,94D,BEDOK NTH AVE 4,12,Unmatched,Missing,NoPostalAssertionUnderCurrentNormalization,13050,[],,[]
BEDOK,94E,BEDOK NTH AVE 4,10,Unmatched,Missing,NoPostalAssertionUnderCurrentNormalization,13051,[],,[]
BEDOK,95,BEDOK NTH AVE 4,30,Unmatched,Missing,NoPostalAssertionUnderCurrentNormalization,13079,[],,[]
BEDOK,96,BEDOK NTH AVE 4,17,Unmatched,Missing,NoPostalAssertionUnderCurrentNormalization,13142,[],,[]
BEDOK,97,BEDOK NTH AVE 4,23,Unmatched,Missing,NoPostalAssertionUnderCurrentNormalization,13209,[],,[]
BEDOK,98,BEDOK NTH AVE 4,20,Unmatched,Missing,NoPostalAssertionUnderCurrentNormalization,13249,[],,[]
BEDOK,99,BEDOK NTH AVE 4,22,Unmatched,Missing,NoPostalAssertionUnderCurrentNormalization,13306,[],,[]
BISHAN,101,BISHAN ST 12,18,Unmatched,Missing,NoPostalAssertionUnderCurrentNormalization,106,[],,[]
BISHAN,102,BISHAN ST 12,17,Unmatched,Missing,NoPostalAssertionUnderCurrentNormalization,148,[],,[]
BISHAN,103,BISHAN ST 12,24,Unmatched,Missing,NoPostalAssertionUnderCurrentNormalization,189,[],,[]
BISHAN,104,BISHAN ST 12,4,Unmatched,Missing,NoPostalAssertionUnderCurrentNormalization,226,[],,[]
BISHAN,105,BISHAN ST 12,25,Unmatched,Missing,NoPostalAssertionUnderCurrentNormalization,271,[],,[]
BISHAN,106,BISHAN ST 12,25,Unmatched,Missing,NoPostalAssertionUnderCurrentNormalization,310,[],,[]
BISHAN,107,BISHAN ST 12,17,Unmatched,Missing,NoPostalAssertionUnderCurrentNormalization,355,[],,[]
BISHAN,108,BISHAN ST 12,10,Unmatched,Missing,NoPostalAssertionUnderCurrentNormalization,397,[],,[]
BISHAN,109,BISHAN ST 12,26,Unmatched,Missing,NoPostalAssertionUnderCurrentNormalization,439,[],,[]
BISHAN,110,BISHAN ST 12,23,Unmatched,Missing,NoPostalAssertionUnderCurrentNormalization,506,[],,[]
BISHAN,111,BISHAN ST 12,26,Unmatched,Missing,NoPostalAssertionUnderCurrentNormalization,544,[],,[]
BISHAN,112,BISHAN ST 12,22,Unmatched,Missing,NoPostalAssertionUnderCurrentNormalization,582,[],,[]
BISHAN,113,BISHAN ST 12,42,Unmatched,Missing,NoPostalAssertionUnderCurrentNormalization,620,[],,[]
BISHAN,114,BISHAN ST 12,24,Unmatched,Missing,NoPostalAssertionUnderCurrentNormalization,663,[],,[]
BISHAN,115,BISHAN ST 12,36,Unmatched,Missing,NoPostalAssertionUnderCurrentNormalization,700,[],,[]
BISHAN,116,BISHAN ST 12,25,Unmatched,Missing,NoPostalAssertionUnderCurrentNormalization,743,[],,[]
BISHAN,117,BISHAN ST 12,14,Unmatched,Missing,NoPostalAssertionUnderCurrentNormalization,782,[],,[]
BISHAN,118,BISHAN ST 12,3,Unmatched,Missing,NoPostalAssertionUnderCurrentNormalization,821,[],,[]
BISHAN,119,BISHAN ST 12,15,Unmatched,Missing,NoPostalAssertionUnderCurrentNormalization,858,[],,[]
BISHAN,120,BISHAN ST 12,7,Unmatched,Missing,NoPostalAssertionUnderCurrentNormalization,930,[],,[]
BISHAN,121,BISHAN ST 12,7,Unmatched,Missing,NoPostalAssertionUnderCurrentNormalization,973,[],,[]
BISHAN,122,BISHAN ST 12,27,Unmatched,Missing,NoPostalAssertionUnderCurrentNormalization,1014,[],,[]
BISHAN,123,BISHAN ST 12,25,Unmatched,Missing,NoPostalAssertionUnderCurrentNormalization,1048,[],,[]
BISHAN,124,BISHAN ST 12,29,Unmatched,Missing,NoPostalAssertionUnderCurrentNormalization,1080,[],,[]
BISHAN,125,BISHAN ST 12,16,Unmatched,Missing,NoPostalAssertionUnderCurrentNormalization,1110,[],,[]
BISHAN,126,BISHAN ST 12,18,Unmatched,Missing,NoPostalAssertionUnderCurrentNormalization,1138,[],,[]
BISHAN,127,BISHAN ST 12,19,Unmatched,Missing,NoPostalAssertionUnderCurrentNormalization,1176,[],,[]
BISHAN,128,BISHAN ST 12,23,Unmatched,Missing,NoPostalAssertionUnderCurrentNormalization,1204,[],,[]
BISHAN,129,BISHAN ST 12,2,Unmatched,Missing,NoPostalAssertionUnderCurrentNormalization,1236,[],,[]
BISHAN,130,BISHAN ST 12,25,Unmatched,Missing,NoPostalAssertionUnderCurrentNormalization,1290,[],,[]
BISHAN,131,BISHAN ST 12,24,Unmatched,Missing,NoPostalAssertionUnderCurrentNormalization,1319,[],,[]
BISHAN,132,BISHAN ST 12,7,Unmatched,Missing,NoPostalAssertionUnderCurrentNormalization,1354,[],,[]
BISHAN,133,BISHAN ST 12,10,Unmatched,Missing,NoPostalAssertionUnderCurrentNormalization,1382,[],,[]
BISHAN,134,BISHAN ST 12,14,Unmatched,Missing,NoPostalAssertionUnderCurrentNormalization,1408,[],,[]
BISHAN,135,BISHAN ST 12,29,Unmatched,Missing,NoPostalAssertionUnderCurrentNormalization,1430,[],,[]
BISHAN,136,BISHAN ST 12,15,Unmatched,Missing,NoPostalAssertionUnderCurrentNormalization,1454,[],,[]
BISHAN,137,BISHAN ST 12,7,Unmatched,Missing,NoPostalAssertionUnderCurrentNormalization,1472,[],,[]
BISHAN,138,BISHAN ST 12,24,Unmatched,Missing,NoPostalAssertionUnderCurrentNormalization,1494,[],,[]
BISHAN,139,BISHAN ST 12,4,Unmatched,Missing,NoPostalAssertionUnderCurrentNormalization,1520,[],,[]
BISHAN,140,BISHAN ST 12,19,Unmatched,Missing,NoPostalAssertionUnderCurrentNormalization,1567,[],,[]
BISHAN,141,BISHAN ST 12,24,Unmatched,Missing,NoPostalAssertionUnderCurrentNormalization,1587,[],,[]
BISHAN,142,BISHAN ST 12,13,Unmatched,Missing,NoPostalAssertionUnderCurrentNormalization,1609,[],,[]
BISHAN,143,BISHAN ST 12,5,Unmatched,Missing,NoPostalAssertionUnderCurrentNormalization,1629,[],,[]
BISHAN,144,BISHAN ST 12,24,Unmatched,Missing,NoPostalAssertionUnderCurrentNormalization,1646,[],,[]
BISHAN,145,BISHAN ST 11,26,Unmatched,Missing,NoPostalAssertionUnderCurrentNormalization,1662,[],,[]
BISHAN,146,BISHAN ST 11,24,Unmatched,Missing,NoPostalAssertionUnderCurrentNormalization,1680,[],,[]
BISHAN,147,BISHAN ST 11,14,Unmatched,Missing,NoPostalAssertionUnderCurrentNormalization,1700,[],,[]
BISHAN,148,BISHAN ST 11,16,Unmatched,Missing,NoPostalAssertionUnderCurrentNormalization,1718,[],,[]
BISHAN,149,BISHAN ST 11,22,Unmatched,Missing,NoPostalAssertionUnderCurrentNormalization,1735,[],,[]
BISHAN,150,BISHAN ST 11,4,Unmatched,Missing,NoPostalAssertionUnderCurrentNormalization,1772,[],,[]
BISHAN,150A,BISHAN ST 11,11,Unmatched,Missing,NoPostalAssertionUnderCurrentNormalization,1788,[],,[]
BISHAN,151,BISHAN ST 11,4,Unmatched,Missing,NoPostalAssertionUnderCurrentNormalization,1794,[],,[]
BISHAN,152,BISHAN ST 11,3,Unmatched,Missing,NoPostalAssertionUnderCurrentNormalization,1813,[],,[]
BISHAN,153,BISHAN ST 13,35,Unmatched,Missing,NoPostalAssertionUnderCurrentNormalization,1835,[],,[]
BISHAN,154,BISHAN ST 13,23,Unmatched,Missing,NoPostalAssertionUnderCurrentNormalization,1856,[],,[]
BISHAN,155,BISHAN ST 13,21,Unmatched,Missing,NoPostalAssertionUnderCurrentNormalization,1876,[],,[]
BISHAN,156,BISHAN ST 13,17,Unmatched,Missing,NoPostalAssertionUnderCurrentNormalization,1893,[],,[]
BISHAN,157,BISHAN ST 13,19,Unmatched,Missing,NoPostalAssertionUnderCurrentNormalization,1915,[],,[]
BISHAN,158,BISHAN ST 13,24,Unmatched,Missing,NoPostalAssertionUnderCurrentNormalization,1939,[],,[]
BISHAN,159,BISHAN ST 13,5,Unmatched,Missing,NoPostalAssertionUnderCurrentNormalization,1959,[],,[]
BISHAN,160,BISHAN ST 13,6,Unmatched,Missing,NoPostalAssertionUnderCurrentNormalization,1996,[],,[]
BISHAN,161,BISHAN ST 13,23,Unmatched,Missing,NoPostalAssertionUnderCurrentNormalization,2015,[],,[]
BISHAN,162,BISHAN ST 13,4,Unmatched,Missing,NoPostalAssertionUnderCurrentNormalization,2038,[],,[]
BISHAN,163,BISHAN ST 13,15,Unmatched,Missing,NoPostalAssertionUnderCurrentNormalization,2057,[],,[]
BISHAN,164,BISHAN ST 13,23,Unmatched,Missing,NoPostalAssertionUnderCurrentNormalization,2077,[],,[]
BISHAN,165,BISHAN ST 13,28,Unmatched,Missing,NoPostalAssertionUnderCurrentNormalization,2095,[],,[]
BISHAN,166,BISHAN ST 13,34,Unmatched,Missing,NoPostalAssertionUnderCurrentNormalization,2113,[],,[]
BISHAN,167,BISHAN ST 13,26,Unmatched,Missing,NoPostalAssertionUnderCurrentNormalization,2134,[],,[]
BISHAN,168,BISHAN ST 13,15,Unmatched,Missing,NoPostalAssertionUnderCurrentNormalization,2154,[],,[]
BISHAN,169,BISHAN ST 13,4,Unmatched,Missing,NoPostalAssertionUnderCurrentNormalization,2174,[],,[]
BISHAN,170,BISHAN ST 13,16,Unmatched,Missing,NoPostalAssertionUnderCurrentNormalization,2214,[],,[]
BISHAN,171,BISHAN ST 13,27,Unmatched,Missing,NoPostalAssertionUnderCurrentNormalization,2232,[],,[]
BISHAN,172,BISHAN ST 13,17,Unmatched,Missing,NoPostalAssertionUnderCurrentNormalization,2252,[],,[]
BISHAN,173,BISHAN ST 13,12,Unmatched,Missing,NoPostalAssertionUnderCurrentNormalization,2272,[],,[]
BISHAN,174,BISHAN ST 13,7,Unmatched,Missing,NoPostalAssertionUnderCurrentNormalization,2290,[],,[]
BISHAN,175,BISHAN ST 13,21,Unmatched,Missing,NoPostalAssertionUnderCurrentNormalization,2309,[],,[]
BISHAN,176,BISHAN ST 13,30,Unmatched,Missing,NoPostalAssertionUnderCurrentNormalization,2333,[],,[]
BISHAN,177,BISHAN ST 13,20,Unmatched,Missing,NoPostalAssertionUnderCurrentNormalization,2348,[],,[]
BISHAN,178,BISHAN ST 13,25,Unmatched,Missing,NoPostalAssertionUnderCurrentNormalization,2358,[],,[]
BISHAN,179,BISHAN ST 13,16,Unmatched,Missing,NoPostalAssertionUnderCurrentNormalization,2376,[],,[]
BISHAN,180,BISHAN ST 13,14,Unmatched,Missing,NoPostalAssertionUnderCurrentNormalization,2425,[],,[]
BISHAN,181,BISHAN ST 13,33,Unmatched,Missing,NoPostalAssertionUnderCurrentNormalization,2449,[],,[]
BISHAN,182,BISHAN ST 13,19,Unmatched,Missing,NoPostalAssertionUnderCurrentNormalization,2467,[],,[]
BISHAN,183,BISHAN ST 13,13,Unmatched,Missing,NoPostalAssertionUnderCurrentNormalization,2486,[],,[]
BISHAN,184,BISHAN ST 13,15,Unmatched,Missing,NoPostalAssertionUnderCurrentNormalization,2511,[],,[]
BISHAN,185,BISHAN ST 13,22,Unmatched,Missing,NoPostalAssertionUnderCurrentNormalization,2528,[],,[]
BISHAN,186,BISHAN ST 13,27,Unmatched,Missing,NoPostalAssertionUnderCurrentNormalization,2547,[],,[]
BISHAN,187,BISHAN ST 13,21,Unmatched,Missing,NoPostalAssertionUnderCurrentNormalization,2562,[],,[]
BISHAN,188,BISHAN ST 13,10,Unmatched,Missing,NoPostalAssertionUnderCurrentNormalization,2575,[],,[]
BISHAN,189,BISHAN ST 13,9,Unmatched,Missing,NoPostalAssertionUnderCurrentNormalization,2594,[],,[]
BISHAN,190,BISHAN ST 13,26,Unmatched,Missing,NoPostalAssertionUnderCurrentNormalization,2635,[],,[]
BISHAN,191,BISHAN ST 13,13,Unmatched,Missing,NoPostalAssertionUnderCurrentNormalization,2644,[],,[]
BISHAN,192,BISHAN ST 13,16,Unmatched,Missing,NoPostalAssertionUnderCurrentNormalization,2653,[],,[]
BISHAN,193,BISHAN ST 13,12,Unmatched,Missing,NoPostalAssertionUnderCurrentNormalization,2662,[],,[]
BISHAN,194,BISHAN ST 13,19,Unmatched,Missing,NoPostalAssertionUnderCurrentNormalization,2668,[],,[]
BISHAN,195,BISHAN ST 13,21,Unmatched,Missing,NoPostalAssertionUnderCurrentNormalization,2678,[],,[]
BISHAN,196,BISHAN ST 13,18,Unmatched,Missing,NoPostalAssertionUnderCurrentNormalization,2690,[],,[]
BISHAN,197,BISHAN ST 13,13,Unmatched,Missing,NoPostalAssertionUnderCurrentNormalization,2702,[],,[]
BISHAN,201,BISHAN ST 23,11,Unmatched,Missing,NoPostalAssertionUnderCurrentNormalization,2817,[],,[]
BISHAN,202,BISHAN ST 23,1,Unmatched,Missing,NoPostalAssertionUnderCurrentNormalization,2854,[],,[]
BISHAN,203,BISHAN ST 23,11,Unmatched,Missing,NoPostalAssertionUnderCurrentNormalization,2879,[],,[]
BISHAN,204,BISHAN ST 23,17,Unmatched,Missing,NoPostalAssertionUnderCurrentNormalization,2905,[],,[]
BISHAN,205,BISHAN ST 23,10,Unmatched,Missing,NoPostalAssertionUnderCurrentNormalization,2933,[],,[]
BISHAN,206,BISHAN ST 23,12,Unmatched,Missing,NoPostalAssertionUnderCurrentNormalization,2955,[],,[]
BISHAN,207,BISHAN ST 23,11,Unmatched,Missing,NoPostalAssertionUnderCurrentNormalization,2982,[],,[]
BISHAN,208,BISHAN ST 23,5,Unmatched,Missing,NoPostalAssertionUnderCurrentNormalization,3015,[],,[]
BISHAN,209,BISHAN ST 23,9,Unmatched,Missing,NoPostalAssertionUnderCurrentNormalization,3049,[],,[]
BISHAN,210,BISHAN ST 23,7,Unmatched,Missing,NoPostalAssertionUnderCurrentNormalization,3099,[],,[]
BISHAN,211,BISHAN ST 23,8,Unmatched,Missing,NoPostalAssertionUnderCurrentNormalization,3128,[],,[]
BISHAN,212,BISHAN ST 23,25,Unmatched,Missing,NoPostalAssertionUnderCurrentNormalization,3158,[],,[]
BISHAN,213,BISHAN ST 23,17,Unmatched,Missing,NoPostalAssertionUnderCurrentNormalization,3189,[],,[]
BISHAN,214,BISHAN ST 23,17,Unmatched,Missing,NoPostalAssertionUnderCurrentNormalization,3215,[],,[]
BISHAN,215,BISHAN ST 23,11,Unmatched,Missing,NoPostalAssertionUnderCurrentNormalization,3235,[],,[]
BISHAN,216,BISHAN ST 23,15,Unmatched,Missing,NoPostalAssertionUnderCurrentNormalization,3261,[],,[]
BISHAN,217,BISHAN ST 23,12,Unmatched,Missing,NoPostalAssertionUnderCurrentNormalization,3293,[],,[]
BISHAN,218,BISHAN ST 23,4,Unmatched,Missing,NoPostalAssertionUnderCurrentNormalization,3323,[],,[]
BISHAN,219,BISHAN ST 23,16,Unmatched,Missing,NoPostalAssertionUnderCurrentNormalization,3342,[],,[]
BISHAN,22,SIN MING RD,57,Unmatched,Missing,NoPostalAssertionUnderCurrentNormalization,3376,[],,[]
BISHAN,220,BISHAN ST 23,21,Unmatched,Missing,NoPostalAssertionUnderCurrentNormalization,3389,[],,[]
BISHAN,221,BISHAN ST 23,17,Unmatched,Missing,NoPostalAssertionUnderCurrentNormalization,3414,[],,[]
BISHAN,222,BISHAN ST 23,17,Unmatched,Missing,NoPostalAssertionUnderCurrentNormalization,3440,[],,[]
BISHAN,223,BISHAN ST 23,16,Unmatched,Missing,NoPostalAssertionUnderCurrentNormalization,3463,[],,[]
BISHAN,224,BISHAN ST 23,17,Unmatched,Missing,NoPostalAssertionUnderCurrentNormalization,3486,[],,[]
BISHAN,225,BISHAN ST 23,10,Unmatched,Missing,NoPostalAssertionUnderCurrentNormalization,3513,[],,[]
BISHAN,226,BISHAN ST 23,27,Unmatched,Missing,NoPostalAssertionUnderCurrentNormalization,3535,[],,[]
BISHAN,227,BISHAN ST 23,9,Unmatched,Missing,NoPostalAssertionUnderCurrentNormalization,3568,[],,[]
BISHAN,228,BISHAN ST 23,17,Unmatched,Missing,NoPostalAssertionUnderCurrentNormalization,3592,[],,[]
BISHAN,229,BISHAN ST 23,13,Unmatched,Missing,NoPostalAssertionUnderCurrentNormalization,3617,[],,[]
BISHAN,23,SIN MING RD,25,Unmatched,Missing,NoPostalAssertionUnderCurrentNormalization,3646,[],,[]
BISHAN,230,BISHAN ST 23,13,Unmatched,Missing,NoPostalAssertionUnderCurrentNormalization,3658,[],,[]
BISHAN,231,BISHAN ST 23,28,Unmatched,Missing,NoPostalAssertionUnderCurrentNormalization,3685,[],,[]
BISHAN,232,BISHAN ST 22,13,Unmatched,Missing,NoPostalAssertionUnderCurrentNormalization,3708,[],,[]
BISHAN,233,BISHAN ST 22,17,Unmatched,Missing,NoPostalAssertionUnderCurrentNormalization,3728,[],,[]
BISHAN,234,BISHAN ST 22,11,Unmatched,Missing,NoPostalAssertionUnderCurrentNormalization,3753,[],,[]
BISHAN,235,BISHAN ST 22,18,Unmatched,Missing,NoPostalAssertionUnderCurrentNormalization,3773,[],,[]
BISHAN,236,BISHAN ST 22,21,Unmatched,Missing,NoPostalAssertionUnderCurrentNormalization,3789,[],,[]
BISHAN,237,BISHAN ST 22,16,Unmatched,Missing,NoPostalAssertionUnderCurrentNormalization,3805,[],,[]
BISHAN,238,BISHAN ST 22,18,Unmatched,Missing,NoPostalAssertionUnderCurrentNormalization,3823,[],,[]
BISHAN,239,BISHAN ST 22,18,Unmatched,Missing,NoPostalAssertionUnderCurrentNormalization,3842,[],,[]
BISHAN,24,SIN MING RD,29,Unmatched,Missing,NoPostalAssertionUnderCurrentNormalization,3867,[],,[]
BISHAN,240,BISHAN ST 22,4,Unmatched,Missing,NoPostalAssertionUnderCurrentNormalization,3873,[],,[]
BISHAN,241,BISHAN ST 22,21,Unmatched,Missing,NoPostalAssertionUnderCurrentNormalization,3888,[],,[]
BISHAN,242,BISHAN ST 22,15,Unmatched,Missing,NoPostalAssertionUnderCurrentNormalization,3905,[],,[]
BISHAN,243,BISHAN ST 22,23,Unmatched,Missing,NoPostalAssertionUnderCurrentNormalization,3916,[],,[]
BISHAN,244,BISHAN ST 22,2,Unmatched,Missing,NoPostalAssertionUnderCurrentNormalization,3931,[],,[]
BISHAN,245,BISHAN ST 22,27,Unmatched,Missing,NoPostalAssertionUnderCurrentNormalization,3947,[],,[]
BISHAN,246,BISHAN ST 22,12,Unmatched,Missing,NoPostalAssertionUnderCurrentNormalization,3963,[],,[]
BISHAN,247,BISHAN ST 22,2,Unmatched,Missing,NoPostalAssertionUnderCurrentNormalization,3978,[],,[]
BISHAN,248,BISHAN ST 22,11,Unmatched,Missing,NoPostalAssertionUnderCurrentNormalization,3990,[],,[]
BISHAN,249,BISHAN ST 22,15,Unmatched,Missing,NoPostalAssertionUnderCurrentNormalization,4003,[],,[]
BISHAN,25,SIN MING RD,29,Unmatched,Missing,NoPostalAssertionUnderCurrentNormalization,4024,[],,[]
BISHAN,250,BISHAN ST 22,20,Unmatched,Missing,NoPostalAssertionUnderCurrentNormalization,4035,[],,[]
BISHAN,251,BISHAN ST 22,14,Unmatched,Missing,NoPostalAssertionUnderCurrentNormalization,4049,[],,[]
BISHAN,252,BISHAN ST 22,13,Unmatched,Missing,NoPostalAssertionUnderCurrentNormalization,4061,[],,[]
BISHAN,253,BISHAN ST 22,14,Unmatched,Missing,NoPostalAssertionUnderCurrentNormalization,4074,[],,[]
BISHAN,254,BISHAN ST 22,23,Unmatched,Missing,NoPostalAssertionUnderCurrentNormalization,4090,[],,[]
BISHAN,255,BISHAN ST 22,16,Unmatched,Missing,NoPostalAssertionUnderCurrentNormalization,4105,[],,[]
BISHAN,256,BISHAN ST 22,17,Unmatched,Missing,NoPostalAssertionUnderCurrentNormalization,4119,[],,[]
BISHAN,257,BISHAN ST 22,30,Unmatched,Missing,NoPostalAssertionUnderCurrentNormalization,4140,[],,[]
BISHAN,258,BISHAN ST 22,5,Unmatched,Missing,NoPostalAssertionUnderCurrentNormalization,4158,[],,[]
BISHAN,259,BISHAN ST 22,14,Unmatched,Missing,NoPostalAssertionUnderCurrentNormalization,4178,[],,[]
BISHAN,260,BISHAN ST 22,18,Unmatched,Missing,NoPostalAssertionUnderCurrentNormalization,4220,[],,[]
BISHAN,261,BISHAN ST 22,20,Unmatched,Missing,NoPostalAssertionUnderCurrentNormalization,4238,[],,[]
BISHAN,262,BISHAN ST 22,21,Unmatched,Missing,NoPostalAssertionUnderCurrentNormalization,4257,[],,[]
BISHAN,263,BISHAN ST 22,21,Unmatched,Missing,NoPostalAssertionUnderCurrentNormalization,4272,[],,[]
BISHAN,264,BISHAN ST 24,15,Unmatched,Missing,NoPostalAssertionUnderCurrentNormalization,4283,[],,[]
BISHAN,265,BISHAN ST 24,20,Unmatched,Missing,NoPostalAssertionUnderCurrentNormalization,4300,[],,[]
BISHAN,266,BISHAN ST 24,13,Unmatched,Missing,NoPostalAssertionUnderCurrentNormalization,4319,[],,[]
BISHAN,267,BISHAN ST 24,15,Unmatched,Missing,NoPostalAssertionUnderCurrentNormalization,4339,[],,[]
BISHAN,268,BISHAN ST 24,26,Unmatched,Missing,NoPostalAssertionUnderCurrentNormalization,4358,[],,[]
BISHAN,269,BISHAN ST 24,13,Unmatched,Missing,NoPostalAssertionUnderCurrentNormalization,4381,[],,[]
BISHAN,270,BISHAN ST 24,11,Unmatched,Missing,NoPostalAssertionUnderCurrentNormalization,4425,[],,[]
BISHAN,271,BISHAN ST 24,16,Unmatched,Missing,NoPostalAssertionUnderCurrentNormalization,4440,[],,[]
BISHAN,272,BISHAN ST 24,35,Unmatched,Missing,NoPostalAssertionUnderCurrentNormalization,4463,[],,[]
BISHAN,273A,BISHAN ST 24,74,Unmatched,Missing,NoPostalAssertionUnderCurrentNormalization,4497,[],,[]
BISHAN,273B,BISHAN ST 24,75,Unmatched,Missing,NoPostalAssertionUnderCurrentNormalization,4503,[],,[]
BISHAN,275A,BISHAN ST 24,82,Unmatched,Missing,NoPostalAssertionUnderCurrentNormalization,4548,[],,[]
BISHAN,278,BISHAN ST 24,11,Unmatched,Missing,NoPostalAssertionUnderCurrentNormalization,4582,[],,[]
BISHAN,281,BISHAN ST 24,3,Unmatched,Missing,NoPostalAssertionUnderCurrentNormalization,4635,[],,[]
BISHAN,285,BISHAN ST 22,19,Unmatched,Missing,NoPostalAssertionUnderCurrentNormalization,4666,[],,[]
BISHAN,286,BISHAN ST 24,26,Unmatched,Missing,NoPostalAssertionUnderCurrentNormalization,4677,[],,[]
BISHAN,287,BISHAN ST 24,7,Unmatched,Missing,NoPostalAssertionUnderCurrentNormalization,4691,[],,[]
BISHAN,288,BISHAN ST 24,30,Unmatched,Missing,NoPostalAssertionUnderCurrentNormalization,4705,[],,[]
BISHAN,289,BISHAN ST 24,23,Unmatched,Missing,NoPostalAssertionUnderCurrentNormalization,4732,[],,[]
BISHAN,290,BISHAN ST 24,42,Unmatched,Missing,NoPostalAssertionUnderCurrentNormalization,4773,[],,[]
BISHAN,291,BISHAN ST 24,41,Unmatched,Missing,NoPostalAssertionUnderCurrentNormalization,4790,[],,[]
BISHAN,292,BISHAN ST 22,19,Unmatched,Missing,NoPostalAssertionUnderCurrentNormalization,4805,[],,[]
BISHAN,293,BISHAN ST 22,31,Unmatched,Missing,NoPostalAssertionUnderCurrentNormalization,4818,[],,[]
BISHAN,301,SHUNFU RD,24,Unmatched,Missing,NoPostalAssertionUnderCurrentNormalization,4969,[],,[]
BISHAN,302,SHUNFU RD,5,Unmatched,Missing,NoPostalAssertionUnderCurrentNormalization,4996,[],,[]
BISHAN,303,SHUNFU RD,15,Unmatched,Missing,NoPostalAssertionUnderCurrentNormalization,5024,[],,[]
BISHAN,304,SHUNFU RD,31,Unmatched,Missing,NoPostalAssertionUnderCurrentNormalization,5044,[],,[]
BISHAN,305,SHUNFU RD,12,Unmatched,Missing,NoPostalAssertionUnderCurrentNormalization,5064,[],,[]
BISHAN,306,SHUNFU RD,10,Unmatched,Missing,NoPostalAssertionUnderCurrentNormalization,5086,[],,[]
BISHAN,307,SHUNFU RD,22,Unmatched,Missing,NoPostalAssertionUnderCurrentNormalization,5116,[],,[]
BISHAN,308,SHUNFU RD,32,Unmatched,Missing,NoPostalAssertionUnderCurrentNormalization,5142,[],,[]
BISHAN,309,SHUNFU RD,26,Unmatched,Missing,NoPostalAssertionUnderCurrentNormalization,5166,[],,[]
BISHAN,310,SHUNFU RD,18,Unmatched,Missing,NoPostalAssertionUnderCurrentNormalization,5206,[],,[]
BISHAN,311,SHUNFU RD,8,Unmatched,Missing,NoPostalAssertionUnderCurrentNormalization,5227,[],,[]
BISHAN,312,SHUNFU RD,19,Unmatched,Missing,NoPostalAssertionUnderCurrentNormalization,5249,[],,[]
BISHAN,313,SHUNFU RD,37,Unmatched,Missing,NoPostalAssertionUnderCurrentNormalization,5271,[],,[]
BISHAN,401,SIN MING AVE,10,Unmatched,Missing,NoPostalAssertionUnderCurrentNormalization,6577,[],,[]
BISHAN,402,SIN MING AVE,21,Unmatched,Missing,NoPostalAssertionUnderCurrentNormalization,6604,[],,[]
BISHAN,403,SIN MING AVE,27,Unmatched,Missing,NoPostalAssertionUnderCurrentNormalization,6626,[],,[]
BISHAN,404,SIN MING AVE,6,Unmatched,Missing,NoPostalAssertionUnderCurrentNormalization,6648,[],,[]
BISHAN,405,SIN MING AVE,22,Unmatched,Missing,NoPostalAssertionUnderCurrentNormalization,6669,[],,[]
BISHAN,406,SIN MING AVE,44,Unmatched,Missing,NoPostalAssertionUnderCurrentNormalization,6690,[],,[]
BISHAN,407,SIN MING AVE,30,Unmatched,Missing,NoPostalAssertionUnderCurrentNormalization,6715,[],,[]
BISHAN,408,SIN MING AVE,19,Unmatched,Missing,NoPostalAssertionUnderCurrentNormalization,6734,[],,[]
BISHAN,441,SIN MING AVE,19,Unmatched,Missing,NoPostalAssertionUnderCurrentNormalization,7426,[],,[]
BISHAN,442,SIN MING AVE,22,Unmatched,Missing,NoPostalAssertionUnderCurrentNormalization,7449,[],,[]
BISHAN,443,SIN MING AVE,11,Unmatched,Missing,NoPostalAssertionUnderCurrentNormalization,7470,[],,[]
BISHAN,444,SIN MING AVE,14,Unmatched,Missing,NoPostalAssertionUnderCurrentNormalization,7491,[],,[]
BISHAN,445,SIN MING AVE,26,Unmatched,Missing,NoPostalAssertionUnderCurrentNormalization,7503,[],,[]
BISHAN,446,BRIGHT HILL DR,15,Unmatched,Missing,NoPostalAssertionUnderCurrentNormalization,7517,[],,[]
BISHAN,447,BRIGHT HILL DR,16,Unmatched,Missing,NoPostalAssertionUnderCurrentNormalization,7537,[],,[]
BISHAN,448,BRIGHT HILL DR,18,Unmatched,Missing,NoPostalAssertionUnderCurrentNormalization,7553,[],,[]
BISHAN,449,SIN MING AVE,23,Unmatched,Missing,NoPostalAssertionUnderCurrentNormalization,7582,[],,[]
BISHAN,450,SIN MING AVE,15,Unmatched,Missing,NoPostalAssertionUnderCurrentNormalization,7614,[],,[]
BISHAN,451,SIN MING AVE,17,Unmatched,Missing,NoPostalAssertionUnderCurrentNormalization,7641,[],,[]
BISHAN,452,SIN MING AVE,7,Unmatched,Missing,NoPostalAssertionUnderCurrentNormalization,7657,[],,[]
BISHAN,453,SIN MING AVE,18,Unmatched,Missing,NoPostalAssertionUnderCurrentNormalization,7672,[],,[]
BISHAN,454,SIN MING AVE,18,Unmatched,Missing,NoPostalAssertionUnderCurrentNormalization,7691,[],,[]
BISHAN,455,SIN MING AVE,22,Unmatched,Missing,NoPostalAssertionUnderCurrentNormalization,7702,[],,[]
BISHAN,501,BISHAN ST 11,10,Unmatched,Missing,NoPostalAssertionUnderCurrentNormalization,8442,[],,[]
BISHAN,502,BISHAN ST 11,4,Unmatched,Missing,NoPostalAssertionUnderCurrentNormalization,8463,[],,[]
BISHAN,503,BISHAN ST 11,12,Unmatched,Missing,NoPostalAssertionUnderCurrentNormalization,8485,[],,[]
BISHAN,506,BISHAN ST 11,10,Unmatched,Missing,NoPostalAssertionUnderCurrentNormalization,8553,[],,[]
BUKIT BATOK,101,BT BATOK WEST AVE 6,20,Unmatched,Missing,NoPostalAssertionUnderCurrentNormalization,107,[],,[]
BUKIT BATOK,102,BT BATOK WEST AVE 6,24,Unmatched,Missing,NoPostalAssertionUnderCurrentNormalization,149,[],,[]
BUKIT BATOK,103,BT BATOK CTRL,22,Unmatched,Missing,NoPostalAssertionUnderCurrentNormalization,190,[],,[]
BUKIT BATOK,104,BT BATOK CTRL,17,Unmatched,Missing,NoPostalAssertionUnderCurrentNormalization,227,[],,[]
BUKIT BATOK,105,BT BATOK CTRL,13,Unmatched,Missing,NoPostalAssertionUnderCurrentNormalization,272,[],,[]
BUKIT BATOK,106,BT BATOK CTRL,16,Unmatched,Missing,NoPostalAssertionUnderCurrentNormalization,312,[],,[]
BUKIT BATOK,107,BT BATOK WEST AVE 6,18,Unmatched,Missing,NoPostalAssertionUnderCurrentNormalization,356,[],,[]
BUKIT BATOK,108,BT BATOK WEST AVE 6,14,Unmatched,Missing,NoPostalAssertionUnderCurrentNormalization,398,[],,[]
BUKIT BATOK,109,BT BATOK WEST AVE 6,34,Unmatched,Missing,NoPostalAssertionUnderCurrentNormalization,442,[],,[]
BUKIT BATOK,110,BT BATOK WEST AVE 6,28,Unmatched,Missing,NoPostalAssertionUnderCurrentNormalization,508,[],,[]
BUKIT BATOK,111,BT BATOK WEST AVE 6,18,Unmatched,Missing,NoPostalAssertionUnderCurrentNormalization,545,[],,[]
BUKIT BATOK,112,BT BATOK WEST AVE 6,31,Unmatched,Missing,NoPostalAssertionUnderCurrentNormalization,583,[],,[]
BUKIT BATOK,113,BT BATOK WEST AVE 6,30,Unmatched,Missing,NoPostalAssertionUnderCurrentNormalization,622,[],,[]
BUKIT BATOK,114,BT BATOK WEST AVE 6,11,Unmatched,Missing,NoPostalAssertionUnderCurrentNormalization,664,[],,[]
BUKIT BATOK,115,BT BATOK WEST AVE 6,22,Unmatched,Missing,NoPostalAssertionUnderCurrentNormalization,703,[],,[]
BUKIT BATOK,116,BT BATOK WEST AVE 6,13,Unmatched,Missing,NoPostalAssertionUnderCurrentNormalization,744,[],,[]
BUKIT BATOK,117,BT BATOK WEST AVE 6,28,Unmatched,Missing,NoPostalAssertionUnderCurrentNormalization,784,[],,[]
BUKIT BATOK,118,BT BATOK WEST AVE 6,19,Unmatched,Missing,NoPostalAssertionUnderCurrentNormalization,823,[],,[]
BUKIT BATOK,119,BT BATOK WEST AVE 6,15,Unmatched,Missing,NoPostalAssertionUnderCurrentNormalization,862,[],,[]
BUKIT BATOK,120,BT BATOK CTRL,28,Unmatched,Missing,NoPostalAssertionUnderCurrentNormalization,931,[],,[]
BUKIT BATOK,121,BT BATOK CTRL,20,Unmatched,Missing,NoPostalAssertionUnderCurrentNormalization,976,[],,[]
BUKIT BATOK,122,BT BATOK CTRL,27,Unmatched,Missing,NoPostalAssertionUnderCurrentNormalization,1016,[],,[]
BUKIT BATOK,123,BT BATOK CTRL,7,Unmatched,Missing,NoPostalAssertionUnderCurrentNormalization,1050,[],,[]
BUKIT BATOK,124,BT BATOK CTRL,3,Unmatched,Missing,NoPostalAssertionUnderCurrentNormalization,1081,[],,[]
BUKIT BATOK,125,BT BATOK CTRL,43,Unmatched,Missing,NoPostalAssertionUnderCurrentNormalization,1112,[],,[]
BUKIT BATOK,126,BT BATOK CTRL,4,Unmatched,Missing,NoPostalAssertionUnderCurrentNormalization,1139,[],,[]
BUKIT BATOK,127,BT BATOK WEST AVE 6,23,Unmatched,Missing,NoPostalAssertionUnderCurrentNormalization,1178,[],,[]
BUKIT BATOK,128,BT BATOK WEST AVE 6,5,Unmatched,Missing,NoPostalAssertionUnderCurrentNormalization,1206,[],,[]
BUKIT BATOK,129,BT BATOK WEST AVE 6,34,Unmatched,Missing,NoPostalAssertionUnderCurrentNormalization,1237,[],,[]
BUKIT BATOK,130,BT BATOK WEST AVE 6,42,Unmatched,Missing,NoPostalAssertionUnderCurrentNormalization,1292,[],,[]
BUKIT BATOK,131,BT BATOK WEST AVE 6,26,Unmatched,Missing,NoPostalAssertionUnderCurrentNormalization,1320,[],,[]
BUKIT BATOK,132,BT BATOK WEST AVE 6,2,Unmatched,Missing,NoPostalAssertionUnderCurrentNormalization,1355,[],,[]
BUKIT BATOK,133,BT BATOK WEST AVE 6,6,Unmatched,Missing,NoPostalAssertionUnderCurrentNormalization,1383,[],,[]
BUKIT BATOK,134,BT BATOK WEST AVE 6,23,Unmatched,Missing,NoPostalAssertionUnderCurrentNormalization,1409,[],,[]
BUKIT BATOK,135,BT BATOK WEST AVE 6,31,Unmatched,Missing,NoPostalAssertionUnderCurrentNormalization,1431,[],,[]
BUKIT BATOK,136,BT BATOK WEST AVE 6,33,Unmatched,Missing,NoPostalAssertionUnderCurrentNormalization,1455,[],,[]
BUKIT BATOK,137,BT BATOK WEST AVE 6,5,Unmatched,Missing,NoPostalAssertionUnderCurrentNormalization,1473,[],,[]
BUKIT BATOK,138,BT BATOK WEST AVE 6,29,Unmatched,Missing,NoPostalAssertionUnderCurrentNormalization,1495,[],,[]
BUKIT BATOK,139,BT BATOK WEST AVE 6,18,Unmatched,Missing,NoPostalAssertionUnderCurrentNormalization,1521,[],,[]
BUKIT BATOK,140,BT BATOK ST 11,27,Unmatched,Missing,NoPostalAssertionUnderCurrentNormalization,1568,[],,[]
BUKIT BATOK,141,BT BATOK ST 11,27,Unmatched,Missing,NoPostalAssertionUnderCurrentNormalization,1588,[],,[]
BUKIT BATOK,142,BT BATOK ST 11,22,Unmatched,Missing,NoPostalAssertionUnderCurrentNormalization,1610,[],,[]
BUKIT BATOK,143,BT BATOK ST 11,6,Unmatched,Missing,NoPostalAssertionUnderCurrentNormalization,1630,[],,[]
BUKIT BATOK,144,BT BATOK WEST AVE 6,8,Unmatched,Missing,NoPostalAssertionUnderCurrentNormalization,1647,[],,[]
BUKIT BATOK,145,BT BATOK ST 11,13,Unmatched,Missing,NoPostalAssertionUnderCurrentNormalization,1663,[],,[]
BUKIT BATOK,146,BT BATOK WEST AVE 6,34,Unmatched,Missing,NoPostalAssertionUnderCurrentNormalization,1681,[],,[]
BUKIT BATOK,147,BT BATOK WEST AVE 6,3,Unmatched,Missing,NoPostalAssertionUnderCurrentNormalization,1701,[],,[]
BUKIT BATOK,148,BT BATOK WEST AVE 6,33,Unmatched,Missing,NoPostalAssertionUnderCurrentNormalization,1719,[],,[]
BUKIT BATOK,149,BT BATOK WEST AVE 6,1,Unmatched,Missing,NoPostalAssertionUnderCurrentNormalization,1736,[],,[]
BUKIT BATOK,150,BT BATOK ST 11,6,Unmatched,Missing,NoPostalAssertionUnderCurrentNormalization,1773,[],,[]
BUKIT BATOK,152,BT BATOK ST 11,11,Unmatched,Missing,NoPostalAssertionUnderCurrentNormalization,1814,[],,[]
BUKIT BATOK,154,BT BATOK ST 11,4,Unmatched,Missing,NoPostalAssertionUnderCurrentNormalization,1857,[],,[]
BUKIT BATOK,157,BT BATOK ST 11,3,Unmatched,Missing,NoPostalAssertionUnderCurrentNormalization,1916,[],,[]
BUKIT BATOK,160,BT BATOK ST 11,26,Unmatched,Missing,NoPostalAssertionUnderCurrentNormalization,1997,[],,[]
BUKIT BATOK,161,BT BATOK ST 11,25,Unmatched,Missing,NoPostalAssertionUnderCurrentNormalization,2017,[],,[]
BUKIT BATOK,162,BT BATOK ST 11,37,Unmatched,Missing,NoPostalAssertionUnderCurrentNormalization,2040,[],,[]
BUKIT BATOK,163,BT BATOK ST 11,23,Unmatched,Missing,NoPostalAssertionUnderCurrentNormalization,2059,[],,[]
BUKIT BATOK,164,BT BATOK ST 11,30,Unmatched,Missing,NoPostalAssertionUnderCurrentNormalization,2079,[],,[]
BUKIT BATOK,165,BT BATOK WEST AVE 8,22,Unmatched,Missing,NoPostalAssertionUnderCurrentNormalization,2096,[],,[]
BUKIT BATOK,166,BT BATOK WEST AVE 8,7,Unmatched,Missing,NoPostalAssertionUnderCurrentNormalization,2115,[],,[]
BUKIT BATOK,167,BT BATOK WEST AVE 8,15,Unmatched,Missing,NoPostalAssertionUnderCurrentNormalization,2135,[],,[]
BUKIT BATOK,168,BT BATOK WEST AVE 8,24,Unmatched,Missing,NoPostalAssertionUnderCurrentNormalization,2155,[],,[]
BUKIT BATOK,169,BT BATOK WEST AVE 8,26,Unmatched,Missing,NoPostalAssertionUnderCurrentNormalization,2175,[],,[]
BUKIT BATOK,170,BT BATOK WEST AVE 8,23,Unmatched,Missing,NoPostalAssertionUnderCurrentNormalization,2215,[],,[]
BUKIT BATOK,171,BT BATOK WEST AVE 8,29,Unmatched,Missing,NoPostalAssertionUnderCurrentNormalization,2233,[],,[]
BUKIT BATOK,172,BT BATOK WEST AVE 8,34,Unmatched,Missing,NoPostalAssertionUnderCurrentNormalization,2253,[],,[]
BUKIT BATOK,173,BT BATOK WEST AVE 8,5,Unmatched,Missing,NoPostalAssertionUnderCurrentNormalization,2273,[],,[]
BUKIT BATOK,174,BT BATOK WEST AVE 8,3,Unmatched,Missing,NoPostalAssertionUnderCurrentNormalization,2292,[],,[]
BUKIT BATOK,175,BT BATOK WEST AVE 8,28,Unmatched,Missing,NoPostalAssertionUnderCurrentNormalization,2311,[],,[]
BUKIT BATOK,176,BT BATOK WEST AVE 8,33,Unmatched,Missing,NoPostalAssertionUnderCurrentNormalization,2335,[],,[]
BUKIT BATOK,177,BT BATOK WEST AVE 8,23,Unmatched,Missing,NoPostalAssertionUnderCurrentNormalization,2350,[],,[]
BUKIT BATOK,178,BT BATOK WEST AVE 8,19,Unmatched,Missing,NoPostalAssertionUnderCurrentNormalization,2360,[],,[]
BUKIT BATOK,179,BT BATOK WEST AVE 8,11,Unmatched,Missing,NoPostalAssertionUnderCurrentNormalization,2378,[],,[]
BUKIT BATOK,180,BT BATOK WEST AVE 8,33,Unmatched,Missing,NoPostalAssertionUnderCurrentNormalization,2427,[],,[]
BUKIT BATOK,181,BT BATOK WEST AVE 8,3,Unmatched,Missing,NoPostalAssertionUnderCurrentNormalization,2450,[],,[]
BUKIT BATOK,182,BT BATOK WEST AVE 8,26,Unmatched,Missing,NoPostalAssertionUnderCurrentNormalization,2469,[],,[]
BUKIT BATOK,183,BT BATOK WEST AVE 8,17,Unmatched,Missing,NoPostalAssertionUnderCurrentNormalization,2488,[],,[]
BUKIT BATOK,184,BT BATOK WEST AVE 8,6,Unmatched,Missing,NoPostalAssertionUnderCurrentNormalization,2512,[],,[]
BUKIT BATOK,185,BT BATOK WEST AVE 6,14,Unmatched,Missing,NoPostalAssertionUnderCurrentNormalization,2530,[],,[]
BUKIT BATOK,186,BT BATOK WEST AVE 6,9,Unmatched,Missing,NoPostalAssertionUnderCurrentNormalization,2549,[],,[]
BUKIT BATOK,187,BT BATOK WEST AVE 6,37,Unmatched,Missing,NoPostalAssertionUnderCurrentNormalization,2564,[],,[]
BUKIT BATOK,188,BT BATOK WEST AVE 6,14,Unmatched,Missing,NoPostalAssertionUnderCurrentNormalization,2577,[],,[]
BUKIT BATOK,189,BT BATOK WEST AVE 6,21,Unmatched,Missing,NoPostalAssertionUnderCurrentNormalization,2596,[],,[]
BUKIT BATOK,190,BT BATOK WEST AVE 6,24,Unmatched,Missing,NoPostalAssertionUnderCurrentNormalization,2637,[],,[]
BUKIT BATOK,191,BT BATOK WEST AVE 6,12,Unmatched,Missing,NoPostalAssertionUnderCurrentNormalization,2646,[],,[]
BUKIT BATOK,192,BT BATOK WEST AVE 6,18,Unmatched,Missing,NoPostalAssertionUnderCurrentNormalization,2654,[],,[]
BUKIT BATOK,193,BT BATOK WEST AVE 6,14,Unmatched,Missing,NoPostalAssertionUnderCurrentNormalization,2663,[],,[]
BUKIT BATOK,194A,BT BATOK WEST AVE 6,72,Unmatched,Missing,NoPostalAssertionUnderCurrentNormalization,2674,[],,[]
BUKIT BATOK,194B,BT BATOK WEST AVE 6,108,Unmatched,Missing,NoPostalAssertionUnderCurrentNormalization,2677,[],,[]
BUKIT BATOK,201,BT BATOK ST 21,28,Unmatched,Missing,NoPostalAssertionUnderCurrentNormalization,2819,[],,[]
BUKIT BATOK,202,BT BATOK ST 21,25,Unmatched,Missing,NoPostalAssertionUnderCurrentNormalization,2856,[],,[]
BUKIT BATOK,203,BT BATOK ST 21,26,Unmatched,Missing,NoPostalAssertionUnderCurrentNormalization,2881,[],,[]
BUKIT BATOK,204,BT BATOK ST 21,12,Unmatched,Missing,NoPostalAssertionUnderCurrentNormalization,2907,[],,[]
BUKIT BATOK,205,BT BATOK ST 21,24,Unmatched,Missing,NoPostalAssertionUnderCurrentNormalization,2935,[],,[]
BUKIT BATOK,206,BT BATOK ST 21,33,Unmatched,Missing,NoPostalAssertionUnderCurrentNormalization,2957,[],,[]
BUKIT BATOK,207,BT BATOK ST 21,27,Unmatched,Missing,NoPostalAssertionUnderCurrentNormalization,2984,[],,[]
BUKIT BATOK,208,BT BATOK ST 21,26,Unmatched,Missing,NoPostalAssertionUnderCurrentNormalization,3017,[],,[]
BUKIT BATOK,209,BT BATOK ST 21,23,Unmatched,Missing,NoPostalAssertionUnderCurrentNormalization,3051,[],,[]
BUKIT BATOK,210,BT BATOK ST 21,36,Unmatched,Missing,NoPostalAssertionUnderCurrentNormalization,3101,[],,[]
BUKIT BATOK,211,BT BATOK ST 21,27,Unmatched,Missing,NoPostalAssertionUnderCurrentNormalization,3130,[],,[]
BUKIT BATOK,212,BT BATOK ST 21,40,Unmatched,Missing,NoPostalAssertionUnderCurrentNormalization,3160,[],,[]
BUKIT BATOK,213,BT BATOK ST 21,21,Unmatched,Missing,NoPostalAssertionUnderCurrentNormalization,3191,[],,[]
BUKIT BATOK,214,BT BATOK ST 21,3,Unmatched,Missing,NoPostalAssertionUnderCurrentNormalization,3217,[],,[]
BUKIT BATOK,215,BT BATOK ST 21,31,Unmatched,Missing,NoPostalAssertionUnderCurrentNormalization,3238,[],,[]
BUKIT BATOK,216,BT BATOK ST 21,20,Unmatched,Missing,NoPostalAssertionUnderCurrentNormalization,3263,[],,[]
BUKIT BATOK,217,BT BATOK ST 21,34,Unmatched,Missing,NoPostalAssertionUnderCurrentNormalization,3295,[],,[]
BUKIT BATOK,218,BT BATOK ST 21,9,Unmatched,Missing,NoPostalAssertionUnderCurrentNormalization,3324,[],,[]
BUKIT BATOK,219,BT BATOK ST 21,34,Unmatched,Missing,NoPostalAssertionUnderCurrentNormalization,3343,[],,[]
BUKIT BATOK,220,BT BATOK EAST AVE 3,6,Unmatched,Missing,NoPostalAssertionUnderCurrentNormalization,3390,[],,[]
BUKIT BATOK,221,BT BATOK EAST AVE 3,24,Unmatched,Missing,NoPostalAssertionUnderCurrentNormalization,3416,[],,[]
BUKIT BATOK,222,BT BATOK EAST AVE 3,5,Unmatched,Missing,NoPostalAssertionUnderCurrentNormalization,3441,[],,[]
BUKIT BATOK,223,BT BATOK EAST AVE 3,27,Unmatched,Missing,NoPostalAssertionUnderCurrentNormalization,3464,[],,[]
BUKIT BATOK,224,BT BATOK ST 21,8,Unmatched,Missing,NoPostalAssertionUnderCurrentNormalization,3487,[],,[]
BUKIT BATOK,225,BT BATOK CTRL,31,Unmatched,Missing,NoPostalAssertionUnderCurrentNormalization,3514,[],,[]
BUKIT BATOK,226,BT BATOK CTRL,16,Unmatched,Missing,NoPostalAssertionUnderCurrentNormalization,3536,[],,[]
BUKIT BATOK,227,BT BATOK CTRL,25,Unmatched,Missing,NoPostalAssertionUnderCurrentNormalization,3569,[],,[]
BUKIT BATOK,228,BT BATOK CTRL,30,Unmatched,Missing,NoPostalAssertionUnderCurrentNormalization,3593,[],,[]
BUKIT BATOK,229,BT BATOK EAST AVE 3,38,Unmatched,Missing,NoPostalAssertionUnderCurrentNormalization,3618,[],,[]
BUKIT BATOK,230,BT BATOK EAST AVE 3,41,Unmatched,Missing,NoPostalAssertionUnderCurrentNormalization,3659,[],,[]
BUKIT BATOK,231,BT BATOK EAST AVE 5,42,Unmatched,Missing,NoPostalAssertionUnderCurrentNormalization,3686,[],,[]
BUKIT BATOK,232,BT BATOK EAST AVE 5,7,Unmatched,Missing,NoPostalAssertionUnderCurrentNormalization,3709,[],,[]
BUKIT BATOK,233,BT BATOK EAST AVE 5,23,Unmatched,Missing,NoPostalAssertionUnderCurrentNormalization,3729,[],,[]
BUKIT BATOK,234,BT BATOK EAST AVE 5,3,Unmatched,Missing,NoPostalAssertionUnderCurrentNormalization,3754,[],,[]
BUKIT BATOK,235,BT BATOK EAST AVE 5,46,Unmatched,Missing,NoPostalAssertionUnderCurrentNormalization,3775,[],,[]
BUKIT BATOK,236,BT BATOK EAST AVE 5,15,Unmatched,Missing,NoPostalAssertionUnderCurrentNormalization,3791,[],,[]
BUKIT BATOK,237,BT BATOK EAST AVE 5,4,Unmatched,Missing,NoPostalAssertionUnderCurrentNormalization,3808,[],,[]
BUKIT BATOK,238,BT BATOK EAST AVE 5,39,Unmatched,Missing,NoPostalAssertionUnderCurrentNormalization,3826,[],,[]
BUKIT BATOK,239,BT BATOK EAST AVE 5,41,Unmatched,Missing,NoPostalAssertionUnderCurrentNormalization,3844,[],,[]
BUKIT BATOK,240,BT BATOK EAST AVE 5,35,Unmatched,Missing,NoPostalAssertionUnderCurrentNormalization,3875,[],,[]
BUKIT BATOK,241,BT BATOK EAST AVE 5,42,Unmatched,Missing,NoPostalAssertionUnderCurrentNormalization,3890,[],,[]
BUKIT BATOK,242,BT BATOK EAST AVE 5,34,Unmatched,Missing,NoPostalAssertionUnderCurrentNormalization,3907,[],,[]
BUKIT BATOK,243,BT BATOK EAST AVE 5,16,Unmatched,Missing,NoPostalAssertionUnderCurrentNormalization,3918,[],,[]
BUKIT BATOK,244,BT BATOK EAST AVE 5,30,Unmatched,Missing,NoPostalAssertionUnderCurrentNormalization,3932,[],,[]
BUKIT BATOK,245,BT BATOK EAST AVE 5,5,Unmatched,Missing,NoPostalAssertionUnderCurrentNormalization,3949,[],,[]
BUKIT BATOK,246,BT BATOK EAST AVE 5,4,Unmatched,Missing,NoPostalAssertionUnderCurrentNormalization,3964,[],,[]
BUKIT BATOK,247,BT BATOK EAST AVE 5,34,Unmatched,Missing,NoPostalAssertionUnderCurrentNormalization,3979,[],,[]
BUKIT BATOK,248,BT BATOK EAST AVE 5,30,Unmatched,Missing,NoPostalAssertionUnderCurrentNormalization,3991,[],,[]
BUKIT BATOK,249,BT BATOK EAST AVE 5,31,Unmatched,Missing,NoPostalAssertionUnderCurrentNormalization,4004,[],,[]
BUKIT BATOK,250,BT BATOK EAST AVE 5,21,Unmatched,Missing,NoPostalAssertionUnderCurrentNormalization,4036,[],,[]
BUKIT BATOK,251,BT BATOK EAST AVE 5,5,Unmatched,Missing,NoPostalAssertionUnderCurrentNormalization,4050,[],,[]
BUKIT BATOK,252,BT BATOK EAST AVE 5,6,Unmatched,Missing,NoPostalAssertionUnderCurrentNormalization,4062,[],,[]
BUKIT BATOK,253,BT BATOK EAST AVE 5,10,Unmatched,Missing,NoPostalAssertionUnderCurrentNormalization,4075,[],,[]
BUKIT BATOK,254,BT BATOK EAST AVE 4,13,Unmatched,Missing,NoPostalAssertionUnderCurrentNormalization,4091,[],,[]
BUKIT BATOK,255,BT BATOK EAST AVE 4,5,Unmatched,Missing,NoPostalAssertionUnderCurrentNormalization,4106,[],,[]
BUKIT BATOK,256,BT BATOK EAST AVE 4,6,Unmatched,Missing,NoPostalAssertionUnderCurrentNormalization,4120,[],,[]
BUKIT BATOK,257,BT BATOK EAST AVE 4,19,Unmatched,Missing,NoPostalAssertionUnderCurrentNormalization,4142,[],,[]
BUKIT BATOK,258,BT BATOK EAST AVE 4,27,Unmatched,Missing,NoPostalAssertionUnderCurrentNormalization,4161,[],,[]
BUKIT BATOK,259,BT BATOK EAST AVE 4,27,Unmatched,Missing,NoPostalAssertionUnderCurrentNormalization,4180,[],,[]
BUKIT BATOK,260,BT BATOK EAST AVE 4,37,Unmatched,Missing,NoPostalAssertionUnderCurrentNormalization,4222,[],,[]
BUKIT BATOK,261,BT BATOK EAST AVE 4,5,Unmatched,Missing,NoPostalAssertionUnderCurrentNormalization,4240,[],,[]
BUKIT BATOK,262,BT BATOK EAST AVE 4,8,Unmatched,Missing,NoPostalAssertionUnderCurrentNormalization,4259,[],,[]
BUKIT BATOK,263,BT BATOK EAST AVE 4,18,Unmatched,Missing,NoPostalAssertionUnderCurrentNormalization,4274,[],,[]
BUKIT BATOK,264,BT BATOK EAST AVE 4,27,Unmatched,Missing,NoPostalAssertionUnderCurrentNormalization,4285,[],,[]
BUKIT BATOK,265,BT BATOK EAST AVE 4,32,Unmatched,Missing,NoPostalAssertionUnderCurrentNormalization,4302,[],,[]
BUKIT BATOK,266,BT BATOK EAST AVE 4,20,Unmatched,Missing,NoPostalAssertionUnderCurrentNormalization,4321,[],,[]
BUKIT BATOK,267,BT BATOK EAST AVE 4,36,Unmatched,Missing,NoPostalAssertionUnderCurrentNormalization,4341,[],,[]
BUKIT BATOK,268,BT BATOK EAST AVE 4,23,Unmatched,Missing,NoPostalAssertionUnderCurrentNormalization,4360,[],,[]
BUKIT BATOK,269,BT BATOK EAST AVE 4,31,Unmatched,Missing,NoPostalAssertionUnderCurrentNormalization,4382,[],,[]
BUKIT BATOK,271,BT BATOK EAST AVE 4,20,Unmatched,Missing,NoPostalAssertionUnderCurrentNormalization,4441,[],,[]
BUKIT BATOK,272,BT BATOK EAST AVE 4,33,Unmatched,Missing,NoPostalAssertionUnderCurrentNormalization,4464,[],,[]
BUKIT BATOK,274,BT BATOK EAST AVE 4,9,Unmatched,Missing,NoPostalAssertionUnderCurrentNormalization,4516,[],,[]
BUKIT BATOK,275,BT BATOK EAST AVE 4,4,Unmatched,Missing,NoPostalAssertionUnderCurrentNormalization,4540,[],,[]
BUKIT BATOK,278,BT BATOK EAST AVE 3,6,Unmatched,Missing,NoPostalAssertionUnderCurrentNormalization,4583,[],,[]
BUKIT BATOK,280,BT BATOK EAST AVE 3,20,Unmatched,Missing,NoPostalAssertionUnderCurrentNormalization,4627,[],,[]
BUKIT BATOK,281,BT BATOK EAST AVE 3,5,Unmatched,Missing,NoPostalAssertionUnderCurrentNormalization,4636,[],,[]
BUKIT BATOK,283,BT BATOK EAST AVE 3,31,Unmatched,Missing,NoPostalAssertionUnderCurrentNormalization,4655,[],,[]
BUKIT BATOK,285,BT BATOK EAST AVE 3,7,Unmatched,Missing,NoPostalAssertionUnderCurrentNormalization,4667,[],,[]
BUKIT BATOK,286,BT BATOK EAST AVE 3,19,Unmatched,Missing,NoPostalAssertionUnderCurrentNormalization,4678,[],,[]
BUKIT BATOK,287,BT BATOK EAST AVE 3,11,Unmatched,Missing,NoPostalAssertionUnderCurrentNormalization,4692,[],,[]
BUKIT BATOK,288A,BT BATOK ST 25,23,Unmatched,Missing,NoPostalAssertionUnderCurrentNormalization,4711,[],,[]
BUKIT BATOK,288B,BT BATOK ST 25,19,Unmatched,Missing,NoPostalAssertionUnderCurrentNormalization,4715,[],,[]
BUKIT BATOK,288C,BT BATOK ST 25,25,Unmatched,Missing,NoPostalAssertionUnderCurrentNormalization,4719,[],,[]
BUKIT BATOK,288D,BT BATOK ST 25,33,Unmatched,Missing,NoPostalAssertionUnderCurrentNormalization,4723,[],,[]
BUKIT BATOK,288E,BT BATOK ST 25,24,Unmatched,Missing,NoPostalAssertionUnderCurrentNormalization,4725,[],,[]
BUKIT BATOK,288F,BT BATOK ST 25,15,Unmatched,Missing,NoPostalAssertionUnderCurrentNormalization,4727,[],,[]
BUKIT BATOK,288G,BT BATOK ST 25,21,Unmatched,Missing,NoPostalAssertionUnderCurrentNormalization,4729,[],,[]
BUKIT BATOK,289A,BT BATOK ST 25,26,Unmatched,Missing,NoPostalAssertionUnderCurrentNormalization,4739,[],,[]
BUKIT BATOK,289B,BT BATOK ST 25,14,Unmatched,Missing,NoPostalAssertionUnderCurrentNormalization,4743,[],,[]
BUKIT BATOK,289C,BT BATOK ST 25,21,Unmatched,Missing,NoPostalAssertionUnderCurrentNormalization,4747,[],,[]
BUKIT BATOK,289D,BT BATOK ST 25,27,Unmatched,Missing,NoPostalAssertionUnderCurrentNormalization,4751,[],,[]
BUKIT BATOK,289E,BT BATOK ST 25,35,Unmatched,Missing,NoPostalAssertionUnderCurrentNormalization,4753,[],,[]
BUKIT BATOK,289F,BT BATOK ST 25,29,Unmatched,Missing,NoPostalAssertionUnderCurrentNormalization,4754,[],,[]
BUKIT BATOK,289G,BT BATOK ST 25,21,Unmatched,Missing,NoPostalAssertionUnderCurrentNormalization,4755,[],,[]
BUKIT BATOK,290A,BT BATOK ST 24,27,Unmatched,Missing,NoPostalAssertionUnderCurrentNormalization,4779,[],,[]
BUKIT BATOK,290B,BT BATOK ST 24,32,Unmatched,Missing,NoPostalAssertionUnderCurrentNormalization,4781,[],,[]
BUKIT BATOK,290C,BT BATOK EAST AVE 3,22,Unmatched,Missing,NoPostalAssertionUnderCurrentNormalization,4783,[],,[]
BUKIT BATOK,290D,BT BATOK EAST AVE 3,32,Unmatched,Missing,NoPostalAssertionUnderCurrentNormalization,4785,[],,[]
BUKIT BATOK,290E,BT BATOK ST 24,33,Unmatched,Missing,NoPostalAssertionUnderCurrentNormalization,4786,[],,[]
BUKIT BATOK,290F,BT BATOK ST 24,27,Unmatched,Missing,NoPostalAssertionUnderCurrentNormalization,4787,[],,[]
BUKIT BATOK,290G,BT BATOK ST 24,21,Unmatched,Missing,NoPostalAssertionUnderCurrentNormalization,4788,[],,[]
BUKIT BATOK,291A,BT BATOK ST 24,26,Unmatched,Missing,NoPostalAssertionUnderCurrentNormalization,4795,[],,[]
BUKIT BATOK,291B,BT BATOK ST 24,23,Unmatched,Missing,NoPostalAssertionUnderCurrentNormalization,4797,[],,[]
BUKIT BATOK,291C,BT BATOK ST 24,19,Unmatched,Missing,NoPostalAssertionUnderCurrentNormalization,4799,[],,[]
BUKIT BATOK,291D,BT BATOK ST 24,24,Unmatched,Missing,NoPostalAssertionUnderCurrentNormalization,4801,[],,[]
BUKIT BATOK,291E,BT BATOK ST 24,28,Unmatched,Missing,NoPostalAssertionUnderCurrentNormalization,4803,[],,[]
BUKIT BATOK,292A,BT BATOK EAST AVE 6,38,Unmatched,Missing,NoPostalAssertionUnderCurrentNormalization,4812,[],,[]
BUKIT BATOK,292B,BT BATOK EAST AVE 6,72,Unmatched,Missing,NoPostalAssertionUnderCurrentNormalization,4814,[],,[]
BUKIT BATOK,292C,BT BATOK EAST AVE 6,36,Unmatched,Missing,NoPostalAssertionUnderCurrentNormalization,4816,[],,[]
BUKIT BATOK,293A,BT BATOK ST 21,71,Unmatched,Missing,NoPostalAssertionUnderCurrentNormalization,4825,[],,[]
BUKIT BATOK,293B,BT BATOK ST 21,39,Unmatched,Missing,NoPostalAssertionUnderCurrentNormalization,4827,[],,[]
BUKIT BATOK,293C,BT BATOK ST 21,47,Unmatched,Missing,NoPostalAssertionUnderCurrentNormalization,4829,[],,[]
BUKIT BATOK,293D,BT BATOK ST 21,87,Unmatched,Missing,NoPostalAssertionUnderCurrentNormalization,4831,[],,[]
BUKIT BATOK,296A,BT BATOK ST 22,83,Unmatched,Missing,NoPostalAssertionUnderCurrentNormalization,4852,[],,[]
BUKIT BATOK,296B,BT BATOK ST 22,73,Unmatched,Missing,NoPostalAssertionUnderCurrentNormalization,4856,[],,[]
BUKIT BATOK,296C,BT BATOK ST 22,82,Unmatched,Missing,NoPostalAssertionUnderCurrentNormalization,4859,[],,[]
BUKIT BATOK,297,BT BATOK ST 22,17,Unmatched,Missing,NoPostalAssertionUnderCurrentNormalization,4864,[],,[]
BUKIT BATOK,298,BT BATOK ST 22,15,Unmatched,Missing,NoPostalAssertionUnderCurrentNormalization,4878,[],,[]
BUKIT BATOK,299,BT BATOK ST 22,16,Unmatched,Missing,NoPostalAssertionUnderCurrentNormalization,4886,[],,[]
BUKIT BATOK,301,BT BATOK ST 31,15,Unmatched,Missing,NoPostalAssertionUnderCurrentNormalization,4963,[],,[]
BUKIT BATOK,302,BT BATOK ST 31,5,Unmatched,Missing,NoPostalAssertionUnderCurrentNormalization,4988,[],,[]
BUKIT BATOK,303,BT BATOK ST 31,5,Unmatched,Missing,NoPostalAssertionUnderCurrentNormalization,5017,[],,[]
BUKIT BATOK,304,BT BATOK ST 31,28,Unmatched,Missing,NoPostalAssertionUnderCurrentNormalization,5037,[],,[]
BUKIT BATOK,305,BT BATOK ST 31,28,Unmatched,Missing,NoPostalAssertionUnderCurrentNormalization,5056,[],,[]
BUKIT BATOK,306,BT BATOK ST 31,5,Unmatched,Missing,NoPostalAssertionUnderCurrentNormalization,5079,[],,[]
BUKIT BATOK,307,BT BATOK ST 31,17,Unmatched,Missing,NoPostalAssertionUnderCurrentNormalization,5109,[],,[]
BUKIT BATOK,308,BT BATOK ST 31,23,Unmatched,Missing,NoPostalAssertionUnderCurrentNormalization,5134,[],,[]
BUKIT BATOK,309,BT BATOK ST 31,6,Unmatched,Missing,NoPostalAssertionUnderCurrentNormalization,5159,[],,[]
BUKIT BATOK,310,BT BATOK ST 32,7,Unmatched,Missing,NoPostalAssertionUnderCurrentNormalization,5199,[],,[]
BUKIT BATOK,311,BT BATOK ST 32,10,Unmatched,Missing,NoPostalAssertionUnderCurrentNormalization,5221,[],,[]
BUKIT BATOK,312,BT BATOK ST 32,24,Unmatched,Missing,NoPostalAssertionUnderCurrentNormalization,5243,[],,[]
BUKIT BATOK,313,BT BATOK ST 32,26,Unmatched,Missing,NoPostalAssertionUnderCurrentNormalization,5266,[],,[]
BUKIT BATOK,314,BT BATOK ST 32,2,Unmatched,Missing,NoPostalAssertionUnderCurrentNormalization,5286,[],,[]
BUKIT BATOK,315,BT BATOK ST 32,27,Unmatched,Missing,NoPostalAssertionUnderCurrentNormalization,5303,[],,[]
BUKIT BATOK,316,BT BATOK ST 32,39,Unmatched,Missing,NoPostalAssertionUnderCurrentNormalization,5324,[],,[]
BUKIT BATOK,317,BT BATOK ST 32,6,Unmatched,Missing,NoPostalAssertionUnderCurrentNormalization,5355,[],,[]
BUKIT BATOK,318,BT BATOK ST 32,37,Unmatched,Missing,NoPostalAssertionUnderCurrentNormalization,5376,[],,[]
BUKIT BATOK,319,BT BATOK ST 33,25,Unmatched,Missing,NoPostalAssertionUnderCurrentNormalization,5401,[],,[]
BUKIT BATOK,320,BT BATOK ST 33,4,Unmatched,Missing,NoPostalAssertionUnderCurrentNormalization,5440,[],,[]
BUKIT BATOK,321,BT BATOK ST 33,35,Unmatched,Missing,NoPostalAssertionUnderCurrentNormalization,5456,[],,[]
BUKIT BATOK,322,BT BATOK ST 33,29,Unmatched,Missing,NoPostalAssertionUnderCurrentNormalization,5471,[],,[]
BUKIT BATOK,323,BT BATOK ST 33,20,Unmatched,Missing,NoPostalAssertionUnderCurrentNormalization,5496,[],,[]
BUKIT BATOK,324,BT BATOK ST 33,28,Unmatched,Missing,NoPostalAssertionUnderCurrentNormalization,5520,[],,[]
BUKIT BATOK,325,BT BATOK ST 33,33,Unmatched,Missing,NoPostalAssertionUnderCurrentNormalization,5542,[],,[]
BUKIT BATOK,326,BT BATOK ST 33,10,Unmatched,Missing,NoPostalAssertionUnderCurrentNormalization,5567,[],,[]
BUKIT BATOK,327,BT BATOK ST 33,8,Unmatched,Missing,NoPostalAssertionUnderCurrentNormalization,5588,[],,[]
BUKIT BATOK,328,BT BATOK ST 33,2,Unmatched,Missing,NoPostalAssertionUnderCurrentNormalization,5607,[],,[]
BUKIT BATOK,329,BT BATOK ST 33,23,Unmatched,Missing,NoPostalAssertionUnderCurrentNormalization,5621,[],,[]
BUKIT BATOK,330,BT BATOK ST 33,25,Unmatched,Missing,NoPostalAssertionUnderCurrentNormalization,5654,[],,[]
BUKIT BATOK,331,BT BATOK ST 33,29,Unmatched,Missing,NoPostalAssertionUnderCurrentNormalization,5669,[],,[]
BUKIT BATOK,332,BT BATOK ST 32,5,Unmatched,Missing,NoPostalAssertionUnderCurrentNormalization,5686,[],,[]
BUKIT BATOK,333,BT BATOK ST 32,25,Unmatched,Missing,NoPostalAssertionUnderCurrentNormalization,5702,[],,[]
BUKIT BATOK,334,BT BATOK ST 32,5,Unmatched,Missing,NoPostalAssertionUnderCurrentNormalization,5724,[],,[]
BUKIT BATOK,335,BT BATOK ST 32,6,Unmatched,Missing,NoPostalAssertionUnderCurrentNormalization,5746,[],,[]
BUKIT BATOK,336,BT BATOK ST 32,21,Unmatched,Missing,NoPostalAssertionUnderCurrentNormalization,5768,[],,[]
BUKIT BATOK,337,BT BATOK ST 34,33,Unmatched,Missing,NoPostalAssertionUnderCurrentNormalization,5788,[],,[]
BUKIT BATOK,338,BT BATOK ST 34,35,Unmatched,Missing,NoPostalAssertionUnderCurrentNormalization,5809,[],,[]
BUKIT BATOK,339,BT BATOK ST 34,38,Unmatched,Missing,NoPostalAssertionUnderCurrentNormalization,5830,[],,[]
BUKIT BATOK,340,BT BATOK ST 34,27,Unmatched,Missing,NoPostalAssertionUnderCurrentNormalization,5872,[],,[]
BUKIT BATOK,341,BT BATOK ST 34,45,Unmatched,Missing,NoPostalAssertionUnderCurrentNormalization,5885,[],,[]
BUKIT BATOK,342,BT BATOK ST 34,7,Unmatched,Missing,NoPostalAssertionUnderCurrentNormalization,5897,[],,[]
BUKIT BATOK,343,BT BATOK ST 34,27,Unmatched,Missing,NoPostalAssertionUnderCurrentNormalization,5910,[],,[]
BUKIT BATOK,344,BT BATOK ST 34,5,Unmatched,Missing,NoPostalAssertionUnderCurrentNormalization,5920,[],,[]
BUKIT BATOK,345,BT BATOK ST 34,23,Unmatched,Missing,NoPostalAssertionUnderCurrentNormalization,5928,[],,[]
BUKIT BATOK,346,BT BATOK ST 34,23,Unmatched,Missing,NoPostalAssertionUnderCurrentNormalization,5938,[],,[]
BUKIT BATOK,347,BT BATOK ST 34,9,Unmatched,Missing,NoPostalAssertionUnderCurrentNormalization,5949,[],,[]
BUKIT BATOK,348,BT BATOK ST 34,28,Unmatched,Missing,NoPostalAssertionUnderCurrentNormalization,5962,[],,[]
BUKIT BATOK,349,BT BATOK ST 34,15,Unmatched,Missing,NoPostalAssertionUnderCurrentNormalization,5974,[],,[]
BUKIT BATOK,350,BT BATOK ST 34,15,Unmatched,Missing,NoPostalAssertionUnderCurrentNormalization,6003,[],,[]
BUKIT BATOK,351,BT BATOK ST 34,2,Unmatched,Missing,NoPostalAssertionUnderCurrentNormalization,6020,[],,[]
BUKIT BATOK,352,BT BATOK ST 34,2,Unmatched,Missing,NoPostalAssertionUnderCurrentNormalization,6042,[],,[]
BUKIT BATOK,353,BT BATOK ST 34,4,Unmatched,Missing,NoPostalAssertionUnderCurrentNormalization,6059,[],,[]
BUKIT BATOK,354,BT BATOK ST 31,31,Unmatched,Missing,NoPostalAssertionUnderCurrentNormalization,6076,[],,[]
BUKIT BATOK,355,BT BATOK ST 31,2,Unmatched,Missing,NoPostalAssertionUnderCurrentNormalization,6092,[],,[]
BUKIT BATOK,356,BT BATOK ST 31,5,Unmatched,Missing,NoPostalAssertionUnderCurrentNormalization,6107,[],,[]
BUKIT BATOK,357,BT BATOK ST 31,3,Unmatched,Missing,NoPostalAssertionUnderCurrentNormalization,6123,[],,[]
BUKIT BATOK,358,BT BATOK ST 31,15,Unmatched,Missing,NoPostalAssertionUnderCurrentNormalization,6139,[],,[]
BUKIT BATOK,359,BT BATOK ST 31,12,Unmatched,Missing,NoPostalAssertionUnderCurrentNormalization,6154,[],,[]
BUKIT BATOK,360,BT BATOK ST 31,30,Unmatched,Missing,NoPostalAssertionUnderCurrentNormalization,6181,[],,[]
BUKIT BATOK,361,BT BATOK ST 31,15,Unmatched,Missing,NoPostalAssertionUnderCurrentNormalization,6190,[],,[]
BUKIT BATOK,362,BT BATOK ST 31,6,Unmatched,Missing,NoPostalAssertionUnderCurrentNormalization,6198,[],,[]
BUKIT BATOK,363,BT BATOK ST 31,49,Unmatched,Missing,NoPostalAssertionUnderCurrentNormalization,6209,[],,[]
BUKIT BATOK,364,BT BATOK ST 31,16,Unmatched,Missing,NoPostalAssertionUnderCurrentNormalization,6220,[],,[]
BUKIT BATOK,365,BT BATOK ST 31,3,Unmatched,Missing,NoPostalAssertionUnderCurrentNormalization,6233,[],,[]
BUKIT BATOK,366,BT BATOK ST 31,22,Unmatched,Missing,NoPostalAssertionUnderCurrentNormalization,6248,[],,[]
BUKIT BATOK,367,BT BATOK ST 31,20,Unmatched,Missing,NoPostalAssertionUnderCurrentNormalization,6259,[],,[]
BUKIT BATOK,368,BT BATOK ST 31,22,Unmatched,Missing,NoPostalAssertionUnderCurrentNormalization,6266,[],,[]
BUKIT BATOK,369,BT BATOK ST 31,25,Unmatched,Missing,NoPostalAssertionUnderCurrentNormalization,6270,[],,[]
BUKIT BATOK,370,BT BATOK ST 31,20,Unmatched,Missing,NoPostalAssertionUnderCurrentNormalization,6299,[],,[]
BUKIT BATOK,371,BT BATOK ST 31,4,Unmatched,Missing,NoPostalAssertionUnderCurrentNormalization,6307,[],,[]
BUKIT BATOK,372,BT BATOK ST 31,7,Unmatched,Missing,NoPostalAssertionUnderCurrentNormalization,6317,[],,[]
BUKIT BATOK,374,BT BATOK ST 31,17,Unmatched,Missing,NoPostalAssertionUnderCurrentNormalization,6341,[],,[]
BUKIT BATOK,375,BT BATOK ST 31,3,Unmatched,Missing,NoPostalAssertionUnderCurrentNormalization,6351,[],,[]
BUKIT BATOK,377,BT BATOK ST 31,38,Unmatched,Missing,NoPostalAssertionUnderCurrentNormalization,6368,[],,[]
BUKIT BATOK,383,BT BATOK WEST AVE 5,71,Unmatched,Missing,NoPostalAssertionUnderCurrentNormalization,6430,[],,[]
BUKIT BATOK,384,BT BATOK WEST AVE 5,59,Unmatched,Missing,NoPostalAssertionUnderCurrentNormalization,6437,[],,[]
BUKIT BATOK,385,BT BATOK WEST AVE 5,43,Unmatched,Missing,NoPostalAssertionUnderCurrentNormalization,6443,[],,[]
BUKIT BATOK,386,BT BATOK WEST AVE 5,45,Unmatched,Missing,NoPostalAssertionUnderCurrentNormalization,6446,[],,[]
BUKIT BATOK,387,BT BATOK WEST AVE 5,24,Unmatched,Missing,NoPostalAssertionUnderCurrentNormalization,6449,[],,[]
BUKIT BATOK,388,BT BATOK WEST AVE 5,31,Unmatched,Missing,NoPostalAssertionUnderCurrentNormalization,6452,[],,[]
BUKIT BATOK,389,BT BATOK WEST AVE 5,19,Unmatched,Missing,NoPostalAssertionUnderCurrentNormalization,6456,[],,[]
BUKIT BATOK,390,BT BATOK WEST AVE 5,27,Unmatched,Missing,NoPostalAssertionUnderCurrentNormalization,6476,[],,[]
BUKIT BATOK,391,BT BATOK WEST AVE 5,67,Unmatched,Missing,NoPostalAssertionUnderCurrentNormalization,6480,[],,[]
BUKIT BATOK,392,BT BATOK WEST AVE 5,46,Unmatched,Missing,NoPostalAssertionUnderCurrentNormalization,6484,[],,[]
BUKIT BATOK,393,BT BATOK WEST AVE 5,49,Unmatched,Missing,NoPostalAssertionUnderCurrentNormalization,6487,[],,[]
BUKIT BATOK,394,BT BATOK WEST AVE 5,44,Unmatched,Missing,NoPostalAssertionUnderCurrentNormalization,6490,[],,[]
BUKIT BATOK,395,BT BATOK WEST AVE 5,50,Unmatched,Missing,NoPostalAssertionUnderCurrentNormalization,6493,[],,[]
BUKIT BATOK,402,BT BATOK WEST AVE 7,15,Unmatched,Missing,NoPostalAssertionUnderCurrentNormalization,6594,[],,[]
BUKIT BATOK,403,BT BATOK WEST AVE 7,7,Unmatched,Missing,NoPostalAssertionUnderCurrentNormalization,6617,[],,[]
BUKIT BATOK,404,BT BATOK WEST AVE 7,10,Unmatched,Missing,NoPostalAssertionUnderCurrentNormalization,6640,[],,[]
BUKIT BATOK,405,BT BATOK WEST AVE 7,10,Unmatched,Missing,NoPostalAssertionUnderCurrentNormalization,6659,[],,[]
BUKIT BATOK,406,BT BATOK WEST AVE 7,15,Unmatched,Missing,NoPostalAssertionUnderCurrentNormalization,6680,[],,[]
BUKIT BATOK,407,BT BATOK WEST AVE 4,15,Unmatched,Missing,NoPostalAssertionUnderCurrentNormalization,6704,[],,[]
BUKIT BATOK,408,BT BATOK WEST AVE 4,25,Unmatched,Missing,NoPostalAssertionUnderCurrentNormalization,6724,[],,[]
BUKIT BATOK,409,BT BATOK WEST AVE 4,25,Unmatched,Missing,NoPostalAssertionUnderCurrentNormalization,6746,[],,[]
BUKIT BATOK,410,BT BATOK WEST AVE 4,19,Unmatched,Missing,NoPostalAssertionUnderCurrentNormalization,6784,[],,[]
BUKIT BATOK,411,BT BATOK WEST AVE 4,35,Unmatched,Missing,NoPostalAssertionUnderCurrentNormalization,6809,[],,[]
BUKIT BATOK,413,BT BATOK WEST AVE 4,6,Unmatched,Missing,NoPostalAssertionUnderCurrentNormalization,6851,[],,[]
BUKIT BATOK,414,BT BATOK WEST AVE 4,19,Unmatched,Missing,NoPostalAssertionUnderCurrentNormalization,6876,[],,[]
BUKIT BATOK,415,BT BATOK WEST AVE 4,6,Unmatched,Missing,NoPostalAssertionUnderCurrentNormalization,6895,[],,[]
BUKIT BATOK,416,BT BATOK WEST AVE 4,33,Unmatched,Missing,NoPostalAssertionUnderCurrentNormalization,6920,[],,[]
BUKIT BATOK,417,BT BATOK WEST AVE 4,33,Unmatched,Missing,NoPostalAssertionUnderCurrentNormalization,6941,[],,[]
BUKIT BATOK,419,BT BATOK WEST AVE 2,17,Unmatched,Missing,NoPostalAssertionUnderCurrentNormalization,6977,[],,[]
BUKIT BATOK,420,BT BATOK WEST AVE 2,29,Unmatched,Missing,NoPostalAssertionUnderCurrentNormalization,7012,[],,[]
BUKIT BATOK,421,BT BATOK WEST AVE 2,20,Unmatched,Missing,NoPostalAssertionUnderCurrentNormalization,7031,[],,[]
BUKIT BATOK,422,BT BATOK WEST AVE 2,21,Unmatched,Missing,NoPostalAssertionUnderCurrentNormalization,7050,[],,[]
BUKIT BATOK,423,BT BATOK WEST AVE 2,21,Unmatched,Missing,NoPostalAssertionUnderCurrentNormalization,7066,[],,[]
BUKIT BATOK,424,BT BATOK WEST AVE 2,3,Unmatched,Missing,NoPostalAssertionUnderCurrentNormalization,7084,[],,[]
BUKIT BATOK,425,BT BATOK WEST AVE 2,7,Unmatched,Missing,NoPostalAssertionUnderCurrentNormalization,7104,[],,[]
BUKIT BATOK,426,BT BATOK WEST AVE 2,18,Unmatched,Missing,NoPostalAssertionUnderCurrentNormalization,7121,[],,[]
BUKIT BATOK,435B,BT BATOK WEST AVE 5,35,Unmatched,Missing,NoPostalAssertionUnderCurrentNormalization,7304,[],,[]
BUKIT BATOK,435C,BT BATOK WEST AVE 5,43,Unmatched,Missing,NoPostalAssertionUnderCurrentNormalization,7307,[],,[]
BUKIT BATOK,436A,BT BATOK WEST AVE 5,42,Unmatched,Missing,NoPostalAssertionUnderCurrentNormalization,7320,[],,[]
BUKIT BATOK,437A,BT BATOK WEST AVE 5,35,Unmatched,Missing,NoPostalAssertionUnderCurrentNormalization,7336,[],,[]
BUKIT BATOK,438A,BT BATOK WEST AVE 8,43,Unmatched,Missing,NoPostalAssertionUnderCurrentNormalization,7349,[],,[]
BUKIT BATOK,438B,BT BATOK WEST AVE 8,39,Unmatched,Missing,NoPostalAssertionUnderCurrentNormalization,7352,[],,[]
BUKIT BATOK,438C,BT BATOK WEST AVE 8,36,Unmatched,Missing,NoPostalAssertionUnderCurrentNormalization,7355,[],,[]
BUKIT BATOK,439A,BT BATOK WEST AVE 8,42,Unmatched,Missing,NoPostalAssertionUnderCurrentNormalization,7367,[],,[]
BUKIT BATOK,439B,BT BATOK WEST AVE 8,54,Unmatched,Missing,NoPostalAssertionUnderCurrentNormalization,7369,[],,[]
BUKIT BATOK,439C,BT BATOK WEST AVE 8,42,Unmatched,Missing,NoPostalAssertionUnderCurrentNormalization,7371,[],,[]
BUKIT BATOK,440A,BT BATOK WEST AVE 8,29,Unmatched,Missing,NoPostalAssertionUnderCurrentNormalization,7404,[],,[]
BUKIT BATOK,440B,BT BATOK WEST AVE 8,34,Unmatched,Missing,NoPostalAssertionUnderCurrentNormalization,7408,[],,[]
BUKIT BATOK,440C,BT BATOK WEST AVE 8,36,Unmatched,Missing,NoPostalAssertionUnderCurrentNormalization,7411,[],,[]
BUKIT BATOK,440D,BT BATOK WEST AVE 8,38,Unmatched,Missing,NoPostalAssertionUnderCurrentNormalization,7414,[],,[]
BUKIT BATOK,441A,BT BATOK WEST AVE 8,37,Unmatched,Missing,NoPostalAssertionUnderCurrentNormalization,7429,[],,[]
BUKIT BATOK,441B,BT BATOK WEST AVE 8,36,Unmatched,Missing,NoPostalAssertionUnderCurrentNormalization,7433,[],,[]
BUKIT BATOK,441C,BT BATOK WEST AVE 8,31,Unmatched,Missing,NoPostalAssertionUnderCurrentNormalization,7436,[],,[]
BUKIT BATOK,442A,BT BATOK WEST AVE 8,50,Unmatched,Missing,NoPostalAssertionUnderCurrentNormalization,7452,[],,[]
BUKIT BATOK,442B,BT BATOK WEST AVE 8,26,Unmatched,Missing,NoPostalAssertionUnderCurrentNormalization,7455,[],,[]
BUKIT BATOK,442C,BT BATOK WEST AVE 8,21,Unmatched,Missing,NoPostalAssertionUnderCurrentNormalization,7458,[],,[]
BUKIT BATOK,443A,BT BATOK WEST AVE 8,38,Unmatched,Missing,NoPostalAssertionUnderCurrentNormalization,7473,[],,[]
BUKIT BATOK,443B,BT BATOK WEST AVE 8,36,Unmatched,Missing,NoPostalAssertionUnderCurrentNormalization,7477,[],,[]
BUKIT BATOK,443C,BT BATOK WEST AVE 8,34,Unmatched,Missing,NoPostalAssertionUnderCurrentNormalization,7481,[],,[]
BUKIT BATOK,443D,BT BATOK WEST AVE 8,35,Unmatched,Missing,NoPostalAssertionUnderCurrentNormalization,7484,[],,[]
BUKIT BATOK,445A,BT BATOK WEST AVE 8,51,Unmatched,Missing,NoPostalAssertionUnderCurrentNormalization,7506,[],,[]
BUKIT BATOK,445B,BT BATOK WEST AVE 8,29,Unmatched,Missing,NoPostalAssertionUnderCurrentNormalization,7511,[],,[]
BUKIT BATOK,446A,BT BATOK WEST AVE 8,44,Unmatched,Missing,NoPostalAssertionUnderCurrentNormalization,7529,[],,[]
BUKIT BATOK,448A,BT BATOK WEST AVE 9,39,Unmatched,Missing,NoPostalAssertionUnderCurrentNormalization,7566,[],,[]
BUKIT BATOK,448B,BT BATOK WEST AVE 9,29,Unmatched,Missing,NoPostalAssertionUnderCurrentNormalization,7569,[],,[]
BUKIT BATOK,448C,BT BATOK WEST AVE 9,50,Unmatched,Missing,NoPostalAssertionUnderCurrentNormalization,7572,[],,[]
BUKIT BATOK,449A,BT BATOK WEST AVE 9,56,Unmatched,Missing,NoPostalAssertionUnderCurrentNormalization,7586,[],,[]
BUKIT BATOK,449B,BT BATOK WEST AVE 9,70,Unmatched,Missing,NoPostalAssertionUnderCurrentNormalization,7587,[],,[]
BUKIT BATOK,450A,BT BATOK WEST AVE 6,51,Unmatched,Missing,NoPostalAssertionUnderCurrentNormalization,7617,[],,[]
BUKIT BATOK,450B,BT BATOK WEST AVE 6,56,Unmatched,Missing,NoPostalAssertionUnderCurrentNormalization,7621,[],,[]
BUKIT BATOK,450C,BT BATOK WEST AVE 6,54,Unmatched,Missing,NoPostalAssertionUnderCurrentNormalization,7624,[],,[]
BUKIT BATOK,450D,BT BATOK WEST AVE 6,35,Unmatched,Missing,NoPostalAssertionUnderCurrentNormalization,7627,[],,[]
BUKIT BATOK,451A,BT BATOK WEST AVE 6,58,Unmatched,Missing,NoPostalAssertionUnderCurrentNormalization,7644,[],,[]
BUKIT BATOK,451B,BT BATOK WEST AVE 6,59,Unmatched,Missing,NoPostalAssertionUnderCurrentNormalization,7646,[],,[]
BUKIT BATOK,452A,BT BATOK WEST AVE 6,46,Unmatched,Missing,NoPostalAssertionUnderCurrentNormalization,7660,[],,[]
BUKIT BATOK,453A,BT BATOK WEST AVE 6,53,Unmatched,Missing,NoPostalAssertionUnderCurrentNormalization,7676,[],,[]
BUKIT BATOK,453B,BT BATOK WEST AVE 6,41,Unmatched,Missing,NoPostalAssertionUnderCurrentNormalization,7679,[],,[]
BUKIT BATOK,460A,BT BATOK WEST AVE 9,42,Unmatched,Missing,NoPostalAssertionUnderCurrentNormalization,7793,[],,[]
BUKIT BATOK,460B,BT BATOK WEST AVE 9,27,Unmatched,Missing,NoPostalAssertionUnderCurrentNormalization,7795,[],,[]
BUKIT BATOK,460C,BT BATOK WEST AVE 9,35,Unmatched,Missing,NoPostalAssertionUnderCurrentNormalization,7797,[],,[]
BUKIT BATOK,460D,BT BATOK WEST AVE 9,35,Unmatched,Missing,NoPostalAssertionUnderCurrentNormalization,7799,[],,[]
BUKIT BATOK,461A,BT BATOK WEST AVE 8,43,Unmatched,Missing,NoPostalAssertionUnderCurrentNormalization,7812,[],,[]
BUKIT BATOK,461B,BT BATOK WEST AVE 8,33,Unmatched,Missing,NoPostalAssertionUnderCurrentNormalization,7815,[],,[]
BUKIT BATOK,461C,BT BATOK WEST AVE 8,39,Unmatched,Missing,NoPostalAssertionUnderCurrentNormalization,7818,[],,[]
BUKIT BATOK,461D,BT BATOK WEST AVE 8,37,Unmatched,Missing,NoPostalAssertionUnderCurrentNormalization,7820,[],,[]
BUKIT BATOK,463A,BT BATOK ST 41,34,Unmatched,Missing,NoPostalAssertionUnderCurrentNormalization,7854,[],,[]
BUKIT BATOK,463B,BT BATOK ST 41,36,Unmatched,Missing,NoPostalAssertionUnderCurrentNormalization,7857,[],,[]
BUKIT BATOK,464A,BT BATOK WEST AVE 8,42,Unmatched,Missing,NoPostalAssertionUnderCurrentNormalization,7872,[],,[]
BUKIT BATOK,464B,BT BATOK WEST AVE 8,25,Unmatched,Missing,NoPostalAssertionUnderCurrentNormalization,7875,[],,[]
BUKIT BATOK,467A,BT BATOK WEST AVE 9,27,Unmatched,Missing,NoPostalAssertionUnderCurrentNormalization,7930,[],,[]
BUKIT BATOK,467B,BT BATOK WEST AVE 9,30,Unmatched,Missing,NoPostalAssertionUnderCurrentNormalization,7935,[],,[]
BUKIT BATOK,467C,BT BATOK WEST AVE 9,16,Unmatched,Missing,NoPostalAssertionUnderCurrentNormalization,7938,[],,[]
BUKIT BATOK,468A,BT BATOK WEST AVE 9,21,Unmatched,Missing,NoPostalAssertionUnderCurrentNormalization,7952,[],,[]
BUKIT BATOK,468B,BT BATOK WEST AVE 9,13,Unmatched,Missing,NoPostalAssertionUnderCurrentNormalization,7957,[],,[]
BUKIT BATOK,501,BT BATOK ST 52,30,Unmatched,Missing,NoPostalAssertionUnderCurrentNormalization,8443,[],,[]
BUKIT BATOK,503,BT BATOK ST 52,16,Unmatched,Missing,NoPostalAssertionUnderCurrentNormalization,8486,[],,[]
BUKIT BATOK,504,BT BATOK ST 52,26,Unmatched,Missing,NoPostalAssertionUnderCurrentNormalization,8505,[],,[]
BUKIT BATOK,505,BT BATOK ST 52,35,Unmatched,Missing,NoPostalAssertionUnderCurrentNormalization,8529,[],,[]
BUKIT BATOK,506,BT BATOK ST 52,29,Unmatched,Missing,NoPostalAssertionUnderCurrentNormalization,8554,[],,[]
BUKIT BATOK,507,BT BATOK ST 52,22,Unmatched,Missing,NoPostalAssertionUnderCurrentNormalization,8575,[],,[]
BUKIT BATOK,508,BT BATOK ST 52,6,Unmatched,Missing,NoPostalAssertionUnderCurrentNormalization,8596,[],,[]
BUKIT BATOK,509,BT BATOK ST 52,10,Unmatched,Missing,NoPostalAssertionUnderCurrentNormalization,8615,[],,[]
BUKIT BATOK,510,BT BATOK ST 52,18,Unmatched,Missing,NoPostalAssertionUnderCurrentNormalization,8655,[],,[]
BUKIT BATOK,511,BT BATOK ST 52,24,Unmatched,Missing,NoPostalAssertionUnderCurrentNormalization,8673,[],,[]
BUKIT BATOK,512,BT BATOK ST 52,38,Unmatched,Missing,NoPostalAssertionUnderCurrentNormalization,8693,[],,[]
BUKIT BATOK,513,BT BATOK ST 52,9,Unmatched,Missing,NoPostalAssertionUnderCurrentNormalization,8711,[],,[]
BUKIT BATOK,514,BT BATOK ST 52,18,Unmatched,Missing,NoPostalAssertionUnderCurrentNormalization,8730,[],,[]
BUKIT BATOK,523,BT BATOK ST 52,32,Unmatched,Missing,NoPostalAssertionUnderCurrentNormalization,8868,[],,[]
BUKIT BATOK,524,BT BATOK ST 52,22,Unmatched,Missing,NoPostalAssertionUnderCurrentNormalization,8882,[],,[]
BUKIT BATOK,525,BT BATOK ST 52,5,Unmatched,Missing,NoPostalAssertionUnderCurrentNormalization,8899,[],,[]
BUKIT BATOK,526,BT BATOK ST 51,21,Unmatched,Missing,NoPostalAssertionUnderCurrentNormalization,8913,[],,[]
BUKIT BATOK,527,BT BATOK ST 51,6,Unmatched,Missing,NoPostalAssertionUnderCurrentNormalization,8927,[],,[]
BUKIT BATOK,528,BT BATOK ST 51,33,Unmatched,Missing,NoPostalAssertionUnderCurrentNormalization,8943,[],,[]
BUKIT BATOK,530,BT BATOK ST 51,10,Unmatched,Missing,NoPostalAssertionUnderCurrentNormalization,8986,[],,[]
BUKIT BATOK,531,BT BATOK ST 51,19,Unmatched,Missing,NoPostalAssertionUnderCurrentNormalization,9003,[],,[]
BUKIT BATOK,532,BT BATOK ST 51,8,Unmatched,Missing,NoPostalAssertionUnderCurrentNormalization,9015,[],,[]
BUKIT BATOK,533,BT BATOK ST 51,24,Unmatched,Missing,NoPostalAssertionUnderCurrentNormalization,9031,[],,[]
BUKIT BATOK,534,BT BATOK ST 51,26,Unmatched,Missing,NoPostalAssertionUnderCurrentNormalization,9044,[],,[]
BUKIT BATOK,535,BT BATOK ST 52,24,Unmatched,Missing,NoPostalAssertionUnderCurrentNormalization,9053,[],,[]
BUKIT BATOK,536,BT BATOK ST 52,42,Unmatched,Missing,NoPostalAssertionUnderCurrentNormalization,9068,[],,[]
BUKIT BATOK,537,BT BATOK ST 52,28,Unmatched,Missing,NoPostalAssertionUnderCurrentNormalization,9081,[],,[]
BUKIT BATOK,539,BT BATOK ST 52,21,Unmatched,Missing,NoPostalAssertionUnderCurrentNormalization,9104,[],,[]
BUKIT BATOK,540,BT BATOK ST 52,29,Unmatched,Missing,NoPostalAssertionUnderCurrentNormalization,9129,[],,[]
BUKIT BATOK,541,BT BATOK ST 52,6,Unmatched,Missing,NoPostalAssertionUnderCurrentNormalization,9140,[],,[]
BUKIT BATOK,542,BT BATOK ST 52,27,Unmatched,Missing,NoPostalAssertionUnderCurrentNormalization,9151,[],,[]
BUKIT BATOK,620,BT BATOK CTRL,20,Unmatched,Missing,NoPostalAssertionUnderCurrentNormalization,10012,[],,[]
BUKIT BATOK,621,BT BATOK CTRL,27,Unmatched,Missing,NoPostalAssertionUnderCurrentNormalization,10023,[],,[]
BUKIT BATOK,622,BT BATOK CTRL,21,Unmatched,Missing,NoPostalAssertionUnderCurrentNormalization,10037,[],,[]
BUKIT BATOK,623,BT BATOK CTRL,15,Unmatched,Missing,NoPostalAssertionUnderCurrentNormalization,10056,[],,[]
BUKIT BATOK,624,BT BATOK CTRL,6,Unmatched,Missing,NoPostalAssertionUnderCurrentNormalization,10073,[],,[]
BUKIT BATOK,625,BT BATOK CTRL,18,Unmatched,Missing,NoPostalAssertionUnderCurrentNormalization,10092,[],,[]
BUKIT BATOK,626,BT BATOK CTRL,17,Unmatched,Missing,NoPostalAssertionUnderCurrentNormalization,10108,[],,[]
BUKIT BATOK,627,BT BATOK CTRL,14,Unmatched,Missing,NoPostalAssertionUnderCurrentNormalization,10120,[],,[]
BUKIT BATOK,628,BT BATOK CTRL,14,Unmatched,Missing,NoPostalAssertionUnderCurrentNormalization,10134,[],,[]
BUKIT BATOK,639,BT BATOK CTRL,8,Unmatched,Missing,NoPostalAssertionUnderCurrentNormalization,10349,[],,[]
BUKIT BATOK,642,BT BATOK CTRL,5,Unmatched,Missing,NoPostalAssertionUnderCurrentNormalization,10415,[],,[]
BUKIT MERAH,1,DELTA AVE,18,Unmatched,Missing,NoPostalAssertionUnderCurrentNormalization,7,[],,[]
BUKIT MERAH,1,EVERTON PK,15,Unmatched,Missing,NoPostalAssertionUnderCurrentNormalization,10,[],,[]
BUKIT MERAH,1,JLN BT MERAH,26,Unmatched,Missing,NoPostalAssertionUnderCurrentNormalization,17,[],,[]
BUKIT MERAH,1,TELOK BLANGAH CRES,34,Unmatched,Missing,NoPostalAssertionUnderCurrentNormalization,32,[],,[]
BUKIT MERAH,10,JLN BT HO SWEE,10,Unmatched,Missing,NoPostalAssertionUnderCurrentNormalization,65,[],,[]
BUKIT MERAH,10,JLN RUMAH TINGGI,4,Unmatched,Missing,NoPostalAssertionUnderCurrentNormalization,63,[],,[]
BUKIT MERAH,10,TELOK BLANGAH CRES,14,Unmatched,Missing,NoPostalAssertionUnderCurrentNormalization,74,[],,[]
BUKIT MERAH,101,BT PURMEI RD,29,Unmatched,Missing,NoPostalAssertionUnderCurrentNormalization,108,[],,[]
BUKIT MERAH,101,HENDERSON CRES,14,Unmatched,Missing,NoPostalAssertionUnderCurrentNormalization,113,[],,[]
BUKIT MERAH,102,BT PURMEI RD,17,Unmatched,Missing,NoPostalAssertionUnderCurrentNormalization,150,[],,[]
BUKIT MERAH,102,HENDERSON CRES,24,Unmatched,Missing,NoPostalAssertionUnderCurrentNormalization,156,[],,[]
BUKIT MERAH,103,BT PURMEI RD,20,Unmatched,Missing,NoPostalAssertionUnderCurrentNormalization,191,[],,[]
BUKIT MERAH,103,HENDERSON CRES,19,Unmatched,Missing,NoPostalAssertionUnderCurrentNormalization,197,[],,[]
BUKIT MERAH,103,SPOTTISWOODE PK RD,17,Unmatched,Missing,NoPostalAssertionUnderCurrentNormalization,207,[],,[]
BUKIT MERAH,103A,DEPOT RD,22,Unmatched,Missing,NoPostalAssertionUnderCurrentNormalization,215,[],,[]
BUKIT MERAH,103B,DEPOT RD,15,Unmatched,Missing,NoPostalAssertionUnderCurrentNormalization,220,[],,[]
BUKIT MERAH,104,BT PURMEI RD,21,Unmatched,Missing,NoPostalAssertionUnderCurrentNormalization,228,[],,[]
BUKIT MERAH,104,HENDERSON CRES,14,Unmatched,Missing,NoPostalAssertionUnderCurrentNormalization,233,[],,[]
BUKIT MERAH,104,SPOTTISWOODE PK RD,11,Unmatched,Missing,NoPostalAssertionUnderCurrentNormalization,245,[],,[]
BUKIT MERAH,104A,DEPOT RD,19,Unmatched,Missing,NoPostalAssertionUnderCurrentNormalization,255,[],,[]
BUKIT MERAH,104B,DEPOT RD,18,Unmatched,Missing,NoPostalAssertionUnderCurrentNormalization,260,[],,[]
BUKIT MERAH,105,BT PURMEI RD,13,Unmatched,Missing,NoPostalAssertionUnderCurrentNormalization,273,[],,[]
BUKIT MERAH,105,HENDERSON CRES,36,Unmatched,Missing,NoPostalAssertionUnderCurrentNormalization,279,[],,[]
BUKIT MERAH,105A,DEPOT RD,59,Unmatched,Missing,NoPostalAssertionUnderCurrentNormalization,298,[],,[]
BUKIT MERAH,106,BT PURMEI RD,9,Unmatched,Missing,NoPostalAssertionUnderCurrentNormalization,313,[],,[]
BUKIT MERAH,106,HENDERSON CRES,22,Unmatched,Missing,NoPostalAssertionUnderCurrentNormalization,318,[],,[]
BUKIT MERAH,106,SPOTTISWOODE PK RD,24,Unmatched,Missing,NoPostalAssertionUnderCurrentNormalization,332,[],,[]
BUKIT MERAH,106A,DEPOT RD,18,Unmatched,Missing,NoPostalAssertionUnderCurrentNormalization,340,[],,[]
BUKIT MERAH,106B,DEPOT RD,15,Unmatched,Missing,NoPostalAssertionUnderCurrentNormalization,346,[],,[]
BUKIT MERAH,107,BT PURMEI RD,19,Unmatched,Missing,NoPostalAssertionUnderCurrentNormalization,357,[],,[]
BUKIT MERAH,107,JLN BT MERAH,47,Unmatched,Missing,NoPostalAssertionUnderCurrentNormalization,363,[],,[]
BUKIT MERAH,108,BT PURMEI RD,29,Unmatched,Missing,NoPostalAssertionUnderCurrentNormalization,399,[],,[]
BUKIT MERAH,108,JLN BT MERAH,25,Unmatched,Missing,NoPostalAssertionUnderCurrentNormalization,406,[],,[]
BUKIT MERAH,109,BT PURMEI RD,21,Unmatched,Missing,NoPostalAssertionUnderCurrentNormalization,441,[],,[]
BUKIT MERAH,109,JLN BT MERAH,19,Unmatched,Missing,NoPostalAssertionUnderCurrentNormalization,448,[],,[]
BUKIT MERAH,109,SPOTTISWOODE PK RD,15,Unmatched,Missing,NoPostalAssertionUnderCurrentNormalization,459,[],,[]
BUKIT MERAH,109A,DEPOT RD,17,Unmatched,Missing,NoPostalAssertionUnderCurrentNormalization,468,[],,[]
BUKIT MERAH,109B,DEPOT RD,19,Unmatched,Missing,NoPostalAssertionUnderCurrentNormalization,472,[],,[]
BUKIT MERAH,10A,BOON TIONG RD,63,Unmatched,Missing,NoPostalAssertionUnderCurrentNormalization,79,[],,[]
BUKIT MERAH,10B,BOON TIONG RD,57,Unmatched,Missing,NoPostalAssertionUnderCurrentNormalization,86,[],,[]
BUKIT MERAH,11,CANTONMENT CL,38,Unmatched,Missing,NoPostalAssertionUnderCurrentNormalization,479,[],,[]
BUKIT MERAH,11,JLN BT MERAH,3,Unmatched,Missing,NoPostalAssertionUnderCurrentNormalization,486,[],,[]
BUKIT MERAH,110,BT PURMEI RD,27,Unmatched,Missing,NoPostalAssertionUnderCurrentNormalization,509,[],,[]
BUKIT MERAH,110,SPOTTISWOODE PK RD,22,Unmatched,Missing,NoPostalAssertionUnderCurrentNormalization,525,[],,[]
BUKIT MERAH,110A,DEPOT RD,41,Unmatched,Missing,NoPostalAssertionUnderCurrentNormalization,532,[],,[]
BUKIT MERAH,111,BT PURMEI RD,20,Unmatched,Missing,NoPostalAssertionUnderCurrentNormalization,546,[],,[]
BUKIT MERAH,111A,DEPOT RD,31,Unmatched,Missing,NoPostalAssertionUnderCurrentNormalization,570,[],,[]
BUKIT MERAH,111B,DEPOT RD,22,Unmatched,Missing,NoPostalAssertionUnderCurrentNormalization,575,[],,[]
BUKIT MERAH,112,BT PURMEI RD,20,Unmatched,Missing,NoPostalAssertionUnderCurrentNormalization,584,[],,[]
BUKIT MERAH,112A,DEPOT RD,19,Unmatched,Missing,NoPostalAssertionUnderCurrentNormalization,608,[],,[]
BUKIT MERAH,112B,DEPOT RD,24,Unmatched,Missing,NoPostalAssertionUnderCurrentNormalization,612,[],,[]
BUKIT MERAH,113,BT PURMEI RD,19,Unmatched,Missing,NoPostalAssertionUnderCurrentNormalization,621,[],,[]
BUKIT MERAH,113,DEPOT RD,21,Unmatched,Missing,NoPostalAssertionUnderCurrentNormalization,625,[],,[]
BUKIT MERAH,113,JLN BT MERAH,18,Unmatched,Missing,NoPostalAssertionUnderCurrentNormalization,628,[],,[]
BUKIT MERAH,114,BT PURMEI RD,22,Unmatched,Missing,NoPostalAssertionUnderCurrentNormalization,665,[],,[]
BUKIT MERAH,114,DEPOT RD,19,Unmatched,Missing,NoPostalAssertionUnderCurrentNormalization,668,[],,[]
BUKIT MERAH,115,BT MERAH CTRL,17,Unmatched,Missing,NoPostalAssertionUnderCurrentNormalization,704,[],,[]
BUKIT MERAH,115,BT PURMEI RD,29,Unmatched,Missing,NoPostalAssertionUnderCurrentNormalization,701,[],,[]
BUKIT MERAH,116,BT MERAH CTRL,18,Unmatched,Missing,NoPostalAssertionUnderCurrentNormalization,745,[],,[]
BUKIT MERAH,116,BT MERAH VIEW,14,Unmatched,Missing,NoPostalAssertionUnderCurrentNormalization,746,[],,[]
BUKIT MERAH,117,BT MERAH CTRL,16,Unmatched,Missing,NoPostalAssertionUnderCurrentNormalization,783,[],,[]
BUKIT MERAH,118A,JLN MEMBINA,37,Unmatched,Missing,NoPostalAssertionUnderCurrentNormalization,844,[],,[]
BUKIT MERAH,118B,JLN MEMBINA,34,Unmatched,Missing,NoPostalAssertionUnderCurrentNormalization,849,[],,[]
BUKIT MERAH,118C,JLN MEMBINA,31,Unmatched,Missing,NoPostalAssertionUnderCurrentNormalization,851,[],,[]
BUKIT MERAH,118D,JLN MEMBINA,36,Unmatched,Missing,NoPostalAssertionUnderCurrentNormalization,852,[],,[]
BUKIT MERAH,119,BT MERAH VIEW,53,Unmatched,Missing,NoPostalAssertionUnderCurrentNormalization,861,[],,[]
BUKIT MERAH,119B,KIM TIAN RD,59,Unmatched,Missing,NoPostalAssertionUnderCurrentNormalization,887,[],,[]
BUKIT MERAH,119C,KIM TIAN RD,56,Unmatched,Missing,NoPostalAssertionUnderCurrentNormalization,891,[],,[]
BUKIT MERAH,119D,KIM TIAN RD,39,Unmatched,Missing,NoPostalAssertionUnderCurrentNormalization,894,[],,[]
BUKIT MERAH,12,CANTONMENT CL,35,Unmatched,Missing,NoPostalAssertionUnderCurrentNormalization,897,[],,[]
BUKIT MERAH,12,JLN BT MERAH,16,Unmatched,Missing,NoPostalAssertionUnderCurrentNormalization,904,[],,[]
BUKIT MERAH,12,TAMAN HO SWEE,23,Unmatched,Missing,NoPostalAssertionUnderCurrentNormalization,913,[],,[]
BUKIT MERAH,12,TELOK BLANGAH CRES,34,Unmatched,Missing,NoPostalAssertionUnderCurrentNormalization,915,[],,[]
BUKIT MERAH,120,BT MERAH VIEW,19,Unmatched,Missing,NoPostalAssertionUnderCurrentNormalization,933,[],,[]
BUKIT MERAH,120,KIM TIAN PL,18,Unmatched,Missing,NoPostalAssertionUnderCurrentNormalization,939,[],,[]
BUKIT MERAH,120A,KIM TIAN PL,19,Unmatched,Missing,NoPostalAssertionUnderCurrentNormalization,956,[],,[]
BUKIT MERAH,121,KIM TIAN PL,25,Unmatched,Missing,NoPostalAssertionUnderCurrentNormalization,981,[],,[]
BUKIT MERAH,121A,KIM TIAN PL,28,Unmatched,Missing,NoPostalAssertionUnderCurrentNormalization,996,[],,[]
BUKIT MERAH,122,BT MERAH LANE 1,4,Unmatched,Missing,NoPostalAssertionUnderCurrentNormalization,1015,[],,[]
BUKIT MERAH,122,KIM TIAN RD,14,Unmatched,Missing,NoPostalAssertionUnderCurrentNormalization,1020,[],,[]
BUKIT MERAH,123,KIM TIAN RD,13,Unmatched,Missing,NoPostalAssertionUnderCurrentNormalization,1054,[],,[]
BUKIT MERAH,124,BT MERAH LANE 1,3,Unmatched,Missing,NoPostalAssertionUnderCurrentNormalization,1082,[],,[]
BUKIT MERAH,124A,BT MERAH VIEW,8,Unmatched,Missing,NoPostalAssertionUnderCurrentNormalization,1099,[],,[]
BUKIT MERAH,124B,BT MERAH VIEW,12,Unmatched,Missing,NoPostalAssertionUnderCurrentNormalization,1101,[],,[]
BUKIT MERAH,125,BT MERAH VIEW,12,Unmatched,Missing,NoPostalAssertionUnderCurrentNormalization,1111,[],,[]
BUKIT MERAH,125,KIM TIAN RD,15,Unmatched,Missing,NoPostalAssertionUnderCurrentNormalization,1117,[],,[]
BUKIT MERAH,126,BT MERAH VIEW,17,Unmatched,Missing,NoPostalAssertionUnderCurrentNormalization,1140,[],,[]
BUKIT MERAH,126A,KIM TIAN RD,40,Unmatched,Missing,NoPostalAssertionUnderCurrentNormalization,1160,[],,[]
BUKIT MERAH,126C,KIM TIAN RD,52,Unmatched,Missing,NoPostalAssertionUnderCurrentNormalization,1169,[],,[]
BUKIT MERAH,127A,KIM TIAN RD,66,Unmatched,Missing,NoPostalAssertionUnderCurrentNormalization,1195,[],,[]
BUKIT MERAH,127C,KIM TIAN RD,78,Unmatched,Missing,NoPostalAssertionUnderCurrentNormalization,1199,[],,[]
BUKIT MERAH,127D,KIM TIAN RD,77,Unmatched,Missing,NoPostalAssertionUnderCurrentNormalization,1200,[],,[]
BUKIT MERAH,128,BT MERAH VIEW,44,Unmatched,Missing,NoPostalAssertionUnderCurrentNormalization,1205,[],,[]
BUKIT MERAH,128,KIM TIAN RD,16,Unmatched,Missing,NoPostalAssertionUnderCurrentNormalization,1209,[],,[]
BUKIT MERAH,129,BT MERAH VIEW,54,Unmatched,Missing,NoPostalAssertionUnderCurrentNormalization,1238,[],,[]
BUKIT MERAH,129,KIM TIAN RD,24,Unmatched,Missing,NoPostalAssertionUnderCurrentNormalization,1243,[],,[]
BUKIT MERAH,13,CANTONMENT CL,45,Unmatched,Missing,NoPostalAssertionUnderCurrentNormalization,1263,[],,[]
BUKIT MERAH,13,JLN BT MERAH,18,Unmatched,Missing,NoPostalAssertionUnderCurrentNormalization,1270,[],,[]
BUKIT MERAH,13,TELOK BLANGAH CRES,41,Unmatched,Missing,NoPostalAssertionUnderCurrentNormalization,1279,[],,[]
BUKIT MERAH,130,BT MERAH VIEW,44,Unmatched,Missing,NoPostalAssertionUnderCurrentNormalization,1291,[],,[]
BUKIT MERAH,130,KIM TIAN RD,18,Unmatched,Missing,NoPostalAssertionUnderCurrentNormalization,1300,[],,[]
BUKIT MERAH,131,JLN BT MERAH,25,Unmatched,Missing,NoPostalAssertionUnderCurrentNormalization,1327,[],,[]
BUKIT MERAH,131B,KIM TIAN RD,36,Unmatched,Missing,NoPostalAssertionUnderCurrentNormalization,1343,[],,[]
BUKIT MERAH,131C,KIM TIAN RD,26,Unmatched,Missing,NoPostalAssertionUnderCurrentNormalization,1347,[],,[]
BUKIT MERAH,132,JLN BT MERAH,20,Unmatched,Missing,NoPostalAssertionUnderCurrentNormalization,1362,[],,[]
BUKIT MERAH,133,JLN BT MERAH,21,Unmatched,Missing,NoPostalAssertionUnderCurrentNormalization,1389,[],,[]
BUKIT MERAH,134,JLN BT MERAH,22,Unmatched,Missing,NoPostalAssertionUnderCurrentNormalization,1412,[],,[]
BUKIT MERAH,135,JLN BT MERAH,18,Unmatched,Missing,NoPostalAssertionUnderCurrentNormalization,1434,[],,[]
BUKIT MERAH,136,JLN BT MERAH,15,Unmatched,Missing,NoPostalAssertionUnderCurrentNormalization,1457,[],,[]
BUKIT MERAH,137,JLN BT MERAH,17,Unmatched,Missing,NoPostalAssertionUnderCurrentNormalization,1475,[],,[]
BUKIT MERAH,138,JLN BT MERAH,16,Unmatched,Missing,NoPostalAssertionUnderCurrentNormalization,1497,[],,[]
BUKIT MERAH,139,JLN BT MERAH,16,Unmatched,Missing,NoPostalAssertionUnderCurrentNormalization,1522,[],,[]
BUKIT MERAH,14,JLN BT MERAH,12,Unmatched,Missing,NoPostalAssertionUnderCurrentNormalization,1546,[],,[]
BUKIT MERAH,14,TELOK BLANGAH CRES,17,Unmatched,Missing,NoPostalAssertionUnderCurrentNormalization,1555,[],,[]
BUKIT MERAH,140,JLN BT MERAH,20,Unmatched,Missing,NoPostalAssertionUnderCurrentNormalization,1570,[],,[]
BUKIT MERAH,141,JLN BT MERAH,37,Unmatched,Missing,NoPostalAssertionUnderCurrentNormalization,1590,[],,[]
BUKIT MERAH,142,JLN BT MERAH,26,Unmatched,Missing,NoPostalAssertionUnderCurrentNormalization,1611,[],,[]
BUKIT MERAH,143,JLN BT MERAH,10,Unmatched,Missing,NoPostalAssertionUnderCurrentNormalization,1631,[],,[]
BUKIT MERAH,144,JLN BT MERAH,15,Unmatched,Missing,NoPostalAssertionUnderCurrentNormalization,1648,[],,[]
BUKIT MERAH,145,JLN BT MERAH,12,Unmatched,Missing,NoPostalAssertionUnderCurrentNormalization,1664,[],,[]
BUKIT MERAH,146,JLN BT MERAH,20,Unmatched,Missing,NoPostalAssertionUnderCurrentNormalization,1683,[],,[]
BUKIT MERAH,147,SILAT AVE,2,Unmatched,Missing,NoPostalAssertionUnderCurrentNormalization,1710,[],,[]
BUKIT MERAH,148,SILAT AVE,26,Unmatched,Missing,NoPostalAssertionUnderCurrentNormalization,1728,[],,[]
BUKIT MERAH,149,SILAT AVE,19,Unmatched,Missing,NoPostalAssertionUnderCurrentNormalization,1743,[],,[]
BUKIT MERAH,14A,TELOK BLANGAH CRES,20,Unmatched,Missing,NoPostalAssertionUnderCurrentNormalization,1562,[],,[]
BUKIT MERAH,15,TELOK BLANGAH CRES,17,Unmatched,Missing,NoPostalAssertionUnderCurrentNormalization,1766,[],,[]
BUKIT MERAH,150,SILAT AVE,4,Unmatched,Missing,NoPostalAssertionUnderCurrentNormalization,1783,[],,[]
BUKIT MERAH,16,CANTONMENT CL,34,Unmatched,Missing,NoPostalAssertionUnderCurrentNormalization,1975,[],,[]
BUKIT MERAH,16,TELOK BLANGAH CRES,38,Unmatched,Missing,NoPostalAssertionUnderCurrentNormalization,1988,[],,[]
BUKIT MERAH,161,BT MERAH CTRL,6,Unmatched,Missing,NoPostalAssertionUnderCurrentNormalization,2016,[],,[]
BUKIT MERAH,165,BT MERAH CTRL,1,Unmatched,Missing,NoPostalAssertionUnderCurrentNormalization,2097,[],,[]
BUKIT MERAH,17,CANTONMENT CL,16,Unmatched,Missing,NoPostalAssertionUnderCurrentNormalization,2188,[],,[]
BUKIT MERAH,17,SENG POH RD,2,Unmatched,Missing,NoPostalAssertionUnderCurrentNormalization,2199,[],,[]
BUKIT MERAH,17,TELOK BLANGAH CRES,39,Unmatched,Missing,NoPostalAssertionUnderCurrentNormalization,2202,[],,[]
BUKIT MERAH,17,TIONG BAHRU RD,9,Unmatched,Missing,NoPostalAssertionUnderCurrentNormalization,2203,[],,[]
BUKIT MERAH,17A,TELOK BLANGAH CRES,37,Unmatched,Missing,NoPostalAssertionUnderCurrentNormalization,2209,[],,[]
BUKIT MERAH,18,CANTONMENT CL,28,Unmatched,Missing,NoPostalAssertionUnderCurrentNormalization,2389,[],,[]
BUKIT MERAH,18,TELOK BLANGAH CRES,26,Unmatched,Missing,NoPostalAssertionUnderCurrentNormalization,2407,[],,[]
BUKIT MERAH,18,TIONG BAHRU RD,5,Unmatched,Missing,NoPostalAssertionUnderCurrentNormalization,2408,[],,[]
BUKIT MERAH,19,CANTONMENT CL,18,Unmatched,Missing,NoPostalAssertionUnderCurrentNormalization,2607,[],,[]
BUKIT MERAH,19,JLN MEMBINA,25,Unmatched,Missing,NoPostalAssertionUnderCurrentNormalization,2614,[],,[]
BUKIT MERAH,19,LIM LIAK ST,5,Unmatched,Missing,NoPostalAssertionUnderCurrentNormalization,2618,[],,[]
BUKIT MERAH,2,DELTA AVE,22,Unmatched,Missing,NoPostalAssertionUnderCurrentNormalization,2729,[],,[]
BUKIT MERAH,2,EVERTON PK,15,Unmatched,Missing,NoPostalAssertionUnderCurrentNormalization,2732,[],,[]
BUKIT MERAH,2,JLN BT HO SWEE,17,Unmatched,Missing,NoPostalAssertionUnderCurrentNormalization,2740,[],,[]
BUKIT MERAH,2,JLN BT MERAH,45,Unmatched,Missing,NoPostalAssertionUnderCurrentNormalization,2739,[],,[]
BUKIT MERAH,20,JLN KLINIK,20,Unmatched,Missing,NoPostalAssertionUnderCurrentNormalization,2791,[],,[]
BUKIT MERAH,20,JLN MEMBINA,34,Unmatched,Missing,NoPostalAssertionUnderCurrentNormalization,2792,[],,[]
BUKIT MERAH,20,TELOK BLANGAH CRES,37,Unmatched,Missing,NoPostalAssertionUnderCurrentNormalization,2802,[],,[]
BUKIT MERAH,20,TIONG BAHRU RD,8,Unmatched,Missing,NoPostalAssertionUnderCurrentNormalization,2803,[],,[]
BUKIT MERAH,21,JLN MEMBINA,37,Unmatched,Missing,NoPostalAssertionUnderCurrentNormalization,3083,[],,[]
BUKIT MERAH,21,LIM LIAK ST,7,Unmatched,Missing,NoPostalAssertionUnderCurrentNormalization,3085,[],,[]
BUKIT MERAH,21,TELOK BLANGAH CRES,25,Unmatched,Missing,NoPostalAssertionUnderCurrentNormalization,3093,[],,[]
BUKIT MERAH,22,HAVELOCK RD,45,Unmatched,Missing,NoPostalAssertionUnderCurrentNormalization,3368,[],,[]
BUKIT MERAH,22,JLN MEMBINA,35,Unmatched,Missing,NoPostalAssertionUnderCurrentNormalization,3371,[],,[]
BUKIT MERAH,22,TELOK BLANGAH CRES,25,Unmatched,Missing,NoPostalAssertionUnderCurrentNormalization,3379,[],,[]
BUKIT MERAH,22,TIONG BAHRU RD,8,Unmatched,Missing,NoPostalAssertionUnderCurrentNormalization,3380,[],,[]
BUKIT MERAH,23,JLN MEMBINA,32,Unmatched,Missing,NoPostalAssertionUnderCurrentNormalization,3643,[],,[]
BUKIT MERAH,23,LIM LIAK ST,4,Unmatched,Missing,NoPostalAssertionUnderCurrentNormalization,3644,[],,[]
BUKIT MERAH,23,TELOK BLANGAH CRES,15,Unmatched,Missing,NoPostalAssertionUnderCurrentNormalization,3649,[],,[]
BUKIT MERAH,24,BEO CRES,25,Unmatched,Missing,NoPostalAssertionUnderCurrentNormalization,3860,[],,[]
BUKIT MERAH,24,TELOK BLANGAH CRES,25,Unmatched,Missing,NoPostalAssertionUnderCurrentNormalization,3870,[],,[]
BUKIT MERAH,24,TIONG BAHRU RD,9,Unmatched,Missing,NoPostalAssertionUnderCurrentNormalization,3871,[],,[]
BUKIT MERAH,25,LIM LIAK ST,7,Unmatched,Missing,NoPostalAssertionUnderCurrentNormalization,4021,[],,[]
BUKIT MERAH,25,TELOK BLANGAH CRES,15,Unmatched,Missing,NoPostalAssertionUnderCurrentNormalization,4028,[],,[]
BUKIT MERAH,25A,JLN MEMBINA,23,Unmatched,Missing,NoPostalAssertionUnderCurrentNormalization,4031,[],,[]
BUKIT MERAH,25B,JLN MEMBINA,66,Unmatched,Missing,NoPostalAssertionUnderCurrentNormalization,4033,[],,[]
BUKIT MERAH,26,JLN KLINIK,26,Unmatched,Missing,NoPostalAssertionUnderCurrentNormalization,4203,[],,[]
BUKIT MERAH,26,TELOK BLANGAH CRES,24,Unmatched,Missing,NoPostalAssertionUnderCurrentNormalization,4208,[],,[]
BUKIT MERAH,26,TIONG BAHRU RD,3,Unmatched,Missing,NoPostalAssertionUnderCurrentNormalization,4209,[],,[]
BUKIT MERAH,26A,JLN MEMBINA,35,Unmatched,Missing,NoPostalAssertionUnderCurrentNormalization,4212,[],,[]
BUKIT MERAH,26B,JLN MEMBINA,56,Unmatched,Missing,NoPostalAssertionUnderCurrentNormalization,4214,[],,[]
BUKIT MERAH,26C,JLN MEMBINA,48,Unmatched,Missing,NoPostalAssertionUnderCurrentNormalization,4216,[],,[]
BUKIT MERAH,26D,JLN MEMBINA,66,Unmatched,Missing,NoPostalAssertionUnderCurrentNormalization,4217,[],,[]
BUKIT MERAH,27,LIM LIAK ST,3,Unmatched,Missing,NoPostalAssertionUnderCurrentNormalization,4414,[],,[]
BUKIT MERAH,27,TELOK BLANGAH WAY,22,Unmatched,Missing,NoPostalAssertionUnderCurrentNormalization,4418,[],,[]
BUKIT MERAH,27A,JLN MEMBINA,59,Unmatched,Missing,NoPostalAssertionUnderCurrentNormalization,4422,[],,[]
BUKIT MERAH,27B,JLN MEMBINA,20,Unmatched,Missing,NoPostalAssertionUnderCurrentNormalization,4423,[],,[]
BUKIT MERAH,28,HOY FATT RD,35,Unmatched,Missing,NoPostalAssertionUnderCurrentNormalization,4608,[],,[]
BUKIT MERAH,28,JLN BT MERAH,49,Unmatched,Missing,NoPostalAssertionUnderCurrentNormalization,4609,[],,[]
BUKIT MERAH,28,JLN KLINIK,33,Unmatched,Missing,NoPostalAssertionUnderCurrentNormalization,4610,[],,[]
BUKIT MERAH,28,TIONG BAHRU RD,4,Unmatched,Missing,NoPostalAssertionUnderCurrentNormalization,4617,[],,[]
BUKIT MERAH,29,LIM LIAK ST,5,Unmatched,Missing,NoPostalAssertionUnderCurrentNormalization,4763,[],,[]
BUKIT MERAH,2A,BOON TIONG RD,18,Unmatched,Missing,NoPostalAssertionUnderCurrentNormalization,2758,[],,[]
BUKIT MERAH,2C,BOON TIONG RD,16,Unmatched,Missing,NoPostalAssertionUnderCurrentNormalization,2774,[],,[]
BUKIT MERAH,3,DELTA AVE,17,Unmatched,Missing,NoPostalAssertionUnderCurrentNormalization,4899,[],,[]
BUKIT MERAH,3,EVERTON PK,18,Unmatched,Missing,NoPostalAssertionUnderCurrentNormalization,4902,[],,[]
BUKIT MERAH,30,JLN KLINIK,25,Unmatched,Missing,NoPostalAssertionUnderCurrentNormalization,4943,[],,[]
BUKIT MERAH,32,JLN BT HO SWEE,17,Unmatched,Missing,NoPostalAssertionUnderCurrentNormalization,5426,[],,[]
BUKIT MERAH,33,LIM LIAK ST,4,Unmatched,Missing,NoPostalAssertionUnderCurrentNormalization,5641,[],,[]
BUKIT MERAH,34,JLN BT HO SWEE,16,Unmatched,Missing,NoPostalAssertionUnderCurrentNormalization,5855,[],,[]
BUKIT MERAH,34,KIM CHENG ST,12,Unmatched,Missing,NoPostalAssertionUnderCurrentNormalization,5857,[],,[]
BUKIT MERAH,34,TELOK BLANGAH WAY,20,Unmatched,Missing,NoPostalAssertionUnderCurrentNormalization,5864,[],,[]
BUKIT MERAH,35,JLN RUMAH TINGGI,12,Unmatched,Missing,NoPostalAssertionUnderCurrentNormalization,5986,[],,[]
BUKIT MERAH,35,LIM LIAK ST,5,Unmatched,Missing,NoPostalAssertionUnderCurrentNormalization,5988,[],,[]
BUKIT MERAH,36,BEO CRES,27,Unmatched,Missing,NoPostalAssertionUnderCurrentNormalization,6166,[],,[]
BUKIT MERAH,36,JLN RUMAH TINGGI,17,Unmatched,Missing,NoPostalAssertionUnderCurrentNormalization,6172,[],,[]
BUKIT MERAH,36,MOH GUAN TER,7,Unmatched,Missing,NoPostalAssertionUnderCurrentNormalization,6176,[],,[]
BUKIT MERAH,37,JLN RUMAH TINGGI,42,Unmatched,Missing,NoPostalAssertionUnderCurrentNormalization,6279,[],,[]
BUKIT MERAH,37,LIM LIAK ST,9,Unmatched,Missing,NoPostalAssertionUnderCurrentNormalization,6280,[],,[]
BUKIT MERAH,38,BEO CRES,16,Unmatched,Missing,NoPostalAssertionUnderCurrentNormalization,6388,[],,[]
BUKIT MERAH,38,JLN RUMAH TINGGI,32,Unmatched,Missing,NoPostalAssertionUnderCurrentNormalization,6393,[],,[]
BUKIT MERAH,38,KIM PONG RD,8,Unmatched,Missing,NoPostalAssertionUnderCurrentNormalization,6395,[],,[]
BUKIT MERAH,39,JLN RUMAH TINGGI,25,Unmatched,Missing,NoPostalAssertionUnderCurrentNormalization,6465,[],,[]
BUKIT MERAH,39,TELOK BLANGAH RISE,19,Unmatched,Missing,NoPostalAssertionUnderCurrentNormalization,6471,[],,[]
BUKIT MERAH,4,DELTA AVE,13,Unmatched,Missing,NoPostalAssertionUnderCurrentNormalization,6507,[],,[]
BUKIT MERAH,4,EVERTON PK,20,Unmatched,Missing,NoPostalAssertionUnderCurrentNormalization,6509,[],,[]
BUKIT MERAH,4,JLN BT HO SWEE,7,Unmatched,Missing,NoPostalAssertionUnderCurrentNormalization,6513,[],,[]
BUKIT MERAH,40,BEO CRES,26,Unmatched,Missing,NoPostalAssertionUnderCurrentNormalization,6541,[],,[]
BUKIT MERAH,40,JLN RUMAH TINGGI,26,Unmatched,Missing,NoPostalAssertionUnderCurrentNormalization,6547,[],,[]
BUKIT MERAH,41,KIM CHENG ST,8,Unmatched,Missing,NoPostalAssertionUnderCurrentNormalization,6773,[],,[]
BUKIT MERAH,42,KIM CHENG ST,6,Unmatched,Missing,NoPostalAssertionUnderCurrentNormalization,7002,[],,[]
BUKIT MERAH,43,LENGKOK BAHRU,7,Unmatched,Missing,NoPostalAssertionUnderCurrentNormalization,7187,[],,[]
BUKIT MERAH,43,MOH GUAN TER,7,Unmatched,Missing,NoPostalAssertionUnderCurrentNormalization,7191,[],,[]
BUKIT MERAH,44,LENGKOK BAHRU,5,Unmatched,Missing,NoPostalAssertionUnderCurrentNormalization,7380,[],,[]
BUKIT MERAH,44,MOH GUAN TER,7,Unmatched,Missing,NoPostalAssertionUnderCurrentNormalization,7383,[],,[]
BUKIT MERAH,44,TELOK BLANGAH DR,62,Unmatched,Missing,NoPostalAssertionUnderCurrentNormalization,7389,[],,[]
BUKIT MERAH,45,KIM CHENG ST,6,Unmatched,Missing,NoPostalAssertionUnderCurrentNormalization,7595,[],,[]
BUKIT MERAH,45,TELOK BLANGAH DR,59,Unmatched,Missing,NoPostalAssertionUnderCurrentNormalization,7603,[],,[]
BUKIT MERAH,46,JLN BT HO SWEE,22,Unmatched,Missing,NoPostalAssertionUnderCurrentNormalization,7771,[],,[]
BUKIT MERAH,46,SENG POH RD,5,Unmatched,Missing,NoPostalAssertionUnderCurrentNormalization,7777,[],,[]
BUKIT MERAH,46,TELOK BLANGAH DR,6,Unmatched,Missing,NoPostalAssertionUnderCurrentNormalization,7781,[],,[]
BUKIT MERAH,47,MOH GUAN TER,4,Unmatched,Missing,NoPostalAssertionUnderCurrentNormalization,7989,[],,[]
BUKIT MERAH,47,TELOK BLANGAH DR,22,Unmatched,Missing,NoPostalAssertionUnderCurrentNormalization,7995,[],,[]
BUKIT MERAH,48,LOWER DELTA RD,27,Unmatched,Missing,NoPostalAssertionUnderCurrentNormalization,8151,[],,[]
BUKIT MERAH,48,MOH GUAN TER,7,Unmatched,Missing,NoPostalAssertionUnderCurrentNormalization,8152,[],,[]
BUKIT MERAH,48,TELOK BLANGAH DR,24,Unmatched,Missing,NoPostalAssertionUnderCurrentNormalization,8158,[],,[]
BUKIT MERAH,49,HOY FATT RD,19,Unmatched,Missing,NoPostalAssertionUnderCurrentNormalization,8269,[],,[]
BUKIT MERAH,49,KIM PONG RD,7,Unmatched,Missing,NoPostalAssertionUnderCurrentNormalization,8272,[],,[]
BUKIT MERAH,49,TELOK BLANGAH DR,16,Unmatched,Missing,NoPostalAssertionUnderCurrentNormalization,8279,[],,[]
BUKIT MERAH,4A,BOON TIONG RD,22,Unmatched,Missing,NoPostalAssertionUnderCurrentNormalization,6530,[],,[]
BUKIT MERAH,4B,BOON TIONG RD,30,Unmatched,Missing,NoPostalAssertionUnderCurrentNormalization,6537,[],,[]
BUKIT MERAH,5,DELTA AVE,23,Unmatched,Missing,NoPostalAssertionUnderCurrentNormalization,8388,[],,[]
BUKIT MERAH,5,EVERTON PK,16,Unmatched,Missing,NoPostalAssertionUnderCurrentNormalization,8391,[],,[]
BUKIT MERAH,5,TELOK BLANGAH CRES,32,Unmatched,Missing,NoPostalAssertionUnderCurrentNormalization,8405,[],,[]
BUKIT MERAH,50,HAVELOCK RD,12,Unmatched,Missing,NoPostalAssertionUnderCurrentNormalization,8421,[],,[]
BUKIT MERAH,50,HOY FATT RD,25,Unmatched,Missing,NoPostalAssertionUnderCurrentNormalization,8422,[],,[]
BUKIT MERAH,50,MOH GUAN TER,12,Unmatched,Missing,NoPostalAssertionUnderCurrentNormalization,8426,[],,[]
BUKIT MERAH,50,TELOK BLANGAH DR,38,Unmatched,Missing,NoPostalAssertionUnderCurrentNormalization,8432,[],,[]
BUKIT MERAH,51,TELOK BLANGAH DR,17,Unmatched,Missing,NoPostalAssertionUnderCurrentNormalization,8650,[],,[]
BUKIT MERAH,52,HAVELOCK RD,56,Unmatched,Missing,NoPostalAssertionUnderCurrentNormalization,8814,[],,[]
BUKIT MERAH,52,LENGKOK BAHRU,14,Unmatched,Missing,NoPostalAssertionUnderCurrentNormalization,8817,[],,[]
BUKIT MERAH,52,TELOK BLANGAH DR,18,Unmatched,Missing,NoPostalAssertionUnderCurrentNormalization,8825,[],,[]
BUKIT MERAH,53,HAVELOCK RD,32,Unmatched,Missing,NoPostalAssertionUnderCurrentNormalization,8968,[],,[]
BUKIT MERAH,53,LENGKOK BAHRU,12,Unmatched,Missing,NoPostalAssertionUnderCurrentNormalization,8971,[],,[]
BUKIT MERAH,53,TELOK BLANGAH DR,10,Unmatched,Missing,NoPostalAssertionUnderCurrentNormalization,8980,[],,[]
BUKIT MERAH,54,HAVELOCK RD,60,Unmatched,Missing,NoPostalAssertionUnderCurrentNormalization,9116,[],,[]
BUKIT MERAH,54,TELOK BLANGAH DR,31,Unmatched,Missing,NoPostalAssertionUnderCurrentNormalization,9125,[],,[]
BUKIT MERAH,55,HAVELOCK RD,55,Unmatched,Missing,NoPostalAssertionUnderCurrentNormalization,9245,[],,[]
BUKIT MERAH,55,TELOK BLANGAH DR,28,Unmatched,Missing,NoPostalAssertionUnderCurrentNormalization,9255,[],,[]
BUKIT MERAH,56,HAVELOCK RD,33,Unmatched,Missing,NoPostalAssertionUnderCurrentNormalization,9346,[],,[]
BUKIT MERAH,56,TELOK BLANGAH HTS,28,Unmatched,Missing,NoPostalAssertionUnderCurrentNormalization,9356,[],,[]
BUKIT MERAH,57,HAVELOCK RD,59,Unmatched,Missing,NoPostalAssertionUnderCurrentNormalization,9427,[],,[]
BUKIT MERAH,57,TELOK BLANGAH HTS,31,Unmatched,Missing,NoPostalAssertionUnderCurrentNormalization,9435,[],,[]
BUKIT MERAH,58,HAVELOCK RD,44,Unmatched,Missing,NoPostalAssertionUnderCurrentNormalization,9516,[],,[]
BUKIT MERAH,58,TELOK BLANGAH HTS,20,Unmatched,Missing,NoPostalAssertionUnderCurrentNormalization,9525,[],,[]
BUKIT MERAH,59,TELOK BLANGAH HTS,16,Unmatched,Missing,NoPostalAssertionUnderCurrentNormalization,9591,[],,[]
BUKIT MERAH,6,EVERTON PK,14,Unmatched,Missing,NoPostalAssertionUnderCurrentNormalization,9627,[],,[]
BUKIT MERAH,6,JLN BT HO SWEE,10,Unmatched,Missing,NoPostalAssertionUnderCurrentNormalization,9636,[],,[]
BUKIT MERAH,6,KIM TIAN RD,6,Unmatched,Missing,NoPostalAssertionUnderCurrentNormalization,9637,[],,[]
BUKIT MERAH,6,TELOK BLANGAH CRES,31,Unmatched,Missing,NoPostalAssertionUnderCurrentNormalization,9644,[],,[]
BUKIT MERAH,60,TELOK BLANGAH HTS,39,Unmatched,Missing,NoPostalAssertionUnderCurrentNormalization,9666,[],,[]
BUKIT MERAH,61,TELOK BLANGAH HTS,36,Unmatched,Missing,NoPostalAssertionUnderCurrentNormalization,9833,[],,[]
BUKIT MERAH,62,TELOK BLANGAH HTS,29,Unmatched,Missing,NoPostalAssertionUnderCurrentNormalization,10003,[],,[]
BUKIT MERAH,63,TELOK BLANGAH HTS,25,Unmatched,Missing,NoPostalAssertionUnderCurrentNormalization,10168,[],,[]
BUKIT MERAH,64,TELOK BLANGAH DR,44,Unmatched,Missing,NoPostalAssertionUnderCurrentNormalization,10372,[],,[]
BUKIT MERAH,65,TELOK BLANGAH DR,33,Unmatched,Missing,NoPostalAssertionUnderCurrentNormalization,10531,[],,[]
BUKIT MERAH,66,TELOK BLANGAH DR,12,Unmatched,Missing,NoPostalAssertionUnderCurrentNormalization,10676,[],,[]
BUKIT MERAH,67,TELOK BLANGAH DR,22,Unmatched,Missing,NoPostalAssertionUnderCurrentNormalization,10845,[],,[]
BUKIT MERAH,68,REDHILL CL,26,Unmatched,Missing,NoPostalAssertionUnderCurrentNormalization,11002,[],,[]
BUKIT MERAH,68,TELOK BLANGAH HTS,14,Unmatched,Missing,NoPostalAssertionUnderCurrentNormalization,11004,[],,[]
BUKIT MERAH,69,REDHILL CL,33,Unmatched,Missing,NoPostalAssertionUnderCurrentNormalization,11149,[],,[]
BUKIT MERAH,69,TELOK BLANGAH HTS,23,Unmatched,Missing,NoPostalAssertionUnderCurrentNormalization,11151,[],,[]
BUKIT MERAH,6A,BOON TIONG RD,37,Unmatched,Missing,NoPostalAssertionUnderCurrentNormalization,9649,[],,[]
BUKIT MERAH,6B,BOON TIONG RD,42,Unmatched,Missing,NoPostalAssertionUnderCurrentNormalization,9652,[],,[]
BUKIT MERAH,7,EVERTON PK,21,Unmatched,Missing,NoPostalAssertionUnderCurrentNormalization,11229,[],,[]
BUKIT MERAH,7,JLN BT MERAH,6,Unmatched,Missing,NoPostalAssertionUnderCurrentNormalization,11234,[],,[]
BUKIT MERAH,7,KIM TIAN PL,18,Unmatched,Missing,NoPostalAssertionUnderCurrentNormalization,11235,[],,[]
BUKIT MERAH,7,TELOK BLANGAH CRES,88,Unmatched,Missing,NoPostalAssertionUnderCurrentNormalization,11247,[],,[]
BUKIT MERAH,70,REDHILL CL,22,Unmatched,Missing,NoPostalAssertionUnderCurrentNormalization,11260,[],,[]
BUKIT MERAH,70A,TELOK BLANGAH HTS,61,Unmatched,Missing,NoPostalAssertionUnderCurrentNormalization,11265,[],,[]
BUKIT MERAH,70B,TELOK BLANGAH HTS,52,Unmatched,Missing,NoPostalAssertionUnderCurrentNormalization,11266,[],,[]
BUKIT MERAH,70C,TELOK BLANGAH HTS,57,Unmatched,Missing,NoPostalAssertionUnderCurrentNormalization,11267,[],,[]
BUKIT MERAH,72,TELOK BLANGAH HTS,17,Unmatched,Missing,NoPostalAssertionUnderCurrentNormalization,11479,[],,[]
BUKIT MERAH,73,TELOK BLANGAH HTS,15,Unmatched,Missing,NoPostalAssertionUnderCurrentNormalization,11564,[],,[]
BUKIT MERAH,73A,REDHILL RD,40,Unmatched,Missing,NoPostalAssertionUnderCurrentNormalization,11566,[],,[]
BUKIT MERAH,74,TELOK BLANGAH HTS,13,Unmatched,Missing,NoPostalAssertionUnderCurrentNormalization,11633,[],,[]
BUKIT MERAH,74A,REDHILL RD,39,Unmatched,Missing,NoPostalAssertionUnderCurrentNormalization,11636,[],,[]
BUKIT MERAH,75,TELOK BLANGAH DR,31,Unmatched,Missing,NoPostalAssertionUnderCurrentNormalization,11705,[],,[]
BUKIT MERAH,75A,REDHILL RD,43,Unmatched,Missing,NoPostalAssertionUnderCurrentNormalization,11709,[],,[]
BUKIT MERAH,75B,REDHILL RD,51,Unmatched,Missing,NoPostalAssertionUnderCurrentNormalization,11712,[],,[]
BUKIT MERAH,75C,REDHILL RD,53,Unmatched,Missing,NoPostalAssertionUnderCurrentNormalization,11713,[],,[]
BUKIT MERAH,76,TELOK BLANGAH DR,25,Unmatched,Missing,NoPostalAssertionUnderCurrentNormalization,11778,[],,[]
BUKIT MERAH,76A,REDHILL RD,45,Unmatched,Missing,NoPostalAssertionUnderCurrentNormalization,11780,[],,[]
BUKIT MERAH,77,INDUS RD,25,Unmatched,Missing,NoPostalAssertionUnderCurrentNormalization,11856,[],,[]
BUKIT MERAH,77,TELOK BLANGAH DR,19,Unmatched,Missing,NoPostalAssertionUnderCurrentNormalization,11861,[],,[]
BUKIT MERAH,77A,REDHILL RD,52,Unmatched,Missing,NoPostalAssertionUnderCurrentNormalization,11864,[],,[]
BUKIT MERAH,78,INDUS RD,23,Unmatched,Missing,NoPostalAssertionUnderCurrentNormalization,11914,[],,[]
BUKIT MERAH,8,CANTONMENT CL,29,Unmatched,Missing,NoPostalAssertionUnderCurrentNormalization,12055,[],,[]
BUKIT MERAH,8,JLN BT HO SWEE,18,Unmatched,Missing,NoPostalAssertionUnderCurrentNormalization,12065,[],,[]
BUKIT MERAH,8,JLN RUMAH TINGGI,21,Unmatched,Missing,NoPostalAssertionUnderCurrentNormalization,12063,[],,[]
BUKIT MERAH,8,KIM TIAN PL,16,Unmatched,Missing,NoPostalAssertionUnderCurrentNormalization,12067,[],,[]
BUKIT MERAH,8,TELOK BLANGAH CRES,18,Unmatched,Missing,NoPostalAssertionUnderCurrentNormalization,12076,[],,[]
BUKIT MERAH,80A,TELOK BLANGAH ST 31,80,Unmatched,Missing,NoPostalAssertionUnderCurrentNormalization,12104,[],,[]
BUKIT MERAH,80B,TELOK BLANGAH ST 31,25,Unmatched,Missing,NoPostalAssertionUnderCurrentNormalization,12106,[],,[]
BUKIT MERAH,80C,TELOK BLANGAH ST 31,74,Unmatched,Missing,NoPostalAssertionUnderCurrentNormalization,12107,[],,[]
BUKIT MERAH,84,TELOK BLANGAH HTS,9,Unmatched,Missing,NoPostalAssertionUnderCurrentNormalization,12422,[],,[]
BUKIT MERAH,85,TELOK BLANGAH HTS,30,Unmatched,Missing,NoPostalAssertionUnderCurrentNormalization,12490,[],,[]
BUKIT MERAH,86,REDHILL CL,37,Unmatched,Missing,NoPostalAssertionUnderCurrentNormalization,12568,[],,[]
BUKIT MERAH,86,TELOK BLANGAH HTS,35,Unmatched,Missing,NoPostalAssertionUnderCurrentNormalization,12569,[],,[]
BUKIT MERAH,87,REDHILL CL,24,Unmatched,Missing,NoPostalAssertionUnderCurrentNormalization,12636,[],,[]
BUKIT MERAH,87,TELOK BLANGAH HTS,34,Unmatched,Missing,NoPostalAssertionUnderCurrentNormalization,12637,[],,[]
BUKIT MERAH,87,ZION RD,28,Unmatched,Missing,NoPostalAssertionUnderCurrentNormalization,12639,[],,[]
BUKIT MERAH,88,REDHILL CL,7,Unmatched,Missing,NoPostalAssertionUnderCurrentNormalization,12703,[],,[]
BUKIT MERAH,88,TELOK BLANGAH HTS,40,Unmatched,Missing,NoPostalAssertionUnderCurrentNormalization,12705,[],,[]
BUKIT MERAH,8A,BOON TIONG RD,23,Unmatched,Missing,NoPostalAssertionUnderCurrentNormalization,12081,[],,[]
BUKIT MERAH,8B,BOON TIONG RD,41,Unmatched,Missing,NoPostalAssertionUnderCurrentNormalization,12088,[],,[]
BUKIT MERAH,9,CANTONMENT CL,37,Unmatched,Missing,NoPostalAssertionUnderCurrentNormalization,12824,[],,[]
BUKIT MERAH,9,JLN RUMAH TINGGI,17,Unmatched,Missing,NoPostalAssertionUnderCurrentNormalization,12829,[],,[]
BUKIT MERAH,90A,TELOK BLANGAH ST 31,81,Unmatched,Missing,NoPostalAssertionUnderCurrentNormalization,12858,[],,[]
BUKIT MERAH,90B,TELOK BLANGAH ST 31,35,Unmatched,Missing,NoPostalAssertionUnderCurrentNormalization,12860,[],,[]
BUKIT MERAH,91A,TELOK BLANGAH ST 31,68,Unmatched,Missing,NoPostalAssertionUnderCurrentNormalization,12900,[],,[]
BUKIT MERAH,92A,TELOK BLANGAH ST 31,13,Unmatched,Missing,NoPostalAssertionUnderCurrentNormalization,12942,[],,[]
BUKIT MERAH,92B,TELOK BLANGAH ST 31,55,Unmatched,Missing,NoPostalAssertionUnderCurrentNormalization,12943,[],,[]
BUKIT MERAH,93A,TELOK BLANGAH ST 31,54,Unmatched,Missing,NoPostalAssertionUnderCurrentNormalization,12991,[],,[]
BUKIT MERAH,93B,TELOK BLANGAH ST 31,75,Unmatched,Missing,NoPostalAssertionUnderCurrentNormalization,12992,[],,[]
BUKIT MERAH,94,HAVELOCK RD,15,Unmatched,Missing,NoPostalAssertionUnderCurrentNormalization,13041,[],,[]
BUKIT MERAH,95,HAVELOCK RD,20,Unmatched,Missing,NoPostalAssertionUnderCurrentNormalization,13084,[],,[]
BUKIT MERAH,95A,HENDERSON RD,45,Unmatched,Missing,NoPostalAssertionUnderCurrentNormalization,13091,[],,[]
BUKIT MERAH,95B,HENDERSON RD,45,Unmatched,Missing,NoPostalAssertionUnderCurrentNormalization,13094,[],,[]
BUKIT MERAH,95C,HENDERSON RD,46,Unmatched,Missing,NoPostalAssertionUnderCurrentNormalization,13096,[],,[]
BUKIT MERAH,96A,HENDERSON RD,49,Unmatched,Missing,NoPostalAssertionUnderCurrentNormalization,13152,[],,[]
BUKIT MERAH,96B,HENDERSON RD,33,Unmatched,Missing,NoPostalAssertionUnderCurrentNormalization,13153,[],,[]
BUKIT MERAH,9A,BOON TIONG RD,41,Unmatched,Missing,NoPostalAssertionUnderCurrentNormalization,12843,[],,[]
BUKIT MERAH,9B,BOON TIONG RD,31,Unmatched,Missing,NoPostalAssertionUnderCurrentNormalization,12846,[],,[]
BUKIT PANJANG,101,GANGSA RD,10,Unmatched,Missing,NoPostalAssertionUnderCurrentNormalization,112,[],,[]
BUKIT PANJANG,102,GANGSA RD,19,Unmatched,Missing,NoPostalAssertionUnderCurrentNormalization,155,[],,[]
BUKIT PANJANG,103,GANGSA RD,6,Unmatched,Missing,NoPostalAssertionUnderCurrentNormalization,196,[],,[]
BUKIT PANJANG,104,GANGSA RD,21,Unmatched,Missing,NoPostalAssertionUnderCurrentNormalization,232,[],,[]
BUKIT PANJANG,105,GANGSA RD,12,Unmatched,Missing,NoPostalAssertionUnderCurrentNormalization,278,[],,[]
BUKIT PANJANG,106,GANGSA RD,21,Unmatched,Missing,NoPostalAssertionUnderCurrentNormalization,317,[],,[]
BUKIT PANJANG,107,GANGSA RD,17,Unmatched,Missing,NoPostalAssertionUnderCurrentNormalization,361,[],,[]
BUKIT PANJANG,108,GANGSA RD,19,Unmatched,Missing,NoPostalAssertionUnderCurrentNormalization,404,[],,[]
BUKIT PANJANG,109,GANGSA RD,7,Unmatched,Missing,NoPostalAssertionUnderCurrentNormalization,446,[],,[]
BUKIT PANJANG,110,GANGSA RD,12,Unmatched,Missing,NoPostalAssertionUnderCurrentNormalization,513,[],,[]
BUKIT PANJANG,111,GANGSA RD,16,Unmatched,Missing,NoPostalAssertionUnderCurrentNormalization,550,[],,[]
BUKIT PANJANG,112,PENDING RD,9,Unmatched,Missing,NoPostalAssertionUnderCurrentNormalization,597,[],,[]
BUKIT PANJANG,113,PENDING RD,23,Unmatched,Missing,NoPostalAssertionUnderCurrentNormalization,635,[],,[]
BUKIT PANJANG,114,PENDING RD,9,Unmatched,Missing,NoPostalAssertionUnderCurrentNormalization,679,[],,[]
BUKIT PANJANG,115,PENDING RD,22,Unmatched,Missing,NoPostalAssertionUnderCurrentNormalization,717,[],,[]
BUKIT PANJANG,116,PENDING RD,26,Unmatched,Missing,NoPostalAssertionUnderCurrentNormalization,759,[],,[]
BUKIT PANJANG,117,PENDING RD,3,Unmatched,Missing,NoPostalAssertionUnderCurrentNormalization,797,[],,[]
BUKIT PANJANG,118,PENDING RD,25,Unmatched,Missing,NoPostalAssertionUnderCurrentNormalization,834,[],,[]
BUKIT PANJANG,119,PENDING RD,5,Unmatched,Missing,NoPostalAssertionUnderCurrentNormalization,872,[],,[]
BUKIT PANJANG,120,PENDING RD,12,Unmatched,Missing,NoPostalAssertionUnderCurrentNormalization,945,[],,[]
BUKIT PANJANG,121,PENDING RD,11,Unmatched,Missing,NoPostalAssertionUnderCurrentNormalization,987,[],,[]
BUKIT PANJANG,122,PENDING RD,5,Unmatched,Missing,NoPostalAssertionUnderCurrentNormalization,1026,[],,[]
BUKIT PANJANG,123,PENDING RD,24,Unmatched,Missing,NoPostalAssertionUnderCurrentNormalization,1060,[],,[]
BUKIT PANJANG,124,PENDING RD,12,Unmatched,Missing,NoPostalAssertionUnderCurrentNormalization,1091,[],,[]
BUKIT PANJANG,125,PENDING RD,28,Unmatched,Missing,NoPostalAssertionUnderCurrentNormalization,1121,[],,[]
BUKIT PANJANG,126,PENDING RD,16,Unmatched,Missing,NoPostalAssertionUnderCurrentNormalization,1150,[],,[]
BUKIT PANJANG,127,PENDING RD,10,Unmatched,Missing,NoPostalAssertionUnderCurrentNormalization,1186,[],,[]
BUKIT PANJANG,128,PENDING RD,25,Unmatched,Missing,NoPostalAssertionUnderCurrentNormalization,1214,[],,[]
BUKIT PANJANG,129,PENDING RD,15,Unmatched,Missing,NoPostalAssertionUnderCurrentNormalization,1247,[],,[]
BUKIT PANJANG,130,CASHEW RD,24,Unmatched,Missing,NoPostalAssertionUnderCurrentNormalization,1293,[],,[]
BUKIT PANJANG,131,CASHEW RD,27,Unmatched,Missing,NoPostalAssertionUnderCurrentNormalization,1322,[],,[]
BUKIT PANJANG,132,CASHEW RD,26,Unmatched,Missing,NoPostalAssertionUnderCurrentNormalization,1357,[],,[]
BUKIT PANJANG,133,CASHEW RD,18,Unmatched,Missing,NoPostalAssertionUnderCurrentNormalization,1384,[],,[]
BUKIT PANJANG,133A,CASHEW RD,9,Unmatched,Missing,NoPostalAssertionUnderCurrentNormalization,1400,[],,[]
BUKIT PANJANG,134,PETIR RD,1,Unmatched,Missing,NoPostalAssertionUnderCurrentNormalization,1417,[],,[]
BUKIT PANJANG,135,CASHEW RD,21,Unmatched,Missing,NoPostalAssertionUnderCurrentNormalization,1432,[],,[]
BUKIT PANJANG,136,PETIR RD,9,Unmatched,Missing,NoPostalAssertionUnderCurrentNormalization,1461,[],,[]
BUKIT PANJANG,137,PETIR RD,24,Unmatched,Missing,NoPostalAssertionUnderCurrentNormalization,1479,[],,[]
BUKIT PANJANG,138,PETIR RD,10,Unmatched,Missing,NoPostalAssertionUnderCurrentNormalization,1502,[],,[]
BUKIT PANJANG,139,PETIR RD,24,Unmatched,Missing,NoPostalAssertionUnderCurrentNormalization,1527,[],,[]
BUKIT PANJANG,140,PETIR RD,15,Unmatched,Missing,NoPostalAssertionUnderCurrentNormalization,1575,[],,[]
BUKIT PANJANG,141,PETIR RD,12,Unmatched,Missing,NoPostalAssertionUnderCurrentNormalization,1595,[],,[]
BUKIT PANJANG,142,PETIR RD,20,Unmatched,Missing,NoPostalAssertionUnderCurrentNormalization,1616,[],,[]
BUKIT PANJANG,143,PETIR RD,21,Unmatched,Missing,NoPostalAssertionUnderCurrentNormalization,1637,[],,[]
BUKIT PANJANG,144,PETIR RD,7,Unmatched,Missing,NoPostalAssertionUnderCurrentNormalization,1652,[],,[]
BUKIT PANJANG,145,PETIR RD,3,Unmatched,Missing,NoPostalAssertionUnderCurrentNormalization,1669,[],,[]
BUKIT PANJANG,146,GANGSA RD,13,Unmatched,Missing,NoPostalAssertionUnderCurrentNormalization,1682,[],,[]
BUKIT PANJANG,147,GANGSA RD,12,Unmatched,Missing,NoPostalAssertionUnderCurrentNormalization,1702,[],,[]
BUKIT PANJANG,148,GANGSA RD,17,Unmatched,Missing,NoPostalAssertionUnderCurrentNormalization,1720,[],,[]
BUKIT PANJANG,149,PETIR RD,27,Unmatched,Missing,NoPostalAssertionUnderCurrentNormalization,1740,[],,[]
BUKIT PANJANG,150,PETIR RD,16,Unmatched,Missing,NoPostalAssertionUnderCurrentNormalization,1779,[],,[]
BUKIT PANJANG,151,PETIR RD,7,Unmatched,Missing,NoPostalAssertionUnderCurrentNormalization,1799,[],,[]
BUKIT PANJANG,152,GANGSA RD,31,Unmatched,Missing,NoPostalAssertionUnderCurrentNormalization,1815,[],,[]
BUKIT PANJANG,153,GANGSA RD,20,Unmatched,Missing,NoPostalAssertionUnderCurrentNormalization,1837,[],,[]
BUKIT PANJANG,154,GANGSA RD,27,Unmatched,Missing,NoPostalAssertionUnderCurrentNormalization,1858,[],,[]
BUKIT PANJANG,155,GANGSA RD,20,Unmatched,Missing,NoPostalAssertionUnderCurrentNormalization,1878,[],,[]
BUKIT PANJANG,163,GANGSA RD,24,Unmatched,Missing,NoPostalAssertionUnderCurrentNormalization,2060,[],,[]
BUKIT PANJANG,164,GANGSA RD,18,Unmatched,Missing,NoPostalAssertionUnderCurrentNormalization,2080,[],,[]
BUKIT PANJANG,165,GANGSA RD,23,Unmatched,Missing,NoPostalAssertionUnderCurrentNormalization,2098,[],,[]
BUKIT PANJANG,166,GANGSA RD,30,Unmatched,Missing,NoPostalAssertionUnderCurrentNormalization,2116,[],,[]
BUKIT PANJANG,167,PETIR RD,36,Unmatched,Missing,NoPostalAssertionUnderCurrentNormalization,2138,[],,[]
BUKIT PANJANG,168,PETIR RD,19,Unmatched,Missing,NoPostalAssertionUnderCurrentNormalization,2159,[],,[]
BUKIT PANJANG,170,GANGSA RD,28,Unmatched,Missing,NoPostalAssertionUnderCurrentNormalization,2216,[],,[]
BUKIT PANJANG,171,GANGSA RD,22,Unmatched,Missing,NoPostalAssertionUnderCurrentNormalization,2235,[],,[]
BUKIT PANJANG,172,GANGSA RD,27,Unmatched,Missing,NoPostalAssertionUnderCurrentNormalization,2255,[],,[]
BUKIT PANJANG,173,GANGSA RD,21,Unmatched,Missing,NoPostalAssertionUnderCurrentNormalization,2274,[],,[]
BUKIT PANJANG,174,LOMPANG RD,20,Unmatched,Missing,NoPostalAssertionUnderCurrentNormalization,2293,[],,[]
BUKIT PANJANG,175,LOMPANG RD,21,Unmatched,Missing,NoPostalAssertionUnderCurrentNormalization,2313,[],,[]
BUKIT PANJANG,176,LOMPANG RD,37,Unmatched,Missing,NoPostalAssertionUnderCurrentNormalization,2338,[],,[]
BUKIT PANJANG,177,LOMPANG RD,38,Unmatched,Missing,NoPostalAssertionUnderCurrentNormalization,2351,[],,[]
BUKIT PANJANG,178,LOMPANG RD,41,Unmatched,Missing,NoPostalAssertionUnderCurrentNormalization,2363,[],,[]
BUKIT PANJANG,179,LOMPANG RD,27,Unmatched,Missing,NoPostalAssertionUnderCurrentNormalization,2381,[],,[]
BUKIT PANJANG,180,LOMPANG RD,23,Unmatched,Missing,NoPostalAssertionUnderCurrentNormalization,2430,[],,[]
BUKIT PANJANG,181,JELEBU RD,51,Unmatched,Missing,NoPostalAssertionUnderCurrentNormalization,2453,[],,[]
BUKIT PANJANG,182,JELEBU RD,44,Unmatched,Missing,NoPostalAssertionUnderCurrentNormalization,2472,[],,[]
BUKIT PANJANG,183,JELEBU RD,35,Unmatched,Missing,NoPostalAssertionUnderCurrentNormalization,2490,[],,[]
BUKIT PANJANG,184,JELEBU RD,41,Unmatched,Missing,NoPostalAssertionUnderCurrentNormalization,2514,[],,[]
BUKIT PANJANG,185,JELEBU RD,35,Unmatched,Missing,NoPostalAssertionUnderCurrentNormalization,2532,[],,[]
BUKIT PANJANG,201,PETIR RD,13,Unmatched,Missing,NoPostalAssertionUnderCurrentNormalization,2826,[],,[]
BUKIT PANJANG,202,PETIR RD,14,Unmatched,Missing,NoPostalAssertionUnderCurrentNormalization,2863,[],,[]
BUKIT PANJANG,203,PETIR RD,19,Unmatched,Missing,NoPostalAssertionUnderCurrentNormalization,2889,[],,[]
BUKIT PANJANG,204,PETIR RD,24,Unmatched,Missing,NoPostalAssertionUnderCurrentNormalization,2915,[],,[]
BUKIT PANJANG,205,PETIR RD,26,Unmatched,Missing,NoPostalAssertionUnderCurrentNormalization,2942,[],,[]
BUKIT PANJANG,206,PETIR RD,25,Unmatched,Missing,NoPostalAssertionUnderCurrentNormalization,2964,[],,[]
BUKIT PANJANG,207,PETIR RD,19,Unmatched,Missing,NoPostalAssertionUnderCurrentNormalization,2991,[],,[]
BUKIT PANJANG,208,PETIR RD,19,Unmatched,Missing,NoPostalAssertionUnderCurrentNormalization,3025,[],,[]
BUKIT PANJANG,209,PETIR RD,3,Unmatched,Missing,NoPostalAssertionUnderCurrentNormalization,3058,[],,[]
BUKIT PANJANG,210,PETIR RD,13,Unmatched,Missing,NoPostalAssertionUnderCurrentNormalization,3111,[],,[]
BUKIT PANJANG,211,PETIR RD,13,Unmatched,Missing,NoPostalAssertionUnderCurrentNormalization,3140,[],,[]
BUKIT PANJANG,212,PETIR RD,2,Unmatched,Missing,NoPostalAssertionUnderCurrentNormalization,3169,[],,[]
BUKIT PANJANG,213,PETIR RD,21,Unmatched,Missing,NoPostalAssertionUnderCurrentNormalization,3198,[],,[]
BUKIT PANJANG,214,PETIR RD,17,Unmatched,Missing,NoPostalAssertionUnderCurrentNormalization,3223,[],,[]
BUKIT PANJANG,215,PETIR RD,3,Unmatched,Missing,NoPostalAssertionUnderCurrentNormalization,3245,[],,[]
BUKIT PANJANG,216,PETIR RD,26,Unmatched,Missing,NoPostalAssertionUnderCurrentNormalization,3270,[],,[]
BUKIT PANJANG,217,PETIR RD,16,Unmatched,Missing,NoPostalAssertionUnderCurrentNormalization,3302,[],,[]
BUKIT PANJANG,218,PETIR RD,18,Unmatched,Missing,NoPostalAssertionUnderCurrentNormalization,3330,[],,[]
BUKIT PANJANG,219,PETIR RD,23,Unmatched,Missing,NoPostalAssertionUnderCurrentNormalization,3348,[],,[]
BUKIT PANJANG,220,PETIR RD,25,Unmatched,Missing,NoPostalAssertionUnderCurrentNormalization,3396,[],,[]
BUKIT PANJANG,221,PENDING RD,21,Unmatched,Missing,NoPostalAssertionUnderCurrentNormalization,3423,[],,[]
BUKIT PANJANG,222,PENDING RD,1,Unmatched,Missing,NoPostalAssertionUnderCurrentNormalization,3447,[],,[]
BUKIT PANJANG,223,PENDING RD,23,Unmatched,Missing,NoPostalAssertionUnderCurrentNormalization,3469,[],,[]
BUKIT PANJANG,224,PENDING RD,2,Unmatched,Missing,NoPostalAssertionUnderCurrentNormalization,3492,[],,[]
BUKIT PANJANG,225,PENDING RD,16,Unmatched,Missing,NoPostalAssertionUnderCurrentNormalization,3519,[],,[]
BUKIT PANJANG,226,PENDING RD,13,Unmatched,Missing,NoPostalAssertionUnderCurrentNormalization,3541,[],,[]
BUKIT PANJANG,227,PENDING RD,23,Unmatched,Missing,NoPostalAssertionUnderCurrentNormalization,3574,[],,[]
BUKIT PANJANG,228,PENDING RD,15,Unmatched,Missing,NoPostalAssertionUnderCurrentNormalization,3598,[],,[]
BUKIT PANJANG,229,PENDING RD,22,Unmatched,Missing,NoPostalAssertionUnderCurrentNormalization,3625,[],,[]
BUKIT PANJANG,230,PENDING RD,27,Unmatched,Missing,NoPostalAssertionUnderCurrentNormalization,3666,[],,[]
BUKIT PANJANG,231,PENDING RD,4,Unmatched,Missing,NoPostalAssertionUnderCurrentNormalization,3693,[],,[]
BUKIT PANJANG,232,PENDING RD,22,Unmatched,Missing,NoPostalAssertionUnderCurrentNormalization,3716,[],,[]
BUKIT PANJANG,233,PENDING RD,6,Unmatched,Missing,NoPostalAssertionUnderCurrentNormalization,3736,[],,[]
BUKIT PANJANG,234,BT PANJANG RING RD,12,Unmatched,Missing,NoPostalAssertionUnderCurrentNormalization,3755,[],,[]
BUKIT PANJANG,235,BT PANJANG RING RD,11,Unmatched,Missing,NoPostalAssertionUnderCurrentNormalization,3774,[],,[]
BUKIT PANJANG,236,BT PANJANG RING RD,26,Unmatched,Missing,NoPostalAssertionUnderCurrentNormalization,3790,[],,[]
BUKIT PANJANG,237,BT PANJANG RING RD,15,Unmatched,Missing,NoPostalAssertionUnderCurrentNormalization,3807,[],,[]
BUKIT PANJANG,238,BT PANJANG RING RD,17,Unmatched,Missing,NoPostalAssertionUnderCurrentNormalization,3825,[],,[]
BUKIT PANJANG,239,BT PANJANG RING RD,34,Unmatched,Missing,NoPostalAssertionUnderCurrentNormalization,3845,[],,[]
BUKIT PANJANG,240,BT PANJANG RING RD,22,Unmatched,Missing,NoPostalAssertionUnderCurrentNormalization,3874,[],,[]
BUKIT PANJANG,241,BT PANJANG RING RD,15,Unmatched,Missing,NoPostalAssertionUnderCurrentNormalization,3889,[],,[]
BUKIT PANJANG,242,BT PANJANG RING RD,5,Unmatched,Missing,NoPostalAssertionUnderCurrentNormalization,3906,[],,[]
BUKIT PANJANG,243,BT PANJANG RING RD,12,Unmatched,Missing,NoPostalAssertionUnderCurrentNormalization,3917,[],,[]
BUKIT PANJANG,244,BT PANJANG RING RD,18,Unmatched,Missing,NoPostalAssertionUnderCurrentNormalization,3933,[],,[]
BUKIT PANJANG,245,BT PANJANG RING RD,3,Unmatched,Missing,NoPostalAssertionUnderCurrentNormalization,3948,[],,[]
BUKIT PANJANG,246,BANGKIT RD,8,Unmatched,Missing,NoPostalAssertionUnderCurrentNormalization,3962,[],,[]
BUKIT PANJANG,248,BANGKIT RD,16,Unmatched,Missing,NoPostalAssertionUnderCurrentNormalization,3989,[],,[]
BUKIT PANJANG,249,BANGKIT RD,20,Unmatched,Missing,NoPostalAssertionUnderCurrentNormalization,4002,[],,[]
BUKIT PANJANG,250,BANGKIT RD,31,Unmatched,Missing,NoPostalAssertionUnderCurrentNormalization,4034,[],,[]
BUKIT PANJANG,251,BANGKIT RD,25,Unmatched,Missing,NoPostalAssertionUnderCurrentNormalization,4048,[],,[]
BUKIT PANJANG,252,BANGKIT RD,23,Unmatched,Missing,NoPostalAssertionUnderCurrentNormalization,4060,[],,[]
BUKIT PANJANG,253,BANGKIT RD,14,Unmatched,Missing,NoPostalAssertionUnderCurrentNormalization,4073,[],,[]
BUKIT PANJANG,254,BANGKIT RD,16,Unmatched,Missing,NoPostalAssertionUnderCurrentNormalization,4089,[],,[]
BUKIT PANJANG,255,BANGKIT RD,6,Unmatched,Missing,NoPostalAssertionUnderCurrentNormalization,4104,[],,[]
BUKIT PANJANG,257,BANGKIT RD,19,Unmatched,Missing,NoPostalAssertionUnderCurrentNormalization,4139,[],,[]
BUKIT PANJANG,259,BT PANJANG RING RD,10,Unmatched,Missing,NoPostalAssertionUnderCurrentNormalization,4181,[],,[]
BUKIT PANJANG,270,BANGKIT RD,20,Unmatched,Missing,NoPostalAssertionUnderCurrentNormalization,4424,[],,[]
BUKIT PANJANG,272,BANGKIT RD,14,Unmatched,Missing,NoPostalAssertionUnderCurrentNormalization,4462,[],,[]
BUKIT PANJANG,273,BANGKIT RD,18,Unmatched,Missing,NoPostalAssertionUnderCurrentNormalization,4486,[],,[]
BUKIT PANJANG,274,BANGKIT RD,22,Unmatched,Missing,NoPostalAssertionUnderCurrentNormalization,4515,[],,[]
BUKIT PANJANG,275,BANGKIT RD,21,Unmatched,Missing,NoPostalAssertionUnderCurrentNormalization,4538,[],,[]
BUKIT PANJANG,276,BANGKIT RD,17,Unmatched,Missing,NoPostalAssertionUnderCurrentNormalization,4558,[],,[]
BUKIT PANJANG,277,BANGKIT RD,15,Unmatched,Missing,NoPostalAssertionUnderCurrentNormalization,4571,[],,[]
BUKIT PANJANG,401,FAJAR RD,12,Unmatched,Missing,NoPostalAssertionUnderCurrentNormalization,6569,[],,[]
BUKIT PANJANG,402,FAJAR RD,16,Unmatched,Missing,NoPostalAssertionUnderCurrentNormalization,6596,[],,[]
BUKIT PANJANG,403,FAJAR RD,20,Unmatched,Missing,NoPostalAssertionUnderCurrentNormalization,6619,[],,[]
BUKIT PANJANG,404,FAJAR RD,20,Unmatched,Missing,NoPostalAssertionUnderCurrentNormalization,6642,[],,[]
BUKIT PANJANG,405,FAJAR RD,1,Unmatched,Missing,NoPostalAssertionUnderCurrentNormalization,6661,[],,[]
BUKIT PANJANG,406,FAJAR RD,20,Unmatched,Missing,NoPostalAssertionUnderCurrentNormalization,6682,[],,[]
BUKIT PANJANG,407,FAJAR RD,19,Unmatched,Missing,NoPostalAssertionUnderCurrentNormalization,6706,[],,[]
BUKIT PANJANG,408,FAJAR RD,14,Unmatched,Missing,NoPostalAssertionUnderCurrentNormalization,6726,[],,[]
BUKIT PANJANG,409,SAUJANA RD,12,Unmatched,Missing,NoPostalAssertionUnderCurrentNormalization,6753,[],,[]
BUKIT PANJANG,410,SAUJANA RD,10,Unmatched,Missing,NoPostalAssertionUnderCurrentNormalization,6794,[],,[]
BUKIT PANJANG,411,SAUJANA RD,9,Unmatched,Missing,NoPostalAssertionUnderCurrentNormalization,6819,[],,[]
BUKIT PANJANG,412,SAUJANA RD,22,Unmatched,Missing,NoPostalAssertionUnderCurrentNormalization,6840,[],,[]
BUKIT PANJANG,413,SAUJANA RD,10,Unmatched,Missing,NoPostalAssertionUnderCurrentNormalization,6861,[],,[]
BUKIT PANJANG,414,SAUJANA RD,2,Unmatched,Missing,NoPostalAssertionUnderCurrentNormalization,6885,[],,[]
BUKIT PANJANG,415,SAUJANA RD,8,Unmatched,Missing,NoPostalAssertionUnderCurrentNormalization,6904,[],,[]
BUKIT PANJANG,416,SAUJANA RD,24,Unmatched,Missing,NoPostalAssertionUnderCurrentNormalization,6930,[],,[]
BUKIT PANJANG,417,FAJAR RD,12,Unmatched,Missing,NoPostalAssertionUnderCurrentNormalization,6946,[],,[]
BUKIT PANJANG,418,FAJAR RD,17,Unmatched,Missing,NoPostalAssertionUnderCurrentNormalization,6962,[],,[]
BUKIT PANJANG,419,FAJAR RD,23,Unmatched,Missing,NoPostalAssertionUnderCurrentNormalization,6981,[],,[]
BUKIT PANJANG,420,FAJAR RD,17,Unmatched,Missing,NoPostalAssertionUnderCurrentNormalization,7016,[],,[]
BUKIT PANJANG,421,FAJAR RD,3,Unmatched,Missing,NoPostalAssertionUnderCurrentNormalization,7035,[],,[]
BUKIT PANJANG,422,FAJAR RD,20,Unmatched,Missing,NoPostalAssertionUnderCurrentNormalization,7054,[],,[]
BUKIT PANJANG,423,FAJAR RD,9,Unmatched,Missing,NoPostalAssertionUnderCurrentNormalization,7070,[],,[]
BUKIT PANJANG,424,FAJAR RD,1,Unmatched,Missing,NoPostalAssertionUnderCurrentNormalization,7088,[],,[]
BUKIT PANJANG,425,FAJAR RD,12,Unmatched,Missing,NoPostalAssertionUnderCurrentNormalization,7108,[],,[]
BUKIT PANJANG,426,FAJAR RD,6,Unmatched,Missing,NoPostalAssertionUnderCurrentNormalization,7124,[],,[]
BUKIT PANJANG,427,BT PANJANG RING RD,9,Unmatched,Missing,NoPostalAssertionUnderCurrentNormalization,7139,[],,[]
BUKIT PANJANG,428,BT PANJANG RING RD,2,Unmatched,Missing,NoPostalAssertionUnderCurrentNormalization,7151,[],,[]
BUKIT PANJANG,429,BT PANJANG RING RD,9,Unmatched,Missing,NoPostalAssertionUnderCurrentNormalization,7164,[],,[]
BUKIT PANJANG,430,BT PANJANG RING RD,14,Unmatched,Missing,NoPostalAssertionUnderCurrentNormalization,7202,[],,[]
BUKIT PANJANG,431,BT PANJANG RING RD,23,Unmatched,Missing,NoPostalAssertionUnderCurrentNormalization,7221,[],,[]
BUKIT PANJANG,432,BT PANJANG RING RD,14,Unmatched,Missing,NoPostalAssertionUnderCurrentNormalization,7242,[],,[]
BUKIT PANJANG,433,BT PANJANG RING RD,4,Unmatched,Missing,NoPostalAssertionUnderCurrentNormalization,7262,[],,[]
BUKIT PANJANG,434,BT PANJANG RING RD,20,Unmatched,Missing,NoPostalAssertionUnderCurrentNormalization,7280,[],,[]
BUKIT PANJANG,435,BT PANJANG RING RD,28,Unmatched,Missing,NoPostalAssertionUnderCurrentNormalization,7290,[],,[]
BUKIT PANJANG,436,FAJAR RD,24,Unmatched,Missing,NoPostalAssertionUnderCurrentNormalization,7312,[],,[]
BUKIT PANJANG,437,FAJAR RD,15,Unmatched,Missing,NoPostalAssertionUnderCurrentNormalization,7329,[],,[]
BUKIT PANJANG,438,FAJAR RD,16,Unmatched,Missing,NoPostalAssertionUnderCurrentNormalization,7342,[],,[]
BUKIT PANJANG,439,FAJAR RD,17,Unmatched,Missing,NoPostalAssertionUnderCurrentNormalization,7361,[],,[]
BUKIT PANJANG,440,FAJAR RD,12,Unmatched,Missing,NoPostalAssertionUnderCurrentNormalization,7397,[],,[]
BUKIT PANJANG,441,FAJAR RD,11,Unmatched,Missing,NoPostalAssertionUnderCurrentNormalization,7420,[],,[]
BUKIT PANJANG,442,FAJAR RD,19,Unmatched,Missing,NoPostalAssertionUnderCurrentNormalization,7443,[],,[]
BUKIT PANJANG,442B,FAJAR RD,33,Unmatched,Missing,NoPostalAssertionUnderCurrentNormalization,7456,[],,[]
BUKIT PANJANG,442C,FAJAR RD,41,Unmatched,Missing,NoPostalAssertionUnderCurrentNormalization,7459,[],,[]
BUKIT PANJANG,442D,FAJAR RD,28,Unmatched,Missing,NoPostalAssertionUnderCurrentNormalization,7460,[],,[]
BUKIT PANJANG,443A,FAJAR RD,60,Unmatched,Missing,NoPostalAssertionUnderCurrentNormalization,7475,[],,[]
BUKIT PANJANG,443B,FAJAR RD,42,Unmatched,Missing,NoPostalAssertionUnderCurrentNormalization,7478,[],,[]
BUKIT PANJANG,443C,FAJAR RD,48,Unmatched,Missing,NoPostalAssertionUnderCurrentNormalization,7483,[],,[]
BUKIT PANJANG,443D,FAJAR RD,48,Unmatched,Missing,NoPostalAssertionUnderCurrentNormalization,7485,[],,[]
BUKIT PANJANG,447,BT PANJANG RING RD,38,Unmatched,Missing,NoPostalAssertionUnderCurrentNormalization,7538,[],,[]
BUKIT PANJANG,448,BT PANJANG RING RD,21,Unmatched,Missing,NoPostalAssertionUnderCurrentNormalization,7555,[],,[]
BUKIT PANJANG,449,BT PANJANG RING RD,19,Unmatched,Missing,NoPostalAssertionUnderCurrentNormalization,7575,[],,[]
BUKIT PANJANG,450,BT PANJANG RING RD,28,Unmatched,Missing,NoPostalAssertionUnderCurrentNormalization,7607,[],,[]
BUKIT PANJANG,451,FAJAR RD,13,Unmatched,Missing,NoPostalAssertionUnderCurrentNormalization,7636,[],,[]
BUKIT PANJANG,452,FAJAR RD,16,Unmatched,Missing,NoPostalAssertionUnderCurrentNormalization,7652,[],,[]
BUKIT PANJANG,453,FAJAR RD,14,Unmatched,Missing,NoPostalAssertionUnderCurrentNormalization,7667,[],,[]
BUKIT PANJANG,454,FAJAR RD,53,Unmatched,Missing,NoPostalAssertionUnderCurrentNormalization,7686,[],,[]
BUKIT PANJANG,455,SEGAR RD,53,Unmatched,Missing,NoPostalAssertionUnderCurrentNormalization,7700,[],,[]
BUKIT PANJANG,456,SEGAR RD,38,Unmatched,Missing,NoPostalAssertionUnderCurrentNormalization,7719,[],,[]
BUKIT PANJANG,457,SEGAR RD,40,Unmatched,Missing,NoPostalAssertionUnderCurrentNormalization,7732,[],,[]
BUKIT PANJANG,458,SEGAR RD,67,Unmatched,Missing,NoPostalAssertionUnderCurrentNormalization,7746,[],,[]
BUKIT PANJANG,459,SEGAR RD,66,Unmatched,Missing,NoPostalAssertionUnderCurrentNormalization,7761,[],,[]
BUKIT PANJANG,460,SEGAR RD,39,Unmatched,Missing,NoPostalAssertionUnderCurrentNormalization,7791,[],,[]
BUKIT PANJANG,461,SEGAR RD,52,Unmatched,Missing,NoPostalAssertionUnderCurrentNormalization,7808,[],,[]
BUKIT PANJANG,465,SEGAR RD,29,Unmatched,Missing,NoPostalAssertionUnderCurrentNormalization,7886,[],,[]
BUKIT PANJANG,466,SEGAR RD,20,Unmatched,Missing,NoPostalAssertionUnderCurrentNormalization,7906,[],,[]
BUKIT PANJANG,467,SEGAR RD,41,Unmatched,Missing,NoPostalAssertionUnderCurrentNormalization,7927,[],,[]
BUKIT PANJANG,468,SEGAR RD,32,Unmatched,Missing,NoPostalAssertionUnderCurrentNormalization,7948,[],,[]
BUKIT PANJANG,469,SEGAR RD,28,Unmatched,Missing,NoPostalAssertionUnderCurrentNormalization,7968,[],,[]
BUKIT PANJANG,470,SEGAR RD,36,Unmatched,Missing,NoPostalAssertionUnderCurrentNormalization,8005,[],,[]
BUKIT PANJANG,471,SEGAR RD,34,Unmatched,Missing,NoPostalAssertionUnderCurrentNormalization,8022,[],,[]
BUKIT PANJANG,472,SEGAR RD,25,Unmatched,Missing,NoPostalAssertionUnderCurrentNormalization,8039,[],,[]
BUKIT PANJANG,473,SEGAR RD,29,Unmatched,Missing,NoPostalAssertionUnderCurrentNormalization,8054,[],,[]
BUKIT PANJANG,474,SEGAR RD,36,Unmatched,Missing,NoPostalAssertionUnderCurrentNormalization,8069,[],,[]
BUKIT PANJANG,475,SEGAR RD,16,Unmatched,Missing,NoPostalAssertionUnderCurrentNormalization,8078,[],,[]
BUKIT PANJANG,476,SEGAR RD,24,Unmatched,Missing,NoPostalAssertionUnderCurrentNormalization,8094,[],,[]
BUKIT PANJANG,477,SEGAR RD,26,Unmatched,Missing,NoPostalAssertionUnderCurrentNormalization,8115,[],,[]
BUKIT PANJANG,478,SEGAR RD,23,Unmatched,Missing,NoPostalAssertionUnderCurrentNormalization,8128,[],,[]
BUKIT PANJANG,479,SEGAR RD,19,Unmatched,Missing,NoPostalAssertionUnderCurrentNormalization,8138,[],,[]
BUKIT PANJANG,480,SEGAR RD,23,Unmatched,Missing,NoPostalAssertionUnderCurrentNormalization,8166,[],,[]
BUKIT PANJANG,481,SEGAR RD,21,Unmatched,Missing,NoPostalAssertionUnderCurrentNormalization,8173,[],,[]
BUKIT PANJANG,482,SEGAR RD,18,Unmatched,Missing,NoPostalAssertionUnderCurrentNormalization,8183,[],,[]
BUKIT PANJANG,483,SEGAR RD,26,Unmatched,Missing,NoPostalAssertionUnderCurrentNormalization,8195,[],,[]
BUKIT PANJANG,484,SEGAR RD,29,Unmatched,Missing,NoPostalAssertionUnderCurrentNormalization,8205,[],,[]
BUKIT PANJANG,485,SEGAR RD,87,Unmatched,Missing,NoPostalAssertionUnderCurrentNormalization,8217,[],,[]
BUKIT PANJANG,486,SEGAR RD,79,Unmatched,Missing,NoPostalAssertionUnderCurrentNormalization,8228,[],,[]
BUKIT PANJANG,487,SEGAR RD,48,Unmatched,Missing,NoPostalAssertionUnderCurrentNormalization,8238,[],,[]
BUKIT PANJANG,488,SEGAR RD,54,Unmatched,Missing,NoPostalAssertionUnderCurrentNormalization,8249,[],,[]
BUKIT PANJANG,501,JELAPANG RD,41,Unmatched,Missing,NoPostalAssertionUnderCurrentNormalization,8446,[],,[]
BUKIT PANJANG,502,JELAPANG RD,39,Unmatched,Missing,NoPostalAssertionUnderCurrentNormalization,8466,[],,[]
BUKIT PANJANG,503,JELAPANG RD,38,Unmatched,Missing,NoPostalAssertionUnderCurrentNormalization,8490,[],,[]
BUKIT PANJANG,504,JELAPANG RD,23,Unmatched,Missing,NoPostalAssertionUnderCurrentNormalization,8508,[],,[]
BUKIT PANJANG,505,JELAPANG RD,34,Unmatched,Missing,NoPostalAssertionUnderCurrentNormalization,8533,[],,[]
BUKIT PANJANG,506,JELAPANG RD,28,Unmatched,Missing,NoPostalAssertionUnderCurrentNormalization,8557,[],,[]
BUKIT PANJANG,507,JELAPANG RD,21,Unmatched,Missing,NoPostalAssertionUnderCurrentNormalization,8578,[],,[]
BUKIT PANJANG,508,JELAPANG RD,44,Unmatched,Missing,NoPostalAssertionUnderCurrentNormalization,8599,[],,[]
BUKIT PANJANG,509,JELAPANG RD,25,Unmatched,Missing,NoPostalAssertionUnderCurrentNormalization,8618,[],,[]
BUKIT PANJANG,510,JELAPANG RD,40,Unmatched,Missing,NoPostalAssertionUnderCurrentNormalization,8658,[],,[]
BUKIT PANJANG,511,JELAPANG RD,20,Unmatched,Missing,NoPostalAssertionUnderCurrentNormalization,8677,[],,[]
BUKIT PANJANG,512,JELAPANG RD,18,Unmatched,Missing,NoPostalAssertionUnderCurrentNormalization,8696,[],,[]
BUKIT PANJANG,513,JELAPANG RD,13,Unmatched,Missing,NoPostalAssertionUnderCurrentNormalization,8714,[],,[]
BUKIT PANJANG,514,JELAPANG RD,9,Unmatched,Missing,NoPostalAssertionUnderCurrentNormalization,8733,[],,[]
BUKIT PANJANG,515,JELAPANG RD,13,Unmatched,Missing,NoPostalAssertionUnderCurrentNormalization,8745,[],,[]
BUKIT PANJANG,516,JELAPANG RD,26,Unmatched,Missing,NoPostalAssertionUnderCurrentNormalization,8759,[],,[]
BUKIT PANJANG,517,JELAPANG RD,20,Unmatched,Missing,NoPostalAssertionUnderCurrentNormalization,8769,[],,[]
BUKIT PANJANG,518,JELAPANG RD,24,Unmatched,Missing,NoPostalAssertionUnderCurrentNormalization,8785,[],,[]
BUKIT PANJANG,519,JELAPANG RD,21,Unmatched,Missing,NoPostalAssertionUnderCurrentNormalization,8798,[],,[]
BUKIT PANJANG,520,JELAPANG RD,26,Unmatched,Missing,NoPostalAssertionUnderCurrentNormalization,8834,[],,[]
BUKIT PANJANG,521,JELAPANG RD,17,Unmatched,Missing,NoPostalAssertionUnderCurrentNormalization,8847,[],,[]
BUKIT PANJANG,522,JELAPANG RD,20,Unmatched,Missing,NoPostalAssertionUnderCurrentNormalization,8858,[],,[]
BUKIT PANJANG,523,JELAPANG RD,24,Unmatched,Missing,NoPostalAssertionUnderCurrentNormalization,8871,[],,[]
BUKIT PANJANG,524,JELAPANG RD,10,Unmatched,Missing,NoPostalAssertionUnderCurrentNormalization,8885,[],,[]
BUKIT PANJANG,525,JELAPANG RD,18,Unmatched,Missing,NoPostalAssertionUnderCurrentNormalization,8902,[],,[]
BUKIT PANJANG,526,JELAPANG RD,16,Unmatched,Missing,NoPostalAssertionUnderCurrentNormalization,8916,[],,[]
BUKIT PANJANG,527,JELAPANG RD,19,Unmatched,Missing,NoPostalAssertionUnderCurrentNormalization,8930,[],,[]
BUKIT PANJANG,528,JELAPANG RD,18,Unmatched,Missing,NoPostalAssertionUnderCurrentNormalization,8946,[],,[]
BUKIT PANJANG,529,JELAPANG RD,9,Unmatched,Missing,NoPostalAssertionUnderCurrentNormalization,8958,[],,[]
BUKIT PANJANG,530,JELAPANG RD,27,Unmatched,Missing,NoPostalAssertionUnderCurrentNormalization,8989,[],,[]
BUKIT PANJANG,531,JELAPANG RD,18,Unmatched,Missing,NoPostalAssertionUnderCurrentNormalization,9006,[],,[]
BUKIT PANJANG,532,JELAPANG RD,33,Unmatched,Missing,NoPostalAssertionUnderCurrentNormalization,9018,[],,[]
BUKIT PANJANG,533,BT PANJANG RING RD,25,Unmatched,Missing,NoPostalAssertionUnderCurrentNormalization,9030,[],,[]
BUKIT PANJANG,534,JELAPANG RD,20,Unmatched,Missing,NoPostalAssertionUnderCurrentNormalization,9046,[],,[]
BUKIT PANJANG,535,BT PANJANG RING RD,28,Unmatched,Missing,NoPostalAssertionUnderCurrentNormalization,9054,[],,[]
BUKIT PANJANG,536,JELAPANG RD,26,Unmatched,Missing,NoPostalAssertionUnderCurrentNormalization,9071,[],,[]
BUKIT PANJANG,537,BT PANJANG RING RD,33,Unmatched,Missing,NoPostalAssertionUnderCurrentNormalization,9080,[],,[]
BUKIT PANJANG,538,JELAPANG RD,23,Unmatched,Missing,NoPostalAssertionUnderCurrentNormalization,9092,[],,[]
BUKIT PANJANG,539,BT PANJANG RING RD,16,Unmatched,Missing,NoPostalAssertionUnderCurrentNormalization,9103,[],,[]
BUKIT PANJANG,540,JELAPANG RD,22,Unmatched,Missing,NoPostalAssertionUnderCurrentNormalization,9132,[],,[]
BUKIT PANJANG,541,BT PANJANG RING RD,27,Unmatched,Missing,NoPostalAssertionUnderCurrentNormalization,9139,[],,[]
BUKIT PANJANG,542,JELAPANG RD,28,Unmatched,Missing,NoPostalAssertionUnderCurrentNormalization,9154,[],,[]
BUKIT PANJANG,543,JELAPANG RD,17,Unmatched,Missing,NoPostalAssertionUnderCurrentNormalization,9165,[],,[]
BUKIT PANJANG,544,JELAPANG RD,25,Unmatched,Missing,NoPostalAssertionUnderCurrentNormalization,9174,[],,[]
BUKIT PANJANG,545,BT PANJANG RING RD,25,Unmatched,Missing,NoPostalAssertionUnderCurrentNormalization,9182,[],,[]
BUKIT PANJANG,546A,SEGAR RD,53,Unmatched,Missing,NoPostalAssertionUnderCurrentNormalization,9199,[],,[]
BUKIT PANJANG,546B,SEGAR RD,60,Unmatched,Missing,NoPostalAssertionUnderCurrentNormalization,9201,[],,[]
BUKIT PANJANG,546C,SEGAR RD,53,Unmatched,Missing,NoPostalAssertionUnderCurrentNormalization,9203,[],,[]
BUKIT PANJANG,547A,SEGAR RD,45,Unmatched,Missing,NoPostalAssertionUnderCurrentNormalization,9214,[],,[]
BUKIT PANJANG,547B,SEGAR RD,43,Unmatched,Missing,NoPostalAssertionUnderCurrentNormalization,9216,[],,[]
BUKIT PANJANG,547C,SEGAR RD,52,Unmatched,Missing,NoPostalAssertionUnderCurrentNormalization,9218,[],,[]
BUKIT PANJANG,547D,SEGAR RD,49,Unmatched,Missing,NoPostalAssertionUnderCurrentNormalization,9219,[],,[]
BUKIT PANJANG,548A,SEGAR RD,42,Unmatched,Missing,NoPostalAssertionUnderCurrentNormalization,9230,[],,[]
BUKIT PANJANG,548B,SEGAR RD,58,Unmatched,Missing,NoPostalAssertionUnderCurrentNormalization,9231,[],,[]
BUKIT PANJANG,549A,SEGAR RD,62,Unmatched,Missing,NoPostalAssertionUnderCurrentNormalization,9240,[],,[]
BUKIT PANJANG,549B,SEGAR RD,57,Unmatched,Missing,NoPostalAssertionUnderCurrentNormalization,9242,[],,[]
BUKIT PANJANG,550A,SEGAR RD,60,Unmatched,Missing,NoPostalAssertionUnderCurrentNormalization,9268,[],,[]
BUKIT PANJANG,550B,SEGAR RD,58,Unmatched,Missing,NoPostalAssertionUnderCurrentNormalization,9269,[],,[]
BUKIT PANJANG,601,SENJA RD,25,Unmatched,Missing,NoPostalAssertionUnderCurrentNormalization,9679,[],,[]
BUKIT PANJANG,602,SENJA RD,23,Unmatched,Missing,NoPostalAssertionUnderCurrentNormalization,9701,[],,[]
BUKIT PANJANG,603,SENJA RD,32,Unmatched,Missing,NoPostalAssertionUnderCurrentNormalization,9718,[],,[]
BUKIT PANJANG,604,SENJA RD,35,Unmatched,Missing,NoPostalAssertionUnderCurrentNormalization,9736,[],,[]
BUKIT PANJANG,605,SENJA RD,44,Unmatched,Missing,NoPostalAssertionUnderCurrentNormalization,9753,[],,[]
BUKIT PANJANG,606,SENJA RD,39,Unmatched,Missing,NoPostalAssertionUnderCurrentNormalization,9769,[],,[]
BUKIT PANJANG,607,SENJA RD,31,Unmatched,Missing,NoPostalAssertionUnderCurrentNormalization,9784,[],,[]
BUKIT PANJANG,608,SENJA RD,18,Unmatched,Missing,NoPostalAssertionUnderCurrentNormalization,9795,[],,[]
BUKIT PANJANG,609,BT PANJANG RING RD,40,Unmatched,Missing,NoPostalAssertionUnderCurrentNormalization,9805,[],,[]
BUKIT PANJANG,610,SENJA RD,17,Unmatched,Missing,NoPostalAssertionUnderCurrentNormalization,9844,[],,[]
BUKIT PANJANG,611,BT PANJANG RING RD,41,Unmatched,Missing,NoPostalAssertionUnderCurrentNormalization,9854,[],,[]
BUKIT PANJANG,612,SENJA RD,30,Unmatched,Missing,NoPostalAssertionUnderCurrentNormalization,9873,[],,[]
BUKIT PANJANG,613,BT PANJANG RING RD,33,Unmatched,Missing,NoPostalAssertionUnderCurrentNormalization,9884,[],,[]
BUKIT PANJANG,614,SENJA RD,24,Unmatched,Missing,NoPostalAssertionUnderCurrentNormalization,9914,[],,[]
BUKIT PANJANG,615,BT PANJANG RING RD,34,Unmatched,Missing,NoPostalAssertionUnderCurrentNormalization,9926,[],,[]
BUKIT PANJANG,616,SENJA RD,27,Unmatched,Missing,NoPostalAssertionUnderCurrentNormalization,9942,[],,[]
BUKIT PANJANG,617,BT PANJANG RING RD,18,Unmatched,Missing,NoPostalAssertionUnderCurrentNormalization,9950,[],,[]
BUKIT PANJANG,618,SENJA RD,29,Unmatched,Missing,NoPostalAssertionUnderCurrentNormalization,9967,[],,[]
BUKIT PANJANG,619,BT PANJANG RING RD,19,Unmatched,Missing,NoPostalAssertionUnderCurrentNormalization,9979,[],,[]
BUKIT PANJANG,620,BT PANJANG RING RD,24,Unmatched,Missing,NoPostalAssertionUnderCurrentNormalization,10011,[],,[]
BUKIT PANJANG,621,SENJA RD,30,Unmatched,Missing,NoPostalAssertionUnderCurrentNormalization,10027,[],,[]
BUKIT PANJANG,622,SENJA RD,37,Unmatched,Missing,NoPostalAssertionUnderCurrentNormalization,10042,[],,[]
BUKIT PANJANG,623,SENJA RD,32,Unmatched,Missing,NoPostalAssertionUnderCurrentNormalization,10062,[],,[]
BUKIT PANJANG,624,SENJA RD,24,Unmatched,Missing,NoPostalAssertionUnderCurrentNormalization,10078,[],,[]
BUKIT PANJANG,625,SENJA RD,66,Unmatched,Missing,NoPostalAssertionUnderCurrentNormalization,10097,[],,[]
BUKIT PANJANG,626,SENJA RD,59,Unmatched,Missing,NoPostalAssertionUnderCurrentNormalization,10113,[],,[]
BUKIT PANJANG,627,SENJA RD,67,Unmatched,Missing,NoPostalAssertionUnderCurrentNormalization,10125,[],,[]
BUKIT PANJANG,629,SENJA RD,92,Unmatched,Missing,NoPostalAssertionUnderCurrentNormalization,10149,[],,[]
BUKIT PANJANG,630,SENJA RD,58,Unmatched,Missing,NoPostalAssertionUnderCurrentNormalization,10179,[],,[]
BUKIT PANJANG,631,SENJA RD,54,Unmatched,Missing,NoPostalAssertionUnderCurrentNormalization,10192,[],,[]
BUKIT PANJANG,633A,SENJA RD,49,Unmatched,Missing,NoPostalAssertionUnderCurrentNormalization,10235,[],,[]
BUKIT PANJANG,633B,SENJA RD,74,Unmatched,Missing,NoPostalAssertionUnderCurrentNormalization,10240,[],,[]
BUKIT PANJANG,633C,SENJA RD,60,Unmatched,Missing,NoPostalAssertionUnderCurrentNormalization,10242,[],,[]
BUKIT PANJANG,633D,SENJA RD,66,Unmatched,Missing,NoPostalAssertionUnderCurrentNormalization,10243,[],,[]
BUKIT PANJANG,634A,SENJA RD,18,Unmatched,Missing,NoPostalAssertionUnderCurrentNormalization,10256,[],,[]
BUKIT PANJANG,634B,SENJA RD,20,Unmatched,Missing,NoPostalAssertionUnderCurrentNormalization,10258,[],,[]
BUKIT PANJANG,635A,SENJA RD,106,Unmatched,Missing,NoPostalAssertionUnderCurrentNormalization,10276,[],,[]
BUKIT PANJANG,635B,SENJA RD,89,Unmatched,Missing,NoPostalAssertionUnderCurrentNormalization,10279,[],,[]
BUKIT PANJANG,636A,SENJA RD,70,Unmatched,Missing,NoPostalAssertionUnderCurrentNormalization,10297,[],,[]
BUKIT PANJANG,636B,SENJA RD,101,Unmatched,Missing,NoPostalAssertionUnderCurrentNormalization,10301,[],,[]
BUKIT PANJANG,636C,SENJA RD,77,Unmatched,Missing,NoPostalAssertionUnderCurrentNormalization,10303,[],,[]
BUKIT PANJANG,650,SENJA LINK,24,Unmatched,Missing,NoPostalAssertionUnderCurrentNormalization,10543,[],,[]
BUKIT PANJANG,653,SENJA LINK,18,Unmatched,Missing,NoPostalAssertionUnderCurrentNormalization,10578,[],,[]
BUKIT PANJANG,654,SENJA RD,26,Unmatched,Missing,NoPostalAssertionUnderCurrentNormalization,10589,[],,[]
BUKIT PANJANG,655,SENJA RD,25,Unmatched,Missing,NoPostalAssertionUnderCurrentNormalization,10604,[],,[]
BUKIT PANJANG,656,SENJA RD,10,Unmatched,Missing,NoPostalAssertionUnderCurrentNormalization,10616,[],,[]
BUKIT TIMAH,1,QUEEN'S RD,18,Unmatched,Missing,NoPostalAssertionUnderCurrentNormalization,28,[],,[]
BUKIT TIMAH,1,TOH YI DR,15,Unmatched,Missing,NoPostalAssertionUnderCurrentNormalization,35,[],,[]
BUKIT TIMAH,10,TOH YI DR,9,Unmatched,Missing,NoPostalAssertionUnderCurrentNormalization,75,[],,[]
BUKIT TIMAH,11,TOH YI DR,29,Unmatched,Missing,NoPostalAssertionUnderCurrentNormalization,494,[],,[]
BUKIT TIMAH,12,TOH YI DR,15,Unmatched,Missing,NoPostalAssertionUnderCurrentNormalization,916,[],,[]
BUKIT TIMAH,13,TOH YI DR,30,Unmatched,Missing,NoPostalAssertionUnderCurrentNormalization,1280,[],,[]
BUKIT TIMAH,14,TOH YI DR,24,Unmatched,Missing,NoPostalAssertionUnderCurrentNormalization,1556,[],,[]
BUKIT TIMAH,15,TOH YI DR,11,Unmatched,Missing,NoPostalAssertionUnderCurrentNormalization,1767,[],,[]
BUKIT TIMAH,16,TOH YI DR,25,Unmatched,Missing,NoPostalAssertionUnderCurrentNormalization,1989,[],,[]
BUKIT TIMAH,17,TOH YI DR,32,Unmatched,Missing,NoPostalAssertionUnderCurrentNormalization,2204,[],,[]
BUKIT TIMAH,18,TOH YI DR,3,Unmatched,Missing,NoPostalAssertionUnderCurrentNormalization,2409,[],,[]
BUKIT TIMAH,19,TOH YI DR,6,Unmatched,Missing,NoPostalAssertionUnderCurrentNormalization,2626,[],,[]
BUKIT TIMAH,2,QUEEN'S RD,21,Unmatched,Missing,NoPostalAssertionUnderCurrentNormalization,2749,[],,[]
BUKIT TIMAH,2,TOH YI DR,28,Unmatched,Missing,NoPostalAssertionUnderCurrentNormalization,2753,[],,[]
BUKIT TIMAH,3,QUEEN'S RD,44,Unmatched,Missing,NoPostalAssertionUnderCurrentNormalization,4917,[],,[]
BUKIT TIMAH,3,TOH YI DR,17,Unmatched,Missing,NoPostalAssertionUnderCurrentNormalization,4922,[],,[]
BUKIT TIMAH,4,QUEEN'S RD,50,Unmatched,Missing,NoPostalAssertionUnderCurrentNormalization,6521,[],,[]
BUKIT TIMAH,4,TOH YI DR,32,Unmatched,Missing,NoPostalAssertionUnderCurrentNormalization,6526,[],,[]
BUKIT TIMAH,5,FARRER RD,17,Unmatched,Missing,NoPostalAssertionUnderCurrentNormalization,8392,[],,[]
BUKIT TIMAH,5,TOH YI DR,33,Unmatched,Missing,NoPostalAssertionUnderCurrentNormalization,8407,[],,[]
BUKIT TIMAH,6,FARRER RD,21,Unmatched,Missing,NoPostalAssertionUnderCurrentNormalization,9628,[],,[]
BUKIT TIMAH,6,TOH YI DR,24,Unmatched,Missing,NoPostalAssertionUnderCurrentNormalization,9646,[],,[]
BUKIT TIMAH,7,TOH YI DR,18,Unmatched,Missing,NoPostalAssertionUnderCurrentNormalization,11249,[],,[]
BUKIT TIMAH,8,EMPRESS RD,41,Unmatched,Missing,NoPostalAssertionUnderCurrentNormalization,12056,[],,[]
BUKIT TIMAH,8,TOH YI DR,10,Unmatched,Missing,NoPostalAssertionUnderCurrentNormalization,12078,[],,[]
BUKIT TIMAH,9,TOH YI DR,15,Unmatched,Missing,NoPostalAssertionUnderCurrentNormalization,12842,[],,[]
CENTRAL AREA,1,TG PAGAR PLAZA,37,Unmatched,Missing,NoPostalAssertionUnderCurrentNormalization,33,[],,[]
CENTRAL AREA,10,JLN KUKOH,17,Unmatched,Missing,NoPostalAssertionUnderCurrentNormalization,62,[],,[]
CENTRAL AREA,10,SELEGIE RD,10,Unmatched,Missing,NoPostalAssertionUnderCurrentNormalization,71,[],,[]
CENTRAL AREA,1A,CANTONMENT RD,79,Unmatched,Missing,NoPostalAssertionUnderCurrentNormalization,38,[],,[]
CENTRAL AREA,1B,CANTONMENT RD,80,Unmatched,Missing,NoPostalAssertionUnderCurrentNormalization,46,[],,[]
CENTRAL AREA,1C,CANTONMENT RD,99,Unmatched,Missing,NoPostalAssertionUnderCurrentNormalization,48,[],,[]
CENTRAL AREA,1D,CANTONMENT RD,74,Unmatched,Missing,NoPostalAssertionUnderCurrentNormalization,50,[],,[]
CENTRAL AREA,1E,CANTONMENT RD,95,Unmatched,Missing,NoPostalAssertionUnderCurrentNormalization,51,[],,[]
CENTRAL AREA,1F,CANTONMENT RD,74,Unmatched,Missing,NoPostalAssertionUnderCurrentNormalization,52,[],,[]
CENTRAL AREA,1G,CANTONMENT RD,89,Unmatched,Missing,NoPostalAssertionUnderCurrentNormalization,53,[],,[]
CENTRAL AREA,2,TG PAGAR PLAZA,36,Unmatched,Missing,NoPostalAssertionUnderCurrentNormalization,2752,[],,[]
CENTRAL AREA,232,BAIN ST,24,Unmatched,Missing,NoPostalAssertionUnderCurrentNormalization,3707,[],,[]
CENTRAL AREA,233,BAIN ST,19,Unmatched,Missing,NoPostalAssertionUnderCurrentNormalization,3727,[],,[]
CENTRAL AREA,26,JLN BERSEH,18,Unmatched,Missing,NoPostalAssertionUnderCurrentNormalization,4201,[],,[]
CENTRAL AREA,262,WATERLOO ST,9,Unmatched,Missing,NoPostalAssertionUnderCurrentNormalization,4265,[],,[]
CENTRAL AREA,263,WATERLOO ST,20,Unmatched,Missing,NoPostalAssertionUnderCurrentNormalization,4280,[],,[]
CENTRAL AREA,264,WATERLOO ST,27,Unmatched,Missing,NoPostalAssertionUnderCurrentNormalization,4291,[],,[]
CENTRAL AREA,269A,QUEEN ST,6,Unmatched,Missing,NoPostalAssertionUnderCurrentNormalization,4394,[],,[]
CENTRAL AREA,269B,QUEEN ST,20,Unmatched,Missing,NoPostalAssertionUnderCurrentNormalization,4400,[],,[]
CENTRAL AREA,269C,QUEEN ST,2,Unmatched,Missing,NoPostalAssertionUnderCurrentNormalization,4404,[],,[]
CENTRAL AREA,271,QUEEN ST,37,Unmatched,Missing,NoPostalAssertionUnderCurrentNormalization,4446,[],,[]
CENTRAL AREA,28,KELANTAN RD,27,Unmatched,Missing,NoPostalAssertionUnderCurrentNormalization,4612,[],,[]
CENTRAL AREA,29,KELANTAN RD,23,Unmatched,Missing,NoPostalAssertionUnderCurrentNormalization,4762,[],,[]
CENTRAL AREA,3,TG PAGAR PLAZA,37,Unmatched,Missing,NoPostalAssertionUnderCurrentNormalization,4921,[],,[]
CENTRAL AREA,30,KELANTAN RD,26,Unmatched,Missing,NoPostalAssertionUnderCurrentNormalization,4944,[],,[]
CENTRAL AREA,32,NEW MKT RD,22,Unmatched,Missing,NoPostalAssertionUnderCurrentNormalization,5430,[],,[]
CENTRAL AREA,334,KRETA AYER RD,11,Unmatched,Missing,NoPostalAssertionUnderCurrentNormalization,5729,[],,[]
CENTRAL AREA,335A,SMITH ST,23,Unmatched,Missing,NoPostalAssertionUnderCurrentNormalization,5759,[],,[]
CENTRAL AREA,335B,SMITH ST,12,Unmatched,Missing,NoPostalAssertionUnderCurrentNormalization,5762,[],,[]
CENTRAL AREA,34,UPP CROSS ST,50,Unmatched,Missing,NoPostalAssertionUnderCurrentNormalization,5865,[],,[]
CENTRAL AREA,4,TG PAGAR PLAZA,32,Unmatched,Missing,NoPostalAssertionUnderCurrentNormalization,6525,[],,[]
CENTRAL AREA,5,TG PAGAR PLAZA,30,Unmatched,Missing,NoPostalAssertionUnderCurrentNormalization,8406,[],,[]
CENTRAL AREA,53,CHIN SWEE RD,20,Unmatched,Missing,NoPostalAssertionUnderCurrentNormalization,8966,[],,[]
CENTRAL AREA,532,UPP CROSS ST,15,Unmatched,Missing,NoPostalAssertionUnderCurrentNormalization,9022,[],,[]
CENTRAL AREA,533,UPP CROSS ST,19,Unmatched,Missing,NoPostalAssertionUnderCurrentNormalization,9037,[],,[]
CENTRAL AREA,535,UPP CROSS ST,12,Unmatched,Missing,NoPostalAssertionUnderCurrentNormalization,9060,[],,[]
CENTRAL AREA,536,UPP CROSS ST,24,Unmatched,Missing,NoPostalAssertionUnderCurrentNormalization,9075,[],,[]
CENTRAL AREA,538,UPP CROSS ST,19,Unmatched,Missing,NoPostalAssertionUnderCurrentNormalization,9096,[],,[]
CENTRAL AREA,632,VEERASAMY RD,12,Unmatched,Missing,NoPostalAssertionUnderCurrentNormalization,10208,[],,[]
CENTRAL AREA,633,VEERASAMY RD,33,Unmatched,Missing,NoPostalAssertionUnderCurrentNormalization,10230,[],,[]
CENTRAL AREA,634,VEERASAMY RD,17,Unmatched,Missing,NoPostalAssertionUnderCurrentNormalization,10253,[],,[]
CENTRAL AREA,635,VEERASAMY RD,25,Unmatched,Missing,NoPostalAssertionUnderCurrentNormalization,10270,[],,[]
CENTRAL AREA,636,VEERASAMY RD,6,Unmatched,Missing,NoPostalAssertionUnderCurrentNormalization,10292,[],,[]
CENTRAL AREA,637,VEERASAMY RD,17,Unmatched,Missing,NoPostalAssertionUnderCurrentNormalization,10314,[],,[]
CENTRAL AREA,639,ROWELL RD,20,Unmatched,Missing,NoPostalAssertionUnderCurrentNormalization,10355,[],,[]
CENTRAL AREA,640,ROWELL RD,32,Unmatched,Missing,NoPostalAssertionUnderCurrentNormalization,10383,[],,[]
CENTRAL AREA,641,ROWELL RD,17,Unmatched,Missing,NoPostalAssertionUnderCurrentNormalization,10402,[],,[]
CENTRAL AREA,642,ROWELL RD,19,Unmatched,Missing,NoPostalAssertionUnderCurrentNormalization,10421,[],,[]
CENTRAL AREA,661,BUFFALO RD,15,Unmatched,Missing,NoPostalAssertionUnderCurrentNormalization,10698,[],,[]
CENTRAL AREA,662,BUFFALO RD,23,Unmatched,Missing,NoPostalAssertionUnderCurrentNormalization,10715,[],,[]
CENTRAL AREA,663,BUFFALO RD,22,Unmatched,Missing,NoPostalAssertionUnderCurrentNormalization,10735,[],,[]
CENTRAL AREA,664,BUFFALO RD,2,Unmatched,Missing,NoPostalAssertionUnderCurrentNormalization,10755,[],,[]
CENTRAL AREA,668,CHANDER RD,15,Unmatched,Missing,NoPostalAssertionUnderCurrentNormalization,10812,[],,[]
CENTRAL AREA,672B,KLANG LANE,36,Unmatched,Missing,NoPostalAssertionUnderCurrentNormalization,10891,[],,[]
CENTRAL AREA,7,TG PAGAR PLAZA,22,Unmatched,Missing,NoPostalAssertionUnderCurrentNormalization,11248,[],,[]
CENTRAL AREA,8,JLN KUKOH,24,Unmatched,Missing,NoPostalAssertionUnderCurrentNormalization,12064,[],,[]
CENTRAL AREA,8,SELEGIE RD,24,Unmatched,Missing,NoPostalAssertionUnderCurrentNormalization,12073,[],,[]
CENTRAL AREA,8,TG PAGAR PLAZA,20,Unmatched,Missing,NoPostalAssertionUnderCurrentNormalization,12077,[],,[]
CENTRAL AREA,9,JLN KUKOH,28,Unmatched,Missing,NoPostalAssertionUnderCurrentNormalization,12831,[],,[]
CENTRAL AREA,9,SELEGIE RD,65,Unmatched,Missing,NoPostalAssertionUnderCurrentNormalization,12838,[],,[]
CHOA CHU KANG,1,TECK WHYE AVE,25,Unmatched,Missing,NoPostalAssertionUnderCurrentNormalization,31,[],,[]
CHOA CHU KANG,10,TECK WHYE AVE,40,Unmatched,Missing,NoPostalAssertionUnderCurrentNormalization,73,[],,[]
CHOA CHU KANG,102,TECK WHYE LANE,13,Unmatched,Missing,NoPostalAssertionUnderCurrentNormalization,170,[],,[]
CHOA CHU KANG,106,TECK WHYE LANE,21,Unmatched,Missing,NoPostalAssertionUnderCurrentNormalization,334,[],,[]
CHOA CHU KANG,107,TECK WHYE LANE,13,Unmatched,Missing,NoPostalAssertionUnderCurrentNormalization,376,[],,[]
CHOA CHU KANG,113,TECK WHYE LANE,19,Unmatched,Missing,NoPostalAssertionUnderCurrentNormalization,643,[],,[]
CHOA CHU KANG,118,TECK WHYE LANE,23,Unmatched,Missing,NoPostalAssertionUnderCurrentNormalization,838,[],,[]
CHOA CHU KANG,130,CHOA CHU KANG AVE 1,11,Unmatched,Missing,NoPostalAssertionUnderCurrentNormalization,1295,[],,[]
CHOA CHU KANG,134,TECK WHYE LANE,6,Unmatched,Missing,NoPostalAssertionUnderCurrentNormalization,1421,[],,[]
CHOA CHU KANG,135,TECK WHYE LANE,1,Unmatched,Missing,NoPostalAssertionUnderCurrentNormalization,1444,[],,[]
CHOA CHU KANG,136,TECK WHYE LANE,4,Unmatched,Missing,NoPostalAssertionUnderCurrentNormalization,1467,[],,[]
CHOA CHU KANG,150,JLN TECK WHYE,14,Unmatched,Missing,NoPostalAssertionUnderCurrentNormalization,1775,[],,[]
CHOA CHU KANG,151,JLN TECK WHYE,24,Unmatched,Missing,NoPostalAssertionUnderCurrentNormalization,1796,[],,[]
CHOA CHU KANG,152,JLN TECK WHYE,25,Unmatched,Missing,NoPostalAssertionUnderCurrentNormalization,1816,[],,[]
CHOA CHU KANG,153,JLN TECK WHYE,6,Unmatched,Missing,NoPostalAssertionUnderCurrentNormalization,1838,[],,[]
CHOA CHU KANG,154,JLN TECK WHYE,21,Unmatched,Missing,NoPostalAssertionUnderCurrentNormalization,1860,[],,[]
CHOA CHU KANG,155,JLN TECK WHYE,20,Unmatched,Missing,NoPostalAssertionUnderCurrentNormalization,1880,[],,[]
CHOA CHU KANG,156,JLN TECK WHYE,12,Unmatched,Missing,NoPostalAssertionUnderCurrentNormalization,1896,[],,[]
CHOA CHU KANG,157,JLN TECK WHYE,29,Unmatched,Missing,NoPostalAssertionUnderCurrentNormalization,1918,[],,[]
CHOA CHU KANG,158,JLN TECK WHYE,20,Unmatched,Missing,NoPostalAssertionUnderCurrentNormalization,1942,[],,[]
CHOA CHU KANG,159,JLN TECK WHYE,19,Unmatched,Missing,NoPostalAssertionUnderCurrentNormalization,1962,[],,[]
CHOA CHU KANG,160,JLN TECK WHYE,28,Unmatched,Missing,NoPostalAssertionUnderCurrentNormalization,1999,[],,[]
CHOA CHU KANG,162,JLN TECK WHYE,27,Unmatched,Missing,NoPostalAssertionUnderCurrentNormalization,2041,[],,[]
CHOA CHU KANG,163,JLN TECK WHYE,27,Unmatched,Missing,NoPostalAssertionUnderCurrentNormalization,2061,[],,[]
CHOA CHU KANG,164,JLN TECK WHYE,26,Unmatched,Missing,NoPostalAssertionUnderCurrentNormalization,2081,[],,[]
CHOA CHU KANG,166A,TECK WHYE CRES,44,Unmatched,Missing,NoPostalAssertionUnderCurrentNormalization,2128,[],,[]
CHOA CHU KANG,166B,TECK WHYE CRES,41,Unmatched,Missing,NoPostalAssertionUnderCurrentNormalization,2131,[],,[]
CHOA CHU KANG,2,TECK WHYE AVE,29,Unmatched,Missing,NoPostalAssertionUnderCurrentNormalization,2751,[],,[]
CHOA CHU KANG,201,CHOA CHU KANG AVE 1,1,Unmatched,Missing,NoPostalAssertionUnderCurrentNormalization,2820,[],,[]
CHOA CHU KANG,202,CHOA CHU KANG AVE 1,17,Unmatched,Missing,NoPostalAssertionUnderCurrentNormalization,2857,[],,[]
CHOA CHU KANG,203,CHOA CHU KANG AVE 1,11,Unmatched,Missing,NoPostalAssertionUnderCurrentNormalization,2882,[],,[]
CHOA CHU KANG,204,CHOA CHU KANG AVE 1,31,Ambiguous,Missing,ConflictingPostals,2908,"[{""SourceRow"":3150,""Block"":""204"",""Street"":""CHOA CHU KANG AVENUE 1"",""PostalCode"":""680204""},{""SourceRow"":19723,""Block"":""204"",""Street"":""CHOA CHU KANG AVENUE 1"",""PostalCode"":""680204""},{""SourceRow"":53243,""Block"":""204"",""Street"":""CHOA CHU KANG AVENUE 1"",""PostalCode"":""689471""},{""SourceRow"":56842,""Block"":""204"",""Street"":""CHOA CHU KANG AVENUE 1"",""PostalCode"":""680204""},{""SourceRow"":58658,""Block"":""204"",""Street"":""CHOA CHU KANG AVENUE 1"",""PostalCode"":""680204""},{""SourceRow"":72295,""Block"":""204"",""Street"":""CHOA CHU KANG AVENUE 1"",""PostalCode"":""680204""},{""SourceRow"":90408,""Block"":""204"",""Street"":""CHOA CHU KANG AVENUE 1"",""PostalCode"":""680204""}]",,"[{""feature"":6597,""objectid"":941641,""entityid"":10477,""postal"":""680204"",""geometry"":""Polygon""}]"
CHOA CHU KANG,205,CHOA CHU KANG CTRL,23,Unmatched,Missing,NoPostalAssertionUnderCurrentNormalization,2936,[],,[]
CHOA CHU KANG,206,CHOA CHU KANG CTRL,20,Unmatched,Missing,NoPostalAssertionUnderCurrentNormalization,2958,[],,[]
CHOA CHU KANG,207,CHOA CHU KANG CTRL,14,Unmatched,Missing,NoPostalAssertionUnderCurrentNormalization,2985,[],,[]
CHOA CHU KANG,208,CHOA CHU KANG CTRL,12,Unmatched,Missing,NoPostalAssertionUnderCurrentNormalization,3018,[],,[]
CHOA CHU KANG,209,CHOA CHU KANG CTRL,3,Unmatched,Missing,NoPostalAssertionUnderCurrentNormalization,3052,[],,[]
CHOA CHU KANG,210,CHOA CHU KANG CTRL,23,Unmatched,Missing,NoPostalAssertionUnderCurrentNormalization,3102,[],,[]
CHOA CHU KANG,211,CHOA CHU KANG CTRL,8,Unmatched,Missing,NoPostalAssertionUnderCurrentNormalization,3131,[],,[]
CHOA CHU KANG,212,CHOA CHU KANG CTRL,24,Unmatched,Missing,NoPostalAssertionUnderCurrentNormalization,3161,[],,[]
CHOA CHU KANG,213,CHOA CHU KANG CTRL,25,Unmatched,Missing,NoPostalAssertionUnderCurrentNormalization,3192,[],,[]
CHOA CHU KANG,214,CHOA CHU KANG CTRL,10,Unmatched,Missing,NoPostalAssertionUnderCurrentNormalization,3218,[],,[]
CHOA CHU KANG,215,CHOA CHU KANG CTRL,11,Unmatched,Missing,NoPostalAssertionUnderCurrentNormalization,3239,[],,[]
CHOA CHU KANG,216,CHOA CHU KANG CTRL,6,Unmatched,Missing,NoPostalAssertionUnderCurrentNormalization,3264,[],,[]
CHOA CHU KANG,217,CHOA CHU KANG CTRL,15,Unmatched,Missing,NoPostalAssertionUnderCurrentNormalization,3296,[],,[]
CHOA CHU KANG,218,CHOA CHU KANG CTRL,8,Unmatched,Missing,NoPostalAssertionUnderCurrentNormalization,3325,[],,[]
CHOA CHU KANG,219,CHOA CHU KANG CTRL,14,Unmatched,Missing,NoPostalAssertionUnderCurrentNormalization,3344,[],,[]
CHOA CHU KANG,220,CHOA CHU KANG CTRL,9,Unmatched,Missing,NoPostalAssertionUnderCurrentNormalization,3391,[],,[]
CHOA CHU KANG,221,CHOA CHU KANG CTRL,2,Unmatched,Missing,NoPostalAssertionUnderCurrentNormalization,3417,[],,[]
CHOA CHU KANG,223,CHOA CHU KANG CTRL,22,Unmatched,Missing,NoPostalAssertionUnderCurrentNormalization,3465,[],,[]
CHOA CHU KANG,224,CHOA CHU KANG CTRL,8,Unmatched,Missing,NoPostalAssertionUnderCurrentNormalization,3488,[],,[]
CHOA CHU KANG,225,CHOA CHU KANG CTRL,18,Unmatched,Missing,NoPostalAssertionUnderCurrentNormalization,3515,[],,[]
CHOA CHU KANG,226,CHOA CHU KANG CTRL,16,Unmatched,Missing,NoPostalAssertionUnderCurrentNormalization,3537,[],,[]
CHOA CHU KANG,227,CHOA CHU KANG CTRL,16,Unmatched,Missing,NoPostalAssertionUnderCurrentNormalization,3570,[],,[]
CHOA CHU KANG,228,CHOA CHU KANG CTRL,13,Unmatched,Missing,NoPostalAssertionUnderCurrentNormalization,3594,[],,[]
CHOA CHU KANG,229,CHOA CHU KANG CTRL,17,Unmatched,Missing,NoPostalAssertionUnderCurrentNormalization,3619,[],,[]
CHOA CHU KANG,230,CHOA CHU KANG CTRL,28,Unmatched,Missing,NoPostalAssertionUnderCurrentNormalization,3660,[],,[]
CHOA CHU KANG,231,CHOA CHU KANG CTRL,4,Unmatched,Missing,NoPostalAssertionUnderCurrentNormalization,3687,[],,[]
CHOA CHU KANG,232,CHOA CHU KANG CTRL,8,Unmatched,Missing,NoPostalAssertionUnderCurrentNormalization,3710,[],,[]
CHOA CHU KANG,233,CHOA CHU KANG CTRL,12,Unmatched,Missing,NoPostalAssertionUnderCurrentNormalization,3730,[],,[]
CHOA CHU KANG,234,CHOA CHU KANG CTRL,20,Unmatched,Missing,NoPostalAssertionUnderCurrentNormalization,3756,[],,[]
CHOA CHU KANG,235,CHOA CHU KANG CTRL,14,Unmatched,Missing,NoPostalAssertionUnderCurrentNormalization,3776,[],,[]
CHOA CHU KANG,236,CHOA CHU KANG CTRL,17,Unmatched,Missing,NoPostalAssertionUnderCurrentNormalization,3792,[],,[]
CHOA CHU KANG,237,CHOA CHU KANG CTRL,15,Unmatched,Missing,NoPostalAssertionUnderCurrentNormalization,3809,[],,[]
CHOA CHU KANG,238,CHOA CHU KANG CTRL,4,Unmatched,Missing,NoPostalAssertionUnderCurrentNormalization,3827,[],,[]
CHOA CHU KANG,239,CHOA CHU KANG CTRL,9,Unmatched,Missing,NoPostalAssertionUnderCurrentNormalization,3846,[],,[]
CHOA CHU KANG,252,CHOA CHU KANG AVE 2,28,Unmatched,Missing,NoPostalAssertionUnderCurrentNormalization,4063,[],,[]
CHOA CHU KANG,254,CHOA CHU KANG AVE 2,8,Unmatched,Missing,NoPostalAssertionUnderCurrentNormalization,4092,[],,[]
CHOA CHU KANG,26,TECK WHYE LANE,45,Unmatched,Missing,NoPostalAssertionUnderCurrentNormalization,4207,[],,[]
CHOA CHU KANG,275,CHOA CHU KANG AVE 2,11,Unmatched,Missing,NoPostalAssertionUnderCurrentNormalization,4541,[],,[]
CHOA CHU KANG,277,CHOA CHU KANG AVE 2,13,Unmatched,Missing,NoPostalAssertionUnderCurrentNormalization,4573,[],,[]
CHOA CHU KANG,278,CHOA CHU KANG AVE 3,7,Unmatched,Missing,NoPostalAssertionUnderCurrentNormalization,4584,[],,[]
CHOA CHU KANG,279,CHOA CHU KANG AVE 3,3,Unmatched,Missing,NoPostalAssertionUnderCurrentNormalization,4595,[],,[]
CHOA CHU KANG,280,CHOA CHU KANG AVE 3,20,Unmatched,Missing,NoPostalAssertionUnderCurrentNormalization,4628,[],,[]
CHOA CHU KANG,285,CHOA CHU KANG AVE 3,15,Unmatched,Missing,NoPostalAssertionUnderCurrentNormalization,4668,[],,[]
CHOA CHU KANG,286,CHOA CHU KANG AVE 3,19,Unmatched,Missing,NoPostalAssertionUnderCurrentNormalization,4679,[],,[]
CHOA CHU KANG,287,CHOA CHU KANG AVE 2,29,Unmatched,Missing,NoPostalAssertionUnderCurrentNormalization,4693,[],,[]
CHOA CHU KANG,288,CHOA CHU KANG AVE 3,22,Unmatched,Missing,NoPostalAssertionUnderCurrentNormalization,4706,[],,[]
CHOA CHU KANG,290,CHOA CHU KANG AVE 3,17,Unmatched,Missing,NoPostalAssertionUnderCurrentNormalization,4774,[],,[]
CHOA CHU KANG,292,CHOA CHU KANG AVE 3,3,Unmatched,Missing,NoPostalAssertionUnderCurrentNormalization,4807,[],,[]
CHOA CHU KANG,296,CHOA CHU KANG AVE 2,20,Unmatched,Missing,NoPostalAssertionUnderCurrentNormalization,4847,[],,[]
CHOA CHU KANG,296A,CHOA CHU KANG AVE 2,22,Unmatched,Missing,NoPostalAssertionUnderCurrentNormalization,4854,[],,[]
CHOA CHU KANG,296C,CHOA CHU KANG AVE 2,11,Unmatched,Missing,NoPostalAssertionUnderCurrentNormalization,4860,[],,[]
CHOA CHU KANG,297,CHOA CHU KANG AVE 2,13,Unmatched,Missing,NoPostalAssertionUnderCurrentNormalization,4865,[],,[]
CHOA CHU KANG,297B,CHOA CHU KANG AVE 2,11,Unmatched,Missing,NoPostalAssertionUnderCurrentNormalization,4873,[],,[]
CHOA CHU KANG,3,TECK WHYE AVE,18,Unmatched,Missing,NoPostalAssertionUnderCurrentNormalization,4919,[],,[]
CHOA CHU KANG,308,CHOA CHU KANG AVE 4,1,Unmatched,Missing,NoPostalAssertionUnderCurrentNormalization,5136,[],,[]
CHOA CHU KANG,341,CHOA CHU KANG LOOP,8,Unmatched,Missing,NoPostalAssertionUnderCurrentNormalization,5886,[],,[]
CHOA CHU KANG,345,CHOA CHU KANG LOOP,10,Unmatched,Missing,NoPostalAssertionUnderCurrentNormalization,5929,[],,[]
CHOA CHU KANG,350,CHOA CHU KANG CTRL,3,Unmatched,Missing,NoPostalAssertionUnderCurrentNormalization,6005,[],,[]
CHOA CHU KANG,351,CHOA CHU KANG CTRL,6,Unmatched,Missing,NoPostalAssertionUnderCurrentNormalization,6022,[],,[]
CHOA CHU KANG,352,CHOA CHU KANG CTRL,9,Unmatched,Missing,NoPostalAssertionUnderCurrentNormalization,6043,[],,[]
CHOA CHU KANG,353,CHOA CHU KANG CTRL,23,Unmatched,Missing,NoPostalAssertionUnderCurrentNormalization,6060,[],,[]
CHOA CHU KANG,354,CHOA CHU KANG CTRL,19,Unmatched,Missing,NoPostalAssertionUnderCurrentNormalization,6077,[],,[]
CHOA CHU KANG,355,CHOA CHU KANG CTRL,14,Unmatched,Missing,NoPostalAssertionUnderCurrentNormalization,6093,[],,[]
CHOA CHU KANG,4,TECK WHYE AVE,19,Unmatched,Missing,NoPostalAssertionUnderCurrentNormalization,6523,[],,[]
CHOA CHU KANG,401,CHOA CHU KANG AVE 3,14,Unmatched,Missing,NoPostalAssertionUnderCurrentNormalization,6568,[],,[]
CHOA CHU KANG,403,CHOA CHU KANG AVE 3,6,Unmatched,Missing,NoPostalAssertionUnderCurrentNormalization,6618,[],,[]
CHOA CHU KANG,407,CHOA CHU KANG AVE 3,9,Unmatched,Missing,NoPostalAssertionUnderCurrentNormalization,6705,[],,[]
CHOA CHU KANG,413,CHOA CHU KANG AVE 3,20,Unmatched,Missing,NoPostalAssertionUnderCurrentNormalization,6853,[],,[]
CHOA CHU KANG,415,CHOA CHU KANG AVE 4,4,Unmatched,Missing,NoPostalAssertionUnderCurrentNormalization,6897,[],,[]
CHOA CHU KANG,421,CHOA CHU KANG AVE 4,18,Unmatched,Missing,NoPostalAssertionUnderCurrentNormalization,7033,[],,[]
CHOA CHU KANG,424,CHOA CHU KANG AVE 4,3,Unmatched,Missing,NoPostalAssertionUnderCurrentNormalization,7086,[],,[]
CHOA CHU KANG,425,CHOA CHU KANG AVE 4,28,Unmatched,Missing,NoPostalAssertionUnderCurrentNormalization,7106,[],,[]
CHOA CHU KANG,426,CHOA CHU KANG AVE 4,14,Unmatched,Missing,NoPostalAssertionUnderCurrentNormalization,7122,[],,[]
CHOA CHU KANG,428,CHOA CHU KANG AVE 4,7,Unmatched,Missing,NoPostalAssertionUnderCurrentNormalization,7152,[],,[]
CHOA CHU KANG,430,CHOA CHU KANG AVE 4,15,Unmatched,Missing,NoPostalAssertionUnderCurrentNormalization,7203,[],,[]
CHOA CHU KANG,431,CHOA CHU KANG AVE 4,14,Unmatched,Missing,NoPostalAssertionUnderCurrentNormalization,7222,[],,[]
CHOA CHU KANG,433,CHOA CHU KANG AVE 4,22,Unmatched,Missing,NoPostalAssertionUnderCurrentNormalization,7264,[],,[]
CHOA CHU KANG,437,CHOA CHU KANG AVE 4,25,Unmatched,Missing,NoPostalAssertionUnderCurrentNormalization,7328,[],,[]
CHOA CHU KANG,444,CHOA CHU KANG AVE 4,26,Unmatched,Missing,NoPostalAssertionUnderCurrentNormalization,7487,[],,[]
CHOA CHU KANG,448,CHOA CHU KANG AVE 4,29,Unmatched,Missing,NoPostalAssertionUnderCurrentNormalization,7556,[],,[]
CHOA CHU KANG,450,CHOA CHU KANG AVE 4,10,Unmatched,Missing,NoPostalAssertionUnderCurrentNormalization,7608,[],,[]
CHOA CHU KANG,452,CHOA CHU KANG AVE 4,16,Unmatched,Missing,NoPostalAssertionUnderCurrentNormalization,7651,[],,[]
CHOA CHU KANG,453,CHOA CHU KANG AVE 4,31,Unmatched,Missing,NoPostalAssertionUnderCurrentNormalization,7665,[],,[]
CHOA CHU KANG,455,CHOA CHU KANG AVE 4,11,Unmatched,Missing,NoPostalAssertionUnderCurrentNormalization,7695,[],,[]
CHOA CHU KANG,459,CHOA CHU KANG AVE 4,12,Unmatched,Missing,NoPostalAssertionUnderCurrentNormalization,7756,[],,[]
CHOA CHU KANG,463,CHOA CHU KANG AVE 4,11,Unmatched,Missing,NoPostalAssertionUnderCurrentNormalization,7845,[],,[]
CHOA CHU KANG,471,CHOA CHU KANG AVE 3,33,Unmatched,Missing,NoPostalAssertionUnderCurrentNormalization,8019,[],,[]
CHOA CHU KANG,472,CHOA CHU KANG AVE 3,26,Unmatched,Missing,NoPostalAssertionUnderCurrentNormalization,8035,[],,[]
CHOA CHU KANG,476D,CHOA CHU KANG AVE 5,37,Unmatched,Missing,NoPostalAssertionUnderCurrentNormalization,8110,[],,[]
CHOA CHU KANG,488A,CHOA CHU KANG AVE 5,22,Unmatched,Missing,NoPostalAssertionUnderCurrentNormalization,8250,[],,[]
CHOA CHU KANG,488D,CHOA CHU KANG AVE 5,45,Unmatched,Missing,NoPostalAssertionUnderCurrentNormalization,8256,[],,[]
CHOA CHU KANG,489A,CHOA CHU KANG AVE 5,45,Unmatched,Missing,NoPostalAssertionUnderCurrentNormalization,8260,[],,[]
CHOA CHU KANG,489B,CHOA CHU KANG AVE 5,41,Unmatched,Missing,NoPostalAssertionUnderCurrentNormalization,8262,[],,[]
CHOA CHU KANG,489C,CHOA CHU KANG AVE 5,31,Unmatched,Missing,NoPostalAssertionUnderCurrentNormalization,8264,[],,[]
CHOA CHU KANG,489D,CHOA CHU KANG AVE 5,43,Unmatched,Missing,NoPostalAssertionUnderCurrentNormalization,8266,[],,[]
CHOA CHU KANG,490B,CHOA CHU KANG AVE 5,30,Unmatched,Missing,NoPostalAssertionUnderCurrentNormalization,8289,[],,[]
CHOA CHU KANG,490C,CHOA CHU KANG AVE 5,32,Unmatched,Missing,NoPostalAssertionUnderCurrentNormalization,8291,[],,[]
CHOA CHU KANG,490D,CHOA CHU KANG AVE 5,40,Unmatched,Missing,NoPostalAssertionUnderCurrentNormalization,8292,[],,[]
CHOA CHU KANG,5,TECK WHYE AVE,21,Unmatched,Missing,NoPostalAssertionUnderCurrentNormalization,8404,[],,[]
CHOA CHU KANG,501,CHOA CHU KANG ST 51,18,Unmatched,Missing,NoPostalAssertionUnderCurrentNormalization,8444,[],,[]
CHOA CHU KANG,502,CHOA CHU KANG ST 51,7,Unmatched,Missing,NoPostalAssertionUnderCurrentNormalization,8464,[],,[]
CHOA CHU KANG,503,CHOA CHU KANG ST 51,16,Unmatched,Missing,NoPostalAssertionUnderCurrentNormalization,8488,[],,[]
CHOA CHU KANG,504,CHOA CHU KANG ST 51,23,Unmatched,Missing,NoPostalAssertionUnderCurrentNormalization,8506,[],,[]
CHOA CHU KANG,505,CHOA CHU KANG ST 51,16,Unmatched,Missing,NoPostalAssertionUnderCurrentNormalization,8531,[],,[]
CHOA CHU KANG,506,CHOA CHU KANG ST 51,19,Unmatched,Missing,NoPostalAssertionUnderCurrentNormalization,8555,[],,[]
CHOA CHU KANG,507,CHOA CHU KANG ST 51,16,Unmatched,Missing,NoPostalAssertionUnderCurrentNormalization,8576,[],,[]
CHOA CHU KANG,508,CHOA CHU KANG ST 51,12,Unmatched,Missing,NoPostalAssertionUnderCurrentNormalization,8597,[],,[]
CHOA CHU KANG,509,CHOA CHU KANG ST 51,8,Unmatched,Missing,NoPostalAssertionUnderCurrentNormalization,8616,[],,[]
CHOA CHU KANG,510,CHOA CHU KANG ST 51,9,Unmatched,Missing,NoPostalAssertionUnderCurrentNormalization,8656,[],,[]
CHOA CHU KANG,511,CHOA CHU KANG ST 51,20,Unmatched,Missing,NoPostalAssertionUnderCurrentNormalization,8675,[],,[]
CHOA CHU KANG,512,CHOA CHU KANG ST 51,6,Unmatched,Missing,NoPostalAssertionUnderCurrentNormalization,8694,[],,[]
CHOA CHU KANG,513,CHOA CHU KANG ST 51,13,Unmatched,Missing,NoPostalAssertionUnderCurrentNormalization,8712,[],,[]
CHOA CHU KANG,514,CHOA CHU KANG ST 51,15,Unmatched,Missing,NoPostalAssertionUnderCurrentNormalization,8731,[],,[]
CHOA CHU KANG,515,CHOA CHU KANG ST 51,11,Unmatched,Missing,NoPostalAssertionUnderCurrentNormalization,8743,[],,[]
CHOA CHU KANG,516,CHOA CHU KANG ST 51,15,Unmatched,Missing,NoPostalAssertionUnderCurrentNormalization,8757,[],,[]
CHOA CHU KANG,517,CHOA CHU KANG ST 51,15,Unmatched,Missing,NoPostalAssertionUnderCurrentNormalization,8767,[],,[]
CHOA CHU KANG,518,CHOA CHU KANG ST 51,12,Unmatched,Missing,NoPostalAssertionUnderCurrentNormalization,8784,[],,[]
CHOA CHU KANG,523,CHOA CHU KANG ST 51,8,Unmatched,Missing,NoPostalAssertionUnderCurrentNormalization,8869,[],,[]
CHOA CHU KANG,524,CHOA CHU KANG ST 51,7,Unmatched,Missing,NoPostalAssertionUnderCurrentNormalization,8883,[],,[]
CHOA CHU KANG,525,CHOA CHU KANG ST 51,11,Unmatched,Missing,NoPostalAssertionUnderCurrentNormalization,8900,[],,[]
CHOA CHU KANG,526,CHOA CHU KANG ST 51,10,Unmatched,Missing,NoPostalAssertionUnderCurrentNormalization,8914,[],,[]
CHOA CHU KANG,527,CHOA CHU KANG ST 51,7,Unmatched,Missing,NoPostalAssertionUnderCurrentNormalization,8928,[],,[]
CHOA CHU KANG,528,CHOA CHU KANG ST 51,7,Unmatched,Missing,NoPostalAssertionUnderCurrentNormalization,8944,[],,[]
CHOA CHU KANG,529,CHOA CHU KANG ST 51,9,Unmatched,Missing,NoPostalAssertionUnderCurrentNormalization,8956,[],,[]
CHOA CHU KANG,530,CHOA CHU KANG ST 51,12,Unmatched,Missing,NoPostalAssertionUnderCurrentNormalization,8987,[],,[]
CHOA CHU KANG,531,CHOA CHU KANG ST 51,11,Unmatched,Missing,NoPostalAssertionUnderCurrentNormalization,9004,[],,[]
CHOA CHU KANG,535,CHOA CHU KANG ST 51,40,Unmatched,Missing,NoPostalAssertionUnderCurrentNormalization,9055,[],,[]
CHOA CHU KANG,540,CHOA CHU KANG ST 52,10,Unmatched,Missing,NoPostalAssertionUnderCurrentNormalization,9130,[],,[]
CHOA CHU KANG,541,CHOA CHU KANG ST 52,19,Unmatched,Missing,NoPostalAssertionUnderCurrentNormalization,9141,[],,[]
CHOA CHU KANG,542,CHOA CHU KANG ST 52,15,Unmatched,Missing,NoPostalAssertionUnderCurrentNormalization,9152,[],,[]
CHOA CHU KANG,543,CHOA CHU KANG ST 52,8,Unmatched,Missing,NoPostalAssertionUnderCurrentNormalization,9163,[],,[]
CHOA CHU KANG,544,CHOA CHU KANG ST 52,18,Unmatched,Missing,NoPostalAssertionUnderCurrentNormalization,9172,[],,[]
CHOA CHU KANG,545,CHOA CHU KANG ST 52,8,Unmatched,Missing,NoPostalAssertionUnderCurrentNormalization,9183,[],,[]
CHOA CHU KANG,546,CHOA CHU KANG ST 52,15,Unmatched,Missing,NoPostalAssertionUnderCurrentNormalization,9191,[],,[]
CHOA CHU KANG,547,CHOA CHU KANG ST 52,10,Unmatched,Missing,NoPostalAssertionUnderCurrentNormalization,9206,[],,[]
CHOA CHU KANG,548,CHOA CHU KANG ST 52,9,Unmatched,Missing,NoPostalAssertionUnderCurrentNormalization,9222,[],,[]
CHOA CHU KANG,549,CHOA CHU KANG ST 52,13,Unmatched,Missing,NoPostalAssertionUnderCurrentNormalization,9234,[],,[]
CHOA CHU KANG,550,CHOA CHU KANG ST 52,19,Unmatched,Missing,NoPostalAssertionUnderCurrentNormalization,9260,[],,[]
CHOA CHU KANG,551,CHOA CHU KANG ST 52,10,Unmatched,Missing,NoPostalAssertionUnderCurrentNormalization,9272,[],,[]
CHOA CHU KANG,552,CHOA CHU KANG ST 52,16,Unmatched,Missing,NoPostalAssertionUnderCurrentNormalization,9280,[],,[]
CHOA CHU KANG,553,CHOA CHU KANG NTH 6,10,Unmatched,Missing,NoPostalAssertionUnderCurrentNormalization,9290,[],,[]
CHOA CHU KANG,554,CHOA CHU KANG NTH 6,9,Unmatched,Missing,NoPostalAssertionUnderCurrentNormalization,9298,[],,[]
CHOA CHU KANG,555,CHOA CHU KANG NTH 6,10,Unmatched,Missing,NoPostalAssertionUnderCurrentNormalization,9306,[],,[]
CHOA CHU KANG,556,CHOA CHU KANG NTH 6,7,Unmatched,Missing,NoPostalAssertionUnderCurrentNormalization,9316,[],,[]
CHOA CHU KANG,557,CHOA CHU KANG NTH 6,12,Unmatched,Missing,NoPostalAssertionUnderCurrentNormalization,9324,[],,[]
CHOA CHU KANG,558,CHOA CHU KANG NTH 6,10,Unmatched,Missing,NoPostalAssertionUnderCurrentNormalization,9330,[],,[]
CHOA CHU KANG,559,CHOA CHU KANG NTH 6,8,Unmatched,Missing,NoPostalAssertionUnderCurrentNormalization,9335,[],,[]
CHOA CHU KANG,560,CHOA CHU KANG NTH 6,8,Unmatched,Missing,NoPostalAssertionUnderCurrentNormalization,9360,[],,[]
CHOA CHU KANG,561,CHOA CHU KANG NTH 6,13,Unmatched,Missing,NoPostalAssertionUnderCurrentNormalization,9367,[],,[]
CHOA CHU KANG,562,CHOA CHU KANG ST 52,14,Unmatched,Missing,NoPostalAssertionUnderCurrentNormalization,9376,[],,[]
CHOA CHU KANG,563,CHOA CHU KANG ST 52,6,Unmatched,Missing,NoPostalAssertionUnderCurrentNormalization,9385,[],,[]
CHOA CHU KANG,564,CHOA CHU KANG ST 52,7,Unmatched,Missing,NoPostalAssertionUnderCurrentNormalization,9388,[],,[]
CHOA CHU KANG,565,CHOA CHU KANG ST 52,12,Unmatched,Missing,NoPostalAssertionUnderCurrentNormalization,9393,[],,[]
CHOA CHU KANG,566,CHOA CHU KANG ST 52,8,Unmatched,Missing,NoPostalAssertionUnderCurrentNormalization,9396,[],,[]
CHOA CHU KANG,567,CHOA CHU KANG ST 52,11,Unmatched,Missing,NoPostalAssertionUnderCurrentNormalization,9400,[],,[]
CHOA CHU KANG,568,CHOA CHU KANG ST 52,8,Unmatched,Missing,NoPostalAssertionUnderCurrentNormalization,9409,[],,[]
CHOA CHU KANG,569,CHOA CHU KANG ST 52,11,Unmatched,Missing,NoPostalAssertionUnderCurrentNormalization,9417,[],,[]
CHOA CHU KANG,570,CHOA CHU KANG ST 52,25,Unmatched,Missing,NoPostalAssertionUnderCurrentNormalization,9443,[],,[]
CHOA CHU KANG,571,CHOA CHU KANG ST 52,33,Unmatched,Missing,NoPostalAssertionUnderCurrentNormalization,9452,[],,[]
CHOA CHU KANG,572,CHOA CHU KANG ST 52,29,Unmatched,Missing,NoPostalAssertionUnderCurrentNormalization,9460,[],,[]
CHOA CHU KANG,573,CHOA CHU KANG ST 52,29,Unmatched,Missing,NoPostalAssertionUnderCurrentNormalization,9468,[],,[]
CHOA CHU KANG,574,CHOA CHU KANG ST 52,44,Unmatched,Missing,NoPostalAssertionUnderCurrentNormalization,9478,[],,[]
CHOA CHU KANG,6,TECK WHYE AVE,26,Unmatched,Missing,NoPostalAssertionUnderCurrentNormalization,9643,[],,[]
CHOA CHU KANG,601,CHOA CHU KANG ST 62,12,Unmatched,Missing,NoPostalAssertionUnderCurrentNormalization,9673,[],,[]
CHOA CHU KANG,602,CHOA CHU KANG ST 62,6,Unmatched,Missing,NoPostalAssertionUnderCurrentNormalization,9695,[],,[]
CHOA CHU KANG,603,CHOA CHU KANG ST 62,9,Unmatched,Missing,NoPostalAssertionUnderCurrentNormalization,9712,[],,[]
CHOA CHU KANG,604,CHOA CHU KANG ST 62,8,Unmatched,Missing,NoPostalAssertionUnderCurrentNormalization,9730,[],,[]
CHOA CHU KANG,605,CHOA CHU KANG ST 62,8,Unmatched,Missing,NoPostalAssertionUnderCurrentNormalization,9748,[],,[]
CHOA CHU KANG,606,CHOA CHU KANG ST 62,12,Unmatched,Missing,NoPostalAssertionUnderCurrentNormalization,9764,[],,[]
CHOA CHU KANG,607,CHOA CHU KANG ST 62,21,Unmatched,Missing,NoPostalAssertionUnderCurrentNormalization,9779,[],,[]
CHOA CHU KANG,608,CHOA CHU KANG ST 62,12,Unmatched,Missing,NoPostalAssertionUnderCurrentNormalization,9790,[],,[]
CHOA CHU KANG,609,CHOA CHU KANG ST 62,15,Unmatched,Missing,NoPostalAssertionUnderCurrentNormalization,9806,[],,[]
CHOA CHU KANG,610,CHOA CHU KANG ST 62,21,Unmatched,Missing,NoPostalAssertionUnderCurrentNormalization,9839,[],,[]
CHOA CHU KANG,611,CHOA CHU KANG ST 62,18,Unmatched,Missing,NoPostalAssertionUnderCurrentNormalization,9855,[],,[]
CHOA CHU KANG,612,CHOA CHU KANG ST 62,20,Unmatched,Missing,NoPostalAssertionUnderCurrentNormalization,9867,[],,[]
CHOA CHU KANG,613,CHOA CHU KANG ST 62,25,Unmatched,Missing,NoPostalAssertionUnderCurrentNormalization,9885,[],,[]
CHOA CHU KANG,614,CHOA CHU KANG ST 62,15,Unmatched,Missing,NoPostalAssertionUnderCurrentNormalization,9910,[],,[]
CHOA CHU KANG,615,CHOA CHU KANG ST 62,11,Unmatched,Missing,NoPostalAssertionUnderCurrentNormalization,9927,[],,[]
CHOA CHU KANG,616,CHOA CHU KANG ST 62,9,Unmatched,Missing,NoPostalAssertionUnderCurrentNormalization,9939,[],,[]
CHOA CHU KANG,617,CHOA CHU KANG NTH 7,15,Unmatched,Missing,NoPostalAssertionUnderCurrentNormalization,9951,[],,[]
CHOA CHU KANG,618,CHOA CHU KANG NTH 7,20,Unmatched,Missing,NoPostalAssertionUnderCurrentNormalization,9964,[],,[]
CHOA CHU KANG,619,CHOA CHU KANG NTH 7,8,Unmatched,Missing,NoPostalAssertionUnderCurrentNormalization,9980,[],,[]
CHOA CHU KANG,620,CHOA CHU KANG ST 62,24,Unmatched,Missing,NoPostalAssertionUnderCurrentNormalization,10013,[],,[]
CHOA CHU KANG,621,CHOA CHU KANG ST 62,18,Unmatched,Missing,NoPostalAssertionUnderCurrentNormalization,10024,[],,[]
CHOA CHU KANG,625,CHOA CHU KANG ST 62,25,Unmatched,Missing,NoPostalAssertionUnderCurrentNormalization,10093,[],,[]
CHOA CHU KANG,626,CHOA CHU KANG ST 62,30,Unmatched,Missing,NoPostalAssertionUnderCurrentNormalization,10109,[],,[]
CHOA CHU KANG,627,CHOA CHU KANG ST 62,13,Unmatched,Missing,NoPostalAssertionUnderCurrentNormalization,10121,[],,[]
CHOA CHU KANG,631,CHOA CHU KANG NTH 6,19,Unmatched,Missing,NoPostalAssertionUnderCurrentNormalization,10188,[],,[]
CHOA CHU KANG,632,CHOA CHU KANG NTH 6,25,Unmatched,Missing,NoPostalAssertionUnderCurrentNormalization,10203,[],,[]
CHOA CHU KANG,633,CHOA CHU KANG NTH 6,19,Unmatched,Missing,NoPostalAssertionUnderCurrentNormalization,10223,[],,[]
CHOA CHU KANG,634,CHOA CHU KANG NTH 6,18,Unmatched,Missing,NoPostalAssertionUnderCurrentNormalization,10247,[],,[]
CHOA CHU KANG,635,CHOA CHU KANG NTH 6,20,Unmatched,Missing,NoPostalAssertionUnderCurrentNormalization,10263,[],,[]
CHOA CHU KANG,636,CHOA CHU KANG NTH 6,13,Unmatched,Missing,NoPostalAssertionUnderCurrentNormalization,10287,[],,[]
CHOA CHU KANG,637,CHOA CHU KANG NTH 6,15,Unmatched,Missing,NoPostalAssertionUnderCurrentNormalization,10309,[],,[]
CHOA CHU KANG,638,CHOA CHU KANG ST 64,16,Unmatched,Missing,NoPostalAssertionUnderCurrentNormalization,10328,[],,[]
CHOA CHU KANG,639,CHOA CHU KANG ST 64,13,Unmatched,Missing,NoPostalAssertionUnderCurrentNormalization,10350,[],,[]
CHOA CHU KANG,640,CHOA CHU KANG ST 64,25,Unmatched,Missing,NoPostalAssertionUnderCurrentNormalization,10379,[],,[]
CHOA CHU KANG,641,CHOA CHU KANG ST 64,31,Unmatched,Missing,NoPostalAssertionUnderCurrentNormalization,10398,[],,[]
CHOA CHU KANG,642,CHOA CHU KANG ST 64,22,Unmatched,Missing,NoPostalAssertionUnderCurrentNormalization,10416,[],,[]
CHOA CHU KANG,643,CHOA CHU KANG ST 64,16,Unmatched,Missing,NoPostalAssertionUnderCurrentNormalization,10431,[],,[]
CHOA CHU KANG,656,CHOA CHU KANG CRES,31,Unmatched,Missing,NoPostalAssertionUnderCurrentNormalization,10612,[],,[]
CHOA CHU KANG,657,CHOA CHU KANG CRES,19,Unmatched,Missing,NoPostalAssertionUnderCurrentNormalization,10627,[],,[]
CHOA CHU KANG,658,CHOA CHU KANG CRES,25,Unmatched,Missing,NoPostalAssertionUnderCurrentNormalization,10638,[],,[]
CHOA CHU KANG,659,CHOA CHU KANG CRES,34,Unmatched,Missing,NoPostalAssertionUnderCurrentNormalization,10652,[],,[]
CHOA CHU KANG,660,CHOA CHU KANG CRES,29,Unmatched,Missing,NoPostalAssertionUnderCurrentNormalization,10679,[],,[]
CHOA CHU KANG,661,CHOA CHU KANG CRES,21,Unmatched,Missing,NoPostalAssertionUnderCurrentNormalization,10699,[],,[]
CHOA CHU KANG,662,CHOA CHU KANG CRES,10,Unmatched,Missing,NoPostalAssertionUnderCurrentNormalization,10716,[],,[]
CHOA CHU KANG,663,CHOA CHU KANG CRES,14,Unmatched,Missing,NoPostalAssertionUnderCurrentNormalization,10736,[],,[]
CHOA CHU KANG,664,CHOA CHU KANG CRES,12,Unmatched,Missing,NoPostalAssertionUnderCurrentNormalization,10756,[],,[]
CHOA CHU KANG,665,CHOA CHU KANG CRES,15,Unmatched,Missing,NoPostalAssertionUnderCurrentNormalization,10771,[],,[]
CHOA CHU KANG,666,CHOA CHU KANG CRES,18,Unmatched,Missing,NoPostalAssertionUnderCurrentNormalization,10786,[],,[]
CHOA CHU KANG,667,CHOA CHU KANG CRES,24,Unmatched,Missing,NoPostalAssertionUnderCurrentNormalization,10799,[],,[]
CHOA CHU KANG,668,CHOA CHU KANG CRES,22,Unmatched,Missing,NoPostalAssertionUnderCurrentNormalization,10813,[],,[]
CHOA CHU KANG,669,CHOA CHU KANG CRES,18,Unmatched,Missing,NoPostalAssertionUnderCurrentNormalization,10827,[],,[]
CHOA CHU KANG,670,CHOA CHU KANG CRES,27,Unmatched,Missing,NoPostalAssertionUnderCurrentNormalization,10846,[],,[]
CHOA CHU KANG,670A,CHOA CHU KANG CRES,25,Unmatched,Missing,NoPostalAssertionUnderCurrentNormalization,10852,[],,[]
CHOA CHU KANG,671,CHOA CHU KANG CRES,10,Unmatched,Missing,NoPostalAssertionUnderCurrentNormalization,10857,[],,[]
CHOA CHU KANG,671A,CHOA CHU KANG CRES,12,Unmatched,Missing,NoPostalAssertionUnderCurrentNormalization,10864,[],,[]
CHOA CHU KANG,672,CHOA CHU KANG CRES,13,Unmatched,Missing,NoPostalAssertionUnderCurrentNormalization,10876,[],,[]
CHOA CHU KANG,672A,CHOA CHU KANG CRES,14,Unmatched,Missing,NoPostalAssertionUnderCurrentNormalization,10883,[],,[]
CHOA CHU KANG,672B,CHOA CHU KANG CRES,3,Unmatched,Missing,NoPostalAssertionUnderCurrentNormalization,10889,[],,[]
CHOA CHU KANG,673,CHOA CHU KANG CRES,32,Unmatched,Missing,NoPostalAssertionUnderCurrentNormalization,10896,[],,[]
CHOA CHU KANG,673A,CHOA CHU KANG CRES,28,Unmatched,Missing,NoPostalAssertionUnderCurrentNormalization,10902,[],,[]
CHOA CHU KANG,674,CHOA CHU KANG CRES,11,Unmatched,Missing,NoPostalAssertionUnderCurrentNormalization,10914,[],,[]
CHOA CHU KANG,674A,CHOA CHU KANG CRES,8,Unmatched,Missing,NoPostalAssertionUnderCurrentNormalization,10919,[],,[]
CHOA CHU KANG,675,CHOA CHU KANG CRES,12,Unmatched,Missing,NoPostalAssertionUnderCurrentNormalization,10925,[],,[]
CHOA CHU KANG,676,CHOA CHU KANG CRES,11,Unmatched,Missing,NoPostalAssertionUnderCurrentNormalization,10936,[],,[]
CHOA CHU KANG,676A,CHOA CHU KANG CRES,13,Unmatched,Missing,NoPostalAssertionUnderCurrentNormalization,10942,[],,[]
CHOA CHU KANG,677,CHOA CHU KANG CRES,32,Unmatched,Missing,NoPostalAssertionUnderCurrentNormalization,10954,[],,[]
CHOA CHU KANG,678,CHOA CHU KANG CRES,35,Unmatched,Missing,NoPostalAssertionUnderCurrentNormalization,10971,[],,[]
CHOA CHU KANG,679,CHOA CHU KANG CRES,28,Unmatched,Missing,NoPostalAssertionUnderCurrentNormalization,10987,[],,[]
CHOA CHU KANG,680,CHOA CHU KANG CRES,38,Unmatched,Missing,NoPostalAssertionUnderCurrentNormalization,11005,[],,[]
CHOA CHU KANG,681,CHOA CHU KANG CRES,37,Unmatched,Missing,NoPostalAssertionUnderCurrentNormalization,11012,[],,[]
CHOA CHU KANG,682,CHOA CHU KANG CRES,28,Unmatched,Missing,NoPostalAssertionUnderCurrentNormalization,11025,[],,[]
CHOA CHU KANG,683A,CHOA CHU KANG CRES,35,Unmatched,Missing,NoPostalAssertionUnderCurrentNormalization,11046,[],,[]
CHOA CHU KANG,683B,CHOA CHU KANG CRES,24,Unmatched,Missing,NoPostalAssertionUnderCurrentNormalization,11050,[],,[]
CHOA CHU KANG,683C,CHOA CHU KANG CRES,27,Unmatched,Missing,NoPostalAssertionUnderCurrentNormalization,11054,[],,[]
CHOA CHU KANG,684A,CHOA CHU KANG CRES,29,Unmatched,Missing,NoPostalAssertionUnderCurrentNormalization,11064,[],,[]
CHOA CHU KANG,684B,CHOA CHU KANG CRES,22,Unmatched,Missing,NoPostalAssertionUnderCurrentNormalization,11068,[],,[]
CHOA CHU KANG,684C,CHOA CHU KANG CRES,24,Unmatched,Missing,NoPostalAssertionUnderCurrentNormalization,11072,[],,[]
CHOA CHU KANG,684D,CHOA CHU KANG CRES,31,Unmatched,Missing,NoPostalAssertionUnderCurrentNormalization,11076,[],,[]
CHOA CHU KANG,685A,CHOA CHU KANG CRES,38,Unmatched,Missing,NoPostalAssertionUnderCurrentNormalization,11084,[],,[]
CHOA CHU KANG,685B,CHOA CHU KANG CRES,31,Unmatched,Missing,NoPostalAssertionUnderCurrentNormalization,11087,[],,[]
CHOA CHU KANG,685C,CHOA CHU KANG CRES,25,Unmatched,Missing,NoPostalAssertionUnderCurrentNormalization,11090,[],,[]
CHOA CHU KANG,686A,CHOA CHU KANG CRES,38,Unmatched,Missing,NoPostalAssertionUnderCurrentNormalization,11097,[],,[]
CHOA CHU KANG,686B,CHOA CHU KANG CRES,52,Unmatched,Missing,NoPostalAssertionUnderCurrentNormalization,11100,[],,[]
CHOA CHU KANG,686C,CHOA CHU KANG CRES,27,Unmatched,Missing,NoPostalAssertionUnderCurrentNormalization,11103,[],,[]
CHOA CHU KANG,686D,CHOA CHU KANG CRES,37,Unmatched,Missing,NoPostalAssertionUnderCurrentNormalization,11106,[],,[]
CHOA CHU KANG,687A,CHOA CHU KANG DR,27,Unmatched,Missing,NoPostalAssertionUnderCurrentNormalization,11111,[],,[]
CHOA CHU KANG,687B,CHOA CHU KANG DR,29,Unmatched,Missing,NoPostalAssertionUnderCurrentNormalization,11113,[],,[]
CHOA CHU KANG,687C,CHOA CHU KANG DR,35,Unmatched,Missing,NoPostalAssertionUnderCurrentNormalization,11115,[],,[]
CHOA CHU KANG,687D,CHOA CHU KANG DR,33,Unmatched,Missing,NoPostalAssertionUnderCurrentNormalization,11117,[],,[]
CHOA CHU KANG,688A,CHOA CHU KANG DR,43,Unmatched,Missing,NoPostalAssertionUnderCurrentNormalization,11123,[],,[]
CHOA CHU KANG,688B,CHOA CHU KANG DR,55,Unmatched,Missing,NoPostalAssertionUnderCurrentNormalization,11125,[],,[]
CHOA CHU KANG,688C,CHOA CHU KANG CRES,31,Unmatched,Missing,NoPostalAssertionUnderCurrentNormalization,11127,[],,[]
CHOA CHU KANG,689A,CHOA CHU KANG DR,22,Unmatched,Missing,NoPostalAssertionUnderCurrentNormalization,11136,[],,[]
CHOA CHU KANG,689B,CHOA CHU KANG DR,31,Unmatched,Missing,NoPostalAssertionUnderCurrentNormalization,11138,[],,[]
CHOA CHU KANG,690A,CHOA CHU KANG CRES,39,Unmatched,Missing,NoPostalAssertionUnderCurrentNormalization,11156,[],,[]
CHOA CHU KANG,690B,CHOA CHU KANG CRES,35,Unmatched,Missing,NoPostalAssertionUnderCurrentNormalization,11158,[],,[]
CHOA CHU KANG,690C,CHOA CHU KANG CRES,27,Unmatched,Missing,NoPostalAssertionUnderCurrentNormalization,11160,[],,[]
CHOA CHU KANG,690D,CHOA CHU KANG CRES,50,Unmatched,Missing,NoPostalAssertionUnderCurrentNormalization,11162,[],,[]
CHOA CHU KANG,691A,CHOA CHU KANG CRES,43,Unmatched,Missing,NoPostalAssertionUnderCurrentNormalization,11170,[],,[]
CHOA CHU KANG,691B,CHOA CHU KANG CRES,51,Unmatched,Missing,NoPostalAssertionUnderCurrentNormalization,11173,[],,[]
CHOA CHU KANG,692A,CHOA CHU KANG CRES,46,Unmatched,Missing,NoPostalAssertionUnderCurrentNormalization,11181,[],,[]
CHOA CHU KANG,692B,CHOA CHU KANG CRES,69,Unmatched,Missing,NoPostalAssertionUnderCurrentNormalization,11183,[],,[]
CHOA CHU KANG,7,TECK WHYE AVE,24,Unmatched,Missing,NoPostalAssertionUnderCurrentNormalization,11246,[],,[]
CHOA CHU KANG,701,CHOA CHU KANG ST 53,18,Unmatched,Missing,NoPostalAssertionUnderCurrentNormalization,11276,[],,[]
CHOA CHU KANG,702,CHOA CHU KANG ST 53,31,Unmatched,Missing,NoPostalAssertionUnderCurrentNormalization,11291,[],,[]
CHOA CHU KANG,703,CHOA CHU KANG ST 53,10,Unmatched,Missing,NoPostalAssertionUnderCurrentNormalization,11302,[],,[]
CHOA CHU KANG,704,CHOA CHU KANG ST 53,17,Unmatched,Missing,NoPostalAssertionUnderCurrentNormalization,11312,[],,[]
CHOA CHU KANG,705,CHOA CHU KANG ST 53,13,Unmatched,Missing,NoPostalAssertionUnderCurrentNormalization,11324,[],,[]
CHOA CHU KANG,706,CHOA CHU KANG ST 53,15,Unmatched,Missing,NoPostalAssertionUnderCurrentNormalization,11333,[],,[]
CHOA CHU KANG,707,CHOA CHU KANG ST 53,18,Unmatched,Missing,NoPostalAssertionUnderCurrentNormalization,11342,[],,[]
CHOA CHU KANG,708,CHOA CHU KANG ST 53,17,Unmatched,Missing,NoPostalAssertionUnderCurrentNormalization,11351,[],,[]
CHOA CHU KANG,751,CHOA CHU KANG NTH 5,12,Unmatched,Missing,NoPostalAssertionUnderCurrentNormalization,11720,[],,[]
CHOA CHU KANG,752,CHOA CHU KANG NTH 5,11,Unmatched,Missing,NoPostalAssertionUnderCurrentNormalization,11725,[],,[]
CHOA CHU KANG,753,CHOA CHU KANG NTH 5,18,Unmatched,Missing,NoPostalAssertionUnderCurrentNormalization,11730,[],,[]
CHOA CHU KANG,754,CHOA CHU KANG NTH 5,10,Unmatched,Missing,NoPostalAssertionUnderCurrentNormalization,11735,[],,[]
CHOA CHU KANG,755,CHOA CHU KANG NTH 5,12,Unmatched,Missing,NoPostalAssertionUnderCurrentNormalization,11743,[],,[]
CHOA CHU KANG,756,CHOA CHU KANG NTH 5,7,Unmatched,Missing,NoPostalAssertionUnderCurrentNormalization,11748,[],,[]
CHOA CHU KANG,757,CHOA CHU KANG NTH 5,11,Unmatched,Missing,NoPostalAssertionUnderCurrentNormalization,11753,[],,[]
CHOA CHU KANG,758,CHOA CHU KANG NTH 5,11,Unmatched,Missing,NoPostalAssertionUnderCurrentNormalization,11761,[],,[]
CHOA CHU KANG,759,CHOA CHU KANG NTH 5,17,Unmatched,Missing,NoPostalAssertionUnderCurrentNormalization,11766,[],,[]
CHOA CHU KANG,760,CHOA CHU KANG NTH 5,21,Unmatched,Missing,NoPostalAssertionUnderCurrentNormalization,11782,[],,[]
CHOA CHU KANG,761,CHOA CHU KANG NTH 5,10,Unmatched,Missing,NoPostalAssertionUnderCurrentNormalization,11791,[],,[]
CHOA CHU KANG,762,CHOA CHU KANG NTH 5,13,Unmatched,Missing,NoPostalAssertionUnderCurrentNormalization,11798,[],,[]
CHOA CHU KANG,763,CHOA CHU KANG NTH 5,17,Unmatched,Missing,NoPostalAssertionUnderCurrentNormalization,11808,[],,[]
CHOA CHU KANG,764,CHOA CHU KANG NTH 5,17,Unmatched,Missing,NoPostalAssertionUnderCurrentNormalization,11814,[],,[]
CHOA CHU KANG,765,CHOA CHU KANG NTH 5,9,Unmatched,Missing,NoPostalAssertionUnderCurrentNormalization,11823,[],,[]
CHOA CHU KANG,766,CHOA CHU KANG NTH 5,13,Unmatched,Missing,NoPostalAssertionUnderCurrentNormalization,11831,[],,[]
CHOA CHU KANG,767,CHOA CHU KANG ST 54,18,Unmatched,Missing,NoPostalAssertionUnderCurrentNormalization,11838,[],,[]
CHOA CHU KANG,768,CHOA CHU KANG ST 54,14,Unmatched,Missing,NoPostalAssertionUnderCurrentNormalization,11843,[],,[]
CHOA CHU KANG,769,CHOA CHU KANG ST 54,24,Unmatched,Missing,NoPostalAssertionUnderCurrentNormalization,11849,[],,[]
CHOA CHU KANG,770,CHOA CHU KANG ST 54,20,Unmatched,Missing,NoPostalAssertionUnderCurrentNormalization,11866,[],,[]
CHOA CHU KANG,771,CHOA CHU KANG ST 54,21,Unmatched,Missing,NoPostalAssertionUnderCurrentNormalization,11872,[],,[]
CHOA CHU KANG,784,CHOA CHU KANG DR,11,Unmatched,Missing,NoPostalAssertionUnderCurrentNormalization,11966,[],,[]
CHOA CHU KANG,785,CHOA CHU KANG DR,14,Unmatched,Missing,NoPostalAssertionUnderCurrentNormalization,11971,[],,[]
CHOA CHU KANG,786,CHOA CHU KANG DR,9,Unmatched,Missing,NoPostalAssertionUnderCurrentNormalization,11979,[],,[]
CHOA CHU KANG,787,CHOA CHU KANG NTH 6,5,Unmatched,Missing,NoPostalAssertionUnderCurrentNormalization,11987,[],,[]
CHOA CHU KANG,788,CHOA CHU KANG NTH 6,15,Unmatched,Missing,NoPostalAssertionUnderCurrentNormalization,11996,[],,[]
CHOA CHU KANG,789,CHOA CHU KANG NTH 6,12,Unmatched,Missing,NoPostalAssertionUnderCurrentNormalization,12004,[],,[]
CHOA CHU KANG,790,CHOA CHU KANG NTH 6,15,Unmatched,Missing,NoPostalAssertionUnderCurrentNormalization,12021,[],,[]
CHOA CHU KANG,791,CHOA CHU KANG NTH 6,8,Unmatched,Missing,NoPostalAssertionUnderCurrentNormalization,12024,[],,[]
CHOA CHU KANG,792,CHOA CHU KANG NTH 6,9,Unmatched,Missing,NoPostalAssertionUnderCurrentNormalization,12027,[],,[]
CHOA CHU KANG,8,TECK WHYE AVE,17,Unmatched,Missing,NoPostalAssertionUnderCurrentNormalization,12075,[],,[]
CHOA CHU KANG,801A,KEAT HONG CL,39,Unmatched,Missing,NoPostalAssertionUnderCurrentNormalization,12116,[],,[]
CHOA CHU KANG,801B,KEAT HONG CL,33,Unmatched,Missing,NoPostalAssertionUnderCurrentNormalization,12118,[],,[]
CHOA CHU KANG,801C,KEAT HONG CL,39,Unmatched,Missing,NoPostalAssertionUnderCurrentNormalization,12120,[],,[]
CHOA CHU KANG,801D,KEAT HONG CL,28,Unmatched,Missing,NoPostalAssertionUnderCurrentNormalization,12122,[],,[]
CHOA CHU KANG,802A,KEAT HONG CL,44,Unmatched,Missing,NoPostalAssertionUnderCurrentNormalization,12127,[],,[]
CHOA CHU KANG,802B,KEAT HONG CL,35,Unmatched,Missing,NoPostalAssertionUnderCurrentNormalization,12128,[],,[]
CHOA CHU KANG,802C,KEAT HONG CL,32,Unmatched,Missing,NoPostalAssertionUnderCurrentNormalization,12129,[],,[]
CHOA CHU KANG,803A,KEAT HONG CL,47,Unmatched,Missing,NoPostalAssertionUnderCurrentNormalization,12136,[],,[]
CHOA CHU KANG,803B,KEAT HONG CL,54,Unmatched,Missing,NoPostalAssertionUnderCurrentNormalization,12137,[],,[]
CHOA CHU KANG,803C,KEAT HONG CL,34,Unmatched,Missing,NoPostalAssertionUnderCurrentNormalization,12138,[],,[]
CHOA CHU KANG,803D,KEAT HONG CL,37,Unmatched,Missing,NoPostalAssertionUnderCurrentNormalization,12139,[],,[]
CHOA CHU KANG,804A,KEAT HONG CL,43,Unmatched,Missing,NoPostalAssertionUnderCurrentNormalization,12147,[],,[]
CHOA CHU KANG,804B,KEAT HONG CL,37,Unmatched,Missing,NoPostalAssertionUnderCurrentNormalization,12148,[],,[]
CHOA CHU KANG,805A,KEAT HONG CL,28,Unmatched,Missing,NoPostalAssertionUnderCurrentNormalization,12156,[],,[]
CHOA CHU KANG,805B,KEAT HONG CL,31,Unmatched,Missing,NoPostalAssertionUnderCurrentNormalization,12157,[],,[]
CHOA CHU KANG,805C,KEAT HONG CL,49,Unmatched,Missing,NoPostalAssertionUnderCurrentNormalization,12158,[],,[]
CHOA CHU KANG,805D,KEAT HONG CL,52,Unmatched,Missing,NoPostalAssertionUnderCurrentNormalization,12159,[],,[]
CHOA CHU KANG,807A,CHOA CHU KANG AVE 1,47,Unmatched,Missing,NoPostalAssertionUnderCurrentNormalization,12173,[],,[]
CHOA CHU KANG,808A,CHOA CHU KANG AVE 1,38,Unmatched,Missing,NoPostalAssertionUnderCurrentNormalization,12184,[],,[]
CHOA CHU KANG,808C,CHOA CHU KANG AVE 1,35,Unmatched,Missing,NoPostalAssertionUnderCurrentNormalization,12188,[],,[]
CHOA CHU KANG,809A,CHOA CHU KANG AVE 1,46,Unmatched,Missing,NoPostalAssertionUnderCurrentNormalization,12196,[],,[]
CHOA CHU KANG,811A,CHOA CHU KANG AVE 7,46,Unmatched,Missing,NoPostalAssertionUnderCurrentNormalization,12225,[],,[]
CHOA CHU KANG,816B,KEAT HONG LINK,49,Unmatched,Missing,NoPostalAssertionUnderCurrentNormalization,12260,[],,[]
CHOA CHU KANG,817B,KEAT HONG LINK,75,Unmatched,Missing,NoPostalAssertionUnderCurrentNormalization,12268,[],,[]
CLEMENTI,101,CLEMENTI ST 14,12,Unmatched,Missing,NoPostalAssertionUnderCurrentNormalization,111,[],,[]
CLEMENTI,102,CLEMENTI ST 14,1,Unmatched,Missing,NoPostalAssertionUnderCurrentNormalization,153,[],,[]
CLEMENTI,103,CLEMENTI ST 14,19,Unmatched,Missing,NoPostalAssertionUnderCurrentNormalization,194,[],,[]
CLEMENTI,104,CLEMENTI ST 14,3,Unmatched,Missing,NoPostalAssertionUnderCurrentNormalization,231,[],,[]
CLEMENTI,105,CLEMENTI ST 12,11,Unmatched,Missing,NoPostalAssertionUnderCurrentNormalization,275,[],,[]
CLEMENTI,109,CLEMENTI ST 11,16,Unmatched,Missing,NoPostalAssertionUnderCurrentNormalization,445,[],,[]
CLEMENTI,110,CLEMENTI ST 13,5,Unmatched,Missing,NoPostalAssertionUnderCurrentNormalization,511,[],,[]
CLEMENTI,111,CLEMENTI ST 13,25,Unmatched,Missing,NoPostalAssertionUnderCurrentNormalization,548,[],,[]
CLEMENTI,112,CLEMENTI ST 13,4,Unmatched,Missing,NoPostalAssertionUnderCurrentNormalization,586,[],,[]
CLEMENTI,113,CLEMENTI ST 13,16,Unmatched,Missing,NoPostalAssertionUnderCurrentNormalization,624,[],,[]
CLEMENTI,114,CLEMENTI ST 13,16,Unmatched,Missing,NoPostalAssertionUnderCurrentNormalization,667,[],,[]
CLEMENTI,115,CLEMENTI ST 13,25,Unmatched,Missing,NoPostalAssertionUnderCurrentNormalization,706,[],,[]
CLEMENTI,116,CLEMENTI ST 13,28,Unmatched,Missing,NoPostalAssertionUnderCurrentNormalization,748,[],,[]
CLEMENTI,117,CLEMENTI ST 13,22,Unmatched,Missing,NoPostalAssertionUnderCurrentNormalization,788,[],,[]
CLEMENTI,118,CLEMENTI ST 13,22,Unmatched,Missing,NoPostalAssertionUnderCurrentNormalization,826,[],,[]
CLEMENTI,205,CLEMENTI AVE 6,21,Unmatched,Missing,NoPostalAssertionUnderCurrentNormalization,2937,[],,[]
CLEMENTI,208B,CLEMENTI AVE 6,36,Unmatched,Missing,NoPostalAssertionUnderCurrentNormalization,3040,[],,[]
CLEMENTI,303,CLEMENTI AVE 4,34,Unmatched,Missing,NoPostalAssertionUnderCurrentNormalization,5019,[],,[]
CLEMENTI,311C,CLEMENTI AVE 4,126,Unmatched,Missing,NoPostalAssertionUnderCurrentNormalization,5238,[],,[]
CLEMENTI,312A,CLEMENTI AVE 4,63,Unmatched,Missing,NoPostalAssertionUnderCurrentNormalization,5256,[],,[]
CLEMENTI,319,CLEMENTI AVE 4,18,Unmatched,Missing,NoPostalAssertionUnderCurrentNormalization,5402,[],,[]
CLEMENTI,324,CLEMENTI AVE 5,19,Unmatched,Missing,NoPostalAssertionUnderCurrentNormalization,5521,[],,[]
CLEMENTI,334,CLEMENTI AVE 2,26,Unmatched,Missing,NoPostalAssertionUnderCurrentNormalization,5725,[],,[]
CLEMENTI,355,CLEMENTI AVE 2,17,Unmatched,Missing,NoPostalAssertionUnderCurrentNormalization,6094,[],,[]
CLEMENTI,357,CLEMENTI AVE 2,22,Unmatched,Missing,NoPostalAssertionUnderCurrentNormalization,6124,[],,[]
CLEMENTI,362,CLEMENTI AVE 2,27,Unmatched,Missing,NoPostalAssertionUnderCurrentNormalization,6199,[],,[]
CLEMENTI,366,CLEMENTI AVE 2,13,Unmatched,Missing,NoPostalAssertionUnderCurrentNormalization,6249,[],,[]
CLEMENTI,372,CLEMENTI AVE 4,16,Unmatched,Missing,NoPostalAssertionUnderCurrentNormalization,6318,[],,[]
CLEMENTI,373,CLEMENTI AVE 4,17,Unmatched,Missing,NoPostalAssertionUnderCurrentNormalization,6330,[],,[]
CLEMENTI,410,C'WEALTH AVE WEST,21,Unmatched,Missing,NoPostalAssertionUnderCurrentNormalization,6785,[],,[]
CLEMENTI,411,C'WEALTH AVE WEST,30,Unmatched,Missing,NoPostalAssertionUnderCurrentNormalization,6810,[],,[]
CLEMENTI,412,C'WEALTH AVE WEST,17,Unmatched,Missing,NoPostalAssertionUnderCurrentNormalization,6832,[],,[]
CLEMENTI,413,C'WEALTH AVE WEST,19,Unmatched,Missing,NoPostalAssertionUnderCurrentNormalization,6852,[],,[]
CLEMENTI,414,C'WEALTH AVE WEST,21,Unmatched,Missing,NoPostalAssertionUnderCurrentNormalization,6877,[],,[]
CLEMENTI,415,C'WEALTH AVE WEST,15,Unmatched,Missing,NoPostalAssertionUnderCurrentNormalization,6896,[],,[]
CLEMENTI,429,CLEMENTI AVE 3,21,Unmatched,Missing,NoPostalAssertionUnderCurrentNormalization,7166,[],,[]
CLEMENTI,434,CLEMENTI AVE 3,26,Unmatched,Missing,NoPostalAssertionUnderCurrentNormalization,7282,[],,[]
CLEMENTI,435,CLEMENTI AVE 3,25,Unmatched,Missing,NoPostalAssertionUnderCurrentNormalization,7293,[],,[]
CLEMENTI,440A,CLEMENTI AVE 3,24,Unmatched,Missing,NoPostalAssertionUnderCurrentNormalization,7405,[],,[]
CLEMENTI,458,CLEMENTI AVE 3,16,Unmatched,Missing,NoPostalAssertionUnderCurrentNormalization,7741,[],,[]
CLEMENTI,505,WEST COAST DR,1,Unmatched,Missing,NoPostalAssertionUnderCurrentNormalization,8538,[],,[]
CLEMENTI,506,WEST COAST DR,26,Unmatched,Missing,NoPostalAssertionUnderCurrentNormalization,8563,[],,[]
CLEMENTI,507,WEST COAST DR,35,Unmatched,Missing,NoPostalAssertionUnderCurrentNormalization,8584,[],,[]
CLEMENTI,508,WEST COAST DR,24,Unmatched,Missing,NoPostalAssertionUnderCurrentNormalization,8604,[],,[]
CLEMENTI,509,WEST COAST DR,38,Unmatched,Missing,NoPostalAssertionUnderCurrentNormalization,8623,[],,[]
CLEMENTI,510,WEST COAST DR,47,Unmatched,Missing,NoPostalAssertionUnderCurrentNormalization,8663,[],,[]
CLEMENTI,511,WEST COAST DR,28,Unmatched,Missing,NoPostalAssertionUnderCurrentNormalization,8681,[],,[]
CLEMENTI,512,WEST COAST DR,27,Unmatched,Missing,NoPostalAssertionUnderCurrentNormalization,8700,[],,[]
CLEMENTI,601,CLEMENTI WEST ST 1,16,Unmatched,Missing,NoPostalAssertionUnderCurrentNormalization,9674,[],,[]
CLEMENTI,602,CLEMENTI WEST ST 1,55,Unmatched,Missing,NoPostalAssertionUnderCurrentNormalization,9696,[],,[]
CLEMENTI,603,CLEMENTI WEST ST 1,6,Unmatched,Missing,NoPostalAssertionUnderCurrentNormalization,9713,[],,[]
CLEMENTI,604,CLEMENTI WEST ST 1,14,Unmatched,Missing,NoPostalAssertionUnderCurrentNormalization,9731,[],,[]
CLEMENTI,605,CLEMENTI WEST ST 1,21,Unmatched,Missing,NoPostalAssertionUnderCurrentNormalization,9749,[],,[]
CLEMENTI,606,CLEMENTI WEST ST 1,11,Unmatched,Missing,NoPostalAssertionUnderCurrentNormalization,9765,[],,[]
CLEMENTI,607,CLEMENTI WEST ST 1,35,Unmatched,Missing,NoPostalAssertionUnderCurrentNormalization,9780,[],,[]
CLEMENTI,608,CLEMENTI WEST ST 1,41,Unmatched,Missing,NoPostalAssertionUnderCurrentNormalization,9791,[],,[]
CLEMENTI,609,CLEMENTI WEST ST 1,20,Unmatched,Missing,NoPostalAssertionUnderCurrentNormalization,9807,[],,[]
CLEMENTI,610,CLEMENTI WEST ST 1,40,Unmatched,Missing,NoPostalAssertionUnderCurrentNormalization,9840,[],,[]
CLEMENTI,611,CLEMENTI WEST ST 1,56,Unmatched,Missing,NoPostalAssertionUnderCurrentNormalization,9856,[],,[]
CLEMENTI,612,CLEMENTI WEST ST 1,43,Unmatched,Missing,NoPostalAssertionUnderCurrentNormalization,9868,[],,[]
CLEMENTI,613,CLEMENTI WEST ST 1,20,Unmatched,Missing,NoPostalAssertionUnderCurrentNormalization,9886,[],,[]
CLEMENTI,701,WEST COAST RD,46,Unmatched,Missing,NoPostalAssertionUnderCurrentNormalization,11281,[],,[]
CLEMENTI,702,WEST COAST RD,50,Unmatched,Missing,NoPostalAssertionUnderCurrentNormalization,11296,[],,[]
CLEMENTI,703,WEST COAST RD,47,Unmatched,Missing,NoPostalAssertionUnderCurrentNormalization,11307,[],,[]
CLEMENTI,704,WEST COAST RD,61,Unmatched,Missing,NoPostalAssertionUnderCurrentNormalization,11317,[],,[]
CLEMENTI,705,CLEMENTI WEST ST 2,26,Unmatched,Missing,NoPostalAssertionUnderCurrentNormalization,11325,[],,[]
CLEMENTI,706,CLEMENTI WEST ST 2,49,Unmatched,Missing,NoPostalAssertionUnderCurrentNormalization,11334,[],,[]
CLEMENTI,707,CLEMENTI WEST ST 2,28,Unmatched,Missing,NoPostalAssertionUnderCurrentNormalization,11343,[],,[]
CLEMENTI,708,CLEMENTI WEST ST 2,18,Unmatched,Missing,NoPostalAssertionUnderCurrentNormalization,11352,[],,[]
CLEMENTI,709,CLEMENTI WEST ST 2,14,Unmatched,Missing,NoPostalAssertionUnderCurrentNormalization,11362,[],,[]
CLEMENTI,710,CLEMENTI WEST ST 2,22,Unmatched,Missing,NoPostalAssertionUnderCurrentNormalization,11380,[],,[]
CLEMENTI,711,CLEMENTI WEST ST 2,45,Unmatched,Missing,NoPostalAssertionUnderCurrentNormalization,11392,[],,[]
CLEMENTI,712,CLEMENTI WEST ST 2,18,Unmatched,Missing,NoPostalAssertionUnderCurrentNormalization,11402,[],,[]
CLEMENTI,713,CLEMENTI WEST ST 2,26,Unmatched,Missing,NoPostalAssertionUnderCurrentNormalization,11414,[],,[]
CLEMENTI,714,CLEMENTI WEST ST 2,42,Unmatched,Missing,NoPostalAssertionUnderCurrentNormalization,11423,[],,[]
CLEMENTI,715,CLEMENTI WEST ST 2,52,Unmatched,Missing,NoPostalAssertionUnderCurrentNormalization,11433,[],,[]
CLEMENTI,716,CLEMENTI WEST ST 2,44,Unmatched,Missing,NoPostalAssertionUnderCurrentNormalization,11441,[],,[]
CLEMENTI,717,CLEMENTI WEST ST 2,10,Unmatched,Missing,NoPostalAssertionUnderCurrentNormalization,11449,[],,[]
CLEMENTI,722,CLEMENTI WEST ST 2,1,Unmatched,Missing,NoPostalAssertionUnderCurrentNormalization,11500,[],,[]
CLEMENTI,723,CLEMENTI WEST ST 2,11,Unmatched,Missing,NoPostalAssertionUnderCurrentNormalization,11509,[],,[]
CLEMENTI,724,CLEMENTI WEST ST 2,20,Unmatched,Missing,NoPostalAssertionUnderCurrentNormalization,11518,[],,[]
CLEMENTI,728,CLEMENTI WEST ST 2,45,Unmatched,Missing,NoPostalAssertionUnderCurrentNormalization,11546,[],,[]
CLEMENTI,729,CLEMENTI WEST ST 2,43,Unmatched,Missing,NoPostalAssertionUnderCurrentNormalization,11553,[],,[]
CLEMENTI,730,CLEMENTI WEST ST 2,23,Unmatched,Missing,NoPostalAssertionUnderCurrentNormalization,11569,[],,[]
CLEMENTI,731,CLEMENTI WEST ST 2,26,Unmatched,Missing,NoPostalAssertionUnderCurrentNormalization,11575,[],,[]
GEYLANG,1,HAIG RD,37,Unmatched,Missing,NoPostalAssertionUnderCurrentNormalization,13,[],,[]
GEYLANG,1,PINE CL,33,Unmatched,Missing,NoPostalAssertionUnderCurrentNormalization,26,[],,[]
GEYLANG,10,EUNOS CRES,45,Unmatched,Missing,NoPostalAssertionUnderCurrentNormalization,58,[],,[]
GEYLANG,10,HAIG RD,30,Unmatched,Missing,NoPostalAssertionUnderCurrentNormalization,60,[],,[]
GEYLANG,10,PINE CL,27,Unmatched,Missing,NoPostalAssertionUnderCurrentNormalization,70,[],,[]
GEYLANG,101,ALJUNIED CRES,32,Unmatched,Missing,NoPostalAssertionUnderCurrentNormalization,101,[],,[]
GEYLANG,102,ALJUNIED CRES,22,Unmatched,Missing,NoPostalAssertionUnderCurrentNormalization,144,[],,[]
GEYLANG,104,ALJUNIED CRES,11,Unmatched,Missing,NoPostalAssertionUnderCurrentNormalization,223,[],,[]
GEYLANG,105,ALJUNIED CRES,20,Unmatched,Missing,NoPostalAssertionUnderCurrentNormalization,266,[],,[]
GEYLANG,106,ALJUNIED CRES,27,Unmatched,Missing,NoPostalAssertionUnderCurrentNormalization,306,[],,[]
GEYLANG,107,ALJUNIED CRES,9,Unmatched,Missing,NoPostalAssertionUnderCurrentNormalization,350,[],,[]
GEYLANG,108,ALJUNIED CRES,28,Unmatched,Missing,NoPostalAssertionUnderCurrentNormalization,393,[],,[]
GEYLANG,109,ALJUNIED CRES,59,Unmatched,Missing,NoPostalAssertionUnderCurrentNormalization,435,[],,[]
GEYLANG,11,EUNOS CRES,33,Unmatched,Missing,NoPostalAssertionUnderCurrentNormalization,481,[],,[]
GEYLANG,11,HAIG RD,24,Unmatched,Missing,NoPostalAssertionUnderCurrentNormalization,483,[],,[]
GEYLANG,11,PINE CL,42,Unmatched,Missing,NoPostalAssertionUnderCurrentNormalization,490,[],,[]
GEYLANG,110,ALJUNIED CRES,16,Unmatched,Missing,NoPostalAssertionUnderCurrentNormalization,502,[],,[]
GEYLANG,111,ALJUNIED CRES,31,Unmatched,Missing,NoPostalAssertionUnderCurrentNormalization,540,[],,[]
GEYLANG,112,ALJUNIED CRES,22,Unmatched,Missing,NoPostalAssertionUnderCurrentNormalization,578,[],,[]
GEYLANG,12,PINE CL,24,Unmatched,Missing,NoPostalAssertionUnderCurrentNormalization,911,[],,[]
GEYLANG,120,GEYLANG EAST CTRL,19,Unmatched,Missing,NoPostalAssertionUnderCurrentNormalization,936,[],,[]
GEYLANG,122,GEYLANG EAST CTRL,25,Unmatched,Missing,NoPostalAssertionUnderCurrentNormalization,1018,[],,[]
GEYLANG,122,PAYA LEBAR WAY,23,Unmatched,Missing,NoPostalAssertionUnderCurrentNormalization,1025,[],,[]
GEYLANG,123,GEYLANG EAST CTRL,17,Unmatched,Missing,NoPostalAssertionUnderCurrentNormalization,1052,[],,[]
GEYLANG,123,PAYA LEBAR WAY,18,Unmatched,Missing,NoPostalAssertionUnderCurrentNormalization,1058,[],,[]
GEYLANG,124,PAYA LEBAR WAY,6,Unmatched,Missing,NoPostalAssertionUnderCurrentNormalization,1089,[],,[]
GEYLANG,125,ALJUNIED RD,19,Unmatched,Missing,NoPostalAssertionUnderCurrentNormalization,1106,[],,[]
GEYLANG,126,ALJUNIED RD,15,Unmatched,Missing,NoPostalAssertionUnderCurrentNormalization,1134,[],,[]
GEYLANG,13,EUNOS CRES,15,Unmatched,Missing,NoPostalAssertionUnderCurrentNormalization,1265,[],,[]
GEYLANG,14,EUNOS CRES,10,Unmatched,Missing,NoPostalAssertionUnderCurrentNormalization,1542,[],,[]
GEYLANG,15,EUNOS CRES,13,Unmatched,Missing,NoPostalAssertionUnderCurrentNormalization,1756,[],,[]
GEYLANG,16,EUNOS CRES,28,Unmatched,Missing,NoPostalAssertionUnderCurrentNormalization,1978,[],,[]
GEYLANG,17,EUNOS CRES,29,Unmatched,Missing,NoPostalAssertionUnderCurrentNormalization,2191,[],,[]
GEYLANG,17A,CIRCUIT RD,44,Unmatched,Missing,NoPostalAssertionUnderCurrentNormalization,2206,[],,[]
GEYLANG,17B,CIRCUIT RD,49,Unmatched,Missing,NoPostalAssertionUnderCurrentNormalization,2210,[],,[]
GEYLANG,18,EUNOS CRES,34,Unmatched,Missing,NoPostalAssertionUnderCurrentNormalization,2393,[],,[]
GEYLANG,18A,CIRCUIT RD,41,Unmatched,Missing,NoPostalAssertionUnderCurrentNormalization,2411,[],,[]
GEYLANG,18B,CIRCUIT RD,48,Unmatched,Missing,NoPostalAssertionUnderCurrentNormalization,2417,[],,[]
GEYLANG,18C,CIRCUIT RD,47,Unmatched,Missing,NoPostalAssertionUnderCurrentNormalization,2419,[],,[]
GEYLANG,18D,CIRCUIT RD,55,Unmatched,Missing,NoPostalAssertionUnderCurrentNormalization,2421,[],,[]
GEYLANG,19,BALAM RD,31,Unmatched,Missing,NoPostalAssertionUnderCurrentNormalization,2605,[],,[]
GEYLANG,19,EUNOS CRES,30,Unmatched,Missing,NoPostalAssertionUnderCurrentNormalization,2610,[],,[]
GEYLANG,2,HAIG RD,13,Unmatched,Missing,NoPostalAssertionUnderCurrentNormalization,2735,[],,[]
GEYLANG,20,BALAM RD,21,Unmatched,Missing,NoPostalAssertionUnderCurrentNormalization,2780,[],,[]
GEYLANG,20,EUNOS CRES,22,Unmatched,Missing,NoPostalAssertionUnderCurrentNormalization,2786,[],,[]
GEYLANG,21,BALAM RD,30,Unmatched,Missing,NoPostalAssertionUnderCurrentNormalization,3073,[],,[]
GEYLANG,21,EUNOS CRES,45,Unmatched,Missing,NoPostalAssertionUnderCurrentNormalization,3077,[],,[]
GEYLANG,21,HAIG RD,5,Unmatched,Missing,NoPostalAssertionUnderCurrentNormalization,3079,[],,[]
GEYLANG,22,BALAM RD,24,Unmatched,Missing,NoPostalAssertionUnderCurrentNormalization,3360,[],,[]
GEYLANG,22,EUNOS CRES,19,Unmatched,Missing,NoPostalAssertionUnderCurrentNormalization,3365,[],,[]
GEYLANG,22,HAIG RD,18,Unmatched,Missing,NoPostalAssertionUnderCurrentNormalization,3367,[],,[]
GEYLANG,23,BALAM RD,34,Unmatched,Missing,NoPostalAssertionUnderCurrentNormalization,3634,[],,[]
GEYLANG,23,EUNOS CRES,16,Unmatched,Missing,NoPostalAssertionUnderCurrentNormalization,3639,[],,[]
GEYLANG,23,HAIG RD,9,Unmatched,Missing,NoPostalAssertionUnderCurrentNormalization,3641,[],,[]
GEYLANG,24,BALAM RD,35,Unmatched,Missing,NoPostalAssertionUnderCurrentNormalization,3858,[],,[]
GEYLANG,24,EUNOS CRES,33,Unmatched,Missing,NoPostalAssertionUnderCurrentNormalization,3862,[],,[]
GEYLANG,25,EUNOS CRES,33,Unmatched,Missing,NoPostalAssertionUnderCurrentNormalization,4016,[],,[]
GEYLANG,27,BALAM RD,11,Unmatched,Missing,NoPostalAssertionUnderCurrentNormalization,4406,[],,[]
GEYLANG,28,BALAM RD,20,Unmatched,Missing,NoPostalAssertionUnderCurrentNormalization,4603,[],,[]
GEYLANG,28,CASSIA CRES,36,Unmatched,Missing,NoPostalAssertionUnderCurrentNormalization,4605,[],,[]
GEYLANG,29,BALAM RD,16,Unmatched,Missing,NoPostalAssertionUnderCurrentNormalization,4757,[],,[]
GEYLANG,2A,GEYLANG SERAI,29,Unmatched,Missing,NoPostalAssertionUnderCurrentNormalization,2761,[],,[]
GEYLANG,2C,GEYLANG SERAI,38,Unmatched,Missing,NoPostalAssertionUnderCurrentNormalization,2775,[],,[]
GEYLANG,2D,GEYLANG SERAI,36,Unmatched,Missing,NoPostalAssertionUnderCurrentNormalization,2778,[],,[]
GEYLANG,3,HAIG RD,32,Unmatched,Missing,NoPostalAssertionUnderCurrentNormalization,4905,[],,[]
GEYLANG,3,JOO CHIAT RD,22,Unmatched,Missing,NoPostalAssertionUnderCurrentNormalization,4910,[],,[]
GEYLANG,3,PINE CL,31,Unmatched,Missing,NoPostalAssertionUnderCurrentNormalization,4916,[],,[]
GEYLANG,30,BALAM RD,34,Unmatched,Missing,NoPostalAssertionUnderCurrentNormalization,4936,[],,[]
GEYLANG,30,CASSIA CRES,42,Unmatched,Missing,NoPostalAssertionUnderCurrentNormalization,4938,[],,[]
GEYLANG,31,BALAM RD,23,Unmatched,Missing,NoPostalAssertionUnderCurrentNormalization,5180,[],,[]
GEYLANG,31,EUNOS CRES,32,Unmatched,Missing,NoPostalAssertionUnderCurrentNormalization,5184,[],,[]
GEYLANG,315,UBI AVE 1,23,Unmatched,Missing,NoPostalAssertionUnderCurrentNormalization,5311,[],,[]
GEYLANG,317,UBI AVE 1,5,Unmatched,Missing,NoPostalAssertionUnderCurrentNormalization,5362,[],,[]
GEYLANG,32,BALAM RD,32,Unmatched,Missing,NoPostalAssertionUnderCurrentNormalization,5417,[],,[]
GEYLANG,32,CASSIA CRES,38,Unmatched,Missing,NoPostalAssertionUnderCurrentNormalization,5420,[],,[]
GEYLANG,32,EUNOS CRES,36,Unmatched,Missing,NoPostalAssertionUnderCurrentNormalization,5422,[],,[]
GEYLANG,323,UBI AVE 1,22,Unmatched,Missing,NoPostalAssertionUnderCurrentNormalization,5505,[],,[]
GEYLANG,325,UBI AVE 1,5,Unmatched,Missing,NoPostalAssertionUnderCurrentNormalization,5553,[],,[]
GEYLANG,328,UBI AVE 1,7,Unmatched,Missing,NoPostalAssertionUnderCurrentNormalization,5615,[],,[]
GEYLANG,329,UBI AVE 1,16,Unmatched,Missing,NoPostalAssertionUnderCurrentNormalization,5628,[],,[]
GEYLANG,33,BALAM RD,9,Unmatched,Missing,NoPostalAssertionUnderCurrentNormalization,5634,[],,[]
GEYLANG,33,EUNOS CRES,45,Unmatched,Missing,NoPostalAssertionUnderCurrentNormalization,5638,[],,[]
GEYLANG,331,UBI AVE 1,3,Unmatched,Missing,NoPostalAssertionUnderCurrentNormalization,5676,[],,[]
GEYLANG,332,UBI AVE 1,2,Unmatched,Missing,NoPostalAssertionUnderCurrentNormalization,5694,[],,[]
GEYLANG,333,UBI AVE 1,17,Unmatched,Missing,NoPostalAssertionUnderCurrentNormalization,5711,[],,[]
GEYLANG,335,UBI AVE 1,4,Unmatched,Missing,NoPostalAssertionUnderCurrentNormalization,5755,[],,[]
GEYLANG,34,CASSIA CRES,23,Unmatched,Missing,NoPostalAssertionUnderCurrentNormalization,5851,[],,[]
GEYLANG,34,CIRCUIT RD,23,Unmatched,Missing,NoPostalAssertionUnderCurrentNormalization,5853,[],,[]
GEYLANG,34,EUNOS CRES,38,Unmatched,Missing,NoPostalAssertionUnderCurrentNormalization,5854,[],,[]
GEYLANG,340,UBI AVE 1,2,Unmatched,Missing,NoPostalAssertionUnderCurrentNormalization,5879,[],,[]
GEYLANG,345,UBI AVE 1,4,Unmatched,Missing,NoPostalAssertionUnderCurrentNormalization,5934,[],,[]
GEYLANG,35,CIRCUIT RD,25,Unmatched,Missing,NoPostalAssertionUnderCurrentNormalization,5984,[],,[]
GEYLANG,35,EUNOS CRES,38,Unmatched,Missing,NoPostalAssertionUnderCurrentNormalization,5985,[],,[]
GEYLANG,351,UBI AVE 1,10,Unmatched,Missing,NoPostalAssertionUnderCurrentNormalization,6028,[],,[]
GEYLANG,352,UBI AVE 1,23,Unmatched,Missing,NoPostalAssertionUnderCurrentNormalization,6049,[],,[]
GEYLANG,36,CASSIA CRES,24,Unmatched,Missing,NoPostalAssertionUnderCurrentNormalization,6167,[],,[]
GEYLANG,36,CIRCUIT RD,26,Unmatched,Missing,NoPostalAssertionUnderCurrentNormalization,6169,[],,[]
GEYLANG,36,EUNOS CRES,29,Unmatched,Missing,NoPostalAssertionUnderCurrentNormalization,6170,[],,[]
GEYLANG,37,CIRCUIT RD,27,Unmatched,Missing,NoPostalAssertionUnderCurrentNormalization,6277,[],,[]
GEYLANG,38,CIRCUIT RD,32,Unmatched,Missing,NoPostalAssertionUnderCurrentNormalization,6391,[],,[]
GEYLANG,39,CIRCUIT RD,30,Unmatched,Missing,NoPostalAssertionUnderCurrentNormalization,6463,[],,[]
GEYLANG,39,JLN TIGA,17,Unmatched,Missing,NoPostalAssertionUnderCurrentNormalization,6467,[],,[]
GEYLANG,4,HAIG RD,30,Unmatched,Missing,NoPostalAssertionUnderCurrentNormalization,6511,[],,[]
GEYLANG,4,JOO CHIAT RD,23,Unmatched,Missing,NoPostalAssertionUnderCurrentNormalization,6516,[],,[]
GEYLANG,40,CIRCUIT RD,30,Unmatched,Missing,NoPostalAssertionUnderCurrentNormalization,6544,[],,[]
GEYLANG,40,SIMS DR,23,Unmatched,Missing,NoPostalAssertionUnderCurrentNormalization,6549,[],,[]
GEYLANG,41,CIRCUIT RD,5,Unmatched,Missing,NoPostalAssertionUnderCurrentNormalization,6769,[],,[]
GEYLANG,41,SIMS DR,51,Unmatched,Missing,NoPostalAssertionUnderCurrentNormalization,6775,[],,[]
GEYLANG,410,EUNOS RD 5,1,Unmatched,Missing,NoPostalAssertionUnderCurrentNormalization,6787,[],,[]
GEYLANG,411,EUNOS RD 5,27,Unmatched,Missing,NoPostalAssertionUnderCurrentNormalization,6812,[],,[]
GEYLANG,412,EUNOS RD 5,9,Unmatched,Missing,NoPostalAssertionUnderCurrentNormalization,6834,[],,[]
GEYLANG,413,EUNOS RD 5,11,Unmatched,Missing,NoPostalAssertionUnderCurrentNormalization,6854,[],,[]
GEYLANG,414,EUNOS RD 5,5,Unmatched,Missing,NoPostalAssertionUnderCurrentNormalization,6879,[],,[]
GEYLANG,415,EUNOS RD 5,22,Unmatched,Missing,NoPostalAssertionUnderCurrentNormalization,6898,[],,[]
GEYLANG,416,EUNOS RD 5,9,Unmatched,Missing,NoPostalAssertionUnderCurrentNormalization,6924,[],,[]
GEYLANG,417,EUNOS RD 5,17,Unmatched,Missing,NoPostalAssertionUnderCurrentNormalization,6945,[],,[]
GEYLANG,42,CASSIA CRES,22,Unmatched,Missing,NoPostalAssertionUnderCurrentNormalization,6997,[],,[]
GEYLANG,42,CIRCUIT RD,15,Unmatched,Missing,NoPostalAssertionUnderCurrentNormalization,6999,[],,[]
GEYLANG,42,SIMS DR,11,Unmatched,Missing,NoPostalAssertionUnderCurrentNormalization,7003,[],,[]
GEYLANG,42A,SIMS DR,2,Unmatched,Missing,NoPostalAssertionUnderCurrentNormalization,7009,[],,[]
GEYLANG,43,CIRCUIT RD,44,Unmatched,Missing,NoPostalAssertionUnderCurrentNormalization,7183,[],,[]
GEYLANG,43,JLN TIGA,13,Unmatched,Missing,NoPostalAssertionUnderCurrentNormalization,7186,[],,[]
GEYLANG,43,SIMS DR,9,Unmatched,Missing,NoPostalAssertionUnderCurrentNormalization,7192,[],,[]
GEYLANG,43A,SIMS DR,5,Unmatched,Missing,NoPostalAssertionUnderCurrentNormalization,7199,[],,[]
GEYLANG,44,CIRCUIT RD,32,Unmatched,Missing,NoPostalAssertionUnderCurrentNormalization,7377,[],,[]
GEYLANG,44,SIMS DR,33,Unmatched,Missing,NoPostalAssertionUnderCurrentNormalization,7385,[],,[]
GEYLANG,45,CIRCUIT RD,36,Unmatched,Missing,NoPostalAssertionUnderCurrentNormalization,7591,[],,[]
GEYLANG,45,JLN TIGA,26,Unmatched,Missing,NoPostalAssertionUnderCurrentNormalization,7593,[],,[]
GEYLANG,45,SIMS DR,30,Unmatched,Missing,NoPostalAssertionUnderCurrentNormalization,7600,[],,[]
GEYLANG,46,CIRCUIT RD,32,Unmatched,Missing,NoPostalAssertionUnderCurrentNormalization,7769,[],,[]
GEYLANG,47,CIRCUIT RD,32,Unmatched,Missing,NoPostalAssertionUnderCurrentNormalization,7982,[],,[]
GEYLANG,47,JLN TIGA,27,Unmatched,Missing,NoPostalAssertionUnderCurrentNormalization,7985,[],,[]
GEYLANG,48,CIRCUIT RD,26,Unmatched,Missing,NoPostalAssertionUnderCurrentNormalization,8146,[],,[]
GEYLANG,49,CIRCUIT RD,43,Unmatched,Missing,NoPostalAssertionUnderCurrentNormalization,8267,[],,[]
GEYLANG,49,JLN TIGA,20,Unmatched,Missing,NoPostalAssertionUnderCurrentNormalization,8270,[],,[]
GEYLANG,5,HAIG RD,21,Unmatched,Missing,NoPostalAssertionUnderCurrentNormalization,8394,[],,[]
GEYLANG,5,PINE CL,22,Unmatched,Missing,NoPostalAssertionUnderCurrentNormalization,8402,[],,[]
GEYLANG,50,CIRCUIT RD,22,Unmatched,Missing,NoPostalAssertionUnderCurrentNormalization,8419,[],,[]
GEYLANG,50,SIMS DR,13,Unmatched,Missing,NoPostalAssertionUnderCurrentNormalization,8428,[],,[]
GEYLANG,51,CIRCUIT RD,10,Unmatched,Missing,NoPostalAssertionUnderCurrentNormalization,8638,[],,[]
GEYLANG,51,SIMS DR,18,Unmatched,Missing,NoPostalAssertionUnderCurrentNormalization,8647,[],,[]
GEYLANG,52,CASSIA CRES,15,Unmatched,Missing,NoPostalAssertionUnderCurrentNormalization,8810,[],,[]
GEYLANG,52,CIRCUIT RD,13,Unmatched,Missing,NoPostalAssertionUnderCurrentNormalization,8813,[],,[]
GEYLANG,52,SIMS PL,27,Unmatched,Missing,NoPostalAssertionUnderCurrentNormalization,8821,[],,[]
GEYLANG,53,PIPIT RD,30,Unmatched,Missing,NoPostalAssertionUnderCurrentNormalization,8975,[],,[]
GEYLANG,53,SIMS PL,29,Unmatched,Missing,NoPostalAssertionUnderCurrentNormalization,8976,[],,[]
GEYLANG,54,CASSIA CRES,27,Unmatched,Missing,NoPostalAssertionUnderCurrentNormalization,9112,[],,[]
GEYLANG,54,PIPIT RD,43,Unmatched,Missing,NoPostalAssertionUnderCurrentNormalization,9123,[],,[]
GEYLANG,55,PIPIT RD,12,Unmatched,Missing,NoPostalAssertionUnderCurrentNormalization,9251,[],,[]
GEYLANG,56,CASSIA CRES,44,Unmatched,Missing,NoPostalAssertionUnderCurrentNormalization,9342,[],,[]
GEYLANG,56,PIPIT RD,6,Unmatched,Missing,NoPostalAssertionUnderCurrentNormalization,9352,[],,[]
GEYLANG,57,CIRCUIT RD,32,Unmatched,Missing,NoPostalAssertionUnderCurrentNormalization,9423,[],,[]
GEYLANG,58,CIRCUIT RD,41,Unmatched,Missing,NoPostalAssertionUnderCurrentNormalization,9513,[],,[]
GEYLANG,58,DAKOTA CRES,29,Unmatched,Missing,NoPostalAssertionUnderCurrentNormalization,9514,[],,[]
GEYLANG,59,CIRCUIT RD,25,Unmatched,Missing,NoPostalAssertionUnderCurrentNormalization,9582,[],,[]
GEYLANG,6,HAIG RD,20,Unmatched,Missing,NoPostalAssertionUnderCurrentNormalization,9630,[],,[]
GEYLANG,60,CIRCUIT RD,31,Unmatched,Missing,NoPostalAssertionUnderCurrentNormalization,9656,[],,[]
GEYLANG,60,DAKOTA CRES,28,Unmatched,Missing,NoPostalAssertionUnderCurrentNormalization,9657,[],,[]
GEYLANG,61,CIRCUIT RD,28,Unmatched,Missing,NoPostalAssertionUnderCurrentNormalization,9822,[],,[]
GEYLANG,62,CIRCUIT RD,28,Unmatched,Missing,NoPostalAssertionUnderCurrentNormalization,9993,[],,[]
GEYLANG,62,DAKOTA CRES,21,Unmatched,Missing,NoPostalAssertionUnderCurrentNormalization,9994,[],,[]
GEYLANG,63,CIRCUIT RD,33,Unmatched,Missing,NoPostalAssertionUnderCurrentNormalization,10159,[],,[]
GEYLANG,63,SIMS PL,41,Unmatched,Missing,NoPostalAssertionUnderCurrentNormalization,10166,[],,[]
GEYLANG,64,CIRCUIT RD,23,Unmatched,Missing,NoPostalAssertionUnderCurrentNormalization,10364,[],,[]
GEYLANG,65,CIRCUIT RD,33,Unmatched,Missing,NoPostalAssertionUnderCurrentNormalization,10525,[],,[]
GEYLANG,66,CIRCUIT RD,35,Unmatched,Missing,NoPostalAssertionUnderCurrentNormalization,10671,[],,[]
GEYLANG,67,CIRCUIT RD,36,Unmatched,Missing,NoPostalAssertionUnderCurrentNormalization,10841,[],,[]
GEYLANG,68,CIRCUIT RD,11,Unmatched,Missing,NoPostalAssertionUnderCurrentNormalization,10999,[],,[]
GEYLANG,69,CIRCUIT RD,36,Unmatched,Missing,NoPostalAssertionUnderCurrentNormalization,11145,[],,[]
GEYLANG,7,HAIG RD,28,Unmatched,Missing,NoPostalAssertionUnderCurrentNormalization,11231,[],,[]
GEYLANG,7,PINE CL,30,Unmatched,Missing,NoPostalAssertionUnderCurrentNormalization,11243,[],,[]
GEYLANG,70,CIRCUIT RD,22,Unmatched,Missing,NoPostalAssertionUnderCurrentNormalization,11257,[],,[]
GEYLANG,71,CIRCUIT RD,7,Unmatched,Missing,NoPostalAssertionUnderCurrentNormalization,11371,[],,[]
GEYLANG,72,CIRCUIT RD,14,Unmatched,Missing,NoPostalAssertionUnderCurrentNormalization,11473,[],,[]
GEYLANG,8,HAIG RD,24,Unmatched,Missing,NoPostalAssertionUnderCurrentNormalization,12060,[],,[]
GEYLANG,82,MACPHERSON LANE,3,Unmatched,Missing,NoPropertyUnderCurrentNormalization,,"[{""SourceRow"":65335,""Block"":""82"",""Street"":""MACPHERSON LANE"",""PostalCode"":""360082""},{""SourceRow"":73020,""Block"":""82"",""Street"":""MACPHERSON LANE"",""PostalCode"":""360082""},{""SourceRow"":73400,""Block"":""82"",""Street"":""MACPHERSON LANE"",""PostalCode"":""360082""},{""SourceRow"":85621,""Block"":""82"",""Street"":""MACPHERSON LANE"",""PostalCode"":""360082""}]",,"[{""feature"":10221,""objectid"":945252,""entityid"":4910,""postal"":""360082"",""geometry"":""Polygon""}]"
GEYLANG,82A,CIRCUIT RD,53,Unmatched,Missing,NoPostalAssertionUnderCurrentNormalization,12293,[],,[]
GEYLANG,82B,CIRCUIT RD,80,Unmatched,Missing,NoPostalAssertionUnderCurrentNormalization,12296,[],,[]
GEYLANG,83A,CIRCUIT RD,23,Unmatched,Missing,NoPostalAssertionUnderCurrentNormalization,12359,[],,[]
GEYLANG,83B,CIRCUIT RD,37,Unmatched,Missing,NoPostalAssertionUnderCurrentNormalization,12361,[],,[]
GEYLANG,842,SIMS AVE,16,Unmatched,Missing,NoPostalAssertionUnderCurrentNormalization,12439,[],,[]
GEYLANG,844,SIMS AVE,3,Unmatched,Missing,NoPostalAssertionUnderCurrentNormalization,12454,[],,[]
GEYLANG,846,SIMS AVE,22,Unmatched,Missing,NoPostalAssertionUnderCurrentNormalization,12464,[],,[]
GEYLANG,848,SIMS AVE,4,Unmatched,Missing,NoPostalAssertionUnderCurrentNormalization,12473,[],,[]
GEYLANG,85,CIRCUIT RD,27,Unmatched,Missing,NoPostalAssertionUnderCurrentNormalization,12484,[],,[]
GEYLANG,87,CIRCUIT RD,19,Unmatched,Missing,NoPostalAssertionUnderCurrentNormalization,12633,[],,[]
GEYLANG,9,EUNOS CRES,28,Unmatched,Missing,NoPostalAssertionUnderCurrentNormalization,12825,[],,[]
GEYLANG,9,HAIG RD,27,Unmatched,Missing,NoPostalAssertionUnderCurrentNormalization,12827,[],,[]
GEYLANG,9,PINE CL,25,Unmatched,Missing,NoPostalAssertionUnderCurrentNormalization,12837,[],,[]
GEYLANG,92,PIPIT RD,11,Unmatched,Missing,NoPostalAssertionUnderCurrentNormalization,12937,[],,[]
GEYLANG,92A,PIPIT RD,9,Unmatched,Missing,NoPostalAssertionUnderCurrentNormalization,12941,[],,[]
GEYLANG,93,JLN DUA,20,Unmatched,Missing,NoPostalAssertionUnderCurrentNormalization,12983,[],,[]
GEYLANG,93,PAYA LEBAR WAY,40,Unmatched,Missing,NoPostalAssertionUnderCurrentNormalization,12985,[],,[]
GEYLANG,95,ALJUNIED CRES,31,Unmatched,Missing,NoPostalAssertionUnderCurrentNormalization,13078,[],,[]
GEYLANG,95,OLD AIRPORT RD,32,Unmatched,Missing,NoPostalAssertionUnderCurrentNormalization,13087,[],,[]
GEYLANG,96,ALJUNIED CRES,8,Unmatched,Missing,NoPostalAssertionUnderCurrentNormalization,13141,[],,[]
GEYLANG,97,ALJUNIED CRES,37,Unmatched,Missing,NoPostalAssertionUnderCurrentNormalization,13208,[],,[]
GEYLANG,97,JLN DUA,23,Unmatched,Missing,NoPostalAssertionUnderCurrentNormalization,13213,[],,[]
GEYLANG,98,ALJUNIED CRES,14,Unmatched,Missing,NoPostalAssertionUnderCurrentNormalization,13248,[],,[]
GEYLANG,99,ALJUNIED CRES,37,Unmatched,Missing,NoPostalAssertionUnderCurrentNormalization,13305,[],,[]
GEYLANG,99,OLD AIRPORT RD,30,Unmatched,Missing,NoPostalAssertionUnderCurrentNormalization,13309,[],,[]
HOUGANG,103,HOUGANG AVE 1,13,Unmatched,Missing,NoPostalAssertionUnderCurrentNormalization,198,[],,[]
HOUGANG,110,HOUGANG AVE 1,24,Unmatched,Missing,NoPostalAssertionUnderCurrentNormalization,514,[],,[]
HOUGANG,111,HOUGANG AVE 1,12,Unmatched,Missing,NoPostalAssertionUnderCurrentNormalization,551,[],,[]
HOUGANG,117,HOUGANG AVE 1,9,Unmatched,Missing,NoPostalAssertionUnderCurrentNormalization,790,[],,[]
HOUGANG,118,HOUGANG AVE 1,5,Unmatched,Missing,NoPostalAssertionUnderCurrentNormalization,829,[],,[]
HOUGANG,120,HOUGANG AVE 1,7,Unmatched,Missing,NoPostalAssertionUnderCurrentNormalization,938,[],,[]
HOUGANG,127,HOUGANG AVE 1,4,Unmatched,Missing,NoPostalAssertionUnderCurrentNormalization,1181,[],,[]
HOUGANG,128,LOR AH SOO,30,Unmatched,Missing,NoPostalAssertionUnderCurrentNormalization,1211,[],,[]
HOUGANG,129,LOR AH SOO,29,Unmatched,Missing,NoPostalAssertionUnderCurrentNormalization,1244,[],,[]
HOUGANG,130,LOR AH SOO,9,Unmatched,Missing,NoPostalAssertionUnderCurrentNormalization,1302,[],,[]
HOUGANG,131,LOR AH SOO,2,Unmatched,Missing,NoPostalAssertionUnderCurrentNormalization,1329,[],,[]
HOUGANG,132,LOR AH SOO,27,Unmatched,Missing,NoPostalAssertionUnderCurrentNormalization,1364,[],,[]
HOUGANG,133,LOR AH SOO,20,Unmatched,Missing,NoPostalAssertionUnderCurrentNormalization,1391,[],,[]
HOUGANG,134,LOR AH SOO,11,Unmatched,Missing,NoPostalAssertionUnderCurrentNormalization,1414,[],,[]
HOUGANG,135,LOR AH SOO,34,Unmatched,Missing,NoPostalAssertionUnderCurrentNormalization,1436,[],,[]
HOUGANG,136,LOR AH SOO,2,Unmatched,Missing,NoPostalAssertionUnderCurrentNormalization,1458,[],,[]
HOUGANG,137,LOR AH SOO,31,Unmatched,Missing,NoPostalAssertionUnderCurrentNormalization,1476,[],,[]
HOUGANG,138,LOR AH SOO,23,Unmatched,Missing,NoPostalAssertionUnderCurrentNormalization,1499,[],,[]
HOUGANG,139,LOR AH SOO,18,Unmatched,Missing,NoPostalAssertionUnderCurrentNormalization,1524,[],,[]
HOUGANG,140,LOR AH SOO,15,Unmatched,Missing,NoPostalAssertionUnderCurrentNormalization,1571,[],,[]
HOUGANG,141,LOR AH SOO,19,Unmatched,Missing,NoPostalAssertionUnderCurrentNormalization,1592,[],,[]
HOUGANG,142,LOR AH SOO,25,Unmatched,Missing,NoPostalAssertionUnderCurrentNormalization,1612,[],,[]
HOUGANG,143,LOR AH SOO,15,Unmatched,Missing,NoPostalAssertionUnderCurrentNormalization,1633,[],,[]
HOUGANG,144,LOR AH SOO,24,Unmatched,Missing,NoPostalAssertionUnderCurrentNormalization,1650,[],,[]
HOUGANG,145,LOR AH SOO,32,Unmatched,Missing,NoPostalAssertionUnderCurrentNormalization,1666,[],,[]
HOUGANG,154,HOUGANG ST 11,35,Unmatched,Missing,NoPostalAssertionUnderCurrentNormalization,1859,[],,[]
HOUGANG,155,HOUGANG ST 11,16,Unmatched,Missing,NoPostalAssertionUnderCurrentNormalization,1879,[],,[]
HOUGANG,156,HOUGANG ST 11,25,Unmatched,Missing,NoPostalAssertionUnderCurrentNormalization,1895,[],,[]
HOUGANG,157,HOUGANG ST 11,1,Unmatched,Missing,NoPostalAssertionUnderCurrentNormalization,1917,[],,[]
HOUGANG,158,HOUGANG ST 11,26,Unmatched,Missing,NoPostalAssertionUnderCurrentNormalization,1941,[],,[]
HOUGANG,159,HOUGANG ST 11,18,Unmatched,Missing,NoPostalAssertionUnderCurrentNormalization,1961,[],,[]
HOUGANG,16,HOUGANG AVE 3,17,Unmatched,Missing,NoPostalAssertionUnderCurrentNormalization,1980,[],,[]
HOUGANG,160,HOUGANG ST 11,10,Unmatched,Missing,NoPostalAssertionUnderCurrentNormalization,1998,[],,[]
HOUGANG,161,HOUGANG ST 11,32,Unmatched,Missing,NoPostalAssertionUnderCurrentNormalization,2018,[],,[]
HOUGANG,172,HOUGANG AVE 1,20,Unmatched,Missing,NoPostalAssertionUnderCurrentNormalization,2256,[],,[]
HOUGANG,20,HOUGANG AVE 3,25,Unmatched,Missing,NoPostalAssertionUnderCurrentNormalization,2789,[],,[]
HOUGANG,201,HOUGANG ST 21,2,Unmatched,Missing,NoPostalAssertionUnderCurrentNormalization,2822,[],,[]
HOUGANG,210,HOUGANG ST 21,8,Unmatched,Missing,NoPostalAssertionUnderCurrentNormalization,3105,[],,[]
HOUGANG,211,HOUGANG ST 21,7,Unmatched,Missing,NoPostalAssertionUnderCurrentNormalization,3134,[],,[]
HOUGANG,220,HOUGANG ST 21,11,Unmatched,Missing,NoPostalAssertionUnderCurrentNormalization,3392,[],,[]
HOUGANG,221,HOUGANG ST 21,29,Unmatched,Missing,NoPostalAssertionUnderCurrentNormalization,3418,[],,[]
HOUGANG,222,HOUGANG ST 21,19,Unmatched,Missing,NoPostalAssertionUnderCurrentNormalization,3442,[],,[]
HOUGANG,231,HOUGANG ST 21,31,Unmatched,Missing,NoPostalAssertionUnderCurrentNormalization,3689,[],,[]
HOUGANG,233,HOUGANG ST 21,5,Unmatched,Missing,NoPostalAssertionUnderCurrentNormalization,3732,[],,[]
HOUGANG,235,HOUGANG ST 21,7,Unmatched,Missing,NoPostalAssertionUnderCurrentNormalization,3778,[],,[]
HOUGANG,237,HOUGANG ST 21,33,Unmatched,Missing,NoPostalAssertionUnderCurrentNormalization,3811,[],,[]
HOUGANG,239,HOUGANG ST 22,19,Unmatched,Missing,NoPostalAssertionUnderCurrentNormalization,3848,[],,[]
HOUGANG,240,HOUGANG ST 22,22,Unmatched,Missing,NoPostalAssertionUnderCurrentNormalization,3877,[],,[]
HOUGANG,241,HOUGANG ST 22,29,Unmatched,Missing,NoPostalAssertionUnderCurrentNormalization,3892,[],,[]
HOUGANG,242,HOUGANG ST 22,35,Unmatched,Missing,NoPostalAssertionUnderCurrentNormalization,3908,[],,[]
HOUGANG,243,HOUGANG ST 22,5,Unmatched,Missing,NoPostalAssertionUnderCurrentNormalization,3919,[],,[]
HOUGANG,244,HOUGANG ST 22,32,Unmatched,Missing,NoPostalAssertionUnderCurrentNormalization,3935,[],,[]
HOUGANG,245,HOUGANG ST 22,17,Unmatched,Missing,NoPostalAssertionUnderCurrentNormalization,3951,[],,[]
HOUGANG,246,HOUGANG ST 22,8,Unmatched,Missing,NoPostalAssertionUnderCurrentNormalization,3966,[],,[]
HOUGANG,250,HOUGANG AVE 3,3,Unmatched,Missing,NoPostalAssertionUnderCurrentNormalization,4038,[],,[]
HOUGANG,251,HOUGANG AVE 3,14,Unmatched,Missing,NoPostalAssertionUnderCurrentNormalization,4053,[],,[]
HOUGANG,253,HOUGANG AVE 3,17,Unmatched,Missing,NoPostalAssertionUnderCurrentNormalization,4078,[],,[]
HOUGANG,254,HOUGANG AVE 3,7,Unmatched,Missing,NoPostalAssertionUnderCurrentNormalization,4094,[],,[]
HOUGANG,305,HOUGANG AVE 5,6,Unmatched,Missing,NoPostalAssertionUnderCurrentNormalization,5060,[],,[]
HOUGANG,306,HOUGANG AVE 5,22,Unmatched,Missing,NoPostalAssertionUnderCurrentNormalization,5083,[],,[]
HOUGANG,313,HOUGANG AVE 5,24,Unmatched,Missing,NoPostalAssertionUnderCurrentNormalization,5267,[],,[]
HOUGANG,314,HOUGANG AVE 5,18,Unmatched,Missing,NoPostalAssertionUnderCurrentNormalization,5287,[],,[]
HOUGANG,315,HOUGANG AVE 5,6,Unmatched,Missing,NoPostalAssertionUnderCurrentNormalization,5305,[],,[]
HOUGANG,318,HOUGANG AVE 5,6,Unmatched,Missing,NoPostalAssertionUnderCurrentNormalization,5378,[],,[]
HOUGANG,323,HOUGANG AVE 5,4,Unmatched,Missing,NoPostalAssertionUnderCurrentNormalization,5497,[],,[]
HOUGANG,325,HOUGANG AVE 7,18,Unmatched,Missing,NoPostalAssertionUnderCurrentNormalization,5544,[],,[]
HOUGANG,333,HOUGANG AVE 5,3,Unmatched,Missing,NoPostalAssertionUnderCurrentNormalization,5704,[],,[]
HOUGANG,338,HOUGANG AVE 7,1,Unmatched,Missing,NoPostalAssertionUnderCurrentNormalization,5811,[],,[]
HOUGANG,340,HOUGANG AVE 7,12,Unmatched,Missing,NoPostalAssertionUnderCurrentNormalization,5875,[],,[]
HOUGANG,355,HOUGANG AVE 7,7,Unmatched,Missing,NoPostalAssertionUnderCurrentNormalization,6095,[],,[]
HOUGANG,356,HOUGANG AVE 7,4,Ambiguous,Missing,ConflictingPostals,6109,"[{""SourceRow"":55409,""Block"":""356"",""Street"":""HOUGANG AVENUE 7"",""PostalCode"":""530356""},{""SourceRow"":63542,""Block"":""356"",""Street"":""HOUGANG AVENUE 7"",""PostalCode"":""530356""},{""SourceRow"":64928,""Block"":""356"",""Street"":""HOUGANG AVENUE 7"",""PostalCode"":""530359""}]",,"[{""feature"":4494,""objectid"":939559,""entityid"":3819,""postal"":""530356"",""geometry"":""Polygon""}]"
HOUGANG,362,HOUGANG AVE 5,7,Unmatched,Missing,NoPostalAssertionUnderCurrentNormalization,6200,[],,[]
HOUGANG,364A,UPP SERANGOON RD,17,Unmatched,Missing,NoPostalAssertionUnderCurrentNormalization,6230,[],,[]
HOUGANG,364B,UPP SERANGOON RD,14,Unmatched,Missing,NoPostalAssertionUnderCurrentNormalization,6232,[],,[]
HOUGANG,365A,UPP SERANGOON RD,59,Unmatched,Missing,NoPostalAssertionUnderCurrentNormalization,6242,[],,[]
HOUGANG,365B,UPP SERANGOON RD,45,Unmatched,Missing,NoPostalAssertionUnderCurrentNormalization,6244,[],,[]
HOUGANG,365C,UPP SERANGOON RD,49,Unmatched,Missing,NoPostalAssertionUnderCurrentNormalization,6246,[],,[]
HOUGANG,365D,UPP SERANGOON RD,29,Unmatched,Missing,NoPostalAssertionUnderCurrentNormalization,6247,[],,[]
HOUGANG,370,HOUGANG ST 31,18,Unmatched,Missing,NoPostalAssertionUnderCurrentNormalization,6300,[],,[]
HOUGANG,371,HOUGANG ST 31,22,Unmatched,Missing,NoPostalAssertionUnderCurrentNormalization,6309,[],,[]
HOUGANG,372,HOUGANG ST 31,18,Unmatched,Missing,NoPostalAssertionUnderCurrentNormalization,6319,[],,[]
HOUGANG,373,HOUGANG ST 31,33,Unmatched,Missing,NoPostalAssertionUnderCurrentNormalization,6331,[],,[]
HOUGANG,374,HOUGANG ST 31,10,Unmatched,Missing,NoPostalAssertionUnderCurrentNormalization,6344,[],,[]
HOUGANG,375,HOUGANG ST 31,12,Unmatched,Missing,NoPostalAssertionUnderCurrentNormalization,6353,[],,[]
HOUGANG,376A,HOUGANG ST 32,24,Unmatched,Missing,NoPostalAssertionUnderCurrentNormalization,6361,[],,[]
HOUGANG,376B,HOUGANG ST 32,10,Unmatched,Missing,NoPostalAssertionUnderCurrentNormalization,6364,[],,[]
HOUGANG,376C,HOUGANG ST 32,13,Unmatched,Missing,NoPostalAssertionUnderCurrentNormalization,6366,[],,[]
HOUGANG,377A,HOUGANG ST 32,12,Unmatched,Missing,NoPostalAssertionUnderCurrentNormalization,6373,[],,[]
HOUGANG,377B,HOUGANG ST 32,13,Unmatched,Missing,NoPostalAssertionUnderCurrentNormalization,6375,[],,[]
HOUGANG,402,HOUGANG AVE 10,12,Unmatched,Missing,NoPostalAssertionUnderCurrentNormalization,6598,[],,[]
HOUGANG,403,HOUGANG AVE 10,10,Unmatched,Missing,NoPostalAssertionUnderCurrentNormalization,6621,[],,[]
HOUGANG,408,HOUGANG AVE 10,27,Unmatched,Missing,NoPostalAssertionUnderCurrentNormalization,6728,[],,[]
HOUGANG,409,HOUGANG AVE 10,18,Unmatched,Missing,NoPostalAssertionUnderCurrentNormalization,6748,[],,[]
HOUGANG,410,HOUGANG AVE 10,7,Unmatched,Missing,NoPostalAssertionUnderCurrentNormalization,6789,[],,[]
HOUGANG,414,HOUGANG AVE 10,16,Unmatched,Missing,NoPostalAssertionUnderCurrentNormalization,6881,[],,[]
HOUGANG,420,HOUGANG AVE 10,22,Unmatched,Missing,NoPostalAssertionUnderCurrentNormalization,7017,[],,[]
HOUGANG,427,HOUGANG AVE 6,10,Unmatched,Missing,NoPostalAssertionUnderCurrentNormalization,7142,[],,[]
HOUGANG,429,HOUGANG AVE 6,5,Unmatched,Missing,NoPostalAssertionUnderCurrentNormalization,7167,[],,[]
HOUGANG,432,HOUGANG AVE 6,11,Unmatched,Missing,NoPostalAssertionUnderCurrentNormalization,7246,[],,[]
HOUGANG,437,HOUGANG AVE 8,12,Unmatched,Missing,NoPostalAssertionUnderCurrentNormalization,7331,[],,[]
HOUGANG,440,HOUGANG AVE 8,18,Unmatched,Missing,NoPostalAssertionUnderCurrentNormalization,7399,[],,[]
HOUGANG,441,HOUGANG AVE 8,6,Unmatched,Missing,NoPostalAssertionUnderCurrentNormalization,7422,[],,[]
HOUGANG,442,HOUGANG AVE 8,1,Unmatched,Missing,NoPostalAssertionUnderCurrentNormalization,7445,[],,[]
HOUGANG,446,HOUGANG AVE 8,28,Ambiguous,Missing,ConflictingPostals,7522,"[{""SourceRow"":6286,""Block"":""446"",""Street"":""HOUGANG AVENUE 8"",""PostalCode"":""530446""},{""SourceRow"":6382,""Block"":""446"",""Street"":""HOUGANG AVENUE 8"",""PostalCode"":""530446""},{""SourceRow"":6476,""Block"":""446"",""Street"":""HOUGANG AVENUE 8"",""PostalCode"":""530446""},{""SourceRow"":6886,""Block"":""446"",""Street"":""HOUGANG AVENUE 8"",""PostalCode"":""530446""},{""SourceRow"":9097,""Block"":""446"",""Street"":""HOUGANG AVENUE 8"",""PostalCode"":""530446""},{""SourceRow"":10201,""Block"":""446"",""Street"":""HOUGANG AVENUE 8"",""PostalCode"":""530446""},{""SourceRow"":11506,""Block"":""446"",""Street"":""HOUGANG AVENUE 8"",""PostalCode"":""530446""},{""SourceRow"":11692,""Block"":""446"",""Street"":""HOUGANG AVENUE 8"",""PostalCode"":""530446""},{""SourceRow"":11806,""Block"":""446"",""Street"":""HOUGANG AVENUE 8"",""PostalCode"":""530446""},{""SourceRow"":21137,""Block"":""446"",""Street"":""HOUGANG AVENUE 8"",""PostalCode"":""530446""},{""SourceRow"":22140,""Block"":""446"",""Street"":""HOUGANG AVENUE 8"",""PostalCode"":""530446""},{""SourceRow"":22648,""Block"":""446"",""Street"":""HOUGANG AVENUE 8"",""PostalCode"":""530446""},{""SourceRow"":25919,""Block"":""446"",""Street"":""HOUGANG AVENUE 8"",""PostalCode"":""530446""},{""SourceRow"":50208,""Block"":""446"",""Street"":""HOUGANG AVENUE 8"",""PostalCode"":""530446""},{""SourceRow"":52937,""Block"":""446"",""Street"":""HOUGANG AVENUE 8"",""PostalCode"":""530446""},{""SourceRow"":53096,""Block"":""446"",""Street"":""HOUGANG AVENUE 8"",""PostalCode"":""530446""},{""SourceRow"":53283,""Block"":""446"",""Street"":""HOUGANG AVENUE 8"",""PostalCode"":""530446""},{""SourceRow"":54848,""Block"":""446"",""Street"":""HOUGANG AVENUE 8"",""PostalCode"":""530446""},{""SourceRow"":56568,""Block"":""446"",""Street"":""HOUGANG AVENUE 8"",""PostalCode"":""530446""},{""SourceRow"":57826,""Block"":""446"",""Street"":""HOUGANG AVENUE 8"",""PostalCode"":""530446""},{""SourceRow"":58378,""Block"":""446"",""Street"":""HOUGANG AVENUE 8"",""PostalCode"":""530446""},{""SourceRow"":58819,""Block"":""446"",""Street"":""HOUGANG AVENUE 8"",""PostalCode"":""530446""},{""SourceRow"":59023,""Block"":""446"",""Street"":""HOUGANG AVENUE 8"",""PostalCode"":""530446""},{""SourceRow"":59519,""Block"":""446"",""Street"":""HOUGANG AVENUE 8"",""PostalCode"":""530446""},{""SourceRow"":59535,""Block"":""446"",""Street"":""HOUGANG AVENUE 8"",""PostalCode"":""530446""},{""SourceRow"":59600,""Block"":""446"",""Street"":""HOUGANG AVENUE 8"",""PostalCode"":""530446""},{""SourceRow"":59621,""Block"":""446"",""Street"":""HOUGANG AVENUE 8"",""PostalCode"":""530446""},{""SourceRow"":60428,""Block"":""446"",""Street"":""HOUGANG AVENUE 8"",""PostalCode"":""530836""},{""SourceRow"":60763,""Block"":""446"",""Street"":""HOUGANG AVENUE 8"",""PostalCode"":""530446""},{""SourceRow"":60886,""Block"":""446"",""Street"":""HOUGANG AVENUE 8"",""PostalCode"":""530446""},{""SourceRow"":61010,""Block"":""446"",""Street"":""HOUGANG AVENUE 8"",""PostalCode"":""530446""},{""SourceRow"":61202,""Block"":""446"",""Street"":""HOUGANG AVENUE 8"",""PostalCode"":""530446""},{""SourceRow"":61227,""Block"":""446"",""Street"":""HOUGANG AVENUE 8"",""PostalCode"":""530446""},{""SourceRow"":61585,""Block"":""446"",""Street"":""HOUGANG AVENUE 8"",""PostalCode"":""530446""},{""SourceRow"":61814,""Block"":""446"",""Street"":""HOUGANG AVENUE 8"",""PostalCode"":""530446""},{""SourceRow"":61847,""Block"":""446"",""Street"":""HOUGANG AVENUE 8"",""PostalCode"":""530446""},{""SourceRow"":62123,""Block"":""446"",""Street"":""HOUGANG AVENUE 8"",""PostalCode"":""530446""},{""SourceRow"":62166,""Block"":""446"",""Street"":""HOUGANG AVENUE 8"",""PostalCode"":""530446""},{""SourceRow"":62328,""Block"":""446"",""Street"":""HOUGANG AVENUE 8"",""PostalCode"":""530446""},{""SourceRow"":62749,""Block"":""446"",""Street"":""HOUGANG AVENUE 8"",""PostalCode"":""530446""},{""SourceRow"":62759,""Block"":""446"",""Street"":""HOUGANG AVENUE 8"",""PostalCode"":""530446""},{""SourceRow"":62770,""Block"":""446"",""Street"":""HOUGANG AVENUE 8"",""PostalCode"":""530446""},{""SourceRow"":62802,""Block"":""446"",""Street"":""HOUGANG AVENUE 8"",""PostalCode"":""530446""},{""SourceRow"":63194,""Block"":""446"",""Street"":""HOUGANG AVENUE 8"",""PostalCode"":""530446""},{""SourceRow"":63805,""Block"":""446"",""Street"":""HOUGANG AVENUE 8"",""PostalCode"":""530446""},{""SourceRow"":64141,""Block"":""446"",""Street"":""HOUGANG AVENUE 8"",""PostalCode"":""530446""},{""SourceRow"":64390,""Block"":""446"",""Street"":""HOUGANG AVENUE 8"",""PostalCode"":""530446""},{""SourceRow"":64926,""Block"":""446"",""Street"":""HOUGANG AVENUE 8"",""PostalCode"":""530446""},{""SourceRow"":64983,""Block"":""446"",""Street"":""HOUGANG AVENUE 8"",""PostalCode"":""530446""},{""SourceRow"":65058,""Block"":""446"",""Street"":""HOUGANG AVENUE 8"",""PostalCode"":""530446""},{""SourceRow"":65185,""Block"":""446"",""Street"":""HOUGANG AVENUE 8"",""PostalCode"":""530446""},{""SourceRow"":65439,""Block"":""446"",""Street"":""HOUGANG AVENUE 8"",""PostalCode"":""530446""},{""SourceRow"":66386,""Block"":""446"",""Street"":""HOUGANG AVENUE 8"",""PostalCode"":""530446""},{""SourceRow"":66785,""Block"":""446"",""Street"":""HOUGANG AVENUE 8"",""PostalCode"":""530446""},{""SourceRow"":66913,""Block"":""446"",""Street"":""HOUGANG AVENUE 8"",""PostalCode"":""530446""},{""SourceRow"":67736,""Block"":""446"",""Street"":""HOUGANG AVENUE 8"",""PostalCode"":""530446""},{""SourceRow"":67940,""Block"":""446"",""Street"":""HOUGANG AVENUE 8"",""PostalCode"":""530446""},{""SourceRow"":69258,""Block"":""446"",""Street"":""HOUGANG AVENUE 8"",""PostalCode"":""530446""},{""SourceRow"":69325,""Block"":""446"",""Street"":""HOUGANG AVENUE 8"",""PostalCode"":""530446""},{""SourceRow"":69504,""Block"":""446"",""Street"":""HOUGANG AVENUE 8"",""PostalCode"":""530446""},{""SourceRow"":69744,""Block"":""446"",""Street"":""HOUGANG AVENUE 8"",""PostalCode"":""530446""},{""SourceRow"":70612,""Block"":""446"",""Street"":""HOUGANG AVENUE 8"",""PostalCode"":""530446""},{""SourceRow"":70836,""Block"":""446"",""Street"":""HOUGANG AVENUE 8"",""PostalCode"":""530446""},{""SourceRow"":71167,""Block"":""446"",""Street"":""HOUGANG AVENUE 8"",""PostalCode"":""530446""},{""SourceRow"":71317,""Block"":""446"",""Street"":""HOUGANG AVENUE 8"",""PostalCode"":""530446""},{""SourceRow"":71511,""Block"":""446"",""Street"":""HOUGANG AVENUE 8"",""PostalCode"":""530446""},{""SourceRow"":71853,""Block"":""446"",""Street"":""HOUGANG AVENUE 8"",""PostalCode"":""530446""},{""SourceRow"":71997,""Block"":""446"",""Street"":""HOUGANG AVENUE 8"",""PostalCode"":""530446""},{""SourceRow"":72735,""Block"":""446"",""Street"":""HOUGANG AVENUE 8"",""PostalCode"":""530446""},{""SourceRow"":74314,""Block"":""446"",""Street"":""HOUGANG AVENUE 8"",""PostalCode"":""530446""},{""SourceRow"":84280,""Block"":""446"",""Street"":""HOUGANG AVENUE 8"",""PostalCode"":""530446""},{""SourceRow"":88673,""Block"":""446"",""Street"":""HOUGANG AVENUE 8"",""PostalCode"":""530446""},{""SourceRow"":91160,""Block"":""446"",""Street"":""HOUGANG AVENUE 8"",""PostalCode"":""530446""},{""SourceRow"":93168,""Block"":""446"",""Street"":""HOUGANG AVENUE 8"",""PostalCode"":""530446""}]",,"[{""feature"":3170,""objectid"":937680,""entityid"":9221,""postal"":""530446"",""geometry"":""Polygon""}]"
HOUGANG,456,HOUGANG AVE 10,17,Unmatched,Missing,NoPostalAssertionUnderCurrentNormalization,7715,[],,[]
HOUGANG,457,HOUGANG AVE 10,23,Unmatched,Missing,NoPostalAssertionUnderCurrentNormalization,7729,[],,[]
HOUGANG,458,HOUGANG AVE 10,11,Unmatched,Missing,NoPostalAssertionUnderCurrentNormalization,7742,[],,[]
HOUGANG,460,HOUGANG AVE 10,9,Unmatched,Missing,NoPostalAssertionUnderCurrentNormalization,7786,[],,[]
HOUGANG,462,HOUGANG AVE 10,12,Unmatched,Missing,NoPostalAssertionUnderCurrentNormalization,7826,[],,[]
HOUGANG,463,HOUGANG AVE 10,12,Unmatched,Missing,NoPostalAssertionUnderCurrentNormalization,7848,[],,[]
HOUGANG,464,UPP SERANGOON RD,19,Unmatched,Missing,NoPostalAssertionUnderCurrentNormalization,7870,[],,[]
HOUGANG,465,UPP SERANGOON RD,26,Unmatched,Missing,NoPostalAssertionUnderCurrentNormalization,7888,[],,[]
HOUGANG,466,HOUGANG AVE 8,11,Unmatched,Missing,NoPostalAssertionUnderCurrentNormalization,7902,[],,[]
HOUGANG,468,HOUGANG AVE 8,13,Unmatched,Missing,NoPostalAssertionUnderCurrentNormalization,7944,[],,[]
HOUGANG,470A,UPP SERANGOON CRES,79,Unmatched,Missing,NoPostalAssertionUnderCurrentNormalization,8010,[],,[]
HOUGANG,470B,UPP SERANGOON CRES,72,Unmatched,Missing,NoPostalAssertionUnderCurrentNormalization,8013,[],,[]
HOUGANG,470C,UPP SERANGOON CRES,62,Unmatched,Missing,NoPostalAssertionUnderCurrentNormalization,8016,[],,[]
HOUGANG,471A,UPP SERANGOON CRES,63,Unmatched,Missing,NoPostalAssertionUnderCurrentNormalization,8028,[],,[]
HOUGANG,471B,UPP SERANGOON CRES,70,Unmatched,Missing,NoPostalAssertionUnderCurrentNormalization,8031,[],,[]
HOUGANG,473A,UPP SERANGOON CRES,71,Unmatched,Missing,NoPostalAssertionUnderCurrentNormalization,8059,[],,[]
HOUGANG,473B,UPP SERANGOON CRES,46,Unmatched,Missing,NoPostalAssertionUnderCurrentNormalization,8061,[],,[]
HOUGANG,473C,UPP SERANGOON CRES,45,Unmatched,Missing,NoPostalAssertionUnderCurrentNormalization,8063,[],,[]
HOUGANG,473D,UPP SERANGOON CRES,56,Unmatched,Missing,NoPostalAssertionUnderCurrentNormalization,8064,[],,[]
HOUGANG,475A,UPP SERANGOON CRES,73,Unmatched,Missing,NoPostalAssertionUnderCurrentNormalization,8083,[],,[]
HOUGANG,475B,UPP SERANGOON CRES,64,Unmatched,Missing,NoPostalAssertionUnderCurrentNormalization,8085,[],,[]
HOUGANG,475C,UPP SERANGOON CRES,56,Unmatched,Missing,NoPostalAssertionUnderCurrentNormalization,8087,[],,[]
HOUGANG,475D,UPP SERANGOON CRES,85,Unmatched,Missing,NoPostalAssertionUnderCurrentNormalization,8088,[],,[]
HOUGANG,476A,UPP SERANGOON VIEW,63,Unmatched,Missing,NoPostalAssertionUnderCurrentNormalization,8102,[],,[]
HOUGANG,476B,UPP SERANGOON VIEW,67,Unmatched,Missing,NoPostalAssertionUnderCurrentNormalization,8105,[],,[]
HOUGANG,476C,UPP SERANGOON VIEW,57,Unmatched,Missing,NoPostalAssertionUnderCurrentNormalization,8108,[],,[]
HOUGANG,477A,UPP SERANGOON VIEW,50,Unmatched,Missing,NoPostalAssertionUnderCurrentNormalization,8120,[],,[]
HOUGANG,477B,UPP SERANGOON VIEW,66,Unmatched,Missing,NoPostalAssertionUnderCurrentNormalization,8122,[],,[]
HOUGANG,477C,UPP SERANGOON VIEW,47,Unmatched,Missing,NoPostalAssertionUnderCurrentNormalization,8124,[],,[]
HOUGANG,505,HOUGANG AVE 8,3,Unmatched,Missing,NoPostalAssertionUnderCurrentNormalization,8532,[],,[]
HOUGANG,510,HOUGANG AVE 10,4,Unmatched,Missing,NoPostalAssertionUnderCurrentNormalization,8657,[],,[]
HOUGANG,514,HOUGANG AVE 10,3,Unmatched,Missing,NoPostalAssertionUnderCurrentNormalization,8732,[],,[]
HOUGANG,517,HOUGANG AVE 10,4,Unmatched,Missing,NoPostalAssertionUnderCurrentNormalization,8768,[],,[]
HOUGANG,523,HOUGANG AVE 6,21,Unmatched,Missing,NoPostalAssertionUnderCurrentNormalization,8870,[],,[]
HOUGANG,530,HOUGANG AVE 6,4,Unmatched,Missing,NoPostalAssertionUnderCurrentNormalization,8988,[],,[]
HOUGANG,531,HOUGANG AVE 6,17,Unmatched,Missing,NoPostalAssertionUnderCurrentNormalization,9005,[],,[]
HOUGANG,534,HOUGANG ST 52,14,Unmatched,Missing,NoPostalAssertionUnderCurrentNormalization,9045,[],,[]
HOUGANG,535,HOUGANG ST 52,12,Unmatched,Missing,NoPostalAssertionUnderCurrentNormalization,9056,[],,[]
HOUGANG,536,HOUGANG ST 52,10,Unmatched,Missing,NoPostalAssertionUnderCurrentNormalization,9070,[],,[]
HOUGANG,537,HOUGANG ST 52,10,Unmatched,Missing,NoPostalAssertionUnderCurrentNormalization,9083,[],,[]
HOUGANG,538,HOUGANG ST 52,20,Unmatched,Missing,NoPostalAssertionUnderCurrentNormalization,9091,[],,[]
HOUGANG,539,HOUGANG ST 52,23,Unmatched,Missing,NoPostalAssertionUnderCurrentNormalization,9105,[],,[]
HOUGANG,541,HOUGANG AVE 8,20,Unmatched,Missing,NoPostalAssertionUnderCurrentNormalization,9142,[],,[]
HOUGANG,543,HOUGANG AVE 8,4,Unmatched,Missing,NoPostalAssertionUnderCurrentNormalization,9164,[],,[]
HOUGANG,545,HOUGANG AVE 8,6,Unmatched,Missing,NoPostalAssertionUnderCurrentNormalization,9184,[],,[]
HOUGANG,546,HOUGANG ST 51,12,Unmatched,Missing,NoPostalAssertionUnderCurrentNormalization,9192,[],,[]
HOUGANG,547,HOUGANG ST 51,15,Unmatched,Missing,NoPostalAssertionUnderCurrentNormalization,9207,[],,[]
HOUGANG,548,HOUGANG ST 51,15,Unmatched,Missing,NoPostalAssertionUnderCurrentNormalization,9223,[],,[]
HOUGANG,549,HOUGANG ST 51,12,Unmatched,Missing,NoPostalAssertionUnderCurrentNormalization,9235,[],,[]
HOUGANG,550,HOUGANG ST 51,18,Unmatched,Missing,NoPostalAssertionUnderCurrentNormalization,9261,[],,[]
HOUGANG,551,HOUGANG ST 51,15,Unmatched,Missing,NoPostalAssertionUnderCurrentNormalization,9273,[],,[]
HOUGANG,552,HOUGANG ST 51,14,Unmatched,Missing,NoPostalAssertionUnderCurrentNormalization,9281,[],,[]
HOUGANG,553,HOUGANG ST 51,32,Unmatched,Missing,NoPostalAssertionUnderCurrentNormalization,9291,[],,[]
HOUGANG,554,HOUGANG ST 51,11,Unmatched,Missing,NoPostalAssertionUnderCurrentNormalization,9299,[],,[]
HOUGANG,555,HOUGANG ST 51,15,Unmatched,Missing,NoPostalAssertionUnderCurrentNormalization,9307,[],,[]
HOUGANG,556,HOUGANG ST 51,14,Unmatched,Missing,NoPostalAssertionUnderCurrentNormalization,9317,[],,[]
HOUGANG,557,HOUGANG ST 51,27,Unmatched,Missing,NoPostalAssertionUnderCurrentNormalization,9325,[],,[]
HOUGANG,558,HOUGANG ST 51,24,Unmatched,Missing,NoPostalAssertionUnderCurrentNormalization,9331,[],,[]
HOUGANG,559,HOUGANG ST 51,14,Unmatched,Missing,NoPostalAssertionUnderCurrentNormalization,9336,[],,[]
HOUGANG,560,HOUGANG ST 51,19,Unmatched,Missing,NoPostalAssertionUnderCurrentNormalization,9361,[],,[]
HOUGANG,561,HOUGANG ST 51,3,Unmatched,Missing,NoPostalAssertionUnderCurrentNormalization,9368,[],,[]
HOUGANG,562,HOUGANG ST 51,20,Unmatched,Missing,NoPostalAssertionUnderCurrentNormalization,9378,[],,[]
HOUGANG,563,HOUGANG ST 51,16,Unmatched,Missing,NoPostalAssertionUnderCurrentNormalization,9386,[],,[]
HOUGANG,564,HOUGANG ST 51,5,Unmatched,Missing,NoPostalAssertionUnderCurrentNormalization,9389,[],,[]
HOUGANG,565,HOUGANG ST 51,15,Unmatched,Missing,NoPostalAssertionUnderCurrentNormalization,9394,[],,[]
HOUGANG,566,HOUGANG ST 51,13,Unmatched,Missing,NoPostalAssertionUnderCurrentNormalization,9397,[],,[]
HOUGANG,567,HOUGANG ST 51,31,Unmatched,Missing,NoPostalAssertionUnderCurrentNormalization,9402,[],,[]
HOUGANG,568,HOUGANG ST 51,26,Unmatched,Missing,NoPostalAssertionUnderCurrentNormalization,9412,[],,[]
HOUGANG,569,HOUGANG ST 51,18,Unmatched,Missing,NoPostalAssertionUnderCurrentNormalization,9418,[],,[]
HOUGANG,570,HOUGANG ST 51,24,Unmatched,Missing,NoPostalAssertionUnderCurrentNormalization,9444,[],,[]
HOUGANG,571,HOUGANG ST 51,22,Unmatched,Missing,NoPostalAssertionUnderCurrentNormalization,9453,[],,[]
HOUGANG,572,HOUGANG ST 51,23,Unmatched,Missing,NoPostalAssertionUnderCurrentNormalization,9461,[],,[]
HOUGANG,573,HOUGANG ST 51,16,Unmatched,Missing,NoPostalAssertionUnderCurrentNormalization,9469,[],,[]
HOUGANG,574,HOUGANG ST 51,22,Unmatched,Missing,NoPostalAssertionUnderCurrentNormalization,9479,[],,[]
HOUGANG,575,HOUGANG ST 51,26,Unmatched,Missing,NoPostalAssertionUnderCurrentNormalization,9487,[],,[]
HOUGANG,576,HOUGANG AVE 4,19,Unmatched,Missing,NoPostalAssertionUnderCurrentNormalization,9493,[],,[]
HOUGANG,580,HOUGANG AVE 4,18,Unmatched,Missing,NoPostalAssertionUnderCurrentNormalization,9526,[],,[]
HOUGANG,6,HOUGANG AVE 3,13,Unmatched,Missing,NoPostalAssertionUnderCurrentNormalization,9632,[],,[]
HOUGANG,604,HOUGANG AVE 4,3,Unmatched,Missing,NoPostalAssertionUnderCurrentNormalization,9733,[],,[]
HOUGANG,608,HOUGANG AVE 4,5,Unmatched,Missing,NoPostalAssertionUnderCurrentNormalization,9793,[],,[]
HOUGANG,615,HOUGANG AVE 8,32,Unmatched,Missing,NoPostalAssertionUnderCurrentNormalization,9930,[],,[]
HOUGANG,617,HOUGANG AVE 8,35,Unmatched,Missing,NoPostalAssertionUnderCurrentNormalization,9952,[],,[]
HOUGANG,618,HOUGANG AVE 8,5,Unmatched,Missing,NoPostalAssertionUnderCurrentNormalization,9965,[],,[]
HOUGANG,621,HOUGANG AVE 8,5,Unmatched,Missing,NoPostalAssertionUnderCurrentNormalization,10025,[],,[]
HOUGANG,624,HOUGANG AVE 8,19,Unmatched,Missing,NoPostalAssertionUnderCurrentNormalization,10075,[],,[]
HOUGANG,633,HOUGANG AVE 8,34,Unmatched,Missing,NoPostalAssertionUnderCurrentNormalization,10224,[],,[]
HOUGANG,638,HOUGANG AVE 8,4,Unmatched,Missing,NoPostalAssertionUnderCurrentNormalization,10329,[],,[]
HOUGANG,639,HOUGANG AVE 8,5,Unmatched,Missing,NoPostalAssertionUnderCurrentNormalization,10351,[],,[]
HOUGANG,640,HOUGANG AVE 8,6,Unmatched,Missing,NoPostalAssertionUnderCurrentNormalization,10380,[],,[]
HOUGANG,646,HOUGANG AVE 8,3,Unmatched,Missing,NoPostalAssertionUnderCurrentNormalization,10467,[],,[]
HOUGANG,647,HOUGANG AVE 8,1,Unmatched,Missing,NoPostalAssertionUnderCurrentNormalization,10480,[],,[]
HOUGANG,651,HOUGANG AVE 8,6,Unmatched,Missing,NoPostalAssertionUnderCurrentNormalization,10550,[],,[]
HOUGANG,654,HOUGANG AVE 8,6,Unmatched,Missing,NoPostalAssertionUnderCurrentNormalization,10587,[],,[]
HOUGANG,655,HOUGANG AVE 8,13,Unmatched,Missing,NoPostalAssertionUnderCurrentNormalization,10600,[],,[]
HOUGANG,659,HOUGANG AVE 8,4,Unmatched,Missing,NoPostalAssertionUnderCurrentNormalization,10653,[],,[]
HOUGANG,661,HOUGANG AVE 4,29,Unmatched,Missing,NoPostalAssertionUnderCurrentNormalization,10701,[],,[]
HOUGANG,662,HOUGANG AVE 4,22,Unmatched,Missing,NoPostalAssertionUnderCurrentNormalization,10718,[],,[]
HOUGANG,665,HOUGANG AVE 4,19,Unmatched,Missing,NoPostalAssertionUnderCurrentNormalization,10772,[],,[]
HOUGANG,666,HOUGANG AVE 4,6,Unmatched,Missing,NoPostalAssertionUnderCurrentNormalization,10787,[],,[]
HOUGANG,668,HOUGANG AVE 8,3,Unmatched,Missing,NoPostalAssertionUnderCurrentNormalization,10815,[],,[]
HOUGANG,674,HOUGANG AVE 8,29,Unmatched,Missing,NoPostalAssertionUnderCurrentNormalization,10916,[],,[]
HOUGANG,677,HOUGANG AVE 8,27,Unmatched,Missing,NoPostalAssertionUnderCurrentNormalization,10955,[],,[]
HOUGANG,679,HOUGANG AVE 8,6,Unmatched,Missing,NoPostalAssertionUnderCurrentNormalization,10988,[],,[]
HOUGANG,685,HOUGANG ST 61,13,Unmatched,Missing,NoPostalAssertionUnderCurrentNormalization,11080,[],,[]
HOUGANG,686,HOUGANG ST 61,25,Unmatched,Missing,NoPostalAssertionUnderCurrentNormalization,11094,[],,[]
HOUGANG,687,HOUGANG ST 61,6,Unmatched,Missing,NoPostalAssertionUnderCurrentNormalization,11108,[],,[]
HOUGANG,688,HOUGANG ST 61,23,Unmatched,Missing,NoPostalAssertionUnderCurrentNormalization,11120,[],,[]
HOUGANG,689,HOUGANG ST 61,27,Unmatched,Missing,NoPostalAssertionUnderCurrentNormalization,11133,[],,[]
HOUGANG,690,HOUGANG ST 61,23,Unmatched,Missing,NoPostalAssertionUnderCurrentNormalization,11153,[],,[]
HOUGANG,691,HOUGANG ST 61,4,Unmatched,Missing,NoPostalAssertionUnderCurrentNormalization,11167,[],,[]
HOUGANG,692,HOUGANG ST 61,8,Unmatched,Missing,NoPostalAssertionUnderCurrentNormalization,11178,[],,[]
HOUGANG,693,HOUGANG ST 61,23,Unmatched,Missing,NoPostalAssertionUnderCurrentNormalization,11184,[],,[]
HOUGANG,694,HOUGANG ST 61,9,Unmatched,Missing,NoPostalAssertionUnderCurrentNormalization,11192,[],,[]
HOUGANG,695,HOUGANG ST 61,18,Unmatched,Missing,NoPostalAssertionUnderCurrentNormalization,11200,[],,[]
HOUGANG,696,HOUGANG ST 61,23,Unmatched,Missing,NoPostalAssertionUnderCurrentNormalization,11202,[],,[]
HOUGANG,697,HOUGANG ST 61,22,Unmatched,Missing,NoPostalAssertionUnderCurrentNormalization,11204,[],,[]
HOUGANG,698,HOUGANG ST 61,13,Unmatched,Missing,NoPostalAssertionUnderCurrentNormalization,11210,[],,[]
HOUGANG,698A,HOUGANG ST 61,17,Unmatched,Missing,NoPostalAssertionUnderCurrentNormalization,11212,[],,[]
HOUGANG,698B,HOUGANG ST 61,16,Unmatched,Missing,NoPostalAssertionUnderCurrentNormalization,11214,[],,[]
HOUGANG,698C,HOUGANG ST 52,12,Unmatched,Missing,NoPostalAssertionUnderCurrentNormalization,11216,[],,[]
HOUGANG,698D,HOUGANG ST 52,13,Unmatched,Missing,NoPostalAssertionUnderCurrentNormalization,11218,[],,[]
HOUGANG,699,HOUGANG ST 52,28,Unmatched,Missing,NoPostalAssertionUnderCurrentNormalization,11219,[],,[]
HOUGANG,699A,HOUGANG ST 52,18,Unmatched,Missing,NoPostalAssertionUnderCurrentNormalization,11220,[],,[]
HOUGANG,699B,HOUGANG ST 52,16,Unmatched,Missing,NoPostalAssertionUnderCurrentNormalization,11221,[],,[]
HOUGANG,699C,HOUGANG ST 52,21,Unmatched,Missing,NoPostalAssertionUnderCurrentNormalization,11222,[],,[]
HOUGANG,701,HOUGANG AVE 2,34,Unmatched,Missing,NoPostalAssertionUnderCurrentNormalization,11277,[],,[]
HOUGANG,702,HOUGANG AVE 2,21,Unmatched,Missing,NoPostalAssertionUnderCurrentNormalization,11292,[],,[]
HOUGANG,706,HOUGANG AVE 2,17,Unmatched,Missing,NoPostalAssertionUnderCurrentNormalization,11335,[],,[]
HOUGANG,804,HOUGANG CTRL,3,Unmatched,Missing,NoPostalAssertionUnderCurrentNormalization,12141,[],,[]
HOUGANG,811,HOUGANG CTRL,2,Unmatched,Missing,NoPostalAssertionUnderCurrentNormalization,12221,[],,[]
HOUGANG,830,HOUGANG CTRL,17,Unmatched,Missing,NoPostalAssertionUnderCurrentNormalization,12362,[],,[]
HOUGANG,831,HOUGANG CTRL,12,Unmatched,Missing,NoPostalAssertionUnderCurrentNormalization,12369,[],,[]
HOUGANG,832,HOUGANG CTRL,16,Unmatched,Missing,NoPostalAssertionUnderCurrentNormalization,12374,[],,[]
HOUGANG,833,HOUGANG CTRL,11,Unmatched,Missing,NoPostalAssertionUnderCurrentNormalization,12380,[],,[]
HOUGANG,834,HOUGANG CTRL,18,Unmatched,Missing,NoPostalAssertionUnderCurrentNormalization,12385,[],,[]
HOUGANG,835,HOUGANG CTRL,20,Unmatched,Missing,NoPostalAssertionUnderCurrentNormalization,12390,[],,[]
HOUGANG,836,HOUGANG CTRL,18,Unmatched,Missing,NoPostalAssertionUnderCurrentNormalization,12395,[],,[]
HOUGANG,837,HOUGANG CTRL,19,Unmatched,Missing,NoPostalAssertionUnderCurrentNormalization,12400,[],,[]
HOUGANG,838,HOUGANG CTRL,17,Unmatched,Missing,NoPostalAssertionUnderCurrentNormalization,12406,[],,[]
HOUGANG,850,HOUGANG CTRL,19,Unmatched,Missing,NoPostalAssertionUnderCurrentNormalization,12497,[],,[]
HOUGANG,851,HOUGANG CTRL,14,Unmatched,Missing,NoPostalAssertionUnderCurrentNormalization,12503,[],,[]
HOUGANG,852,HOUGANG CTRL,7,Unmatched,Missing,NoPostalAssertionUnderCurrentNormalization,12508,[],,[]
HOUGANG,853,HOUGANG CTRL,19,Unmatched,Missing,NoPostalAssertionUnderCurrentNormalization,12513,[],,[]
HOUGANG,909,HOUGANG ST 91,21,Unmatched,Missing,NoPostalAssertionUnderCurrentNormalization,12881,[],,[]
HOUGANG,910,HOUGANG ST 91,35,Unmatched,Missing,NoPostalAssertionUnderCurrentNormalization,12903,[],,[]
HOUGANG,911,HOUGANG ST 91,34,Unmatched,Missing,NoPostalAssertionUnderCurrentNormalization,12906,[],,[]
HOUGANG,912,HOUGANG ST 91,16,Unmatched,Missing,NoPostalAssertionUnderCurrentNormalization,12909,[],,[]
HOUGANG,913,HOUGANG ST 91,15,Unmatched,Missing,NoPostalAssertionUnderCurrentNormalization,12912,[],,[]
HOUGANG,914,HOUGANG ST 91,16,Unmatched,Missing,NoPostalAssertionUnderCurrentNormalization,12915,[],,[]
HOUGANG,915,HOUGANG ST 91,24,Unmatched,Missing,NoPostalAssertionUnderCurrentNormalization,12918,[],,[]
HOUGANG,919,HOUGANG AVE 4,17,Unmatched,Missing,NoPostalAssertionUnderCurrentNormalization,12929,[],,[]
HOUGANG,920,HOUGANG ST 91,15,Unmatched,Missing,NoPostalAssertionUnderCurrentNormalization,12944,[],,[]
HOUGANG,921,HOUGANG ST 91,17,Unmatched,Missing,NoPostalAssertionUnderCurrentNormalization,12946,[],,[]
HOUGANG,922,HOUGANG ST 91,12,Unmatched,Missing,NoPostalAssertionUnderCurrentNormalization,12950,[],,[]
HOUGANG,924,HOUGANG AVE 9,24,Unmatched,Missing,NoPostalAssertionUnderCurrentNormalization,12956,[],,[]
HOUGANG,925,HOUGANG ST 91,23,Unmatched,Missing,NoPostalAssertionUnderCurrentNormalization,12959,[],,[]
HOUGANG,926,HOUGANG ST 91,26,Unmatched,Missing,NoPostalAssertionUnderCurrentNormalization,12964,[],,[]
HOUGANG,927,HOUGANG ST 91,17,Unmatched,Missing,NoPostalAssertionUnderCurrentNormalization,12968,[],,[]
HOUGANG,928,HOUGANG ST 91,21,Unmatched,Missing,NoPostalAssertionUnderCurrentNormalization,12971,[],,[]
HOUGANG,929,HOUGANG ST 91,23,Unmatched,Missing,NoPostalAssertionUnderCurrentNormalization,12975,[],,[]
HOUGANG,930,HOUGANG ST 91,17,Unmatched,Missing,NoPostalAssertionUnderCurrentNormalization,12994,[],,[]
HOUGANG,931,HOUGANG ST 91,9,Unmatched,Missing,NoPostalAssertionUnderCurrentNormalization,12998,[],,[]
HOUGANG,936,HOUGANG ST 92,19,Unmatched,Missing,NoPostalAssertionUnderCurrentNormalization,13020,[],,[]
HOUGANG,937,HOUGANG ST 92,15,Unmatched,Missing,NoPostalAssertionUnderCurrentNormalization,13029,[],,[]
HOUGANG,938,HOUGANG ST 92,16,Unmatched,Missing,NoPostalAssertionUnderCurrentNormalization,13032,[],,[]
HOUGANG,939,HOUGANG ST 92,18,Unmatched,Missing,NoPostalAssertionUnderCurrentNormalization,13035,[],,[]
HOUGANG,940,HOUGANG ST 92,16,Unmatched,Missing,NoPostalAssertionUnderCurrentNormalization,13052,[],,[]
HOUGANG,941,HOUGANG ST 92,21,Unmatched,Missing,NoPostalAssertionUnderCurrentNormalization,13055,[],,[]
HOUGANG,942,HOUGANG ST 92,18,Unmatched,Missing,NoPostalAssertionUnderCurrentNormalization,13059,[],,[]
HOUGANG,943,HOUGANG ST 92,16,Unmatched,Missing,NoPostalAssertionUnderCurrentNormalization,13062,[],,[]
HOUGANG,944,HOUGANG ST 92,18,Unmatched,Missing,NoPostalAssertionUnderCurrentNormalization,13065,[],,[]
HOUGANG,945,HOUGANG ST 92,11,Unmatched,Missing,NoPostalAssertionUnderCurrentNormalization,13068,[],,[]
HOUGANG,946,HOUGANG ST 92,16,Unmatched,Missing,NoPostalAssertionUnderCurrentNormalization,13071,[],,[]
HOUGANG,950,HOUGANG ST 91,13,Unmatched,Missing,NoPostalAssertionUnderCurrentNormalization,13098,[],,[]
HOUGANG,952,HOUGANG AVE 9,13,Unmatched,Missing,NoPostalAssertionUnderCurrentNormalization,13105,[],,[]
HOUGANG,953,HOUGANG AVE 9,19,Unmatched,Missing,NoPostalAssertionUnderCurrentNormalization,13111,[],,[]
HOUGANG,955,HOUGANG AVE 9,17,Unmatched,Missing,NoPostalAssertionUnderCurrentNormalization,13123,[],,[]
HOUGANG,956,HOUGANG ST 91,23,Unmatched,Missing,NoPostalAssertionUnderCurrentNormalization,13125,[],,[]
HOUGANG,957,HOUGANG ST 91,15,Unmatched,Missing,NoPostalAssertionUnderCurrentNormalization,13130,[],,[]
HOUGANG,958,HOUGANG ST 91,21,Unmatched,Missing,NoPostalAssertionUnderCurrentNormalization,13136,[],,[]
HOUGANG,959,HOUGANG ST 91,16,Unmatched,Missing,NoPostalAssertionUnderCurrentNormalization,13139,[],,[]
HOUGANG,962,HOUGANG AVE 9,14,Unmatched,Missing,NoPostalAssertionUnderCurrentNormalization,13163,[],,[]
HOUGANG,963,HOUGANG AVE 9,9,Unmatched,Missing,NoPostalAssertionUnderCurrentNormalization,13168,[],,[]
HOUGANG,968,HOUGANG AVE 9,14,Unmatched,Missing,NoPostalAssertionUnderCurrentNormalization,13199,[],,[]
HOUGANG,969,HOUGANG ST 91,30,Unmatched,Missing,NoPostalAssertionUnderCurrentNormalization,13202,[],,[]
HOUGANG,970,HOUGANG ST 91,33,Unmatched,Missing,NoPostalAssertionUnderCurrentNormalization,13219,[],,[]
HOUGANG,971,HOUGANG ST 91,22,Unmatched,Missing,NoPostalAssertionUnderCurrentNormalization,13223,[],,[]
HOUGANG,972,HOUGANG ST 91,22,Unmatched,Missing,NoPostalAssertionUnderCurrentNormalization,13226,[],,[]
HOUGANG,973,HOUGANG ST 91,18,Unmatched,Missing,NoPostalAssertionUnderCurrentNormalization,13232,[],,[]
HOUGANG,974,HOUGANG ST 91,19,Unmatched,Missing,NoPostalAssertionUnderCurrentNormalization,13234,[],,[]
HOUGANG,975,HOUGANG ST 91,18,Unmatched,Missing,NoPostalAssertionUnderCurrentNormalization,13236,[],,[]
HOUGANG,976,HOUGANG ST 91,22,Unmatched,Missing,NoPostalAssertionUnderCurrentNormalization,13238,[],,[]
HOUGANG,978C,BUANGKOK CRES,24,Unmatched,Missing,NoPostalAssertionUnderCurrentNormalization,13242,[],,[]
HOUGANG,978D,BUANGKOK CRES,26,Unmatched,Missing,NoPostalAssertionUnderCurrentNormalization,13243,[],,[]
HOUGANG,979A,BUANGKOK CRES,17,Unmatched,Missing,NoPostalAssertionUnderCurrentNormalization,13245,[],,[]
HOUGANG,979B,BUANGKOK CRES,26,Unmatched,Missing,NoPostalAssertionUnderCurrentNormalization,13246,[],,[]
HOUGANG,979C,BUANGKOK CRES,27,Unmatched,Missing,NoPostalAssertionUnderCurrentNormalization,13247,[],,[]
HOUGANG,980A,BUANGKOK CRES,28,Unmatched,Missing,NoPostalAssertionUnderCurrentNormalization,13258,[],,[]
HOUGANG,980B,BUANGKOK CRES,21,Unmatched,Missing,NoPostalAssertionUnderCurrentNormalization,13259,[],,[]
HOUGANG,980C,BUANGKOK CRES,25,Unmatched,Missing,NoPostalAssertionUnderCurrentNormalization,13260,[],,[]
HOUGANG,980D,BUANGKOK CRES,24,Unmatched,Missing,NoPostalAssertionUnderCurrentNormalization,13261,[],,[]
HOUGANG,981A,BUANGKOK CRES,27,Unmatched,Missing,NoPostalAssertionUnderCurrentNormalization,13263,[],,[]
HOUGANG,981B,BUANGKOK CRES,22,Unmatched,Missing,NoPostalAssertionUnderCurrentNormalization,13264,[],,[]
HOUGANG,981C,BUANGKOK CRES,18,Unmatched,Missing,NoPostalAssertionUnderCurrentNormalization,13265,[],,[]
HOUGANG,981D,BUANGKOK CRES,22,Unmatched,Missing,NoPostalAssertionUnderCurrentNormalization,13266,[],,[]
HOUGANG,985A,BUANGKOK CRES,14,Unmatched,Missing,NoPostalAssertionUnderCurrentNormalization,13274,[],,[]
HOUGANG,985B,BUANGKOK CRES,31,Unmatched,Missing,NoPostalAssertionUnderCurrentNormalization,13275,[],,[]
HOUGANG,986A,BUANGKOK CRES,54,Unmatched,Missing,NoPostalAssertionUnderCurrentNormalization,13278,[],,[]
HOUGANG,986B,BUANGKOK CRES,58,Unmatched,Missing,NoPostalAssertionUnderCurrentNormalization,13280,[],,[]
HOUGANG,987B,BUANGKOK GREEN,63,Unmatched,Missing,NoPostalAssertionUnderCurrentNormalization,13288,[],,[]
HOUGANG,988B,BUANGKOK GREEN,32,Unmatched,Missing,NoPostalAssertionUnderCurrentNormalization,13297,[],,[]
HOUGANG,994C,BUANGKOK LINK,26,Unmatched,Missing,NoPostalAssertionUnderCurrentNormalization,13338,[],,[]
HOUGANG,995A,BUANGKOK CRES,21,Unmatched,Missing,NoPostalAssertionUnderCurrentNormalization,13340,[],,[]
HOUGANG,995B,BUANGKOK CRES,23,Unmatched,Missing,NoPostalAssertionUnderCurrentNormalization,13341,[],,[]
HOUGANG,995C,BUANGKOK CRES,12,Unmatched,Missing,NoPostalAssertionUnderCurrentNormalization,13342,[],,[]
HOUGANG,996A,BUANGKOK CRES,38,Unmatched,Missing,NoPostalAssertionUnderCurrentNormalization,13345,[],,[]
HOUGANG,996B,BUANGKOK CRES,44,Unmatched,Missing,NoPostalAssertionUnderCurrentNormalization,13346,[],,[]
HOUGANG,996C,BUANGKOK CRES,32,Unmatched,Missing,NoPostalAssertionUnderCurrentNormalization,13347,[],,[]
HOUGANG,997A,BUANGKOK CRES,39,Unmatched,Missing,NoPostalAssertionUnderCurrentNormalization,13349,[],,[]
HOUGANG,997B,BUANGKOK CRES,59,Unmatched,Missing,NoPostalAssertionUnderCurrentNormalization,13350,[],,[]
HOUGANG,997C,BUANGKOK CRES,63,Unmatched,Missing,NoPostalAssertionUnderCurrentNormalization,13351,[],,[]
HOUGANG,998A,BUANGKOK CRES,51,Unmatched,Missing,NoPostalAssertionUnderCurrentNormalization,13354,[],,[]
HOUGANG,998B,BUANGKOK CRES,42,Unmatched,Missing,NoPostalAssertionUnderCurrentNormalization,13355,[],,[]
HOUGANG,999B,BUANGKOK CRES,41,Unmatched,Missing,NoPostalAssertionUnderCurrentNormalization,13358,[],,[]
JURONG EAST,101,JURONG EAST ST 13,45,Unmatched,Missing,NoPostalAssertionUnderCurrentNormalization,116,[],,[]
JURONG EAST,102,JURONG EAST ST 13,36,Unmatched,Missing,NoPostalAssertionUnderCurrentNormalization,160,[],,[]
JURONG EAST,103,JURONG EAST ST 13,17,Unmatched,Missing,NoPostalAssertionUnderCurrentNormalization,200,[],,[]
JURONG EAST,104,JURONG EAST ST 13,4,Unmatched,Missing,NoPostalAssertionUnderCurrentNormalization,238,[],,[]
JURONG EAST,105,JURONG EAST ST 13,11,Unmatched,Missing,NoPostalAssertionUnderCurrentNormalization,283,[],,[]
JURONG EAST,106,JURONG EAST ST 13,17,Unmatched,Missing,NoPostalAssertionUnderCurrentNormalization,323,[],,[]
JURONG EAST,107,JURONG EAST ST 13,4,Unmatched,Missing,NoPostalAssertionUnderCurrentNormalization,365,[],,[]
JURONG EAST,108,JURONG EAST ST 13,10,Unmatched,Missing,NoPostalAssertionUnderCurrentNormalization,408,[],,[]
JURONG EAST,109,JURONG EAST ST 13,16,Unmatched,Missing,NoPostalAssertionUnderCurrentNormalization,449,[],,[]
JURONG EAST,110,JURONG EAST ST 13,38,Unmatched,Missing,NoPostalAssertionUnderCurrentNormalization,516,[],,[]
JURONG EAST,111,JURONG EAST ST 13,17,Unmatched,Missing,NoPostalAssertionUnderCurrentNormalization,554,[],,[]
JURONG EAST,112,JURONG EAST ST 13,17,Unmatched,Missing,NoPostalAssertionUnderCurrentNormalization,591,[],,[]
JURONG EAST,113,JURONG EAST ST 13,25,Unmatched,Missing,NoPostalAssertionUnderCurrentNormalization,629,[],,[]
JURONG EAST,114,JURONG EAST ST 13,1,Unmatched,Missing,NoPostalAssertionUnderCurrentNormalization,672,[],,[]
JURONG EAST,115,JURONG EAST ST 13,19,Unmatched,Missing,NoPostalAssertionUnderCurrentNormalization,712,[],,[]
JURONG EAST,116,JURONG EAST ST 13,19,Unmatched,Missing,NoPostalAssertionUnderCurrentNormalization,754,[],,[]
JURONG EAST,20,TEBAN GDNS RD,95,Unmatched,Missing,NoPostalAssertionUnderCurrentNormalization,2800,[],,[]
JURONG EAST,201,JURONG EAST ST 21,23,Unmatched,Missing,NoPostalAssertionUnderCurrentNormalization,2823,[],,[]
JURONG EAST,202,JURONG EAST ST 21,8,Unmatched,Missing,NoPostalAssertionUnderCurrentNormalization,2861,[],,[]
JURONG EAST,203,JURONG EAST ST 21,15,Unmatched,Missing,NoPostalAssertionUnderCurrentNormalization,2886,[],,[]
JURONG EAST,204,JURONG EAST ST 21,21,Unmatched,Missing,NoPostalAssertionUnderCurrentNormalization,2912,[],,[]
JURONG EAST,205,JURONG EAST ST 21,13,Unmatched,Missing,NoPostalAssertionUnderCurrentNormalization,2939,[],,[]
JURONG EAST,206,JURONG EAST ST 21,19,Unmatched,Missing,NoPostalAssertionUnderCurrentNormalization,2961,[],,[]
JURONG EAST,207,JURONG EAST ST 21,23,Unmatched,Missing,NoPostalAssertionUnderCurrentNormalization,2989,[],,[]
JURONG EAST,208,JURONG EAST ST 21,22,Unmatched,Missing,NoPostalAssertionUnderCurrentNormalization,3022,[],,[]
JURONG EAST,209,JURONG EAST ST 21,11,Unmatched,Missing,NoPostalAssertionUnderCurrentNormalization,3055,[],,[]
JURONG EAST,21,TEBAN GDNS RD,74,Unmatched,Missing,NoPostalAssertionUnderCurrentNormalization,3092,[],,[]
JURONG EAST,210,JURONG EAST ST 21,60,Unmatched,Missing,NoPostalAssertionUnderCurrentNormalization,3106,[],,[]
JURONG EAST,211,JURONG EAST ST 21,48,Unmatched,Missing,NoPostalAssertionUnderCurrentNormalization,3135,[],,[]
JURONG EAST,212,JURONG EAST ST 21,13,Unmatched,Missing,NoPostalAssertionUnderCurrentNormalization,3165,[],,[]
JURONG EAST,213,JURONG EAST ST 21,20,Unmatched,Missing,NoPostalAssertionUnderCurrentNormalization,3194,[],,[]
JURONG EAST,214,JURONG EAST ST 21,32,Unmatched,Missing,NoPostalAssertionUnderCurrentNormalization,3219,[],,[]
JURONG EAST,215,JURONG EAST ST 21,6,Unmatched,Missing,NoPostalAssertionUnderCurrentNormalization,3241,[],,[]
JURONG EAST,215A,JURONG EAST ST 21,8,Unmatched,Missing,NoPostalAssertionUnderCurrentNormalization,3252,[],,[]
JURONG EAST,216,JURONG EAST ST 21,22,Unmatched,Missing,NoPostalAssertionUnderCurrentNormalization,3266,[],,[]
JURONG EAST,217,JURONG EAST ST 21,13,Unmatched,Missing,NoPostalAssertionUnderCurrentNormalization,3298,[],,[]
JURONG EAST,217A,JURONG EAST ST 21,6,Unmatched,Missing,NoPostalAssertionUnderCurrentNormalization,3310,[],,[]
JURONG EAST,218,JURONG EAST ST 21,17,Unmatched,Missing,NoPostalAssertionUnderCurrentNormalization,3326,[],,[]
JURONG EAST,219,JURONG EAST ST 21,14,Unmatched,Missing,NoPostalAssertionUnderCurrentNormalization,3345,[],,[]
JURONG EAST,219A,JURONG EAST ST 21,19,Unmatched,Missing,NoPostalAssertionUnderCurrentNormalization,3355,[],,[]
JURONG EAST,22,TEBAN GDNS RD,69,Unmatched,Missing,NoPostalAssertionUnderCurrentNormalization,3378,[],,[]
JURONG EAST,220,JURONG EAST ST 21,16,Unmatched,Missing,NoPostalAssertionUnderCurrentNormalization,3393,[],,[]
JURONG EAST,221,JURONG EAST ST 21,5,Unmatched,Missing,NoPostalAssertionUnderCurrentNormalization,3419,[],,[]
JURONG EAST,221A,JURONG EAST ST 21,14,Unmatched,Missing,NoPostalAssertionUnderCurrentNormalization,3430,[],,[]
JURONG EAST,222,JURONG EAST ST 21,3,Unmatched,Missing,NoPostalAssertionUnderCurrentNormalization,3443,[],,[]
JURONG EAST,223,JURONG EAST ST 21,2,Unmatched,Missing,NoPostalAssertionUnderCurrentNormalization,3466,[],,[]
JURONG EAST,223A,JURONG EAST ST 21,10,Unmatched,Missing,NoPostalAssertionUnderCurrentNormalization,3476,[],,[]
JURONG EAST,224,JURONG EAST ST 21,21,Unmatched,Missing,NoPostalAssertionUnderCurrentNormalization,3489,[],,[]
JURONG EAST,225,JURONG EAST ST 21,3,Unmatched,Missing,NoPostalAssertionUnderCurrentNormalization,3516,[],,[]
JURONG EAST,225A,JURONG EAST ST 21,23,Unmatched,Missing,NoPostalAssertionUnderCurrentNormalization,3525,[],,[]
JURONG EAST,226,JURONG EAST ST 21,14,Unmatched,Missing,NoPostalAssertionUnderCurrentNormalization,3538,[],,[]
JURONG EAST,227,JURONG EAST ST 21,19,Unmatched,Missing,NoPostalAssertionUnderCurrentNormalization,3571,[],,[]
JURONG EAST,228,JURONG EAST ST 21,20,Unmatched,Missing,NoPostalAssertionUnderCurrentNormalization,3595,[],,[]
JURONG EAST,229,JURONG EAST ST 21,29,Unmatched,Missing,NoPostalAssertionUnderCurrentNormalization,3622,[],,[]
JURONG EAST,23,TEBAN GDNS RD,84,Unmatched,Missing,NoPostalAssertionUnderCurrentNormalization,3648,[],,[]
JURONG EAST,230,JURONG EAST ST 21,18,Unmatched,Missing,NoPostalAssertionUnderCurrentNormalization,3663,[],,[]
JURONG EAST,231,JURONG EAST ST 21,37,Unmatched,Missing,NoPostalAssertionUnderCurrentNormalization,3690,[],,[]
JURONG EAST,232,JURONG EAST ST 21,23,Unmatched,Missing,NoPostalAssertionUnderCurrentNormalization,3713,[],,[]
JURONG EAST,233,JURONG EAST ST 21,17,Unmatched,Missing,NoPostalAssertionUnderCurrentNormalization,3733,[],,[]
JURONG EAST,234,JURONG EAST ST 21,23,Unmatched,Missing,NoPostalAssertionUnderCurrentNormalization,3759,[],,[]
JURONG EAST,235,JURONG EAST ST 21,2,Unmatched,Missing,NoPostalAssertionUnderCurrentNormalization,3779,[],,[]
JURONG EAST,236,JURONG EAST ST 21,23,Unmatched,Missing,NoPostalAssertionUnderCurrentNormalization,3795,[],,[]
JURONG EAST,237,JURONG EAST ST 21,4,Unmatched,Missing,NoPostalAssertionUnderCurrentNormalization,3812,[],,[]
JURONG EAST,238,JURONG EAST ST 21,19,Unmatched,Missing,NoPostalAssertionUnderCurrentNormalization,3830,[],,[]
JURONG EAST,239,JURONG EAST ST 21,21,Unmatched,Missing,NoPostalAssertionUnderCurrentNormalization,3849,[],,[]
JURONG EAST,24,TEBAN GDNS RD,18,Unmatched,Missing,NoPostalAssertionUnderCurrentNormalization,3869,[],,[]
JURONG EAST,240,JURONG EAST ST 21,22,Unmatched,Missing,NoPostalAssertionUnderCurrentNormalization,3878,[],,[]
JURONG EAST,240A,JURONG EAST AVE 1,15,Unmatched,Missing,NoPostalAssertionUnderCurrentNormalization,3885,[],,[]
JURONG EAST,241,JURONG EAST ST 24,40,Unmatched,Missing,NoPostalAssertionUnderCurrentNormalization,3893,[],,[]
JURONG EAST,242,JURONG EAST ST 24,5,Unmatched,Missing,NoPostalAssertionUnderCurrentNormalization,3909,[],,[]
JURONG EAST,243,JURONG EAST ST 24,32,Unmatched,Missing,NoPostalAssertionUnderCurrentNormalization,3920,[],,[]
JURONG EAST,244,JURONG EAST ST 24,43,Unmatched,Missing,NoPostalAssertionUnderCurrentNormalization,3936,[],,[]
JURONG EAST,245,JURONG EAST ST 24,22,Unmatched,Missing,NoPostalAssertionUnderCurrentNormalization,3952,[],,[]
JURONG EAST,246,JURONG EAST ST 24,16,Unmatched,Missing,NoPostalAssertionUnderCurrentNormalization,3967,[],,[]
JURONG EAST,247,JURONG EAST ST 24,28,Unmatched,Missing,NoPostalAssertionUnderCurrentNormalization,3982,[],,[]
JURONG EAST,248,JURONG EAST ST 24,41,Unmatched,Missing,NoPostalAssertionUnderCurrentNormalization,3995,[],,[]
JURONG EAST,249,JURONG EAST ST 24,29,Unmatched,Missing,NoPostalAssertionUnderCurrentNormalization,4008,[],,[]
JURONG EAST,25,TEBAN GDNS RD,17,Unmatched,Missing,NoPostalAssertionUnderCurrentNormalization,4026,[],,[]
JURONG EAST,250,JURONG EAST ST 24,28,Unmatched,Missing,NoPostalAssertionUnderCurrentNormalization,4039,[],,[]
JURONG EAST,251,JURONG EAST ST 24,16,Unmatched,Missing,NoPostalAssertionUnderCurrentNormalization,4054,[],,[]
JURONG EAST,252,JURONG EAST ST 24,33,Unmatched,Missing,NoPostalAssertionUnderCurrentNormalization,4066,[],,[]
JURONG EAST,253,JURONG EAST ST 24,34,Unmatched,Missing,NoPostalAssertionUnderCurrentNormalization,4079,[],,[]
JURONG EAST,256,JURONG EAST ST 24,3,Unmatched,Missing,NoPostalAssertionUnderCurrentNormalization,4122,[],,[]
JURONG EAST,257,JURONG EAST ST 24,53,Unmatched,Missing,NoPostalAssertionUnderCurrentNormalization,4144,[],,[]
JURONG EAST,258,JURONG EAST ST 24,20,Unmatched,Missing,NoPostalAssertionUnderCurrentNormalization,4163,[],,[]
JURONG EAST,259,JURONG EAST ST 24,3,Unmatched,Missing,NoPostalAssertionUnderCurrentNormalization,4183,[],,[]
JURONG EAST,260,JURONG EAST ST 24,19,Unmatched,Missing,NoPostalAssertionUnderCurrentNormalization,4223,[],,[]
JURONG EAST,261,JURONG EAST ST 24,39,Unmatched,Missing,NoPostalAssertionUnderCurrentNormalization,4242,[],,[]
JURONG EAST,262,JURONG EAST ST 24,7,Unmatched,Missing,NoPostalAssertionUnderCurrentNormalization,4261,[],,[]
JURONG EAST,263,JURONG EAST ST 24,13,Unmatched,Missing,NoPostalAssertionUnderCurrentNormalization,4276,[],,[]
JURONG EAST,264,JURONG EAST ST 24,53,Unmatched,Missing,NoPostalAssertionUnderCurrentNormalization,4286,[],,[]
JURONG EAST,265,TOH GUAN RD,40,Unmatched,Missing,NoPostalAssertionUnderCurrentNormalization,4307,[],,[]
JURONG EAST,266,TOH GUAN RD,15,Unmatched,Missing,NoPostalAssertionUnderCurrentNormalization,4328,[],,[]
JURONG EAST,267,TOH GUAN RD,38,Unmatched,Missing,NoPostalAssertionUnderCurrentNormalization,4348,[],,[]
JURONG EAST,268,TOH GUAN RD,21,Unmatched,Missing,NoPostalAssertionUnderCurrentNormalization,4366,[],,[]
JURONG EAST,269,TOH GUAN RD,24,Unmatched,Missing,NoPostalAssertionUnderCurrentNormalization,4389,[],,[]
JURONG EAST,270,TOH GUAN RD,26,Unmatched,Missing,NoPostalAssertionUnderCurrentNormalization,4431,[],,[]
JURONG EAST,271,TOH GUAN RD,23,Unmatched,Missing,NoPostalAssertionUnderCurrentNormalization,4449,[],,[]
JURONG EAST,272,TOH GUAN RD,22,Unmatched,Missing,NoPostalAssertionUnderCurrentNormalization,4471,[],,[]
JURONG EAST,273,TOH GUAN RD,9,Unmatched,Missing,NoPostalAssertionUnderCurrentNormalization,4495,[],,[]
JURONG EAST,274,TOH GUAN RD,17,Unmatched,Missing,NoPostalAssertionUnderCurrentNormalization,4523,[],,[]
JURONG EAST,275,TOH GUAN RD,22,Unmatched,Missing,NoPostalAssertionUnderCurrentNormalization,4546,[],,[]
JURONG EAST,276,TOH GUAN RD,18,Unmatched,Missing,NoPostalAssertionUnderCurrentNormalization,4564,[],,[]
JURONG EAST,277,TOH GUAN RD,19,Unmatched,Missing,NoPostalAssertionUnderCurrentNormalization,4576,[],,[]
JURONG EAST,278,TOH GUAN RD,24,Unmatched,Missing,NoPostalAssertionUnderCurrentNormalization,4587,[],,[]
JURONG EAST,279,TOH GUAN RD,28,Unmatched,Missing,NoPostalAssertionUnderCurrentNormalization,4598,[],,[]
JURONG EAST,280,TOH GUAN RD,21,Unmatched,Missing,NoPostalAssertionUnderCurrentNormalization,4631,[],,[]
JURONG EAST,281,TOH GUAN RD,28,Unmatched,Missing,NoPostalAssertionUnderCurrentNormalization,4640,[],,[]
JURONG EAST,282,TOH GUAN RD,22,Unmatched,Missing,NoPostalAssertionUnderCurrentNormalization,4648,[],,[]
JURONG EAST,283,TOH GUAN RD,13,Unmatched,Missing,NoPostalAssertionUnderCurrentNormalization,4658,[],,[]
JURONG EAST,284,TOH GUAN RD,24,Unmatched,Missing,NoPostalAssertionUnderCurrentNormalization,4664,[],,[]
JURONG EAST,285A,TOH GUAN RD,26,Unmatched,Missing,NoPostalAssertionUnderCurrentNormalization,4672,[],,[]
JURONG EAST,285B,TOH GUAN RD,20,Unmatched,Missing,NoPostalAssertionUnderCurrentNormalization,4673,[],,[]
JURONG EAST,285C,TOH GUAN RD,21,Unmatched,Missing,NoPostalAssertionUnderCurrentNormalization,4674,[],,[]
JURONG EAST,285D,TOH GUAN RD,21,Unmatched,Missing,NoPostalAssertionUnderCurrentNormalization,4675,[],,[]
JURONG EAST,286A,TOH GUAN RD,22,Unmatched,Missing,NoPostalAssertionUnderCurrentNormalization,4684,[],,[]
JURONG EAST,286B,TOH GUAN RD,20,Unmatched,Missing,NoPostalAssertionUnderCurrentNormalization,4686,[],,[]
JURONG EAST,286C,TOH GUAN RD,21,Unmatched,Missing,NoPostalAssertionUnderCurrentNormalization,4688,[],,[]
JURONG EAST,286D,TOH GUAN RD,26,Unmatched,Missing,NoPostalAssertionUnderCurrentNormalization,4689,[],,[]
JURONG EAST,287A,JURONG EAST ST 21,29,Unmatched,Missing,NoPostalAssertionUnderCurrentNormalization,4698,[],,[]
JURONG EAST,287B,JURONG EAST ST 21,29,Unmatched,Missing,NoPostalAssertionUnderCurrentNormalization,4700,[],,[]
JURONG EAST,287C,JURONG EAST ST 21,25,Unmatched,Missing,NoPostalAssertionUnderCurrentNormalization,4702,[],,[]
JURONG EAST,287D,JURONG EAST ST 21,24,Unmatched,Missing,NoPostalAssertionUnderCurrentNormalization,4703,[],,[]
JURONG EAST,288A,JURONG EAST ST 21,24,Unmatched,Missing,NoPostalAssertionUnderCurrentNormalization,4713,[],,[]
JURONG EAST,288B,JURONG EAST ST 21,18,Unmatched,Missing,NoPostalAssertionUnderCurrentNormalization,4717,[],,[]
JURONG EAST,288C,JURONG EAST ST 21,17,Unmatched,Missing,NoPostalAssertionUnderCurrentNormalization,4721,[],,[]
JURONG EAST,288D,JURONG EAST ST 21,22,Unmatched,Missing,NoPostalAssertionUnderCurrentNormalization,4724,[],,[]
JURONG EAST,288E,JURONG EAST ST 21,19,Unmatched,Missing,NoPostalAssertionUnderCurrentNormalization,4726,[],,[]
JURONG EAST,30,TEBAN GDNS RD,19,Unmatched,Missing,NoPostalAssertionUnderCurrentNormalization,4949,[],,[]
JURONG EAST,301,JURONG EAST ST 32,37,Unmatched,Missing,NoPostalAssertionUnderCurrentNormalization,4966,[],,[]
JURONG EAST,302,JURONG EAST ST 32,39,Unmatched,Missing,NoPostalAssertionUnderCurrentNormalization,4993,[],,[]
JURONG EAST,303,JURONG EAST ST 32,17,Unmatched,Missing,NoPostalAssertionUnderCurrentNormalization,5021,[],,[]
JURONG EAST,304,JURONG EAST ST 32,43,Unmatched,Missing,NoPostalAssertionUnderCurrentNormalization,5042,[],,[]
JURONG EAST,305,JURONG EAST ST 32,22,Unmatched,Missing,NoPostalAssertionUnderCurrentNormalization,5061,[],,[]
JURONG EAST,306,JURONG EAST ST 32,46,Unmatched,Missing,NoPostalAssertionUnderCurrentNormalization,5084,[],,[]
JURONG EAST,307,JURONG EAST ST 32,18,Unmatched,Missing,NoPostalAssertionUnderCurrentNormalization,5114,[],,[]
JURONG EAST,308,JURONG EAST ST 32,31,Unmatched,Missing,NoPostalAssertionUnderCurrentNormalization,5139,[],,[]
JURONG EAST,309,JURONG EAST ST 32,19,Unmatched,Missing,NoPostalAssertionUnderCurrentNormalization,5164,[],,[]
JURONG EAST,31,TEBAN GDNS RD,17,Unmatched,Missing,NoPostalAssertionUnderCurrentNormalization,5191,[],,[]
JURONG EAST,310,JURONG EAST ST 32,11,Unmatched,Missing,NoPostalAssertionUnderCurrentNormalization,5203,[],,[]
JURONG EAST,311,JURONG EAST ST 32,16,Unmatched,Missing,NoPostalAssertionUnderCurrentNormalization,5225,[],,[]
JURONG EAST,312,JURONG EAST ST 32,24,Unmatched,Missing,NoPostalAssertionUnderCurrentNormalization,5246,[],,[]
JURONG EAST,313,JURONG EAST ST 32,29,Unmatched,Missing,NoPostalAssertionUnderCurrentNormalization,5268,[],,[]
JURONG EAST,314,JURONG EAST ST 32,15,Unmatched,Missing,NoPostalAssertionUnderCurrentNormalization,5288,[],,[]
JURONG EAST,315,JURONG EAST ST 32,21,Unmatched,Missing,NoPostalAssertionUnderCurrentNormalization,5306,[],,[]
JURONG EAST,316,JURONG EAST ST 32,35,Unmatched,Missing,NoPostalAssertionUnderCurrentNormalization,5327,[],,[]
JURONG EAST,317,JURONG EAST ST 31,22,Unmatched,Missing,NoPostalAssertionUnderCurrentNormalization,5358,[],,[]
JURONG EAST,318,JURONG EAST ST 31,7,Unmatched,Missing,NoPostalAssertionUnderCurrentNormalization,5379,[],,[]
JURONG EAST,319,JURONG EAST ST 31,14,Unmatched,Missing,NoPostalAssertionUnderCurrentNormalization,5404,[],,[]
JURONG EAST,32,TEBAN GDNS RD,15,Unmatched,Missing,NoPostalAssertionUnderCurrentNormalization,5431,[],,[]
JURONG EAST,320,JURONG EAST ST 31,24,Unmatched,Missing,NoPostalAssertionUnderCurrentNormalization,5443,[],,[]
JURONG EAST,321,JURONG EAST ST 31,21,Unmatched,Missing,NoPostalAssertionUnderCurrentNormalization,5458,[],,[]
JURONG EAST,322,JURONG EAST ST 31,23,Unmatched,Missing,NoPostalAssertionUnderCurrentNormalization,5473,[],,[]
JURONG EAST,322A,JURONG EAST ST 31,14,Unmatched,Missing,NoPostalAssertionUnderCurrentNormalization,5484,[],,[]
JURONG EAST,323,JURONG EAST ST 31,22,Unmatched,Missing,NoPostalAssertionUnderCurrentNormalization,5498,[],,[]
JURONG EAST,324,JURONG EAST ST 31,15,Unmatched,Missing,NoPostalAssertionUnderCurrentNormalization,5523,[],,[]
JURONG EAST,325,JURONG EAST ST 31,18,Unmatched,Missing,NoPostalAssertionUnderCurrentNormalization,5545,[],,[]
JURONG EAST,326,JURONG EAST ST 31,1,Unmatched,Missing,NoPostalAssertionUnderCurrentNormalization,5570,[],,[]
JURONG EAST,327,JURONG EAST ST 31,22,Unmatched,Missing,NoPostalAssertionUnderCurrentNormalization,5591,[],,[]
JURONG EAST,328,JURONG EAST ST 31,10,Unmatched,Missing,NoPostalAssertionUnderCurrentNormalization,5610,[],,[]
JURONG EAST,33,TEBAN GDNS RD,21,Unmatched,Missing,NoPostalAssertionUnderCurrentNormalization,5647,[],,[]
JURONG EAST,331,JURONG EAST AVE 1,22,Unmatched,Missing,NoPostalAssertionUnderCurrentNormalization,5671,[],,[]
JURONG EAST,333,JURONG EAST AVE 1,5,Unmatched,Missing,NoPostalAssertionUnderCurrentNormalization,5705,[],,[]
JURONG EAST,336,JURONG EAST AVE 1,31,Unmatched,Missing,NoPostalAssertionUnderCurrentNormalization,5771,[],,[]
JURONG EAST,34,TEBAN GDNS RD,23,Unmatched,Missing,NoPostalAssertionUnderCurrentNormalization,5863,[],,[]
JURONG EAST,345,JURONG EAST ST 31,2,Unmatched,Missing,NoPostalAssertionUnderCurrentNormalization,5931,[],,[]
JURONG EAST,35,TEBAN GDNS RD,21,Unmatched,Missing,NoPostalAssertionUnderCurrentNormalization,5994,[],,[]
JURONG EAST,351,JURONG EAST ST 31,1,Unmatched,Missing,NoPostalAssertionUnderCurrentNormalization,6026,[],,[]
JURONG EAST,36,TEBAN GDNS RD,31,Unmatched,Missing,NoPostalAssertionUnderCurrentNormalization,6178,[],,[]
JURONG EAST,37,TEBAN GDNS RD,12,Unmatched,Missing,NoPostalAssertionUnderCurrentNormalization,6287,[],,[]
JURONG EAST,371,JURONG EAST ST 32,67,Unmatched,Missing,NoPostalAssertionUnderCurrentNormalization,6310,[],,[]
JURONG EAST,372,JURONG EAST ST 32,72,Unmatched,Missing,NoPostalAssertionUnderCurrentNormalization,6320,[],,[]
JURONG EAST,38,TEBAN GDNS RD,3,Unmatched,Missing,NoPostalAssertionUnderCurrentNormalization,6401,[],,[]
JURONG EAST,39,TEBAN GDNS RD,8,Unmatched,Missing,NoPostalAssertionUnderCurrentNormalization,6470,[],,[]
JURONG EAST,40,TEBAN GDNS RD,14,Unmatched,Missing,NoPostalAssertionUnderCurrentNormalization,6550,[],,[]
JURONG EAST,401,PANDAN GDNS,12,Unmatched,Missing,NoPostalAssertionUnderCurrentNormalization,6575,[],,[]
JURONG EAST,402,PANDAN GDNS,16,Unmatched,Missing,NoPostalAssertionUnderCurrentNormalization,6602,[],,[]
JURONG EAST,403,PANDAN GDNS,21,Unmatched,Missing,NoPostalAssertionUnderCurrentNormalization,6624,[],,[]
JURONG EAST,404,PANDAN GDNS,21,Unmatched,Missing,NoPostalAssertionUnderCurrentNormalization,6646,[],,[]
JURONG EAST,405,PANDAN GDNS,11,Unmatched,Missing,NoPostalAssertionUnderCurrentNormalization,6667,[],,[]
JURONG EAST,406,PANDAN GDNS,19,Unmatched,Missing,NoPostalAssertionUnderCurrentNormalization,6686,[],,[]
JURONG EAST,407,PANDAN GDNS,19,Unmatched,Missing,NoPostalAssertionUnderCurrentNormalization,6712,[],,[]
JURONG EAST,408,PANDAN GDNS,9,Unmatched,Missing,NoPostalAssertionUnderCurrentNormalization,6730,[],,[]
JURONG EAST,409,PANDAN GDNS,15,Unmatched,Missing,NoPostalAssertionUnderCurrentNormalization,6752,[],,[]
JURONG EAST,41,TEBAN GDNS RD,18,Unmatched,Missing,NoPostalAssertionUnderCurrentNormalization,6778,[],,[]
JURONG EAST,410,PANDAN GDNS,42,Unmatched,Missing,NoPostalAssertionUnderCurrentNormalization,6792,[],,[]
JURONG EAST,411,PANDAN GDNS,32,Unmatched,Missing,NoPostalAssertionUnderCurrentNormalization,6818,[],,[]
JURONG EAST,412,PANDAN GDNS,26,Unmatched,Missing,NoPostalAssertionUnderCurrentNormalization,6839,[],,[]
JURONG EAST,413,PANDAN GDNS,25,Unmatched,Missing,NoPostalAssertionUnderCurrentNormalization,6859,[],,[]
JURONG EAST,414,PANDAN GDNS,17,Unmatched,Missing,NoPostalAssertionUnderCurrentNormalization,6883,[],,[]
JURONG EAST,415,PANDAN GDNS,4,Unmatched,Missing,NoPostalAssertionUnderCurrentNormalization,6903,[],,[]
JURONG EAST,416,PANDAN GDNS,11,Unmatched,Missing,NoPostalAssertionUnderCurrentNormalization,6929,[],,[]
JURONG EAST,43,TEBAN GDNS RD,16,Unmatched,Missing,NoPostalAssertionUnderCurrentNormalization,7195,[],,[]
JURONG EAST,44,TEBAN GDNS RD,16,Unmatched,Missing,NoPostalAssertionUnderCurrentNormalization,7388,[],,[]
JURONG EAST,45,TEBAN GDNS RD,6,Unmatched,Missing,NoPostalAssertionUnderCurrentNormalization,7602,[],,[]
JURONG EAST,46,TEBAN GDNS RD,7,Unmatched,Missing,NoPostalAssertionUnderCurrentNormalization,7780,[],,[]
JURONG EAST,47,TEBAN GDNS RD,18,Unmatched,Missing,NoPostalAssertionUnderCurrentNormalization,7994,[],,[]
JURONG EAST,48,TEBAN GDNS RD,16,Unmatched,Missing,NoPostalAssertionUnderCurrentNormalization,8157,[],,[]
JURONG EAST,49,TEBAN GDNS RD,1,Unmatched,Missing,NoPostalAssertionUnderCurrentNormalization,8278,[],,[]
JURONG EAST,50,TEBAN GDNS RD,29,Unmatched,Missing,NoPostalAssertionUnderCurrentNormalization,8431,[],,[]
JURONG EAST,51,TEBAN GDNS RD,11,Unmatched,Missing,NoPostalAssertionUnderCurrentNormalization,8649,[],,[]
JURONG EAST,52,TEBAN GDNS RD,31,Unmatched,Missing,NoPostalAssertionUnderCurrentNormalization,8824,[],,[]
JURONG EAST,53,TEBAN GDNS RD,15,Unmatched,Missing,NoPostalAssertionUnderCurrentNormalization,8979,[],,[]
JURONG EAST,54,TEBAN GDNS RD,8,Unmatched,Missing,NoPostalAssertionUnderCurrentNormalization,9124,[],,[]
JURONG EAST,55,TEBAN GDNS RD,46,Unmatched,Missing,NoPostalAssertionUnderCurrentNormalization,9254,[],,[]
JURONG EAST,56,TEBAN GDNS RD,36,Unmatched,Missing,NoPostalAssertionUnderCurrentNormalization,9355,[],,[]
JURONG EAST,57,TEBAN GDNS RD,65,Unmatched,Missing,NoPostalAssertionUnderCurrentNormalization,9434,[],,[]
JURONG EAST,60,TEBAN GDNS RD,20,Unmatched,Missing,NoPostalAssertionUnderCurrentNormalization,9665,[],,[]
JURONG EAST,62,TEBAN GDNS RD,21,Unmatched,Missing,NoPostalAssertionUnderCurrentNormalization,10002,[],,[]
JURONG EAST,63,TEBAN GDNS RD,29,Unmatched,Missing,NoPostalAssertionUnderCurrentNormalization,10167,[],,[]
JURONG EAST,64,TEBAN GDNS RD,26,Unmatched,Missing,NoPostalAssertionUnderCurrentNormalization,10371,[],,[]
JURONG EAST,65,TEBAN GDNS RD,23,Unmatched,Missing,NoPostalAssertionUnderCurrentNormalization,10530,[],,[]
JURONG WEST,111,HO CHING RD,25,Unmatched,Missing,NoPostalAssertionUnderCurrentNormalization,552,[],,[]
JURONG WEST,112,HO CHING RD,25,Unmatched,Missing,NoPostalAssertionUnderCurrentNormalization,588,[],,[]
JURONG WEST,113,TAO CHING RD,28,Unmatched,Missing,NoPostalAssertionUnderCurrentNormalization,642,[],,[]
JURONG WEST,114,HO CHING RD,36,Unmatched,Missing,NoPostalAssertionUnderCurrentNormalization,670,[],,[]
JURONG WEST,115,HO CHING RD,17,Unmatched,Missing,NoPostalAssertionUnderCurrentNormalization,708,[],,[]
JURONG WEST,119,HO CHING RD,46,Unmatched,Missing,NoPostalAssertionUnderCurrentNormalization,865,[],,[]
JURONG WEST,120,HO CHING RD,44,Unmatched,Missing,NoPostalAssertionUnderCurrentNormalization,937,[],,[]
JURONG WEST,121,YUAN CHING RD,53,Unmatched,Missing,NoPostalAssertionUnderCurrentNormalization,993,[],,[]
JURONG WEST,122,YUAN CHING RD,34,Unmatched,Missing,NoPostalAssertionUnderCurrentNormalization,1033,[],,[]
JURONG WEST,138A,YUAN CHING RD,57,Unmatched,Missing,NoPostalAssertionUnderCurrentNormalization,1512,[],,[]
JURONG WEST,138B,YUAN CHING RD,55,Unmatched,Missing,NoPostalAssertionUnderCurrentNormalization,1514,[],,[]
JURONG WEST,138C,YUAN CHING RD,58,Unmatched,Missing,NoPostalAssertionUnderCurrentNormalization,1516,[],,[]
JURONG WEST,138D,YUAN CHING RD,59,Unmatched,Missing,NoPostalAssertionUnderCurrentNormalization,1517,[],,[]
JURONG WEST,140A,CORPORATION DR,26,Unmatched,Missing,NoPostalAssertionUnderCurrentNormalization,1582,[],,[]
JURONG WEST,140B,CORPORATION DR,45,Unmatched,Missing,NoPostalAssertionUnderCurrentNormalization,1583,[],,[]
JURONG WEST,140C,CORPORATION DR,48,Unmatched,Missing,NoPostalAssertionUnderCurrentNormalization,1584,[],,[]
JURONG WEST,140D,CORPORATION DR,35,Unmatched,Missing,NoPostalAssertionUnderCurrentNormalization,1585,[],,[]
JURONG WEST,150A,CORPORATION DR,62,Unmatched,Missing,NoPostalAssertionUnderCurrentNormalization,1789,[],,[]
JURONG WEST,151,YUNG HO RD,13,Unmatched,Missing,NoPostalAssertionUnderCurrentNormalization,1806,[],,[]
JURONG WEST,152,YUNG HO RD,15,Unmatched,Missing,NoPostalAssertionUnderCurrentNormalization,1824,[],,[]
JURONG WEST,153,YUNG HO RD,22,Unmatched,Missing,NoPostalAssertionUnderCurrentNormalization,1847,[],,[]
JURONG WEST,154,YUNG HO RD,17,Unmatched,Missing,NoPostalAssertionUnderCurrentNormalization,1869,[],,[]
JURONG WEST,155,YUNG LOH RD,9,Unmatched,Missing,NoPostalAssertionUnderCurrentNormalization,1888,[],,[]
JURONG WEST,156,YUNG LOH RD,10,Unmatched,Missing,NoPostalAssertionUnderCurrentNormalization,1905,[],,[]
JURONG WEST,157,YUNG LOH RD,13,Unmatched,Missing,NoPostalAssertionUnderCurrentNormalization,1927,[],,[]
JURONG WEST,158,YUNG LOH RD,29,Unmatched,Missing,NoPostalAssertionUnderCurrentNormalization,1950,[],,[]
JURONG WEST,159,YUNG PING RD,19,Unmatched,Missing,NoPostalAssertionUnderCurrentNormalization,1971,[],,[]
JURONG WEST,160,YUNG PING RD,8,Unmatched,Missing,NoPostalAssertionUnderCurrentNormalization,2009,[],,[]
JURONG WEST,161,YUNG PING RD,20,Unmatched,Missing,NoPostalAssertionUnderCurrentNormalization,2028,[],,[]
JURONG WEST,162,YUNG PING RD,14,Unmatched,Missing,NoPostalAssertionUnderCurrentNormalization,2049,[],,[]
JURONG WEST,163,YUNG PING RD,21,Unmatched,Missing,NoPostalAssertionUnderCurrentNormalization,2067,[],,[]
JURONG WEST,164A,YUNG KUANG RD,15,Unmatched,Missing,NoPostalAssertionUnderCurrentNormalization,2091,[],,[]
JURONG WEST,165A,YUNG KUANG RD,23,Unmatched,Missing,NoPostalAssertionUnderCurrentNormalization,2109,[],,[]
JURONG WEST,165B,YUNG KUANG RD,38,Unmatched,Missing,NoPostalAssertionUnderCurrentNormalization,2111,[],,[]
JURONG WEST,166A,YUNG KUANG RD,40,Unmatched,Missing,NoPostalAssertionUnderCurrentNormalization,2129,[],,[]
JURONG WEST,166B,YUNG KUANG RD,38,Unmatched,Missing,NoPostalAssertionUnderCurrentNormalization,2132,[],,[]
JURONG WEST,174,BOON LAY DR,40,Unmatched,Missing,NoPostalAssertionUnderCurrentNormalization,2291,[],,[]
JURONG WEST,175,BOON LAY DR,30,Unmatched,Missing,NoPostalAssertionUnderCurrentNormalization,2310,[],,[]
JURONG WEST,175A,YUNG KUANG RD,65,Unmatched,Missing,NoPostalAssertionUnderCurrentNormalization,2324,[],,[]
JURONG WEST,175B,YUNG KUANG RD,32,Unmatched,Missing,NoPostalAssertionUnderCurrentNormalization,2328,[],,[]
JURONG WEST,175C,YUNG KUANG RD,20,Unmatched,Missing,NoPostalAssertionUnderCurrentNormalization,2330,[],,[]
JURONG WEST,176,BOON LAY DR,40,Unmatched,Missing,NoPostalAssertionUnderCurrentNormalization,2334,[],,[]
JURONG WEST,177,YUNG SHENG RD,27,Unmatched,Missing,NoPostalAssertionUnderCurrentNormalization,2354,[],,[]
JURONG WEST,178,YUNG SHENG RD,14,Unmatched,Missing,NoPostalAssertionUnderCurrentNormalization,2367,[],,[]
JURONG WEST,179,YUNG SHENG RD,15,Unmatched,Missing,NoPostalAssertionUnderCurrentNormalization,2384,[],,[]
JURONG WEST,180,YUNG SHENG RD,40,Unmatched,Missing,NoPostalAssertionUnderCurrentNormalization,2434,[],,[]
JURONG WEST,180A,BOON LAY DR,64,Unmatched,Missing,NoPostalAssertionUnderCurrentNormalization,2435,[],,[]
JURONG WEST,180B,BOON LAY DR,50,Unmatched,Missing,NoPostalAssertionUnderCurrentNormalization,2440,[],,[]
JURONG WEST,180C,BOON LAY DR,44,Unmatched,Missing,NoPostalAssertionUnderCurrentNormalization,2443,[],,[]
JURONG WEST,181,YUNG SHENG RD,27,Unmatched,Missing,NoPostalAssertionUnderCurrentNormalization,2459,[],,[]
JURONG WEST,181A,BOON LAY DR,72,Unmatched,Missing,NoPostalAssertionUnderCurrentNormalization,2460,[],,[]
JURONG WEST,181B,BOON LAY DR,58,Unmatched,Missing,NoPostalAssertionUnderCurrentNormalization,2463,[],,[]
JURONG WEST,182,YUNG SHENG RD,14,Unmatched,Missing,NoPostalAssertionUnderCurrentNormalization,2477,[],,[]
JURONG WEST,183,YUNG SHENG RD,16,Unmatched,Missing,NoPostalAssertionUnderCurrentNormalization,2496,[],,[]
JURONG WEST,183A,BOON LAY AVE,59,Unmatched,Missing,NoPostalAssertionUnderCurrentNormalization,2497,[],,[]
JURONG WEST,183B,BOON LAY AVE,39,Unmatched,Missing,NoPostalAssertionUnderCurrentNormalization,2502,[],,[]
JURONG WEST,183C,BOON LAY AVE,56,Unmatched,Missing,NoPostalAssertionUnderCurrentNormalization,2505,[],,[]
JURONG WEST,183D,BOON LAY AVE,50,Unmatched,Missing,NoPostalAssertionUnderCurrentNormalization,2508,[],,[]
JURONG WEST,184,YUNG SHENG RD,31,Unmatched,Missing,NoPostalAssertionUnderCurrentNormalization,2520,[],,[]
JURONG WEST,185,BOON LAY AVE,121,Unmatched,Missing,NoPostalAssertionUnderCurrentNormalization,2529,[],,[]
JURONG WEST,186,BOON LAY AVE,103,Unmatched,Missing,NoPostalAssertionUnderCurrentNormalization,2548,[],,[]
JURONG WEST,187,BOON LAY AVE,134,Unmatched,Missing,NoPostalAssertionUnderCurrentNormalization,2563,[],,[]
JURONG WEST,188,BOON LAY DR,9,Unmatched,Missing,NoPostalAssertionUnderCurrentNormalization,2576,[],,[]
JURONG WEST,191,BOON LAY DR,20,Unmatched,Missing,NoPostalAssertionUnderCurrentNormalization,2645,[],,[]
JURONG WEST,196A,BOON LAY DR,25,Unmatched,Missing,NoPostalAssertionUnderCurrentNormalization,2696,[],,[]
JURONG WEST,196B,BOON LAY DR,47,Unmatched,Missing,NoPostalAssertionUnderCurrentNormalization,2698,[],,[]
JURONG WEST,197A,BOON LAY DR,36,Unmatched,Missing,NoPostalAssertionUnderCurrentNormalization,2706,[],,[]
JURONG WEST,197B,BOON LAY DR,45,Unmatched,Missing,NoPostalAssertionUnderCurrentNormalization,2708,[],,[]
JURONG WEST,197C,BOON LAY DR,26,Unmatched,Missing,NoPostalAssertionUnderCurrentNormalization,2710,[],,[]
JURONG WEST,197D,BOON LAY DR,37,Unmatched,Missing,NoPostalAssertionUnderCurrentNormalization,2711,[],,[]
JURONG WEST,198,BOON LAY DR,7,Unmatched,Missing,NoPostalAssertionUnderCurrentNormalization,2712,[],,[]
JURONG WEST,199,BOON LAY DR,13,Unmatched,Missing,NoPostalAssertionUnderCurrentNormalization,2715,[],,[]
JURONG WEST,200,BOON LAY DR,13,Unmatched,Missing,NoPostalAssertionUnderCurrentNormalization,2807,[],,[]
JURONG WEST,201,BOON LAY DR,8,Unmatched,Missing,NoPostalAssertionUnderCurrentNormalization,2818,[],,[]
JURONG WEST,202,BOON LAY DR,7,Unmatched,Missing,NoPostalAssertionUnderCurrentNormalization,2855,[],,[]
JURONG WEST,203,BOON LAY DR,8,Unmatched,Missing,NoPostalAssertionUnderCurrentNormalization,2880,[],,[]
JURONG WEST,204,BOON LAY DR,10,Unmatched,Missing,NoPostalAssertionUnderCurrentNormalization,2906,[],,[]
JURONG WEST,205,BOON LAY DR,2,Unmatched,Missing,NoPostalAssertionUnderCurrentNormalization,2934,[],,[]
JURONG WEST,206,BOON LAY DR,8,Unmatched,Missing,NoPostalAssertionUnderCurrentNormalization,2956,[],,[]
JURONG WEST,207,BOON LAY PL,35,Unmatched,Missing,NoPostalAssertionUnderCurrentNormalization,2983,[],,[]
JURONG WEST,208,BOON LAY PL,111,Unmatched,Missing,NoPostalAssertionUnderCurrentNormalization,3016,[],,[]
JURONG WEST,209,BOON LAY PL,83,Unmatched,Missing,NoPostalAssertionUnderCurrentNormalization,3050,[],,[]
JURONG WEST,210,BOON LAY PL,82,Unmatched,Missing,NoPostalAssertionUnderCurrentNormalization,3100,[],,[]
JURONG WEST,211,BOON LAY PL,113,Unmatched,Missing,NoPostalAssertionUnderCurrentNormalization,3129,[],,[]
JURONG WEST,212,BOON LAY PL,17,Unmatched,Missing,NoPostalAssertionUnderCurrentNormalization,3159,[],,[]
JURONG WEST,213,BOON LAY PL,28,Unmatched,Missing,NoPostalAssertionUnderCurrentNormalization,3190,[],,[]
JURONG WEST,214,BOON LAY PL,25,Unmatched,Missing,NoPostalAssertionUnderCurrentNormalization,3216,[],,[]
JURONG WEST,215,BOON LAY PL,23,Unmatched,Missing,NoPostalAssertionUnderCurrentNormalization,3237,[],,[]
JURONG WEST,216A,BOON LAY AVE,19,Unmatched,Missing,NoPostalAssertionUnderCurrentNormalization,3276,[],,[]
JURONG WEST,216B,BOON LAY AVE,34,Unmatched,Missing,NoPostalAssertionUnderCurrentNormalization,3281,[],,[]
JURONG WEST,217A,BOON LAY AVE,24,Unmatched,Missing,NoPostalAssertionUnderCurrentNormalization,3308,[],,[]
JURONG WEST,217B,BOON LAY AVE,32,Unmatched,Missing,NoPostalAssertionUnderCurrentNormalization,3314,[],,[]
JURONG WEST,218A,BOON LAY AVE,15,Unmatched,Missing,NoPostalAssertionUnderCurrentNormalization,3336,[],,[]
JURONG WEST,218B,BOON LAY AVE,32,Unmatched,Missing,NoPostalAssertionUnderCurrentNormalization,3337,[],,[]
JURONG WEST,218C,BOON LAY AVE,23,Unmatched,Missing,NoPostalAssertionUnderCurrentNormalization,3338,[],,[]
JURONG WEST,218D,BOON LAY AVE,14,Unmatched,Missing,NoPostalAssertionUnderCurrentNormalization,3339,[],,[]
JURONG WEST,221,BOON LAY PL,8,Unmatched,Missing,NoPostalAssertionUnderCurrentNormalization,3415,[],,[]
JURONG WEST,257,BOON LAY DR,5,Unmatched,Missing,NoPostalAssertionUnderCurrentNormalization,4141,[],,[]
JURONG WEST,258,BOON LAY DR,9,Unmatched,Missing,NoPostalAssertionUnderCurrentNormalization,4159,[],,[]
JURONG WEST,259,BOON LAY DR,5,Unmatched,Missing,NoPostalAssertionUnderCurrentNormalization,4179,[],,[]
JURONG WEST,260,BOON LAY DR,8,Unmatched,Missing,NoPostalAssertionUnderCurrentNormalization,4221,[],,[]
JURONG WEST,261,BOON LAY DR,14,Unmatched,Missing,NoPostalAssertionUnderCurrentNormalization,4239,[],,[]
JURONG WEST,262,BOON LAY DR,12,Unmatched,Missing,NoPostalAssertionUnderCurrentNormalization,4258,[],,[]
JURONG WEST,263,BOON LAY DR,16,Unmatched,Missing,NoPostalAssertionUnderCurrentNormalization,4273,[],,[]
JURONG WEST,264,BOON LAY DR,4,Unmatched,Missing,NoPostalAssertionUnderCurrentNormalization,4284,[],,[]
JURONG WEST,265,BOON LAY DR,9,Unmatched,Missing,NoPostalAssertionUnderCurrentNormalization,4301,[],,[]
JURONG WEST,266,BOON LAY DR,9,Unmatched,Missing,NoPostalAssertionUnderCurrentNormalization,4320,[],,[]
JURONG WEST,267,BOON LAY DR,11,Unmatched,Missing,NoPostalAssertionUnderCurrentNormalization,4340,[],,[]
JURONG WEST,268A,BOON LAY DR,22,Unmatched,Missing,NoPostalAssertionUnderCurrentNormalization,4368,[],,[]
JURONG WEST,268B,BOON LAY DR,15,Unmatched,Missing,NoPostalAssertionUnderCurrentNormalization,4373,[],,[]
JURONG WEST,268C,BOON LAY DR,25,Unmatched,Missing,NoPostalAssertionUnderCurrentNormalization,4376,[],,[]
JURONG WEST,271A,JURONG WEST ST 24,26,Unmatched,Missing,NoPostalAssertionUnderCurrentNormalization,4451,[],,[]
JURONG WEST,271B,JURONG WEST ST 24,21,Unmatched,Missing,NoPostalAssertionUnderCurrentNormalization,4454,[],,[]
JURONG WEST,271C,JURONG WEST ST 24,18,Unmatched,Missing,NoPostalAssertionUnderCurrentNormalization,4457,[],,[]
JURONG WEST,271D,JURONG WEST ST 24,19,Unmatched,Missing,NoPostalAssertionUnderCurrentNormalization,4460,[],,[]
JURONG WEST,272A,JURONG WEST ST 24,18,Unmatched,Missing,NoPostalAssertionUnderCurrentNormalization,4473,[],,[]
JURONG WEST,272B,JURONG WEST ST 24,29,Unmatched,Missing,NoPostalAssertionUnderCurrentNormalization,4477,[],,[]
JURONG WEST,272C,JURONG WEST ST 24,22,Unmatched,Missing,NoPostalAssertionUnderCurrentNormalization,4480,[],,[]
JURONG WEST,272D,JURONG WEST ST 24,29,Unmatched,Missing,NoPostalAssertionUnderCurrentNormalization,4483,[],,[]
JURONG WEST,274A,JURONG WEST AVE 3,28,Unmatched,Missing,NoPostalAssertionUnderCurrentNormalization,4526,[],,[]
JURONG WEST,274B,JURONG WEST ST 25,30,Unmatched,Missing,NoPostalAssertionUnderCurrentNormalization,4530,[],,[]
JURONG WEST,274C,JURONG WEST ST 25,35,Unmatched,Missing,NoPostalAssertionUnderCurrentNormalization,4533,[],,[]
JURONG WEST,275A,JURONG WEST ST 25,34,Unmatched,Missing,NoPostalAssertionUnderCurrentNormalization,4550,[],,[]
JURONG WEST,275B,JURONG WEST ST 25,32,Unmatched,Missing,NoPostalAssertionUnderCurrentNormalization,4553,[],,[]
JURONG WEST,275C,JURONG WEST ST 25,32,Unmatched,Missing,NoPostalAssertionUnderCurrentNormalization,4555,[],,[]
JURONG WEST,275D,JURONG WEST ST 25,24,Unmatched,Missing,NoPostalAssertionUnderCurrentNormalization,4557,[],,[]
JURONG WEST,276A,JURONG WEST ST 25,29,Unmatched,Missing,NoPostalAssertionUnderCurrentNormalization,4567,[],,[]
JURONG WEST,276C,JURONG WEST ST 25,32,Unmatched,Missing,NoPostalAssertionUnderCurrentNormalization,4569,[],,[]
JURONG WEST,276D,JURONG WEST ST 25,30,Unmatched,Missing,NoPostalAssertionUnderCurrentNormalization,4570,[],,[]
JURONG WEST,321,TAH CHING RD,11,Unmatched,Missing,NoPostalAssertionUnderCurrentNormalization,5463,[],,[]
JURONG WEST,322,TAH CHING RD,7,Unmatched,Missing,NoPostalAssertionUnderCurrentNormalization,5477,[],,[]
JURONG WEST,323,TAH CHING RD,11,Unmatched,Missing,NoPostalAssertionUnderCurrentNormalization,5502,[],,[]
JURONG WEST,324,TAH CHING RD,17,Unmatched,Missing,NoPostalAssertionUnderCurrentNormalization,5528,[],,[]
JURONG WEST,325,TAH CHING RD,14,Unmatched,Missing,NoPostalAssertionUnderCurrentNormalization,5551,[],,[]
JURONG WEST,326,TAH CHING RD,12,Unmatched,Missing,NoPostalAssertionUnderCurrentNormalization,5574,[],,[]
JURONG WEST,327,TAH CHING RD,10,Unmatched,Missing,NoPostalAssertionUnderCurrentNormalization,5595,[],,[]
JURONG WEST,328,TAH CHING RD,17,Unmatched,Missing,NoPostalAssertionUnderCurrentNormalization,5614,[],,[]
JURONG WEST,329,TAH CHING RD,15,Unmatched,Missing,NoPostalAssertionUnderCurrentNormalization,5627,[],,[]
JURONG WEST,330,TAH CHING RD,13,Unmatched,Missing,NoPostalAssertionUnderCurrentNormalization,5660,[],,[]
JURONG WEST,331,TAH CHING RD,14,Unmatched,Missing,NoPostalAssertionUnderCurrentNormalization,5675,[],,[]
JURONG WEST,332,TAH CHING RD,7,Unmatched,Missing,NoPostalAssertionUnderCurrentNormalization,5693,[],,[]
JURONG WEST,333,KANG CHING RD,16,Unmatched,Missing,NoPostalAssertionUnderCurrentNormalization,5706,[],,[]
JURONG WEST,334,KANG CHING RD,9,Unmatched,Missing,NoPostalAssertionUnderCurrentNormalization,5728,[],,[]
JURONG WEST,335,KANG CHING RD,16,Unmatched,Missing,NoPostalAssertionUnderCurrentNormalization,5750,[],,[]
JURONG WEST,336,TAH CHING RD,7,Unmatched,Missing,NoPostalAssertionUnderCurrentNormalization,5775,[],,[]
JURONG WEST,337A,TAH CHING RD,35,Unmatched,Missing,NoPostalAssertionUnderCurrentNormalization,5800,[],,[]
JURONG WEST,337B,TAH CHING RD,22,Unmatched,Missing,NoPostalAssertionUnderCurrentNormalization,5802,[],,[]
JURONG WEST,337C,TAH CHING RD,23,Unmatched,Missing,NoPostalAssertionUnderCurrentNormalization,5804,[],,[]
JURONG WEST,337D,TAH CHING RD,29,Unmatched,Missing,NoPostalAssertionUnderCurrentNormalization,5806,[],,[]
JURONG WEST,338A,TAH CHING RD,19,Unmatched,Missing,NoPostalAssertionUnderCurrentNormalization,5820,[],,[]
JURONG WEST,338B,KANG CHING RD,25,Unmatched,Missing,NoPostalAssertionUnderCurrentNormalization,5823,[],,[]
JURONG WEST,339A,KANG CHING RD,34,Unmatched,Missing,NoPostalAssertionUnderCurrentNormalization,5841,[],,[]
JURONG WEST,339B,KANG CHING RD,33,Unmatched,Missing,NoPostalAssertionUnderCurrentNormalization,5845,[],,[]
JURONG WEST,339C,KANG CHING RD,30,Unmatched,Missing,NoPostalAssertionUnderCurrentNormalization,5848,[],,[]
JURONG WEST,339D,KANG CHING RD,34,Unmatched,Missing,NoPostalAssertionUnderCurrentNormalization,5849,[],,[]
JURONG WEST,345,KANG CHING RD,30,Unmatched,Missing,NoPostalAssertionUnderCurrentNormalization,5932,[],,[]
JURONG WEST,346,KANG CHING RD,18,Unmatched,Missing,NoPostalAssertionUnderCurrentNormalization,5942,[],,[]
JURONG WEST,347,KANG CHING RD,22,Unmatched,Missing,NoPostalAssertionUnderCurrentNormalization,5952,[],,[]
JURONG WEST,348,KANG CHING RD,31,Unmatched,Missing,NoPostalAssertionUnderCurrentNormalization,5965,[],,[]
JURONG WEST,349,CORPORATION DR,11,Unmatched,Missing,NoPostalAssertionUnderCurrentNormalization,5976,[],,[]
JURONG WEST,350,CORPORATION DR,7,Unmatched,Missing,NoPostalAssertionUnderCurrentNormalization,6007,[],,[]
JURONG WEST,351,CORPORATION DR,20,Unmatched,Missing,NoPostalAssertionUnderCurrentNormalization,6024,[],,[]
JURONG WEST,352,KANG CHING RD,17,Unmatched,Missing,NoPostalAssertionUnderCurrentNormalization,6047,[],,[]
JURONG WEST,353,KANG CHING RD,14,Unmatched,Missing,NoPostalAssertionUnderCurrentNormalization,6064,[],,[]
JURONG WEST,354,KANG CHING RD,14,Unmatched,Missing,NoPostalAssertionUnderCurrentNormalization,6081,[],,[]
JURONG WEST,355,KANG CHING RD,13,Unmatched,Missing,NoPostalAssertionUnderCurrentNormalization,6096,[],,[]
JURONG WEST,357,YUNG AN RD,8,Unmatched,Missing,NoPostalAssertionUnderCurrentNormalization,6130,[],,[]
JURONG WEST,358,YUNG AN RD,7,Unmatched,Missing,NoPostalAssertionUnderCurrentNormalization,6146,[],,[]
JURONG WEST,359,YUNG AN RD,17,Unmatched,Missing,NoPostalAssertionUnderCurrentNormalization,6160,[],,[]
JURONG WEST,360,YUNG AN RD,15,Unmatched,Missing,NoPostalAssertionUnderCurrentNormalization,6186,[],,[]
JURONG WEST,361,YUNG AN RD,18,Unmatched,Missing,NoPostalAssertionUnderCurrentNormalization,6196,[],,[]
JURONG WEST,362,YUNG AN RD,10,Unmatched,Missing,NoPostalAssertionUnderCurrentNormalization,6205,[],,[]
JURONG WEST,363,YUNG AN RD,7,Unmatched,Missing,NoPostalAssertionUnderCurrentNormalization,6216,[],,[]
JURONG WEST,365,CORPORATION DR,15,Unmatched,Missing,NoPostalAssertionUnderCurrentNormalization,6235,[],,[]
JURONG WEST,366,CORPORATION DR,15,Unmatched,Missing,NoPostalAssertionUnderCurrentNormalization,6250,[],,[]
JURONG WEST,367,CORPORATION DR,16,Unmatched,Missing,NoPostalAssertionUnderCurrentNormalization,6261,[],,[]
JURONG WEST,368,CORPORATION DR,19,Unmatched,Missing,NoPostalAssertionUnderCurrentNormalization,6267,[],,[]
JURONG WEST,369,YUNG AN RD,14,Unmatched,Missing,NoPostalAssertionUnderCurrentNormalization,6273,[],,[]
JURONG WEST,401,JURONG WEST ST 42,15,Unmatched,Missing,NoPostalAssertionUnderCurrentNormalization,6572,[],,[]
JURONG WEST,402,JURONG WEST ST 42,14,Unmatched,Missing,NoPostalAssertionUnderCurrentNormalization,6599,[],,[]
JURONG WEST,403,JURONG WEST ST 42,18,Unmatched,Missing,NoPostalAssertionUnderCurrentNormalization,6622,[],,[]
JURONG WEST,404,JURONG WEST ST 42,21,Unmatched,Missing,NoPostalAssertionUnderCurrentNormalization,6645,[],,[]
JURONG WEST,405,JURONG WEST ST 42,30,Unmatched,Missing,NoPostalAssertionUnderCurrentNormalization,6664,[],,[]
JURONG WEST,406,JURONG WEST ST 42,11,Unmatched,Missing,NoPostalAssertionUnderCurrentNormalization,6685,[],,[]
JURONG WEST,407,JURONG WEST ST 42,24,Unmatched,Missing,NoPostalAssertionUnderCurrentNormalization,6709,[],,[]
JURONG WEST,408,JURONG WEST ST 42,34,Unmatched,Missing,NoPostalAssertionUnderCurrentNormalization,6729,[],,[]
JURONG WEST,409,JURONG WEST ST 42,21,Unmatched,Missing,NoPostalAssertionUnderCurrentNormalization,6749,[],,[]
JURONG WEST,410,JURONG WEST ST 42,27,Unmatched,Missing,NoPostalAssertionUnderCurrentNormalization,6790,[],,[]
JURONG WEST,411,JURONG WEST ST 42,23,Unmatched,Missing,NoPostalAssertionUnderCurrentNormalization,6815,[],,[]
JURONG WEST,412,JURONG WEST ST 42,24,Unmatched,Missing,NoPostalAssertionUnderCurrentNormalization,6837,[],,[]
JURONG WEST,413,JURONG WEST ST 42,20,Unmatched,Missing,NoPostalAssertionUnderCurrentNormalization,6857,[],,[]
JURONG WEST,414,JURONG WEST ST 42,13,Unmatched,Missing,NoPostalAssertionUnderCurrentNormalization,6882,[],,[]
JURONG WEST,415,JURONG WEST ST 42,12,Unmatched,Missing,NoPostalAssertionUnderCurrentNormalization,6901,[],,[]
JURONG WEST,416,JURONG WEST ST 42,19,Unmatched,Missing,NoPostalAssertionUnderCurrentNormalization,6927,[],,[]
JURONG WEST,417,JURONG WEST ST 42,23,Unmatched,Missing,NoPostalAssertionUnderCurrentNormalization,6949,[],,[]
JURONG WEST,418,JURONG WEST ST 42,4,Unmatched,Missing,NoPostalAssertionUnderCurrentNormalization,6965,[],,[]
JURONG WEST,419,JURONG WEST ST 42,15,Unmatched,Missing,NoPostalAssertionUnderCurrentNormalization,6983,[],,[]
JURONG WEST,420,JURONG WEST ST 42,23,Unmatched,Missing,NoPostalAssertionUnderCurrentNormalization,7018,[],,[]
JURONG WEST,421,JURONG WEST ST 42,24,Unmatched,Missing,NoPostalAssertionUnderCurrentNormalization,7037,[],,[]
JURONG WEST,422,JURONG WEST ST 42,19,Unmatched,Missing,NoPostalAssertionUnderCurrentNormalization,7056,[],,[]
JURONG WEST,423,JURONG WEST AVE 1,19,Unmatched,Missing,NoPostalAssertionUnderCurrentNormalization,7072,[],,[]
JURONG WEST,426,JURONG WEST AVE 1,22,Unmatched,Missing,NoPostalAssertionUnderCurrentNormalization,7126,[],,[]
JURONG WEST,432,JURONG WEST ST 42,22,Unmatched,Missing,NoPostalAssertionUnderCurrentNormalization,7247,[],,[]
JURONG WEST,433,JURONG WEST ST 42,22,Unmatched,Missing,NoPostalAssertionUnderCurrentNormalization,7267,[],,[]
JURONG WEST,434,JURONG WEST ST 42,9,Unmatched,Missing,NoPostalAssertionUnderCurrentNormalization,7285,[],,[]
JURONG WEST,435,JURONG WEST ST 42,5,Unmatched,Missing,NoPostalAssertionUnderCurrentNormalization,7296,[],,[]
JURONG WEST,437,JURONG WEST AVE 1,29,Unmatched,Missing,NoPostalAssertionUnderCurrentNormalization,7332,[],,[]
JURONG WEST,438,JURONG WEST AVE 1,3,Unmatched,Missing,NoPostalAssertionUnderCurrentNormalization,7344,[],,[]
JURONG WEST,439,JURONG WEST AVE 1,4,Unmatched,Missing,NoPostalAssertionUnderCurrentNormalization,7363,[],,[]
JURONG WEST,444,JURONG WEST AVE 1,17,Unmatched,Missing,NoPostalAssertionUnderCurrentNormalization,7489,[],,[]
JURONG WEST,445,JURONG WEST ST 42,8,Unmatched,Missing,NoPostalAssertionUnderCurrentNormalization,7500,[],,[]
JURONG WEST,446,JURONG WEST ST 42,10,Unmatched,Missing,NoPostalAssertionUnderCurrentNormalization,7524,[],,[]
JURONG WEST,447,JURONG WEST ST 42,20,Unmatched,Missing,NoPostalAssertionUnderCurrentNormalization,7543,[],,[]
JURONG WEST,448,JURONG WEST ST 42,26,Unmatched,Missing,NoPostalAssertionUnderCurrentNormalization,7559,[],,[]
JURONG WEST,449,JURONG WEST ST 42,26,Unmatched,Missing,NoPostalAssertionUnderCurrentNormalization,7579,[],,[]
JURONG WEST,450,JURONG WEST ST 42,19,Unmatched,Missing,NoPostalAssertionUnderCurrentNormalization,7611,[],,[]
JURONG WEST,451,JURONG WEST ST 42,7,Unmatched,Missing,NoPostalAssertionUnderCurrentNormalization,7638,[],,[]
JURONG WEST,452,JURONG WEST ST 42,19,Unmatched,Missing,NoPostalAssertionUnderCurrentNormalization,7654,[],,[]
JURONG WEST,453,JURONG WEST ST 42,11,Unmatched,Missing,NoPostalAssertionUnderCurrentNormalization,7670,[],,[]
JURONG WEST,454,JURONG WEST ST 42,8,Unmatched,Missing,NoPostalAssertionUnderCurrentNormalization,7689,[],,[]
JURONG WEST,455,JURONG WEST ST 42,13,Unmatched,Missing,NoPostalAssertionUnderCurrentNormalization,7698,[],,[]
JURONG WEST,456,JURONG WEST ST 41,26,Unmatched,Missing,NoPostalAssertionUnderCurrentNormalization,7716,[],,[]
JURONG WEST,457,JURONG WEST ST 41,17,Unmatched,Missing,NoPostalAssertionUnderCurrentNormalization,7730,[],,[]
JURONG WEST,458,JURONG WEST ST 41,23,Unmatched,Missing,NoPostalAssertionUnderCurrentNormalization,7743,[],,[]
JURONG WEST,459,JURONG WEST ST 41,16,Unmatched,Missing,NoPostalAssertionUnderCurrentNormalization,7758,[],,[]
JURONG WEST,460,JURONG WEST ST 41,13,Unmatched,Missing,NoPostalAssertionUnderCurrentNormalization,7787,[],,[]
JURONG WEST,461,JURONG WEST ST 41,21,Unmatched,Missing,NoPostalAssertionUnderCurrentNormalization,7806,[],,[]
JURONG WEST,462,JURONG WEST ST 41,21,Unmatched,Missing,NoPostalAssertionUnderCurrentNormalization,7827,[],,[]
JURONG WEST,463,JURONG WEST ST 41,33,Unmatched,Missing,NoPostalAssertionUnderCurrentNormalization,7849,[],,[]
JURONG WEST,464,JURONG WEST ST 41,22,Unmatched,Missing,NoPostalAssertionUnderCurrentNormalization,7867,[],,[]
JURONG WEST,465,JURONG WEST ST 41,16,Unmatched,Missing,NoPostalAssertionUnderCurrentNormalization,7882,[],,[]
JURONG WEST,466,JURONG WEST ST 41,16,Unmatched,Missing,NoPostalAssertionUnderCurrentNormalization,7903,[],,[]
JURONG WEST,467,JURONG WEST ST 41,19,Unmatched,Missing,NoPostalAssertionUnderCurrentNormalization,7924,[],,[]
JURONG WEST,468,JURONG WEST ST 41,16,Unmatched,Missing,NoPostalAssertionUnderCurrentNormalization,7945,[],,[]
JURONG WEST,469,JURONG WEST ST 41,32,Unmatched,Missing,NoPostalAssertionUnderCurrentNormalization,7966,[],,[]
JURONG WEST,470,JURONG WEST ST 41,18,Unmatched,Missing,NoPostalAssertionUnderCurrentNormalization,8001,[],,[]
JURONG WEST,471,JURONG WEST ST 41,21,Unmatched,Missing,NoPostalAssertionUnderCurrentNormalization,8020,[],,[]
JURONG WEST,472,JURONG WEST ST 41,27,Unmatched,Missing,NoPostalAssertionUnderCurrentNormalization,8037,[],,[]
JURONG WEST,473,JURONG WEST ST 41,9,Unmatched,Missing,NoPostalAssertionUnderCurrentNormalization,8051,[],,[]
JURONG WEST,474,JURONG WEST ST 41,22,Unmatched,Missing,NoPostalAssertionUnderCurrentNormalization,8067,[],,[]
JURONG WEST,475,JURONG WEST ST 41,20,Unmatched,Missing,NoPostalAssertionUnderCurrentNormalization,8076,[],,[]
JURONG WEST,476,JURONG WEST ST 41,27,Unmatched,Missing,NoPostalAssertionUnderCurrentNormalization,8091,[],,[]
JURONG WEST,477,JURONG WEST ST 41,29,Unmatched,Missing,NoPostalAssertionUnderCurrentNormalization,8113,[],,[]
JURONG WEST,478,JURONG WEST ST 41,26,Unmatched,Missing,NoPostalAssertionUnderCurrentNormalization,8126,[],,[]
JURONG WEST,479,JURONG WEST ST 41,2,Unmatched,Missing,NoPostalAssertionUnderCurrentNormalization,8136,[],,[]
JURONG WEST,480,JURONG WEST ST 41,43,Unmatched,Missing,NoPostalAssertionUnderCurrentNormalization,8163,[],,[]
JURONG WEST,481,JURONG WEST ST 41,46,Unmatched,Missing,NoPostalAssertionUnderCurrentNormalization,8171,[],,[]
JURONG WEST,482,JURONG WEST ST 41,2,Unmatched,Missing,NoPostalAssertionUnderCurrentNormalization,8181,[],,[]
JURONG WEST,483,JURONG WEST ST 41,23,Unmatched,Missing,NoPostalAssertionUnderCurrentNormalization,8193,[],,[]
JURONG WEST,489,JURONG WEST AVE 1,28,Unmatched,Missing,NoPostalAssertionUnderCurrentNormalization,8259,[],,[]
JURONG WEST,490,JURONG WEST AVE 1,19,Unmatched,Missing,NoPostalAssertionUnderCurrentNormalization,8285,[],,[]
JURONG WEST,492,JURONG WEST ST 41,25,Unmatched,Missing,NoPostalAssertionUnderCurrentNormalization,8304,[],,[]
JURONG WEST,494,JURONG WEST ST 41,7,Unmatched,Missing,NoPostalAssertionUnderCurrentNormalization,8324,[],,[]
JURONG WEST,495,JURONG WEST ST 41,5,Unmatched,Missing,NoPostalAssertionUnderCurrentNormalization,8336,[],,[]
JURONG WEST,498,JURONG WEST ST 41,19,Unmatched,Missing,NoPostalAssertionUnderCurrentNormalization,8363,[],,[]
JURONG WEST,501,JURONG WEST ST 51,4,Unmatched,Missing,NoPostalAssertionUnderCurrentNormalization,8447,[],,[]
JURONG WEST,504,JURONG WEST ST 51,15,Unmatched,Missing,NoPostalAssertionUnderCurrentNormalization,8509,[],,[]
JURONG WEST,506,JURONG WEST ST 52,3,Unmatched,Missing,NoPostalAssertionUnderCurrentNormalization,8558,[],,[]
JURONG WEST,507,JURONG WEST ST 52,3,Unmatched,Missing,NoPostalAssertionUnderCurrentNormalization,8579,[],,[]
JURONG WEST,508,JURONG WEST ST 52,7,Unmatched,Missing,NoPostalAssertionUnderCurrentNormalization,8600,[],,[]
JURONG WEST,510,JURONG WEST ST 52,22,Unmatched,Missing,NoPostalAssertionUnderCurrentNormalization,8659,[],,[]
JURONG WEST,511,JURONG WEST ST 52,42,Unmatched,Missing,NoPostalAssertionUnderCurrentNormalization,8678,[],,[]
JURONG WEST,513,JURONG WEST ST 52,33,Unmatched,Missing,NoPostalAssertionUnderCurrentNormalization,8715,[],,[]
JURONG WEST,514,JURONG WEST ST 52,31,Unmatched,Missing,NoPostalAssertionUnderCurrentNormalization,8734,[],,[]
JURONG WEST,515,JURONG WEST ST 52,38,Unmatched,Missing,NoPostalAssertionUnderCurrentNormalization,8746,[],,[]
JURONG WEST,516,JURONG WEST ST 52,37,Unmatched,Missing,NoPostalAssertionUnderCurrentNormalization,8760,[],,[]
JURONG WEST,517,JURONG WEST ST 52,5,Unmatched,Missing,NoPostalAssertionUnderCurrentNormalization,8770,[],,[]
JURONG WEST,517A,JURONG WEST ST 52,17,Unmatched,Missing,NoPostalAssertionUnderCurrentNormalization,8776,[],,[]
JURONG WEST,517C,JURONG WEST ST 52,15,Unmatched,Missing,NoPostalAssertionUnderCurrentNormalization,8779,[],,[]
JURONG WEST,517D,JURONG WEST ST 52,17,Unmatched,Missing,NoPostalAssertionUnderCurrentNormalization,8780,[],,[]
JURONG WEST,517E,JURONG WEST ST 52,12,Unmatched,Missing,NoPostalAssertionUnderCurrentNormalization,8781,[],,[]
JURONG WEST,518,JURONG WEST ST 52,60,Unmatched,Missing,NoPostalAssertionUnderCurrentNormalization,8786,[],,[]
JURONG WEST,519,JURONG WEST ST 52,4,Unmatched,Missing,NoPostalAssertionUnderCurrentNormalization,8799,[],,[]
JURONG WEST,520,JURONG WEST ST 52,33,Unmatched,Missing,NoPostalAssertionUnderCurrentNormalization,8835,[],,[]
JURONG WEST,521,JURONG WEST ST 52,30,Unmatched,Missing,NoPostalAssertionUnderCurrentNormalization,8848,[],,[]
JURONG WEST,522,JURONG WEST ST 52,12,Unmatched,Missing,NoPostalAssertionUnderCurrentNormalization,8859,[],,[]
JURONG WEST,523,JURONG WEST ST 52,14,Unmatched,Missing,NoPostalAssertionUnderCurrentNormalization,8872,[],,[]
JURONG WEST,524,JURONG WEST ST 52,31,Unmatched,Missing,NoPostalAssertionUnderCurrentNormalization,8886,[],,[]
JURONG WEST,525,JURONG WEST ST 52,30,Unmatched,Missing,NoPostalAssertionUnderCurrentNormalization,8903,[],,[]
JURONG WEST,526,JURONG WEST ST 52,3,Unmatched,Missing,NoPostalAssertionUnderCurrentNormalization,8917,[],,[]
JURONG WEST,527,JURONG WEST ST 52,34,Unmatched,Missing,NoPostalAssertionUnderCurrentNormalization,8931,[],,[]
JURONG WEST,528,JURONG WEST ST 52,41,Unmatched,Missing,NoPostalAssertionUnderCurrentNormalization,8947,[],,[]
JURONG WEST,529,JURONG WEST ST 52,25,Unmatched,Missing,NoPostalAssertionUnderCurrentNormalization,8959,[],,[]
JURONG WEST,530,JURONG WEST ST 52,41,Unmatched,Missing,NoPostalAssertionUnderCurrentNormalization,8990,[],,[]
JURONG WEST,531,JURONG WEST ST 52,33,Unmatched,Missing,NoPostalAssertionUnderCurrentNormalization,9007,[],,[]
JURONG WEST,532,JURONG WEST ST 52,16,Unmatched,Missing,NoPostalAssertionUnderCurrentNormalization,9019,[],,[]
JURONG WEST,533,JURONG WEST ST 52,10,Unmatched,Missing,NoPostalAssertionUnderCurrentNormalization,9034,[],,[]
JURONG WEST,534,JURONG WEST ST 52,30,Unmatched,Missing,NoPostalAssertionUnderCurrentNormalization,9047,[],,[]
JURONG WEST,535,JURONG WEST ST 52,34,Unmatched,Missing,NoPostalAssertionUnderCurrentNormalization,9057,[],,[]
JURONG WEST,536,JURONG WEST ST 52,35,Unmatched,Missing,NoPostalAssertionUnderCurrentNormalization,9072,[],,[]
JURONG WEST,538,JURONG WEST AVE 1,8,Unmatched,Missing,NoPostalAssertionUnderCurrentNormalization,9093,[],,[]
JURONG WEST,539,JURONG WEST AVE 1,16,Unmatched,Missing,NoPostalAssertionUnderCurrentNormalization,9106,[],,[]
JURONG WEST,542,JURONG WEST AVE 1,8,Unmatched,Missing,NoPostalAssertionUnderCurrentNormalization,9155,[],,[]
JURONG WEST,543,JURONG WEST ST 42,22,Unmatched,Missing,NoPostalAssertionUnderCurrentNormalization,9166,[],,[]
JURONG WEST,544,JURONG WEST ST 42,6,Unmatched,Missing,NoPostalAssertionUnderCurrentNormalization,9175,[],,[]
JURONG WEST,545,JURONG WEST ST 42,25,Unmatched,Missing,NoPostalAssertionUnderCurrentNormalization,9185,[],,[]
JURONG WEST,546,JURONG WEST ST 42,22,Unmatched,Missing,NoPostalAssertionUnderCurrentNormalization,9193,[],,[]
JURONG WEST,547,JURONG WEST ST 42,21,Unmatched,Missing,NoPostalAssertionUnderCurrentNormalization,9208,[],,[]
JURONG WEST,548,JURONG WEST ST 42,32,Unmatched,Missing,NoPostalAssertionUnderCurrentNormalization,9224,[],,[]
JURONG WEST,549,JURONG WEST ST 42,22,Unmatched,Missing,NoPostalAssertionUnderCurrentNormalization,9236,[],,[]
JURONG WEST,550,JURONG WEST ST 42,19,Unmatched,Missing,NoPostalAssertionUnderCurrentNormalization,9262,[],,[]
JURONG WEST,551,JURONG WEST ST 42,14,Unmatched,Missing,NoPostalAssertionUnderCurrentNormalization,9274,[],,[]
JURONG WEST,552,JURONG WEST ST 42,18,Unmatched,Missing,NoPostalAssertionUnderCurrentNormalization,9282,[],,[]
JURONG WEST,553,JURONG WEST ST 42,9,Unmatched,Missing,NoPostalAssertionUnderCurrentNormalization,9292,[],,[]
JURONG WEST,554,JURONG WEST ST 42,15,Unmatched,Missing,NoPostalAssertionUnderCurrentNormalization,9300,[],,[]
JURONG WEST,555,JURONG WEST ST 42,21,Unmatched,Missing,NoPostalAssertionUnderCurrentNormalization,9308,[],,[]
JURONG WEST,556,JURONG WEST ST 42,31,Unmatched,Missing,NoPostalAssertionUnderCurrentNormalization,9318,[],,[]
JURONG WEST,557,JURONG WEST ST 42,12,Unmatched,Missing,NoPostalAssertionUnderCurrentNormalization,9326,[],,[]
JURONG WEST,558,JURONG WEST ST 42,34,Unmatched,Missing,NoPostalAssertionUnderCurrentNormalization,9332,[],,[]
JURONG WEST,559,JURONG WEST ST 42,29,Unmatched,Missing,NoPostalAssertionUnderCurrentNormalization,9337,[],,[]
JURONG WEST,560A,JURONG WEST ST 42,38,Unmatched,Missing,NoPostalAssertionUnderCurrentNormalization,9364,[],,[]
JURONG WEST,561A,JURONG WEST ST 42,52,Unmatched,Missing,NoPostalAssertionUnderCurrentNormalization,9372,[],,[]
JURONG WEST,561B,JURONG WEST ST 42,47,Unmatched,Missing,NoPostalAssertionUnderCurrentNormalization,9374,[],,[]
JURONG WEST,601,JURONG WEST ST 62,24,Unmatched,Missing,NoPostalAssertionUnderCurrentNormalization,9677,[],,[]
JURONG WEST,602,JURONG WEST ST 62,17,Unmatched,Missing,NoPostalAssertionUnderCurrentNormalization,9699,[],,[]
JURONG WEST,603,JURONG WEST ST 62,10,Unmatched,Missing,NoPostalAssertionUnderCurrentNormalization,9716,[],,[]
JURONG WEST,604,JURONG WEST ST 62,14,Unmatched,Missing,NoPostalAssertionUnderCurrentNormalization,9734,[],,[]
JURONG WEST,605,JURONG WEST ST 62,19,Unmatched,Missing,NoPostalAssertionUnderCurrentNormalization,9752,[],,[]
JURONG WEST,606,JURONG WEST ST 65,14,Unmatched,Missing,NoPostalAssertionUnderCurrentNormalization,9768,[],,[]
JURONG WEST,607,JURONG WEST ST 65,13,Unmatched,Missing,NoPostalAssertionUnderCurrentNormalization,9783,[],,[]
JURONG WEST,608,JURONG WEST ST 65,17,Unmatched,Missing,NoPostalAssertionUnderCurrentNormalization,9794,[],,[]
JURONG WEST,609,JURONG WEST ST 65,16,Unmatched,Missing,NoPostalAssertionUnderCurrentNormalization,9810,[],,[]
JURONG WEST,610,JURONG WEST ST 65,19,Unmatched,Missing,NoPostalAssertionUnderCurrentNormalization,9843,[],,[]
JURONG WEST,611,JURONG WEST ST 65,13,Unmatched,Missing,NoPostalAssertionUnderCurrentNormalization,9859,[],,[]
JURONG WEST,612,JURONG WEST ST 65,8,Unmatched,Missing,NoPostalAssertionUnderCurrentNormalization,9871,[],,[]
JURONG WEST,613,JURONG WEST ST 62,24,Unmatched,Missing,NoPostalAssertionUnderCurrentNormalization,9889,[],,[]
JURONG WEST,617,JURONG WEST ST 65,32,Unmatched,Missing,NoPostalAssertionUnderCurrentNormalization,9953,[],,[]
JURONG WEST,618,JURONG WEST ST 65,16,Unmatched,Missing,NoPostalAssertionUnderCurrentNormalization,9966,[],,[]
JURONG WEST,619,JURONG WEST ST 65,20,Unmatched,Missing,NoPostalAssertionUnderCurrentNormalization,9982,[],,[]
JURONG WEST,620,JURONG WEST ST 65,21,Unmatched,Missing,NoPostalAssertionUnderCurrentNormalization,10015,[],,[]
JURONG WEST,621,JURONG WEST ST 65,29,Unmatched,Missing,NoPostalAssertionUnderCurrentNormalization,10026,[],,[]
JURONG WEST,622,JURONG WEST ST 61,26,Unmatched,Missing,NoPostalAssertionUnderCurrentNormalization,10040,[],,[]
JURONG WEST,623,JURONG WEST ST 61,32,Unmatched,Missing,NoPostalAssertionUnderCurrentNormalization,10060,[],,[]
JURONG WEST,624,JURONG WEST ST 61,31,Unmatched,Missing,NoPostalAssertionUnderCurrentNormalization,10076,[],,[]
JURONG WEST,625,JURONG WEST ST 61,32,Unmatched,Missing,NoPostalAssertionUnderCurrentNormalization,10096,[],,[]
JURONG WEST,626,JURONG WEST ST 65,24,Unmatched,Missing,NoPostalAssertionUnderCurrentNormalization,10111,[],,[]
JURONG WEST,627,JURONG WEST ST 65,26,Unmatched,Missing,NoPostalAssertionUnderCurrentNormalization,10123,[],,[]
JURONG WEST,628,JURONG WEST ST 65,26,Unmatched,Missing,NoPostalAssertionUnderCurrentNormalization,10136,[],,[]
JURONG WEST,629,JURONG WEST ST 65,17,Unmatched,Missing,NoPostalAssertionUnderCurrentNormalization,10147,[],,[]
JURONG WEST,630,JURONG WEST ST 65,27,Unmatched,Missing,NoPostalAssertionUnderCurrentNormalization,10177,[],,[]
JURONG WEST,631,JURONG WEST ST 65,22,Unmatched,Missing,NoPostalAssertionUnderCurrentNormalization,10190,[],,[]
JURONG WEST,632,JURONG WEST ST 65,32,Unmatched,Missing,NoPostalAssertionUnderCurrentNormalization,10205,[],,[]
JURONG WEST,633,JURONG WEST ST 65,32,Unmatched,Missing,NoPostalAssertionUnderCurrentNormalization,10225,[],,[]
JURONG WEST,634,JURONG WEST ST 65,17,Unmatched,Missing,NoPostalAssertionUnderCurrentNormalization,10249,[],,[]
JURONG WEST,635,JURONG WEST ST 65,39,Unmatched,Missing,NoPostalAssertionUnderCurrentNormalization,10265,[],,[]
JURONG WEST,636,JURONG WEST ST 65,26,Unmatched,Missing,NoPostalAssertionUnderCurrentNormalization,10289,[],,[]
JURONG WEST,637,JURONG WEST ST 61,21,Unmatched,Missing,NoPostalAssertionUnderCurrentNormalization,10311,[],,[]
JURONG WEST,639,JURONG WEST ST 61,28,Unmatched,Missing,NoPostalAssertionUnderCurrentNormalization,10352,[],,[]
JURONG WEST,640,JURONG WEST ST 61,18,Unmatched,Missing,NoPostalAssertionUnderCurrentNormalization,10381,[],,[]
JURONG WEST,641,JURONG WEST ST 61,23,Unmatched,Missing,NoPostalAssertionUnderCurrentNormalization,10400,[],,[]
JURONG WEST,642,JURONG WEST ST 61,23,Unmatched,Missing,NoPostalAssertionUnderCurrentNormalization,10418,[],,[]
JURONG WEST,643,JURONG WEST ST 61,34,Unmatched,Missing,NoPostalAssertionUnderCurrentNormalization,10433,[],,[]
JURONG WEST,644,JURONG WEST ST 61,29,Unmatched,Missing,NoPostalAssertionUnderCurrentNormalization,10445,[],,[]
JURONG WEST,645,JURONG WEST ST 61,36,Unmatched,Missing,NoPostalAssertionUnderCurrentNormalization,10456,[],,[]
JURONG WEST,646,JURONG WEST ST 61,22,Unmatched,Missing,NoPostalAssertionUnderCurrentNormalization,10469,[],,[]
JURONG WEST,647,JURONG WEST ST 61,19,Unmatched,Missing,NoPostalAssertionUnderCurrentNormalization,10482,[],,[]
JURONG WEST,648A,JURONG WEST ST 61,22,Unmatched,Missing,NoPostalAssertionUnderCurrentNormalization,10504,[],,[]
JURONG WEST,648B,JURONG WEST ST 61,20,Unmatched,Missing,NoPostalAssertionUnderCurrentNormalization,10506,[],,[]
JURONG WEST,648C,JURONG WEST ST 61,22,Unmatched,Missing,NoPostalAssertionUnderCurrentNormalization,10508,[],,[]
JURONG WEST,648D,JURONG WEST ST 61,29,Unmatched,Missing,NoPostalAssertionUnderCurrentNormalization,10510,[],,[]
JURONG WEST,649A,JURONG WEST ST 61,20,Unmatched,Missing,NoPostalAssertionUnderCurrentNormalization,10519,[],,[]
JURONG WEST,649B,JURONG WEST ST 61,24,Unmatched,Missing,NoPostalAssertionUnderCurrentNormalization,10522,[],,[]
JURONG WEST,650A,JURONG WEST ST 61,32,Unmatched,Missing,NoPostalAssertionUnderCurrentNormalization,10546,[],,[]
JURONG WEST,650B,JURONG WEST ST 61,28,Unmatched,Missing,NoPostalAssertionUnderCurrentNormalization,10547,[],,[]
JURONG WEST,650C,JURONG WEST ST 61,18,Unmatched,Missing,NoPostalAssertionUnderCurrentNormalization,10548,[],,[]
JURONG WEST,651A,JURONG WEST ST 61,10,Unmatched,Missing,NoPostalAssertionUnderCurrentNormalization,10560,[],,[]
JURONG WEST,651B,JURONG WEST ST 61,20,Unmatched,Missing,NoPostalAssertionUnderCurrentNormalization,10563,[],,[]
JURONG WEST,652A,JURONG WEST ST 61,15,Unmatched,Missing,NoPostalAssertionUnderCurrentNormalization,10572,[],,[]
JURONG WEST,652B,JURONG WEST ST 61,28,Unmatched,Missing,NoPostalAssertionUnderCurrentNormalization,10573,[],,[]
JURONG WEST,652C,JURONG WEST ST 61,32,Unmatched,Missing,NoPostalAssertionUnderCurrentNormalization,10574,[],,[]
JURONG WEST,653A,JURONG WEST ST 61,45,Unmatched,Missing,NoPostalAssertionUnderCurrentNormalization,10581,[],,[]
JURONG WEST,653B,JURONG WEST ST 61,26,Unmatched,Missing,NoPostalAssertionUnderCurrentNormalization,10583,[],,[]
JURONG WEST,653C,JURONG WEST ST 61,32,Unmatched,Missing,NoPostalAssertionUnderCurrentNormalization,10585,[],,[]
JURONG WEST,654A,JURONG WEST ST 61,23,Unmatched,Missing,NoPostalAssertionUnderCurrentNormalization,10592,[],,[]
JURONG WEST,654B,JURONG WEST ST 61,36,Unmatched,Missing,NoPostalAssertionUnderCurrentNormalization,10595,[],,[]
JURONG WEST,654C,JURONG WEST ST 61,25,Unmatched,Missing,NoPostalAssertionUnderCurrentNormalization,10597,[],,[]
JURONG WEST,655A,JURONG WEST ST 61,43,Unmatched,Missing,NoPostalAssertionUnderCurrentNormalization,10607,[],,[]
JURONG WEST,655B,JURONG WEST ST 61,35,Unmatched,Missing,NoPostalAssertionUnderCurrentNormalization,10609,[],,[]
JURONG WEST,656A,JURONG WEST ST 61,30,Unmatched,Missing,NoPostalAssertionUnderCurrentNormalization,10619,[],,[]
JURONG WEST,656B,JURONG WEST ST 61,21,Unmatched,Missing,NoPostalAssertionUnderCurrentNormalization,10622,[],,[]
JURONG WEST,656C,JURONG WEST ST 61,28,Unmatched,Missing,NoPostalAssertionUnderCurrentNormalization,10624,[],,[]
JURONG WEST,656D,JURONG WEST ST 61,22,Unmatched,Missing,NoPostalAssertionUnderCurrentNormalization,10626,[],,[]
JURONG WEST,657A,JURONG WEST ST 65,38,Unmatched,Missing,NoPostalAssertionUnderCurrentNormalization,10634,[],,[]
JURONG WEST,657B,JURONG WEST ST 65,50,Unmatched,Missing,NoPostalAssertionUnderCurrentNormalization,10636,[],,[]
JURONG WEST,658A,JURONG WEST ST 65,16,Unmatched,Missing,NoPostalAssertionUnderCurrentNormalization,10645,[],,[]
JURONG WEST,658B,JURONG WEST ST 65,27,Unmatched,Missing,NoPostalAssertionUnderCurrentNormalization,10647,[],,[]
JURONG WEST,658C,JURONG WEST ST 65,22,Unmatched,Missing,NoPostalAssertionUnderCurrentNormalization,10649,[],,[]
JURONG WEST,658D,JURONG WEST ST 65,22,Unmatched,Missing,NoPostalAssertionUnderCurrentNormalization,10651,[],,[]
JURONG WEST,659A,JURONG WEST ST 65,19,Unmatched,Missing,NoPostalAssertionUnderCurrentNormalization,10661,[],,[]
JURONG WEST,659B,JURONG WEST ST 65,23,Unmatched,Missing,NoPostalAssertionUnderCurrentNormalization,10663,[],,[]
JURONG WEST,659C,JURONG WEST ST 65,25,Unmatched,Missing,NoPostalAssertionUnderCurrentNormalization,10665,[],,[]
JURONG WEST,659D,JURONG WEST ST 65,21,Unmatched,Missing,NoPostalAssertionUnderCurrentNormalization,10667,[],,[]
JURONG WEST,660A,JURONG WEST ST 64,34,Unmatched,Missing,NoPostalAssertionUnderCurrentNormalization,10690,[],,[]
JURONG WEST,660B,JURONG WEST ST 64,20,Unmatched,Missing,NoPostalAssertionUnderCurrentNormalization,10692,[],,[]
JURONG WEST,660C,JURONG WEST ST 64,14,Unmatched,Missing,NoPostalAssertionUnderCurrentNormalization,10694,[],,[]
JURONG WEST,660D,JURONG WEST ST 64,34,Unmatched,Missing,NoPostalAssertionUnderCurrentNormalization,10696,[],,[]
JURONG WEST,661A,JURONG WEST ST 64,14,Unmatched,Missing,NoPostalAssertionUnderCurrentNormalization,10708,[],,[]
JURONG WEST,661B,JURONG WEST ST 64,17,Unmatched,Missing,NoPostalAssertionUnderCurrentNormalization,10711,[],,[]
JURONG WEST,661C,JURONG WEST ST 64,27,Unmatched,Missing,NoPostalAssertionUnderCurrentNormalization,10713,[],,[]
JURONG WEST,661D,JURONG WEST ST 64,20,Unmatched,Missing,NoPostalAssertionUnderCurrentNormalization,10714,[],,[]
JURONG WEST,662A,JURONG WEST ST 64,14,Unmatched,Missing,NoPostalAssertionUnderCurrentNormalization,10725,[],,[]
JURONG WEST,662B,JURONG WEST ST 64,20,Unmatched,Missing,NoPostalAssertionUnderCurrentNormalization,10728,[],,[]
JURONG WEST,662C,JURONG WEST ST 64,22,Unmatched,Missing,NoPostalAssertionUnderCurrentNormalization,10731,[],,[]
JURONG WEST,662D,JURONG WEST ST 64,13,Unmatched,Missing,NoPostalAssertionUnderCurrentNormalization,10734,[],,[]
JURONG WEST,663A,JURONG WEST ST 65,52,Unmatched,Missing,NoPostalAssertionUnderCurrentNormalization,10743,[],,[]
JURONG WEST,663B,JURONG WEST ST 65,31,Unmatched,Missing,NoPostalAssertionUnderCurrentNormalization,10747,[],,[]
JURONG WEST,663C,JURONG WEST ST 65,30,Unmatched,Missing,NoPostalAssertionUnderCurrentNormalization,10750,[],,[]
JURONG WEST,663D,JURONG WEST ST 65,30,Unmatched,Missing,NoPostalAssertionUnderCurrentNormalization,10753,[],,[]
JURONG WEST,664A,JURONG WEST ST 64,35,Unmatched,Missing,NoPostalAssertionUnderCurrentNormalization,10762,[],,[]
JURONG WEST,664B,JURONG WEST ST 64,26,Unmatched,Missing,NoPostalAssertionUnderCurrentNormalization,10765,[],,[]
JURONG WEST,664C,JURONG WEST ST 64,34,Unmatched,Missing,NoPostalAssertionUnderCurrentNormalization,10767,[],,[]
JURONG WEST,664D,JURONG WEST ST 64,23,Unmatched,Missing,NoPostalAssertionUnderCurrentNormalization,10768,[],,[]
JURONG WEST,665A,JURONG WEST ST 64,19,Unmatched,Missing,NoPostalAssertionUnderCurrentNormalization,10778,[],,[]
JURONG WEST,665B,JURONG WEST ST 64,17,Unmatched,Missing,NoPostalAssertionUnderCurrentNormalization,10781,[],,[]
JURONG WEST,666A,JURONG WEST ST 65,19,Unmatched,Missing,NoPostalAssertionUnderCurrentNormalization,10793,[],,[]
JURONG WEST,666B,JURONG WEST ST 65,19,Unmatched,Missing,NoPostalAssertionUnderCurrentNormalization,10796,[],,[]
JURONG WEST,667A,JURONG WEST ST 65,35,Unmatched,Missing,NoPostalAssertionUnderCurrentNormalization,10804,[],,[]
JURONG WEST,667B,JURONG WEST ST 65,28,Unmatched,Missing,NoPostalAssertionUnderCurrentNormalization,10807,[],,[]
JURONG WEST,667C,JURONG WEST ST 65,23,Unmatched,Missing,NoPostalAssertionUnderCurrentNormalization,10809,[],,[]
JURONG WEST,667D,JURONG WEST ST 65,21,Unmatched,Missing,NoPostalAssertionUnderCurrentNormalization,10810,[],,[]
JURONG WEST,668A,JURONG WEST ST 64,21,Unmatched,Missing,NoPostalAssertionUnderCurrentNormalization,10820,[],,[]
JURONG WEST,668B,JURONG WEST ST 64,22,Unmatched,Missing,NoPostalAssertionUnderCurrentNormalization,10823,[],,[]
JURONG WEST,668C,JURONG WEST ST 64,31,Unmatched,Missing,NoPostalAssertionUnderCurrentNormalization,10824,[],,[]
JURONG WEST,668D,JURONG WEST ST 64,32,Unmatched,Missing,NoPostalAssertionUnderCurrentNormalization,10825,[],,[]
JURONG WEST,669A,JURONG WEST ST 64,17,Unmatched,Missing,NoPostalAssertionUnderCurrentNormalization,10835,[],,[]
JURONG WEST,669B,JURONG WEST ST 64,23,Unmatched,Missing,NoPostalAssertionUnderCurrentNormalization,10837,[],,[]
JURONG WEST,669C,JURONG WEST ST 64,28,Unmatched,Missing,NoPostalAssertionUnderCurrentNormalization,10838,[],,[]
JURONG WEST,669D,JURONG WEST ST 64,22,Unmatched,Missing,NoPostalAssertionUnderCurrentNormalization,10839,[],,[]
JURONG WEST,670A,JURONG WEST ST 65,23,Unmatched,Missing,NoPostalAssertionUnderCurrentNormalization,10854,[],,[]
JURONG WEST,671A,JURONG WEST ST 65,25,Unmatched,Missing,NoPostalAssertionUnderCurrentNormalization,10867,[],,[]
JURONG WEST,671B,JURONG WEST ST 65,30,Unmatched,Missing,NoPostalAssertionUnderCurrentNormalization,10872,[],,[]
JURONG WEST,671C,JURONG WEST ST 65,23,Unmatched,Missing,NoPostalAssertionUnderCurrentNormalization,10875,[],,[]
JURONG WEST,672A,JURONG WEST ST 65,23,Unmatched,Missing,NoPostalAssertionUnderCurrentNormalization,10885,[],,[]
JURONG WEST,673A,JURONG WEST ST 65,33,Unmatched,Missing,NoPostalAssertionUnderCurrentNormalization,10904,[],,[]
JURONG WEST,673B,JURONG WEST ST 65,25,Unmatched,Missing,NoPostalAssertionUnderCurrentNormalization,10908,[],,[]
JURONG WEST,673C,JURONG WEST ST 65,36,Unmatched,Missing,NoPostalAssertionUnderCurrentNormalization,10911,[],,[]
JURONG WEST,674A,JURONG WEST ST 65,23,Unmatched,Missing,NoPostalAssertionUnderCurrentNormalization,10920,[],,[]
JURONG WEST,674B,JURONG WEST ST 65,32,Unmatched,Missing,NoPostalAssertionUnderCurrentNormalization,10922,[],,[]
JURONG WEST,675A,JURONG WEST ST 64,29,Unmatched,Missing,NoPostalAssertionUnderCurrentNormalization,10930,[],,[]
JURONG WEST,675B,JURONG WEST ST 64,35,Unmatched,Missing,NoPostalAssertionUnderCurrentNormalization,10932,[],,[]
JURONG WEST,676A,JURONG WEST ST 64,28,Unmatched,Missing,NoPostalAssertionUnderCurrentNormalization,10943,[],,[]
JURONG WEST,676B,JURONG WEST ST 64,43,Unmatched,Missing,NoPostalAssertionUnderCurrentNormalization,10947,[],,[]
JURONG WEST,677A,JURONG WEST ST 64,28,Unmatched,Missing,NoPostalAssertionUnderCurrentNormalization,10961,[],,[]
JURONG WEST,677B,JURONG WEST ST 64,10,Unmatched,Missing,NoPostalAssertionUnderCurrentNormalization,10964,[],,[]
JURONG WEST,677C,JURONG WEST ST 64,27,Unmatched,Missing,NoPostalAssertionUnderCurrentNormalization,10967,[],,[]
JURONG WEST,678A,JURONG WEST ST 64,35,Unmatched,Missing,NoPostalAssertionUnderCurrentNormalization,10978,[],,[]
JURONG WEST,678B,JURONG WEST ST 64,11,Unmatched,Missing,NoPostalAssertionUnderCurrentNormalization,10982,[],,[]
JURONG WEST,678C,JURONG WEST ST 64,27,Unmatched,Missing,NoPostalAssertionUnderCurrentNormalization,10984,[],,[]
JURONG WEST,678D,JURONG WEST ST 64,31,Unmatched,Missing,NoPostalAssertionUnderCurrentNormalization,10986,[],,[]
JURONG WEST,679B,JURONG WEST CTRL 1,10,Unmatched,Missing,NoPostalAssertionUnderCurrentNormalization,10993,[],,[]
JURONG WEST,680A,JURONG WEST CTRL 1,19,Unmatched,Missing,NoPostalAssertionUnderCurrentNormalization,11009,[],,[]
JURONG WEST,681A,JURONG WEST CTRL 1,16,Unmatched,Missing,NoPostalAssertionUnderCurrentNormalization,11018,[],,[]
JURONG WEST,683C,JURONG WEST ST 64,24,Unmatched,Missing,NoPostalAssertionUnderCurrentNormalization,11056,[],,[]
JURONG WEST,684A,JURONG WEST ST 64,28,Unmatched,Missing,NoPostalAssertionUnderCurrentNormalization,11066,[],,[]
JURONG WEST,684B,JURONG WEST ST 64,32,Unmatched,Missing,NoPostalAssertionUnderCurrentNormalization,11070,[],,[]
JURONG WEST,684C,JURONG WEST ST 64,29,Unmatched,Missing,NoPostalAssertionUnderCurrentNormalization,11074,[],,[]
JURONG WEST,685A,JURONG WEST ST 64,20,Unmatched,Missing,NoPostalAssertionUnderCurrentNormalization,11085,[],,[]
JURONG WEST,685B,JURONG WEST ST 64,29,Unmatched,Missing,NoPostalAssertionUnderCurrentNormalization,11088,[],,[]
JURONG WEST,685C,JURONG WEST CTRL 1,20,Unmatched,Missing,NoPostalAssertionUnderCurrentNormalization,11091,[],,[]
JURONG WEST,688,JURONG WEST CTRL 1,23,Unmatched,Missing,NoPostalAssertionUnderCurrentNormalization,11121,[],,[]
JURONG WEST,697A,JURONG WEST CTRL 3,25,Unmatched,Missing,NoPostalAssertionUnderCurrentNormalization,11207,[],,[]
JURONG WEST,697B,JURONG WEST CTRL 3,24,Unmatched,Missing,NoPostalAssertionUnderCurrentNormalization,11208,[],,[]
JURONG WEST,697C,JURONG WEST CTRL 3,14,Unmatched,Missing,NoPostalAssertionUnderCurrentNormalization,11209,[],,[]
JURONG WEST,698B,JURONG WEST CTRL 3,19,Unmatched,Missing,NoPostalAssertionUnderCurrentNormalization,11215,[],,[]
JURONG WEST,701,JURONG WEST ST 71,12,Unmatched,Missing,NoPostalAssertionUnderCurrentNormalization,11278,[],,[]
JURONG WEST,702,JURONG WEST ST 71,10,Unmatched,Missing,NoPostalAssertionUnderCurrentNormalization,11293,[],,[]
JURONG WEST,703,JURONG WEST ST 71,21,Unmatched,Missing,NoPostalAssertionUnderCurrentNormalization,11304,[],,[]
JURONG WEST,704,JURONG WEST ST 71,9,Unmatched,Missing,NoPostalAssertionUnderCurrentNormalization,11314,[],,[]
JURONG WEST,705,JURONG WEST ST 71,15,Unmatched,Missing,NoPostalAssertionUnderCurrentNormalization,11327,[],,[]
JURONG WEST,706,JURONG WEST ST 71,12,Unmatched,Missing,NoPostalAssertionUnderCurrentNormalization,11336,[],,[]
JURONG WEST,707,JURONG WEST ST 71,18,Unmatched,Missing,NoPostalAssertionUnderCurrentNormalization,11345,[],,[]
JURONG WEST,708,JURONG WEST ST 71,9,Unmatched,Missing,NoPostalAssertionUnderCurrentNormalization,11354,[],,[]
JURONG WEST,709,JURONG WEST ST 71,12,Unmatched,Missing,NoPostalAssertionUnderCurrentNormalization,11364,[],,[]
JURONG WEST,710,JURONG WEST ST 71,11,Unmatched,Missing,NoPostalAssertionUnderCurrentNormalization,11382,[],,[]
JURONG WEST,711,JURONG WEST ST 71,19,Unmatched,Missing,NoPostalAssertionUnderCurrentNormalization,11394,[],,[]
JURONG WEST,712,JURONG WEST ST 71,9,Unmatched,Missing,NoPostalAssertionUnderCurrentNormalization,11404,[],,[]
JURONG WEST,713,JURONG WEST ST 71,17,Unmatched,Missing,NoPostalAssertionUnderCurrentNormalization,11415,[],,[]
JURONG WEST,714,JURONG WEST ST 71,19,Unmatched,Missing,NoPostalAssertionUnderCurrentNormalization,11424,[],,[]
JURONG WEST,715,JURONG WEST ST 71,10,Unmatched,Missing,NoPostalAssertionUnderCurrentNormalization,11434,[],,[]
JURONG WEST,716,JURONG WEST ST 71,18,Unmatched,Missing,NoPostalAssertionUnderCurrentNormalization,11442,[],,[]
JURONG WEST,717,JURONG WEST ST 71,21,Unmatched,Missing,NoPostalAssertionUnderCurrentNormalization,11450,[],,[]
JURONG WEST,718,JURONG WEST ST 71,29,Unmatched,Missing,NoPostalAssertionUnderCurrentNormalization,11459,[],,[]
JURONG WEST,719,JURONG WEST AVE 5,8,Unmatched,Missing,NoPostalAssertionUnderCurrentNormalization,11467,[],,[]
JURONG WEST,724,JURONG WEST ST 72,12,Unmatched,Missing,NoPostalAssertionUnderCurrentNormalization,11519,[],,[]
JURONG WEST,725,JURONG WEST AVE 5,14,Unmatched,Missing,NoPostalAssertionUnderCurrentNormalization,11527,[],,[]
JURONG WEST,730,JURONG WEST ST 72,8,Unmatched,Missing,NoPostalAssertionUnderCurrentNormalization,11570,[],,[]
JURONG WEST,731,JURONG WEST ST 72,18,Unmatched,Missing,NoPostalAssertionUnderCurrentNormalization,11576,[],,[]
JURONG WEST,732,JURONG WEST ST 73,20,Unmatched,Missing,NoPostalAssertionUnderCurrentNormalization,11580,[],,[]
JURONG WEST,733,JURONG WEST ST 73,12,Unmatched,Missing,NoPostalAssertionUnderCurrentNormalization,11585,[],,[]
JURONG WEST,734,JURONG WEST ST 73,15,Unmatched,Missing,NoPostalAssertionUnderCurrentNormalization,11589,[],,[]
JURONG WEST,735,JURONG WEST ST 75,25,Unmatched,Missing,NoPostalAssertionUnderCurrentNormalization,11595,[],,[]
JURONG WEST,736,JURONG WEST ST 75,9,Unmatched,Missing,NoPostalAssertionUnderCurrentNormalization,11601,[],,[]
JURONG WEST,737,JURONG WEST ST 75,15,Unmatched,Missing,NoPostalAssertionUnderCurrentNormalization,11608,[],,[]
JURONG WEST,738,JURONG WEST ST 75,11,Unmatched,Missing,NoPostalAssertionUnderCurrentNormalization,11614,[],,[]
JURONG WEST,739,JURONG WEST ST 73,22,Unmatched,Missing,NoPostalAssertionUnderCurrentNormalization,11621,[],,[]
JURONG WEST,743,JURONG WEST ST 73,17,Unmatched,Missing,NoPostalAssertionUnderCurrentNormalization,11656,[],,[]
JURONG WEST,744,JURONG WEST ST 73,22,Unmatched,Missing,NoPostalAssertionUnderCurrentNormalization,11661,[],,[]
JURONG WEST,745,JURONG WEST ST 73,16,Unmatched,Missing,NoPostalAssertionUnderCurrentNormalization,11668,[],,[]
JURONG WEST,746,JURONG WEST ST 73,12,Unmatched,Missing,NoPostalAssertionUnderCurrentNormalization,11673,[],,[]
JURONG WEST,747,JURONG WEST ST 73,12,Unmatched,Missing,NoPostalAssertionUnderCurrentNormalization,11678,[],,[]
JURONG WEST,748,JURONG WEST ST 73,17,Unmatched,Missing,NoPostalAssertionUnderCurrentNormalization,11688,[],,[]
JURONG WEST,749,JURONG WEST ST 73,14,Unmatched,Missing,NoPostalAssertionUnderCurrentNormalization,11696,[],,[]
JURONG WEST,750,JURONG WEST ST 73,16,Unmatched,Missing,NoPostalAssertionUnderCurrentNormalization,11715,[],,[]
JURONG WEST,751,JURONG WEST ST 73,27,Unmatched,Missing,NoPostalAssertionUnderCurrentNormalization,11721,[],,[]
JURONG WEST,752,JURONG WEST ST 74,15,Unmatched,Missing,NoPostalAssertionUnderCurrentNormalization,11726,[],,[]
JURONG WEST,753,JURONG WEST ST 74,11,Unmatched,Missing,NoPostalAssertionUnderCurrentNormalization,11731,[],,[]
JURONG WEST,754,JURONG WEST ST 74,7,Unmatched,Missing,NoPostalAssertionUnderCurrentNormalization,11736,[],,[]
JURONG WEST,755,JURONG WEST ST 74,14,Unmatched,Missing,NoPostalAssertionUnderCurrentNormalization,11744,[],,[]
JURONG WEST,756,JURONG WEST ST 74,19,Unmatched,Missing,NoPostalAssertionUnderCurrentNormalization,11749,[],,[]
JURONG WEST,757,JURONG WEST ST 74,11,Unmatched,Missing,NoPostalAssertionUnderCurrentNormalization,11754,[],,[]
JURONG WEST,758,JURONG WEST ST 74,11,Unmatched,Missing,NoPostalAssertionUnderCurrentNormalization,11762,[],,[]
JURONG WEST,759,JURONG WEST ST 74,14,Unmatched,Missing,NoPostalAssertionUnderCurrentNormalization,11767,[],,[]
JURONG WEST,760,JURONG WEST ST 74,7,Unmatched,Missing,NoPostalAssertionUnderCurrentNormalization,11783,[],,[]
JURONG WEST,761,JURONG WEST ST 74,8,Unmatched,Missing,NoPostalAssertionUnderCurrentNormalization,11792,[],,[]
JURONG WEST,764,JURONG WEST ST 74,16,Unmatched,Missing,NoPostalAssertionUnderCurrentNormalization,11815,[],,[]
JURONG WEST,765,JURONG WEST ST 74,13,Unmatched,Missing,NoPostalAssertionUnderCurrentNormalization,11824,[],,[]
JURONG WEST,766,JURONG WEST ST 74,19,Unmatched,Missing,NoPostalAssertionUnderCurrentNormalization,11832,[],,[]
JURONG WEST,810,JURONG WEST ST 81,26,Unmatched,Missing,NoPostalAssertionUnderCurrentNormalization,12213,[],,[]
JURONG WEST,811,JURONG WEST ST 81,18,Unmatched,Missing,NoPostalAssertionUnderCurrentNormalization,12222,[],,[]
JURONG WEST,812,JURONG WEST ST 81,27,Unmatched,Missing,NoPostalAssertionUnderCurrentNormalization,12228,[],,[]
JURONG WEST,813,JURONG WEST ST 81,29,Unmatched,Missing,NoPostalAssertionUnderCurrentNormalization,12236,[],,[]
JURONG WEST,814,JURONG WEST ST 81,23,Unmatched,Missing,NoPostalAssertionUnderCurrentNormalization,12244,[],,[]
JURONG WEST,815,JURONG WEST ST 81,21,Unmatched,Missing,NoPostalAssertionUnderCurrentNormalization,12248,[],,[]
JURONG WEST,816,JURONG WEST ST 81,20,Unmatched,Missing,NoPostalAssertionUnderCurrentNormalization,12254,[],,[]
JURONG WEST,817,JURONG WEST ST 81,20,Unmatched,Missing,NoPostalAssertionUnderCurrentNormalization,12262,[],,[]
JURONG WEST,818,JURONG WEST ST 81,10,Unmatched,Missing,NoPostalAssertionUnderCurrentNormalization,12271,[],,[]
JURONG WEST,819,JURONG WEST ST 81,6,Unmatched,Missing,NoPostalAssertionUnderCurrentNormalization,12277,[],,[]
JURONG WEST,820,JURONG WEST ST 81,11,Unmatched,Missing,NoPostalAssertionUnderCurrentNormalization,12298,[],,[]
JURONG WEST,821,JURONG WEST ST 81,20,Unmatched,Missing,NoPostalAssertionUnderCurrentNormalization,12305,[],,[]
JURONG WEST,822,JURONG WEST ST 81,10,Unmatched,Missing,NoPostalAssertionUnderCurrentNormalization,12310,[],,[]
JURONG WEST,823,JURONG WEST ST 81,19,Unmatched,Missing,NoPostalAssertionUnderCurrentNormalization,12314,[],,[]
JURONG WEST,824,JURONG WEST ST 81,27,Unmatched,Missing,NoPostalAssertionUnderCurrentNormalization,12320,[],,[]
JURONG WEST,825,JURONG WEST ST 81,20,Unmatched,Missing,NoPostalAssertionUnderCurrentNormalization,12325,[],,[]
JURONG WEST,826,JURONG WEST ST 81,25,Unmatched,Missing,NoPostalAssertionUnderCurrentNormalization,12329,[],,[]
JURONG WEST,827,JURONG WEST ST 81,4,Unmatched,Missing,NoPostalAssertionUnderCurrentNormalization,12334,[],,[]
JURONG WEST,828,JURONG WEST ST 81,9,Unmatched,Missing,NoPostalAssertionUnderCurrentNormalization,12340,[],,[]
JURONG WEST,828A,JURONG WEST ST 81,5,Unmatched,Missing,NoPostalAssertionUnderCurrentNormalization,12344,[],,[]
JURONG WEST,829,JURONG WEST ST 81,10,Unmatched,Missing,NoPostalAssertionUnderCurrentNormalization,12346,[],,[]
JURONG WEST,830,JURONG WEST ST 81,10,Unmatched,Missing,NoPostalAssertionUnderCurrentNormalization,12363,[],,[]
JURONG WEST,830A,JURONG WEST ST 81,12,Unmatched,Missing,NoPostalAssertionUnderCurrentNormalization,12368,[],,[]
JURONG WEST,831,JURONG WEST ST 81,13,Unmatched,Missing,NoPostalAssertionUnderCurrentNormalization,12370,[],,[]
JURONG WEST,832,JURONG WEST ST 81,16,Unmatched,Missing,NoPostalAssertionUnderCurrentNormalization,12375,[],,[]
JURONG WEST,833,JURONG WEST ST 81,21,Unmatched,Missing,NoPostalAssertionUnderCurrentNormalization,12381,[],,[]
JURONG WEST,834,JURONG WEST ST 81,11,Unmatched,Missing,NoPostalAssertionUnderCurrentNormalization,12386,[],,[]
JURONG WEST,835,JURONG WEST ST 81,16,Unmatched,Missing,NoPostalAssertionUnderCurrentNormalization,12391,[],,[]
JURONG WEST,836,JURONG WEST ST 81,20,Unmatched,Missing,NoPostalAssertionUnderCurrentNormalization,12396,[],,[]
JURONG WEST,837,JURONG WEST ST 81,16,Unmatched,Missing,NoPostalAssertionUnderCurrentNormalization,12401,[],,[]
JURONG WEST,838,JURONG WEST ST 81,21,Unmatched,Missing,NoPostalAssertionUnderCurrentNormalization,12407,[],,[]
JURONG WEST,839,JURONG WEST ST 81,13,Unmatched,Missing,NoPostalAssertionUnderCurrentNormalization,12412,[],,[]
JURONG WEST,840,JURONG WEST ST 81,12,Unmatched,Missing,NoPostalAssertionUnderCurrentNormalization,12428,[],,[]
JURONG WEST,841,JURONG WEST ST 81,14,Unmatched,Missing,NoPostalAssertionUnderCurrentNormalization,12433,[],,[]
JURONG WEST,842,JURONG WEST ST 81,6,Unmatched,Missing,NoPostalAssertionUnderCurrentNormalization,12438,[],,[]
JURONG WEST,843,JURONG WEST ST 81,10,Unmatched,Missing,NoPostalAssertionUnderCurrentNormalization,12450,[],,[]
JURONG WEST,844,JURONG WEST ST 81,6,Unmatched,Missing,NoPostalAssertionUnderCurrentNormalization,12453,[],,[]
JURONG WEST,845,JURONG WEST ST 81,11,Unmatched,Missing,NoPostalAssertionUnderCurrentNormalization,12459,[],,[]
JURONG WEST,846,JURONG WEST ST 81,10,Unmatched,Missing,NoPostalAssertionUnderCurrentNormalization,12463,[],,[]
JURONG WEST,847,JURONG WEST ST 81,14,Unmatched,Missing,NoPostalAssertionUnderCurrentNormalization,12469,[],,[]
JURONG WEST,848,JURONG WEST ST 81,11,Unmatched,Missing,NoPostalAssertionUnderCurrentNormalization,12472,[],,[]
JURONG WEST,849,JURONG WEST ST 81,11,Unmatched,Missing,NoPostalAssertionUnderCurrentNormalization,12478,[],,[]
JURONG WEST,850,JURONG WEST ST 81,19,Unmatched,Missing,NoPostalAssertionUnderCurrentNormalization,12498,[],,[]
JURONG WEST,851,JURONG WEST ST 81,14,Unmatched,Missing,NoPostalAssertionUnderCurrentNormalization,12504,[],,[]
JURONG WEST,852,JURONG WEST ST 81,28,Unmatched,Missing,NoPostalAssertionUnderCurrentNormalization,12509,[],,[]
JURONG WEST,853,JURONG WEST ST 81,18,Unmatched,Missing,NoPostalAssertionUnderCurrentNormalization,12514,[],,[]
JURONG WEST,854,JURONG WEST ST 81,26,Unmatched,Missing,NoPostalAssertionUnderCurrentNormalization,12518,[],,[]
JURONG WEST,855,JURONG WEST ST 81,10,Unmatched,Missing,NoPostalAssertionUnderCurrentNormalization,12523,[],,[]
JURONG WEST,856,JURONG WEST ST 81,14,Unmatched,Missing,NoPostalAssertionUnderCurrentNormalization,12528,[],,[]
JURONG WEST,857,JURONG WEST ST 81,6,Unmatched,Missing,NoPostalAssertionUnderCurrentNormalization,12537,[],,[]
JURONG WEST,858,JURONG WEST ST 81,15,Unmatched,Missing,NoPostalAssertionUnderCurrentNormalization,12542,[],,[]
JURONG WEST,859,JURONG WEST ST 81,14,Unmatched,Missing,NoPostalAssertionUnderCurrentNormalization,12551,[],,[]
JURONG WEST,860,JURONG WEST ST 81,9,Unmatched,Missing,NoPostalAssertionUnderCurrentNormalization,12573,[],,[]
JURONG WEST,861,JURONG WEST ST 81,8,Unmatched,Missing,NoPostalAssertionUnderCurrentNormalization,12581,[],,[]
JURONG WEST,862,JURONG WEST ST 81,12,Unmatched,Missing,NoPostalAssertionUnderCurrentNormalization,12586,[],,[]
JURONG WEST,863,JURONG WEST ST 81,9,Unmatched,Missing,NoPostalAssertionUnderCurrentNormalization,12592,[],,[]
JURONG WEST,864,JURONG WEST ST 81,22,Unmatched,Missing,NoPostalAssertionUnderCurrentNormalization,12598,[],,[]
JURONG WEST,865,JURONG WEST ST 81,14,Unmatched,Missing,NoPostalAssertionUnderCurrentNormalization,12604,[],,[]
JURONG WEST,866,JURONG WEST ST 81,12,Unmatched,Missing,NoPostalAssertionUnderCurrentNormalization,12609,[],,[]
JURONG WEST,902,JURONG WEST ST 91,20,Unmatched,Missing,NoPostalAssertionUnderCurrentNormalization,12863,[],,[]
JURONG WEST,903,JURONG WEST ST 91,23,Unmatched,Missing,NoPostalAssertionUnderCurrentNormalization,12865,[],,[]
JURONG WEST,904,JURONG WEST ST 91,22,Unmatched,Missing,NoPostalAssertionUnderCurrentNormalization,12867,[],,[]
JURONG WEST,905,JURONG WEST ST 91,6,Unmatched,Missing,NoPostalAssertionUnderCurrentNormalization,12868,[],,[]
JURONG WEST,906,JURONG WEST ST 91,23,Unmatched,Missing,NoPostalAssertionUnderCurrentNormalization,12870,[],,[]
JURONG WEST,907,JURONG WEST ST 91,25,Unmatched,Missing,NoPostalAssertionUnderCurrentNormalization,12872,[],,[]
JURONG WEST,908,JURONG WEST ST 91,26,Unmatched,Missing,NoPostalAssertionUnderCurrentNormalization,12877,[],,[]
JURONG WEST,909,JURONG WEST ST 91,27,Unmatched,Missing,NoPostalAssertionUnderCurrentNormalization,12882,[],,[]
JURONG WEST,910,JURONG WEST ST 91,26,Unmatched,Missing,NoPostalAssertionUnderCurrentNormalization,12904,[],,[]
JURONG WEST,911,JURONG WEST ST 91,12,Unmatched,Missing,NoPostalAssertionUnderCurrentNormalization,12907,[],,[]
JURONG WEST,912,JURONG WEST ST 91,9,Unmatched,Missing,NoPostalAssertionUnderCurrentNormalization,12910,[],,[]
JURONG WEST,913,JURONG WEST ST 91,15,Unmatched,Missing,NoPostalAssertionUnderCurrentNormalization,12913,[],,[]
JURONG WEST,914,JURONG WEST ST 91,38,Unmatched,Missing,NoPostalAssertionUnderCurrentNormalization,12916,[],,[]
JURONG WEST,915,JURONG WEST ST 91,32,Unmatched,Missing,NoPostalAssertionUnderCurrentNormalization,12919,[],,[]
JURONG WEST,916,JURONG WEST ST 91,27,Unmatched,Missing,NoPostalAssertionUnderCurrentNormalization,12922,[],,[]
JURONG WEST,917,JURONG WEST ST 91,33,Unmatched,Missing,NoPostalAssertionUnderCurrentNormalization,12925,[],,[]
JURONG WEST,918,JURONG WEST ST 91,6,Unmatched,Missing,NoPostalAssertionUnderCurrentNormalization,12927,[],,[]
JURONG WEST,919,JURONG WEST ST 91,11,Unmatched,Missing,NoPostalAssertionUnderCurrentNormalization,12930,[],,[]
JURONG WEST,920,JURONG WEST ST 92,27,Unmatched,Missing,NoPostalAssertionUnderCurrentNormalization,12945,[],,[]
JURONG WEST,921,JURONG WEST ST 92,15,Unmatched,Missing,NoPostalAssertionUnderCurrentNormalization,12947,[],,[]
JURONG WEST,922,JURONG WEST ST 92,15,Unmatched,Missing,NoPostalAssertionUnderCurrentNormalization,12951,[],,[]
JURONG WEST,923,JURONG WEST ST 92,21,Unmatched,Missing,NoPostalAssertionUnderCurrentNormalization,12954,[],,[]
JURONG WEST,924,JURONG WEST ST 92,3,Unmatched,Missing,NoPostalAssertionUnderCurrentNormalization,12957,[],,[]
JURONG WEST,925,JURONG WEST ST 92,38,Unmatched,Missing,NoPostalAssertionUnderCurrentNormalization,12960,[],,[]
JURONG WEST,926,JURONG WEST ST 92,22,Unmatched,Missing,NoPostalAssertionUnderCurrentNormalization,12965,[],,[]
JURONG WEST,928,JURONG WEST ST 92,18,Unmatched,Missing,NoPostalAssertionUnderCurrentNormalization,12972,[],,[]
JURONG WEST,929,JURONG WEST ST 92,39,Unmatched,Missing,NoPostalAssertionUnderCurrentNormalization,12976,[],,[]
JURONG WEST,930,JURONG WEST ST 92,3,Unmatched,Missing,NoPostalAssertionUnderCurrentNormalization,12995,[],,[]
JURONG WEST,931,JURONG WEST ST 92,11,Unmatched,Missing,NoPostalAssertionUnderCurrentNormalization,12999,[],,[]
JURONG WEST,932,JURONG WEST ST 92,20,Unmatched,Missing,NoPostalAssertionUnderCurrentNormalization,13004,[],,[]
JURONG WEST,933,JURONG WEST ST 91,14,Unmatched,Missing,NoPostalAssertionUnderCurrentNormalization,13011,[],,[]
JURONG WEST,934,JURONG WEST ST 91,20,Unmatched,Missing,NoPostalAssertionUnderCurrentNormalization,13014,[],,[]
JURONG WEST,935,JURONG WEST ST 91,5,Unmatched,Missing,NoPostalAssertionUnderCurrentNormalization,13017,[],,[]
JURONG WEST,936,JURONG WEST ST 91,31,Unmatched,Missing,NoPostalAssertionUnderCurrentNormalization,13021,[],,[]
JURONG WEST,937,JURONG WEST ST 91,1,Unmatched,Missing,NoPostalAssertionUnderCurrentNormalization,13030,[],,[]
JURONG WEST,938,JURONG WEST ST 91,16,Unmatched,Missing,NoPostalAssertionUnderCurrentNormalization,13033,[],,[]
JURONG WEST,939,JURONG WEST ST 91,29,Unmatched,Missing,NoPostalAssertionUnderCurrentNormalization,13036,[],,[]
JURONG WEST,940,JURONG WEST ST 91,25,Unmatched,Missing,NoPostalAssertionUnderCurrentNormalization,13053,[],,[]
JURONG WEST,941,JURONG WEST ST 91,23,Unmatched,Missing,NoPostalAssertionUnderCurrentNormalization,13056,[],,[]
JURONG WEST,942,JURONG WEST ST 91,21,Unmatched,Missing,NoPostalAssertionUnderCurrentNormalization,13060,[],,[]
JURONG WEST,943,JURONG WEST ST 91,20,Unmatched,Missing,NoPostalAssertionUnderCurrentNormalization,13063,[],,[]
JURONG WEST,944,JURONG WEST ST 91,16,Unmatched,Missing,NoPostalAssertionUnderCurrentNormalization,13066,[],,[]
JURONG WEST,945,JURONG WEST ST 91,15,Unmatched,Missing,NoPostalAssertionUnderCurrentNormalization,13069,[],,[]
JURONG WEST,946,JURONG WEST ST 91,20,Unmatched,Missing,NoPostalAssertionUnderCurrentNormalization,13072,[],,[]
JURONG WEST,947,JURONG WEST ST 91,13,Unmatched,Missing,NoPostalAssertionUnderCurrentNormalization,13075,[],,[]
JURONG WEST,948,JURONG WEST ST 91,18,Unmatched,Missing,NoPostalAssertionUnderCurrentNormalization,13076,[],,[]
JURONG WEST,949,JURONG WEST ST 91,13,Unmatched,Missing,NoPostalAssertionUnderCurrentNormalization,13077,[],,[]
JURONG WEST,950,JURONG WEST ST 91,20,Unmatched,Missing,NoPostalAssertionUnderCurrentNormalization,13099,[],,[]
JURONG WEST,952,JURONG WEST ST 91,12,Unmatched,Missing,NoPostalAssertionUnderCurrentNormalization,13106,[],,[]
JURONG WEST,953,JURONG WEST ST 91,12,Unmatched,Missing,NoPostalAssertionUnderCurrentNormalization,13112,[],,[]
JURONG WEST,961,JURONG WEST ST 92,5,Unmatched,Missing,NoPostalAssertionUnderCurrentNormalization,13159,[],,[]
JURONG WEST,965,JURONG WEST ST 93,5,Unmatched,Missing,NoPostalAssertionUnderCurrentNormalization,13181,[],,[]
JURONG WEST,966,JURONG WEST ST 93,6,Unmatched,Missing,NoPostalAssertionUnderCurrentNormalization,13188,[],,[]
JURONG WEST,974,JURONG WEST ST 93,4,Unmatched,Missing,NoPostalAssertionUnderCurrentNormalization,13235,[],,[]
JURONG WEST,975,JURONG WEST ST 93,11,Unmatched,Missing,NoPostalAssertionUnderCurrentNormalization,13237,[],,[]
JURONG WEST,976,JURONG WEST ST 93,25,Unmatched,Missing,NoPostalAssertionUnderCurrentNormalization,13239,[],,[]
JURONG WEST,977,JURONG WEST ST 93,28,Unmatched,Missing,NoPostalAssertionUnderCurrentNormalization,13240,[],,[]
JURONG WEST,978,JURONG WEST ST 93,9,Unmatched,Missing,NoPostalAssertionUnderCurrentNormalization,13241,[],,[]
JURONG WEST,979,JURONG WEST ST 93,11,Unmatched,Missing,NoPostalAssertionUnderCurrentNormalization,13244,[],,[]
JURONG WEST,980,JURONG WEST ST 93,17,Unmatched,Missing,NoPostalAssertionUnderCurrentNormalization,13257,[],,[]
JURONG WEST,986A,JURONG WEST ST 93,17,Unmatched,Missing,NoPostalAssertionUnderCurrentNormalization,13279,[],,[]
JURONG WEST,986B,JURONG WEST ST 93,9,Unmatched,Missing,NoPostalAssertionUnderCurrentNormalization,13281,[],,[]
JURONG WEST,986C,JURONG WEST ST 93,8,Unmatched,Missing,NoPostalAssertionUnderCurrentNormalization,13283,[],,[]
JURONG WEST,987A,JURONG WEST ST 93,33,Unmatched,Missing,NoPostalAssertionUnderCurrentNormalization,13287,[],,[]
JURONG WEST,987B,JURONG WEST ST 93,32,Unmatched,Missing,NoPostalAssertionUnderCurrentNormalization,13289,[],,[]
JURONG WEST,987C,JURONG WEST ST 93,36,Unmatched,Missing,NoPostalAssertionUnderCurrentNormalization,13291,[],,[]
JURONG WEST,987D,JURONG WEST ST 93,30,Unmatched,Missing,NoPostalAssertionUnderCurrentNormalization,13292,[],,[]
JURONG WEST,988A,JURONG WEST ST 93,29,Unmatched,Missing,NoPostalAssertionUnderCurrentNormalization,13296,[],,[]
JURONG WEST,988B,JURONG WEST ST 93,12,Unmatched,Missing,NoPostalAssertionUnderCurrentNormalization,13298,[],,[]
JURONG WEST,988C,JURONG WEST ST 93,29,Unmatched,Missing,NoPostalAssertionUnderCurrentNormalization,13300,[],,[]
JURONG WEST,989A,JURONG WEST ST 93,33,Unmatched,Missing,NoPostalAssertionUnderCurrentNormalization,13301,[],,[]
JURONG WEST,989B,JURONG WEST ST 93,21,Unmatched,Missing,NoPostalAssertionUnderCurrentNormalization,13302,[],,[]
JURONG WEST,989C,JURONG WEST ST 93,33,Unmatched,Missing,NoPostalAssertionUnderCurrentNormalization,13303,[],,[]
JURONG WEST,989D,JURONG WEST ST 93,35,Unmatched,Missing,NoPostalAssertionUnderCurrentNormalization,13304,[],,[]
JURONG WEST,990A,JURONG WEST ST 93,18,Unmatched,Missing,NoPostalAssertionUnderCurrentNormalization,13317,[],,[]
JURONG WEST,990B,JURONG WEST ST 93,17,Unmatched,Missing,NoPostalAssertionUnderCurrentNormalization,13318,[],,[]
JURONG WEST,990C,JURONG WEST ST 93,13,Unmatched,Missing,NoPostalAssertionUnderCurrentNormalization,13319,[],,[]
KALLANG/WHAMPOA,1,BEACH RD,30,Unmatched,Missing,NoPostalAssertionUnderCurrentNormalization,2,[],,[]
KALLANG/WHAMPOA,1,KG KAYU RD,22,Unmatched,Missing,NoPostalAssertionUnderCurrentNormalization,20,[],,[]
KALLANG/WHAMPOA,1,ST. GEORGE'S RD,25,Unmatched,Missing,NoPostalAssertionUnderCurrentNormalization,29,[],,[]
KALLANG/WHAMPOA,10,GLOUCESTER RD,35,Unmatched,Missing,NoPostalAssertionUnderCurrentNormalization,59,[],,[]
KALLANG/WHAMPOA,10,JLN BATU,33,Unmatched,Missing,NoPostalAssertionUnderCurrentNormalization,64,[],,[]
KALLANG/WHAMPOA,10,ST. GEORGE'S RD,2,Unmatched,Missing,NoPostalAssertionUnderCurrentNormalization,72,[],,[]
KALLANG/WHAMPOA,100,WHAMPOA DR,18,Unmatched,Missing,NoPostalAssertionUnderCurrentNormalization,99,[],,[]
KALLANG/WHAMPOA,101,AH HOOD RD,17,Unmatched,Missing,NoPostalAssertionUnderCurrentNormalization,100,[],,[]
KALLANG/WHAMPOA,101,JLN RAJAH,27,Unmatched,Missing,NoPostalAssertionUnderCurrentNormalization,115,[],,[]
KALLANG/WHAMPOA,101,TOWNER RD,10,Unmatched,Missing,NoPostalAssertionUnderCurrentNormalization,127,[],,[]
KALLANG/WHAMPOA,101,WHAMPOA DR,20,Unmatched,Missing,NoPostalAssertionUnderCurrentNormalization,128,[],,[]
KALLANG/WHAMPOA,102,JLN DUSUN,22,Unmatched,Missing,NoPostalAssertionUnderCurrentNormalization,159,[],,[]
KALLANG/WHAMPOA,102,JLN RAJAH,34,Unmatched,Missing,NoPostalAssertionUnderCurrentNormalization,158,[],,[]
KALLANG/WHAMPOA,102,TOWNER RD,6,Unmatched,Missing,NoPostalAssertionUnderCurrentNormalization,171,[],,[]
KALLANG/WHAMPOA,103,AH HOOD RD,24,Unmatched,Missing,NoPostalAssertionUnderCurrentNormalization,184,[],,[]
KALLANG/WHAMPOA,103,JLN RAJAH,26,Unmatched,Missing,NoPostalAssertionUnderCurrentNormalization,199,[],,[]
KALLANG/WHAMPOA,103,TOWNER RD,14,Unmatched,Missing,NoPostalAssertionUnderCurrentNormalization,210,[],,[]
KALLANG/WHAMPOA,104,JLN DUSUN,4,Unmatched,Missing,NoPostalAssertionUnderCurrentNormalization,237,[],,[]
KALLANG/WHAMPOA,104,JLN RAJAH,12,Unmatched,Missing,NoPostalAssertionUnderCurrentNormalization,236,[],,[]
KALLANG/WHAMPOA,104,TOWNER RD,26,Unmatched,Missing,NoPostalAssertionUnderCurrentNormalization,248,[],,[]
KALLANG/WHAMPOA,104,WHAMPOA DR,26,Unmatched,Missing,NoPostalAssertionUnderCurrentNormalization,249,[],,[]
KALLANG/WHAMPOA,105,JLN RAJAH,25,Unmatched,Missing,NoPostalAssertionUnderCurrentNormalization,281,[],,[]
KALLANG/WHAMPOA,105,TOWNER RD,36,Unmatched,Missing,NoPostalAssertionUnderCurrentNormalization,294,[],,[]
KALLANG/WHAMPOA,106,JLN DUSUN,15,Unmatched,Missing,NoPostalAssertionUnderCurrentNormalization,322,[],,[]
KALLANG/WHAMPOA,106,JLN RAJAH,21,Unmatched,Missing,NoPostalAssertionUnderCurrentNormalization,321,[],,[]
KALLANG/WHAMPOA,106,TOWNER RD,17,Unmatched,Missing,NoPostalAssertionUnderCurrentNormalization,335,[],,[]
KALLANG/WHAMPOA,107,JLN RAJAH,16,Unmatched,Missing,NoPostalAssertionUnderCurrentNormalization,364,[],,[]
KALLANG/WHAMPOA,107,TOWNER RD,41,Unmatched,Missing,NoPostalAssertionUnderCurrentNormalization,377,[],,[]
KALLANG/WHAMPOA,108,JLN RAJAH,24,Unmatched,Missing,NoPostalAssertionUnderCurrentNormalization,407,[],,[]
KALLANG/WHAMPOA,108,MCNAIR RD,27,Unmatched,Missing,NoPostalAssertionUnderCurrentNormalization,411,[],,[]
KALLANG/WHAMPOA,108B,MCNAIR RD,45,Unmatched,Missing,NoPostalAssertionUnderCurrentNormalization,431,[],,[]
KALLANG/WHAMPOA,108C,MCNAIR RD,39,Unmatched,Missing,NoPostalAssertionUnderCurrentNormalization,433,[],,[]
KALLANG/WHAMPOA,109,MCNAIR RD,20,Unmatched,Missing,NoPostalAssertionUnderCurrentNormalization,452,[],,[]
KALLANG/WHAMPOA,109,WHAMPOA RD,11,Unmatched,Missing,NoPostalAssertionUnderCurrentNormalization,462,[],,[]
KALLANG/WHAMPOA,10A,BENDEMEER RD,75,Unmatched,Missing,NoPostalAssertionUnderCurrentNormalization,77,[],,[]
KALLANG/WHAMPOA,10B,BENDEMEER RD,54,Unmatched,Missing,NoPostalAssertionUnderCurrentNormalization,85,[],,[]
KALLANG/WHAMPOA,10C,BENDEMEER RD,75,Unmatched,Missing,NoPostalAssertionUnderCurrentNormalization,89,[],,[]
KALLANG/WHAMPOA,11,FARRER PK RD,40,Unmatched,Missing,NoPostalAssertionUnderCurrentNormalization,482,[],,[]
KALLANG/WHAMPOA,11,JLN BATU,31,Unmatched,Missing,NoPostalAssertionUnderCurrentNormalization,485,[],,[]
KALLANG/WHAMPOA,11,ST. GEORGE'S RD,18,Unmatched,Missing,NoPostalAssertionUnderCurrentNormalization,491,[],,[]
KALLANG/WHAMPOA,11,UPP BOON KENG RD,55,Unmatched,Missing,NoPostalAssertionUnderCurrentNormalization,495,[],,[]
KALLANG/WHAMPOA,110,MCNAIR RD,28,Unmatched,Missing,NoPostalAssertionUnderCurrentNormalization,519,[],,[]
KALLANG/WHAMPOA,110,WHAMPOA RD,19,Unmatched,Missing,NoPostalAssertionUnderCurrentNormalization,528,[],,[]
KALLANG/WHAMPOA,111,LOR 3 GEYLANG,2,Unmatched,Missing,NoPostalAssertionUnderCurrentNormalization,556,[],,[]
KALLANG/WHAMPOA,111,MCNAIR RD,23,Unmatched,Missing,NoPostalAssertionUnderCurrentNormalization,558,[],,[]
KALLANG/WHAMPOA,111,WHAMPOA RD,7,Unmatched,Missing,NoPostalAssertionUnderCurrentNormalization,566,[],,[]
KALLANG/WHAMPOA,112,LOR 3 GEYLANG,7,Unmatched,Missing,NoPostalAssertionUnderCurrentNormalization,593,[],,[]
KALLANG/WHAMPOA,112,MCNAIR RD,16,Unmatched,Missing,NoPostalAssertionUnderCurrentNormalization,595,[],,[]
KALLANG/WHAMPOA,112,WHAMPOA RD,19,Unmatched,Missing,NoPostalAssertionUnderCurrentNormalization,604,[],,[]
KALLANG/WHAMPOA,113,LOR 3 GEYLANG,9,Unmatched,Missing,NoPostalAssertionUnderCurrentNormalization,632,[],,[]
KALLANG/WHAMPOA,113,WHAMPOA RD,17,Unmatched,Missing,NoPostalAssertionUnderCurrentNormalization,644,[],,[]
KALLANG/WHAMPOA,113A,MCNAIR RD,73,Unmatched,Missing,NoPostalAssertionUnderCurrentNormalization,650,[],,[]
KALLANG/WHAMPOA,113B,MCNAIR RD,75,Unmatched,Missing,NoPostalAssertionUnderCurrentNormalization,654,[],,[]
KALLANG/WHAMPOA,113C,MCNAIR RD,35,Unmatched,Missing,NoPostalAssertionUnderCurrentNormalization,657,[],,[]
KALLANG/WHAMPOA,113D,MCNAIR RD,30,Unmatched,Missing,NoPostalAssertionUnderCurrentNormalization,658,[],,[]
KALLANG/WHAMPOA,114,LOR 3 GEYLANG,7,Unmatched,Missing,NoPostalAssertionUnderCurrentNormalization,675,[],,[]
KALLANG/WHAMPOA,114,WHAMPOA RD,18,Unmatched,Missing,NoPostalAssertionUnderCurrentNormalization,686,[],,[]
KALLANG/WHAMPOA,115,WHAMPOA RD,21,Unmatched,Missing,NoPostalAssertionUnderCurrentNormalization,723,[],,[]
KALLANG/WHAMPOA,116A,JLN TENTERAM,77,Unmatched,Missing,NoPostalAssertionUnderCurrentNormalization,769,[],,[]
KALLANG/WHAMPOA,116B,JLN TENTERAM,66,Unmatched,Missing,NoPostalAssertionUnderCurrentNormalization,772,[],,[]
KALLANG/WHAMPOA,117A,JLN TENTERAM,89,Unmatched,Missing,NoPostalAssertionUnderCurrentNormalization,808,[],,[]
KALLANG/WHAMPOA,117B,JLN TENTERAM,72,Unmatched,Missing,NoPostalAssertionUnderCurrentNormalization,812,[],,[]
KALLANG/WHAMPOA,119,MCNAIR RD,19,Unmatched,Missing,NoPostalAssertionUnderCurrentNormalization,870,[],,[]
KALLANG/WHAMPOA,12,FARRER PK RD,61,Unmatched,Missing,NoPostalAssertionUnderCurrentNormalization,901,[],,[]
KALLANG/WHAMPOA,12,KG ARANG RD,25,Unmatched,Missing,NoPostalAssertionUnderCurrentNormalization,906,[],,[]
KALLANG/WHAMPOA,12,NTH BRIDGE RD,16,Unmatched,Missing,NoPostalAssertionUnderCurrentNormalization,910,[],,[]
KALLANG/WHAMPOA,12,UPP BOON KENG RD,30,Unmatched,Missing,NoPostalAssertionUnderCurrentNormalization,917,[],,[]
KALLANG/WHAMPOA,120,MCNAIR RD,23,Unmatched,Missing,NoPostalAssertionUnderCurrentNormalization,942,[],,[]
KALLANG/WHAMPOA,121,MCNAIR RD,27,Unmatched,Missing,NoPostalAssertionUnderCurrentNormalization,984,[],,[]
KALLANG/WHAMPOA,122,MCNAIR RD,14,Unmatched,Missing,NoPostalAssertionUnderCurrentNormalization,1023,[],,[]
KALLANG/WHAMPOA,123,MCNAIR RD,25,Unmatched,Missing,NoPostalAssertionUnderCurrentNormalization,1057,[],,[]
KALLANG/WHAMPOA,124,MCNAIR RD,14,Unmatched,Missing,NoPostalAssertionUnderCurrentNormalization,1088,[],,[]
KALLANG/WHAMPOA,13,FARRER PK RD,42,Unmatched,Missing,NoPostalAssertionUnderCurrentNormalization,1266,[],,[]
KALLANG/WHAMPOA,13,ST. GEORGE'S RD,14,Unmatched,Missing,NoPostalAssertionUnderCurrentNormalization,1277,[],,[]
KALLANG/WHAMPOA,13,UPP BOON KENG RD,23,Unmatched,Missing,NoPostalAssertionUnderCurrentNormalization,1281,[],,[]
KALLANG/WHAMPOA,14,KG ARANG RD,21,Unmatched,Missing,NoPostalAssertionUnderCurrentNormalization,1548,[],,[]
KALLANG/WHAMPOA,14,ST. GEORGE'S RD,30,Unmatched,Missing,NoPostalAssertionUnderCurrentNormalization,1552,[],,[]
KALLANG/WHAMPOA,14,UPP BOON KENG RD,21,Unmatched,Missing,NoPostalAssertionUnderCurrentNormalization,1557,[],,[]
KALLANG/WHAMPOA,14A,UPP BOON KENG RD,33,Unmatched,Missing,NoPostalAssertionUnderCurrentNormalization,1563,[],,[]
KALLANG/WHAMPOA,15,BEACH RD,9,Unmatched,Missing,NoPostalAssertionUnderCurrentNormalization,1754,[],,[]
KALLANG/WHAMPOA,15,FARRER PK RD,66,Unmatched,Missing,NoPostalAssertionUnderCurrentNormalization,1757,[],,[]
KALLANG/WHAMPOA,15,ST. GEORGE'S RD,14,Unmatched,Missing,NoPostalAssertionUnderCurrentNormalization,1764,[],,[]
KALLANG/WHAMPOA,15,UPP BOON KENG RD,34,Unmatched,Missing,NoPostalAssertionUnderCurrentNormalization,1768,[],,[]
KALLANG/WHAMPOA,16,JLN TENTERAM,41,Unmatched,Missing,NoPostalAssertionUnderCurrentNormalization,1981,[],,[]
KALLANG/WHAMPOA,16,ST. GEORGE'S RD,7,Unmatched,Missing,NoPostalAssertionUnderCurrentNormalization,1985,[],,[]
KALLANG/WHAMPOA,16,UPP BOON KENG RD,45,Unmatched,Missing,NoPostalAssertionUnderCurrentNormalization,1990,[],,[]
KALLANG/WHAMPOA,17,BEACH RD,13,Unmatched,Missing,NoPostalAssertionUnderCurrentNormalization,2186,[],,[]
KALLANG/WHAMPOA,17,JLN TENTERAM,38,Unmatched,Missing,NoPostalAssertionUnderCurrentNormalization,2194,[],,[]
KALLANG/WHAMPOA,17,ST. GEORGE'S RD,1,Unmatched,Missing,NoPostalAssertionUnderCurrentNormalization,2200,[],,[]
KALLANG/WHAMPOA,18,JLN TENTERAM,48,Unmatched,Missing,NoPostalAssertionUnderCurrentNormalization,2399,[],,[]
KALLANG/WHAMPOA,18,ST. GEORGE'S RD,23,Unmatched,Missing,NoPostalAssertionUnderCurrentNormalization,2404,[],,[]
KALLANG/WHAMPOA,19,JLN TENTERAM,42,Unmatched,Missing,NoPostalAssertionUnderCurrentNormalization,2615,[],,[]
KALLANG/WHAMPOA,19,ST. GEORGE'S RD,6,Unmatched,Missing,NoPostalAssertionUnderCurrentNormalization,2623,[],,[]
KALLANG/WHAMPOA,2,BEACH RD,25,Unmatched,Missing,NoPostalAssertionUnderCurrentNormalization,2725,[],,[]
KALLANG/WHAMPOA,2,JLN BATU,24,Unmatched,Missing,NoPostalAssertionUnderCurrentNormalization,2741,[],,[]
KALLANG/WHAMPOA,2,ST. GEORGE'S RD,35,Unmatched,Missing,NoPostalAssertionUnderCurrentNormalization,2750,[],,[]
KALLANG/WHAMPOA,20,ST. GEORGE'S RD,32,Unmatched,Missing,NoPostalAssertionUnderCurrentNormalization,2799,[],,[]
KALLANG/WHAMPOA,21,ST. GEORGE'S RD,18,Unmatched,Missing,NoPostalAssertionUnderCurrentNormalization,3091,[],,[]
KALLANG/WHAMPOA,22,BOON KENG RD,27,Unmatched,Missing,NoPostalAssertionUnderCurrentNormalization,3362,[],,[]
KALLANG/WHAMPOA,22,ST. GEORGE'S RD,16,Unmatched,Missing,NoPostalAssertionUnderCurrentNormalization,3377,[],,[]
KALLANG/WHAMPOA,23,BENDEMEER RD,19,Unmatched,Missing,NoPostalAssertionUnderCurrentNormalization,3636,[],,[]
KALLANG/WHAMPOA,23,ST. GEORGE'S RD,13,Unmatched,Missing,NoPostalAssertionUnderCurrentNormalization,3647,[],,[]
KALLANG/WHAMPOA,24,BENDEMEER RD,21,Unmatched,Missing,NoPostalAssertionUnderCurrentNormalization,3859,[],,[]
KALLANG/WHAMPOA,26,BENDEMEER RD,18,Unmatched,Missing,NoPostalAssertionUnderCurrentNormalization,4197,[],,[]
KALLANG/WHAMPOA,27,JLN BAHAGIA,32,Unmatched,Missing,NoPostalAssertionUnderCurrentNormalization,4412,[],,[]
KALLANG/WHAMPOA,28,BENDEMEER RD,16,Unmatched,Missing,NoPostalAssertionUnderCurrentNormalization,4604,[],,[]
KALLANG/WHAMPOA,28,JLN BAHAGIA,36,Unmatched,Missing,NoPostalAssertionUnderCurrentNormalization,4611,[],,[]
KALLANG/WHAMPOA,29,JLN BAHAGIA,10,Unmatched,Missing,NoPostalAssertionUnderCurrentNormalization,4761,[],,[]
KALLANG/WHAMPOA,2A,UPP BOON KENG RD,40,Unmatched,Missing,NoPostalAssertionUnderCurrentNormalization,2768,[],,[]
KALLANG/WHAMPOA,2B,UPP BOON KENG RD,41,Unmatched,Missing,NoPostalAssertionUnderCurrentNormalization,2773,[],,[]
KALLANG/WHAMPOA,2C,UPP BOON KENG RD,26,Unmatched,Missing,NoPostalAssertionUnderCurrentNormalization,2776,[],,[]
KALLANG/WHAMPOA,2D,UPP BOON KENG RD,35,Unmatched,Missing,NoPostalAssertionUnderCurrentNormalization,2779,[],,[]
KALLANG/WHAMPOA,3,BEACH RD,29,Unmatched,Missing,NoPostalAssertionUnderCurrentNormalization,4896,[],,[]
KALLANG/WHAMPOA,3,JLN BATU,28,Unmatched,Missing,NoPostalAssertionUnderCurrentNormalization,4908,[],,[]
KALLANG/WHAMPOA,3,ST. GEORGE'S RD,70,Unmatched,Missing,NoPostalAssertionUnderCurrentNormalization,4918,[],,[]
KALLANG/WHAMPOA,30,BENDEMEER RD,27,Unmatched,Missing,NoPostalAssertionUnderCurrentNormalization,4937,[],,[]
KALLANG/WHAMPOA,30,JLN BAHAGIA,21,Unmatched,Missing,NoPostalAssertionUnderCurrentNormalization,4942,[],,[]
KALLANG/WHAMPOA,32,JLN BAHAGIA,33,Unmatched,Missing,NoPostalAssertionUnderCurrentNormalization,5425,[],,[]
KALLANG/WHAMPOA,33,JLN BAHAGIA,26,Unmatched,Missing,NoPostalAssertionUnderCurrentNormalization,5640,[],,[]
KALLANG/WHAMPOA,34,JLN BAHAGIA,33,Unmatched,Missing,NoPostalAssertionUnderCurrentNormalization,5856,[],,[]
KALLANG/WHAMPOA,35,JLN BAHAGIA,29,Unmatched,Missing,NoPostalAssertionUnderCurrentNormalization,5987,[],,[]
KALLANG/WHAMPOA,37,CAMBRIDGE RD,15,Unmatched,Missing,NoPostalAssertionUnderCurrentNormalization,6275,[],,[]
KALLANG/WHAMPOA,38,CAMBRIDGE RD,21,Unmatched,Missing,NoPostalAssertionUnderCurrentNormalization,6389,[],,[]
KALLANG/WHAMPOA,38,JLN BAHAGIA,6,Unmatched,Missing,NoPostalAssertionUnderCurrentNormalization,6394,[],,[]
KALLANG/WHAMPOA,38,UPP BOON KENG RD,17,Unmatched,Missing,NoPostalAssertionUnderCurrentNormalization,6403,[],,[]
KALLANG/WHAMPOA,38A,BENDEMEER RD,40,Unmatched,Missing,NoPostalAssertionUnderCurrentNormalization,6404,[],,[]
KALLANG/WHAMPOA,38B,BENDEMEER RD,42,Unmatched,Missing,NoPostalAssertionUnderCurrentNormalization,6408,[],,[]
KALLANG/WHAMPOA,38C,BENDEMEER RD,46,Unmatched,Missing,NoPostalAssertionUnderCurrentNormalization,6410,[],,[]
KALLANG/WHAMPOA,38D,BENDEMEER RD,43,Unmatched,Missing,NoPostalAssertionUnderCurrentNormalization,6412,[],,[]
KALLANG/WHAMPOA,39,CAMBRIDGE RD,18,Unmatched,Missing,NoPostalAssertionUnderCurrentNormalization,6461,[],,[]
KALLANG/WHAMPOA,39,JLN BAHAGIA,4,Unmatched,Missing,NoPostalAssertionUnderCurrentNormalization,6466,[],,[]
KALLANG/WHAMPOA,39,UPP BOON KENG RD,17,Unmatched,Missing,NoPostalAssertionUnderCurrentNormalization,6472,[],,[]
KALLANG/WHAMPOA,39A,BENDEMEER RD,41,Unmatched,Missing,NoPostalAssertionUnderCurrentNormalization,6473,[],,[]
KALLANG/WHAMPOA,3A,UPP BOON KENG RD,36,Unmatched,Missing,NoPostalAssertionUnderCurrentNormalization,4932,[],,[]
KALLANG/WHAMPOA,3B,UPP BOON KENG RD,32,Unmatched,Missing,NoPostalAssertionUnderCurrentNormalization,4933,[],,[]
KALLANG/WHAMPOA,3C,UPP BOON KENG RD,26,Unmatched,Missing,NoPostalAssertionUnderCurrentNormalization,4934,[],,[]
KALLANG/WHAMPOA,3D,UPP BOON KENG RD,33,Unmatched,Missing,NoPostalAssertionUnderCurrentNormalization,4935,[],,[]
KALLANG/WHAMPOA,4,BOON KENG RD,18,Unmatched,Missing,NoPostalAssertionUnderCurrentNormalization,6505,[],,[]
KALLANG/WHAMPOA,4,JLN BATU,25,Unmatched,Missing,NoPostalAssertionUnderCurrentNormalization,6514,[],,[]
KALLANG/WHAMPOA,40,CAMBRIDGE RD,17,Unmatched,Missing,NoPostalAssertionUnderCurrentNormalization,6542,[],,[]
KALLANG/WHAMPOA,40,JLN BAHAGIA,3,Unmatched,Missing,NoPostalAssertionUnderCurrentNormalization,6546,[],,[]
KALLANG/WHAMPOA,41,CAMBRIDGE RD,9,Unmatched,Missing,NoPostalAssertionUnderCurrentNormalization,6767,[],,[]
KALLANG/WHAMPOA,41,JLN BAHAGIA,4,Unmatched,Missing,NoPostalAssertionUnderCurrentNormalization,6772,[],,[]
KALLANG/WHAMPOA,42,CAMBRIDGE RD,6,Unmatched,Missing,NoPostalAssertionUnderCurrentNormalization,6996,[],,[]
KALLANG/WHAMPOA,42,JLN BAHAGIA,3,Unmatched,Missing,NoPostalAssertionUnderCurrentNormalization,7001,[],,[]
KALLANG/WHAMPOA,43,BENDEMEER RD,52,Unmatched,Missing,NoPostalAssertionUnderCurrentNormalization,7180,[],,[]
KALLANG/WHAMPOA,43,CAMBRIDGE RD,17,Unmatched,Missing,NoPostalAssertionUnderCurrentNormalization,7181,[],,[]
KALLANG/WHAMPOA,43,JLN BAHAGIA,4,Unmatched,Missing,NoPostalAssertionUnderCurrentNormalization,7185,[],,[]
KALLANG/WHAMPOA,44,BENDEMEER RD,64,Unmatched,Missing,NoPostalAssertionUnderCurrentNormalization,7374,[],,[]
KALLANG/WHAMPOA,44,JLN BAHAGIA,1,Unmatched,Missing,NoPostalAssertionUnderCurrentNormalization,7379,[],,[]
KALLANG/WHAMPOA,44,OWEN RD,16,Unmatched,Missing,NoPostalAssertionUnderCurrentNormalization,7384,[],,[]
KALLANG/WHAMPOA,45,BENDEMEER RD,29,Unmatched,Missing,NoPostalAssertionUnderCurrentNormalization,7589,[],,[]
KALLANG/WHAMPOA,46,BENDEMEER RD,18,Unmatched,Missing,NoPostalAssertionUnderCurrentNormalization,7768,[],,[]
KALLANG/WHAMPOA,46,JLN BAHAGIA,9,Unmatched,Missing,NoPostalAssertionUnderCurrentNormalization,7772,[],,[]
KALLANG/WHAMPOA,46,OWEN RD,6,Unmatched,Missing,NoPostalAssertionUnderCurrentNormalization,7776,[],,[]
KALLANG/WHAMPOA,467,NTH BRIDGE RD,27,Unmatched,Missing,NoPostalAssertionUnderCurrentNormalization,7925,[],,[]
KALLANG/WHAMPOA,468,NTH BRIDGE RD,29,Unmatched,Missing,NoPostalAssertionUnderCurrentNormalization,7946,[],,[]
KALLANG/WHAMPOA,47,BENDEMEER RD,26,Unmatched,Missing,NoPostalAssertionUnderCurrentNormalization,7981,[],,[]
KALLANG/WHAMPOA,47,JLN BAHAGIA,1,Unmatched,Missing,NoPostalAssertionUnderCurrentNormalization,7984,[],,[]
KALLANG/WHAMPOA,48,BENDEMEER RD,18,Unmatched,Missing,NoPostalAssertionUnderCurrentNormalization,8145,[],,[]
KALLANG/WHAMPOA,48,DORSET RD,15,Unmatched,Missing,NoPostalAssertionUnderCurrentNormalization,8147,[],,[]
KALLANG/WHAMPOA,48,JLN BAHAGIA,3,Unmatched,Missing,NoPostalAssertionUnderCurrentNormalization,8148,[],,[]
KALLANG/WHAMPOA,48A,DORSET RD,14,Unmatched,Missing,NoPostalAssertionUnderCurrentNormalization,8159,[],,[]
KALLANG/WHAMPOA,49,DORSET RD,33,Unmatched,Missing,NoPostalAssertionUnderCurrentNormalization,8268,[],,[]
KALLANG/WHAMPOA,49,JLN BAHAGIA,2,Unmatched,Missing,NoPostalAssertionUnderCurrentNormalization,8271,[],,[]
KALLANG/WHAMPOA,49,WHAMPOA STH,30,Unmatched,Missing,NoPostalAssertionUnderCurrentNormalization,8280,[],,[]
KALLANG/WHAMPOA,5,BOON KENG RD,18,Unmatched,Missing,NoPostalAssertionUnderCurrentNormalization,8386,[],,[]
KALLANG/WHAMPOA,5,JLN BATU,25,Unmatched,Missing,NoPostalAssertionUnderCurrentNormalization,8397,[],,[]
KALLANG/WHAMPOA,5,ST. GEORGE'S LANE,30,Unmatched,Missing,NoPostalAssertionUnderCurrentNormalization,8403,[],,[]
KALLANG/WHAMPOA,50,DORSET RD,34,Unmatched,Missing,NoPostalAssertionUnderCurrentNormalization,8420,[],,[]
KALLANG/WHAMPOA,50,JLN BAHAGIA,3,Unmatched,Missing,NoPostalAssertionUnderCurrentNormalization,8423,[],,[]
KALLANG/WHAMPOA,51,JLN BAHAGIA,4,Unmatched,Missing,NoPostalAssertionUnderCurrentNormalization,8640,[],,[]
KALLANG/WHAMPOA,51,KENT RD,16,Unmatched,Missing,NoPostalAssertionUnderCurrentNormalization,8641,[],,[]
KALLANG/WHAMPOA,52,JLN BAHAGIA,2,Unmatched,Missing,NoPostalAssertionUnderCurrentNormalization,8815,[],,[]
KALLANG/WHAMPOA,52,KENT RD,13,Unmatched,Missing,NoPostalAssertionUnderCurrentNormalization,8816,[],,[]
KALLANG/WHAMPOA,53,JLN MA'MOR,8,Unmatched,Missing,NoPostalAssertionUnderCurrentNormalization,8969,[],,[]
KALLANG/WHAMPOA,53,KENT RD,3,Unmatched,Missing,NoPostalAssertionUnderCurrentNormalization,8970,[],,[]
KALLANG/WHAMPOA,54,JLN MA'MOR,3,Unmatched,Missing,NoPostalAssertionUnderCurrentNormalization,9117,[],,[]
KALLANG/WHAMPOA,54,KENT RD,17,Unmatched,Missing,NoPostalAssertionUnderCurrentNormalization,9118,[],,[]
KALLANG/WHAMPOA,55,GEYLANG BAHRU,21,Unmatched,Missing,NoPostalAssertionUnderCurrentNormalization,9244,[],,[]
KALLANG/WHAMPOA,55,JLN BAHAGIA,8,Unmatched,Missing,NoPostalAssertionUnderCurrentNormalization,9246,[],,[]
KALLANG/WHAMPOA,56,JLN MA'MOR,4,Unmatched,Missing,NoPostalAssertionUnderCurrentNormalization,9347,[],,[]
KALLANG/WHAMPOA,57,JLN MA'MOR,3,Unmatched,Missing,NoPostalAssertionUnderCurrentNormalization,9428,[],,[]
KALLANG/WHAMPOA,58,GEYLANG BAHRU,9,Unmatched,Missing,NoPostalAssertionUnderCurrentNormalization,9515,[],,[]
KALLANG/WHAMPOA,58,JLN MA'MOR,3,Unmatched,Missing,NoPostalAssertionUnderCurrentNormalization,9517,[],,[]
KALLANG/WHAMPOA,59,JLN MA'MOR,5,Unmatched,Missing,NoPostalAssertionUnderCurrentNormalization,9585,[],,[]
KALLANG/WHAMPOA,5A,UPP BOON KENG RD,39,Unmatched,Missing,NoPostalAssertionUnderCurrentNormalization,8415,[],,[]
KALLANG/WHAMPOA,6,BEACH RD,16,Unmatched,Missing,NoPostalAssertionUnderCurrentNormalization,9622,[],,[]
KALLANG/WHAMPOA,6,BOON KENG RD,36,Unmatched,Missing,NoPostalAssertionUnderCurrentNormalization,9624,[],,[]
KALLANG/WHAMPOA,6,JLN BATU,25,Unmatched,Missing,NoPostalAssertionUnderCurrentNormalization,9633,[],,[]
KALLANG/WHAMPOA,60,JLN BAHAGIA,1,Unmatched,Missing,NoPostalAssertionUnderCurrentNormalization,9659,[],,[]
KALLANG/WHAMPOA,61,JLN TENTERAM,5,Unmatched,Missing,NoPostalAssertionUnderCurrentNormalization,9824,[],,[]
KALLANG/WHAMPOA,62,JLN MA'MOR,3,Unmatched,Missing,NoPostalAssertionUnderCurrentNormalization,9996,[],,[]
KALLANG/WHAMPOA,63,JLN MA'MOR,4,Unmatched,Missing,NoPostalAssertionUnderCurrentNormalization,10160,[],,[]
KALLANG/WHAMPOA,64,JLN MA'MOR,2,Unmatched,Missing,NoPostalAssertionUnderCurrentNormalization,10365,[],,[]
KALLANG/WHAMPOA,65,JLN MA'MOR,3,Unmatched,Missing,NoPostalAssertionUnderCurrentNormalization,10526,[],,[]
KALLANG/WHAMPOA,681,RACE COURSE RD,15,Unmatched,Missing,NoPostalAssertionUnderCurrentNormalization,11016,[],,[]
KALLANG/WHAMPOA,682,RACE COURSE RD,5,Unmatched,Missing,NoPostalAssertionUnderCurrentNormalization,11029,[],,[]
KALLANG/WHAMPOA,683,TESSENSOHN RD,17,Unmatched,Missing,NoPostalAssertionUnderCurrentNormalization,11045,[],,[]
KALLANG/WHAMPOA,684,RACE COURSE RD,28,Unmatched,Missing,NoPostalAssertionUnderCurrentNormalization,11063,[],,[]
KALLANG/WHAMPOA,685,RACE COURSE RD,31,Unmatched,Missing,NoPostalAssertionUnderCurrentNormalization,11082,[],,[]
KALLANG/WHAMPOA,69,MOULMEIN RD,20,Unmatched,Missing,NoPostalAssertionUnderCurrentNormalization,11148,[],,[]
KALLANG/WHAMPOA,7,BOON KENG RD,97,Unmatched,Missing,NoPostalAssertionUnderCurrentNormalization,11225,[],,[]
KALLANG/WHAMPOA,7,JLN BATU,26,Unmatched,Missing,NoPostalAssertionUnderCurrentNormalization,11233,[],,[]
KALLANG/WHAMPOA,7,ST. GEORGE'S LANE,41,Unmatched,Missing,NoPostalAssertionUnderCurrentNormalization,11245,[],,[]
KALLANG/WHAMPOA,74,WHAMPOA DR,46,Unmatched,Missing,NoPostalAssertionUnderCurrentNormalization,11635,[],,[]
KALLANG/WHAMPOA,75,WHAMPOA DR,59,Unmatched,Missing,NoPostalAssertionUnderCurrentNormalization,11707,[],,[]
KALLANG/WHAMPOA,76,LOR LIMAU,56,Unmatched,Missing,NoPostalAssertionUnderCurrentNormalization,11775,[],,[]
KALLANG/WHAMPOA,77,LOR LIMAU,47,Unmatched,Missing,NoPostalAssertionUnderCurrentNormalization,11857,[],,[]
KALLANG/WHAMPOA,78,LOR LIMAU,77,Unmatched,Missing,NoPostalAssertionUnderCurrentNormalization,11915,[],,[]
KALLANG/WHAMPOA,8,BOON KENG RD,97,Unmatched,Missing,NoPostalAssertionUnderCurrentNormalization,12054,[],,[]
KALLANG/WHAMPOA,8,JLN BATU,22,Unmatched,Missing,NoPostalAssertionUnderCurrentNormalization,12062,[],,[]
KALLANG/WHAMPOA,801,FRENCH RD,23,Unmatched,Missing,NoPostalAssertionUnderCurrentNormalization,12110,[],,[]
KALLANG/WHAMPOA,802,FRENCH RD,3,Unmatched,Missing,NoPostalAssertionUnderCurrentNormalization,12123,[],,[]
KALLANG/WHAMPOA,804,KING GEORGE'S AVE,24,Unmatched,Missing,NoPostalAssertionUnderCurrentNormalization,12143,[],,[]
KALLANG/WHAMPOA,805,KING GEORGE'S AVE,10,Unmatched,Missing,NoPostalAssertionUnderCurrentNormalization,12152,[],,[]
KALLANG/WHAMPOA,806,KING GEORGE'S AVE,29,Unmatched,Missing,NoPostalAssertionUnderCurrentNormalization,12162,[],,[]
KALLANG/WHAMPOA,807,KING GEORGE'S AVE,17,Unmatched,Missing,NoPostalAssertionUnderCurrentNormalization,12168,[],,[]
KALLANG/WHAMPOA,813,JELLICOE RD,17,Unmatched,Missing,NoPostalAssertionUnderCurrentNormalization,12235,[],,[]
KALLANG/WHAMPOA,815,JELLICOE RD,20,Unmatched,Missing,NoPostalAssertionUnderCurrentNormalization,12247,[],,[]
KALLANG/WHAMPOA,816,JELLICOE RD,27,Unmatched,Missing,NoPostalAssertionUnderCurrentNormalization,12253,[],,[]
KALLANG/WHAMPOA,82,WHAMPOA DR,42,Unmatched,Missing,NoPostalAssertionUnderCurrentNormalization,12292,[],,[]
KALLANG/WHAMPOA,83,WHAMPOA DR,14,Unmatched,Missing,NoPostalAssertionUnderCurrentNormalization,12357,[],,[]
KALLANG/WHAMPOA,84,WHAMPOA DR,16,Unmatched,Missing,NoPostalAssertionUnderCurrentNormalization,12423,[],,[]
KALLANG/WHAMPOA,85,WHAMPOA DR,20,Unmatched,Missing,NoPostalAssertionUnderCurrentNormalization,12491,[],,[]
KALLANG/WHAMPOA,86,WHAMPOA DR,41,Unmatched,Missing,NoPostalAssertionUnderCurrentNormalization,12570,[],,[]
KALLANG/WHAMPOA,8A,UPP BOON KENG RD,51,Unmatched,Missing,NoPostalAssertionUnderCurrentNormalization,12087,[],,[]
KALLANG/WHAMPOA,8B,UPP BOON KENG RD,50,Unmatched,Missing,NoPostalAssertionUnderCurrentNormalization,12090,[],,[]
KALLANG/WHAMPOA,8C,UPP BOON KENG RD,36,Unmatched,Missing,NoPostalAssertionUnderCurrentNormalization,12093,[],,[]
KALLANG/WHAMPOA,9,BOON KENG RD,111,Unmatched,Missing,NoPostalAssertionUnderCurrentNormalization,12823,[],,[]
KALLANG/WHAMPOA,9,GLOUCESTER RD,29,Unmatched,Missing,NoPostalAssertionUnderCurrentNormalization,12826,[],,[]
KALLANG/WHAMPOA,9,JLN BATU,27,Unmatched,Missing,NoPostalAssertionUnderCurrentNormalization,12830,[],,[]
KALLANG/WHAMPOA,9,ST. GEORGE'S RD,14,Unmatched,Missing,NoPostalAssertionUnderCurrentNormalization,12839,[],,[]
KALLANG/WHAMPOA,93,GEYLANG BAHRU,18,Unmatched,Missing,NoPostalAssertionUnderCurrentNormalization,12981,[],,[]
KALLANG/WHAMPOA,93,WHAMPOA DR,29,Unmatched,Missing,NoPostalAssertionUnderCurrentNormalization,12987,[],,[]
KALLANG/WHAMPOA,94,WHAMPOA DR,14,Unmatched,Missing,NoPostalAssertionUnderCurrentNormalization,13044,[],,[]
KALLANG/WHAMPOA,95,WHAMPOA DR,18,Unmatched,Missing,NoPostalAssertionUnderCurrentNormalization,13088,[],,[]
KALLANG/WHAMPOA,96,WHAMPOA DR,18,Unmatched,Missing,NoPostalAssertionUnderCurrentNormalization,13150,[],,[]
KALLANG/WHAMPOA,97,WHAMPOA DR,28,Unmatched,Missing,NoPostalAssertionUnderCurrentNormalization,13215,[],,[]
KALLANG/WHAMPOA,98,WHAMPOA DR,62,Unmatched,Missing,NoPostalAssertionUnderCurrentNormalization,13252,[],,[]
KALLANG/WHAMPOA,99,WHAMPOA DR,25,Unmatched,Missing,NoPostalAssertionUnderCurrentNormalization,13310,[],,[]
MARINE PARADE,1,MARINE TER,25,Unmatched,Missing,NoPostalAssertionUnderCurrentNormalization,23,[],,[]
MARINE PARADE,12,MARINE TER,31,Unmatched,Missing,NoPostalAssertionUnderCurrentNormalization,908,[],,[]
MARINE PARADE,13,MARINE TER,18,Unmatched,Missing,NoPostalAssertionUnderCurrentNormalization,1273,[],,[]
MARINE PARADE,14,MARINE TER,23,Unmatched,Missing,NoPostalAssertionUnderCurrentNormalization,1550,[],,[]
MARINE PARADE,15,MARINE TER,3,Unmatched,Missing,NoPostalAssertionUnderCurrentNormalization,1762,[],,[]
MARINE PARADE,16,MARINE TER,6,Unmatched,Missing,NoPostalAssertionUnderCurrentNormalization,1983,[],,[]
MARINE PARADE,17,MARINE TER,36,Unmatched,Missing,NoPostalAssertionUnderCurrentNormalization,2198,[],,[]
MARINE PARADE,18,MARINE TER,26,Unmatched,Missing,NoPostalAssertionUnderCurrentNormalization,2403,[],,[]
MARINE PARADE,19,MARINE TER,32,Unmatched,Missing,NoPostalAssertionUnderCurrentNormalization,2620,[],,[]
MARINE PARADE,2,MARINE TER,20,Unmatched,Missing,NoPostalAssertionUnderCurrentNormalization,2747,[],,[]
MARINE PARADE,20,MARINE TER,32,Unmatched,Missing,NoPostalAssertionUnderCurrentNormalization,2797,[],,[]
MARINE PARADE,27,MARINE CRES,19,Unmatched,Missing,NoPostalAssertionUnderCurrentNormalization,4415,[],,[]
MARINE PARADE,28,MARINE CRES,24,Unmatched,Missing,NoPostalAssertionUnderCurrentNormalization,4614,[],,[]
MARINE PARADE,29,MARINE CRES,34,Unmatched,Missing,NoPostalAssertionUnderCurrentNormalization,4764,[],,[]
MARINE PARADE,3,MARINE TER,20,Unmatched,Missing,NoPostalAssertionUnderCurrentNormalization,4913,[],,[]
MARINE PARADE,30,MARINE CRES,41,Unmatched,Missing,NoPostalAssertionUnderCurrentNormalization,4946,[],,[]
MARINE PARADE,31,MARINE CRES,44,Unmatched,Missing,NoPostalAssertionUnderCurrentNormalization,5189,[],,[]
MARINE PARADE,32,MARINE CRES,50,Unmatched,Missing,NoPostalAssertionUnderCurrentNormalization,5429,[],,[]
MARINE PARADE,33,MARINE CRES,48,Unmatched,Missing,NoPostalAssertionUnderCurrentNormalization,5643,[],,[]
MARINE PARADE,34,MARINE CRES,30,Unmatched,Missing,NoPostalAssertionUnderCurrentNormalization,5859,[],,[]
MARINE PARADE,35,MARINE CRES,34,Unmatched,Missing,NoPostalAssertionUnderCurrentNormalization,5992,[],,[]
MARINE PARADE,4,MARINE TER,26,Unmatched,Missing,NoPostalAssertionUnderCurrentNormalization,6519,[],,[]
MARINE PARADE,43,MARINE CRES,24,Unmatched,Missing,NoPostalAssertionUnderCurrentNormalization,7189,[],,[]
MARINE PARADE,44,MARINE CRES,20,Unmatched,Missing,NoPostalAssertionUnderCurrentNormalization,7382,[],,[]
MARINE PARADE,45,MARINE CRES,39,Unmatched,Missing,NoPostalAssertionUnderCurrentNormalization,7598,[],,[]
MARINE PARADE,46,MARINE CRES,34,Unmatched,Missing,NoPostalAssertionUnderCurrentNormalization,7775,[],,[]
MARINE PARADE,47,MARINE CRES,41,Unmatched,Missing,NoPostalAssertionUnderCurrentNormalization,7988,[],,[]
MARINE PARADE,5,MARINE TER,20,Unmatched,Missing,NoPostalAssertionUnderCurrentNormalization,8400,[],,[]
MARINE PARADE,54,MARINE TER,37,Unmatched,Missing,NoPostalAssertionUnderCurrentNormalization,9121,[],,[]
MARINE PARADE,55,MARINE TER,21,Unmatched,Missing,NoPostalAssertionUnderCurrentNormalization,9249,[],,[]
MARINE PARADE,57,MARINE TER,19,Unmatched,Missing,NoPostalAssertionUnderCurrentNormalization,9431,[],,[]
MARINE PARADE,58,MARINE TER,21,Unmatched,Missing,NoPostalAssertionUnderCurrentNormalization,9520,[],,[]
MARINE PARADE,59,MARINE TER,33,Unmatched,Missing,NoPostalAssertionUnderCurrentNormalization,9588,[],,[]
MARINE PARADE,6,MARINE TER,40,Unmatched,Missing,NoPostalAssertionUnderCurrentNormalization,9640,[],,[]
MARINE PARADE,60,MARINE DR,15,Unmatched,Missing,NoPostalAssertionUnderCurrentNormalization,9661,[],,[]
MARINE PARADE,61,MARINE DR,25,Unmatched,Missing,NoPostalAssertionUnderCurrentNormalization,9827,[],,[]
MARINE PARADE,62,MARINE DR,27,Unmatched,Missing,NoPostalAssertionUnderCurrentNormalization,9998,[],,[]
MARINE PARADE,63,MARINE DR,26,Unmatched,Missing,NoPostalAssertionUnderCurrentNormalization,10163,[],,[]
MARINE PARADE,64,MARINE DR,29,Unmatched,Missing,NoPostalAssertionUnderCurrentNormalization,10369,[],,[]
MARINE PARADE,65,MARINE DR,53,Unmatched,Missing,NoPostalAssertionUnderCurrentNormalization,10528,[],,[]
MARINE PARADE,66,MARINE DR,57,Unmatched,Missing,NoPostalAssertionUnderCurrentNormalization,10675,[],,[]
MARINE PARADE,67,MARINE DR,42,Unmatched,Missing,NoPostalAssertionUnderCurrentNormalization,10843,[],,[]
MARINE PARADE,7,MARINE TER,24,Unmatched,Missing,NoPostalAssertionUnderCurrentNormalization,11239,[],,[]
MARINE PARADE,71,MARINE DR,16,Unmatched,Missing,NoPostalAssertionUnderCurrentNormalization,11374,[],,[]
MARINE PARADE,72,MARINE DR,21,Unmatched,Missing,NoPostalAssertionUnderCurrentNormalization,11476,[],,[]
MARINE PARADE,73,MARINE DR,17,Unmatched,Missing,NoPostalAssertionUnderCurrentNormalization,11562,[],,[]
MARINE PARADE,74,MARINE DR,15,Unmatched,Missing,NoPostalAssertionUnderCurrentNormalization,11631,[],,[]
MARINE PARADE,75,MARINE DR,18,Unmatched,Missing,NoPostalAssertionUnderCurrentNormalization,11704,[],,[]
MARINE PARADE,76,MARINE DR,17,Unmatched,Missing,NoPostalAssertionUnderCurrentNormalization,11776,[],,[]
MARINE PARADE,77,MARINE DR,15,Unmatched,Missing,NoPostalAssertionUnderCurrentNormalization,11858,[],,[]
MARINE PARADE,78,MARINE DR,24,Unmatched,Missing,NoPostalAssertionUnderCurrentNormalization,11916,[],,[]
MARINE PARADE,79,MARINE DR,23,Unmatched,Missing,NoPostalAssertionUnderCurrentNormalization,12012,[],,[]
MARINE PARADE,8,MARINE TER,32,Unmatched,Missing,NoPostalAssertionUnderCurrentNormalization,12070,[],,[]
MARINE PARADE,81,MARINE PARADE CTRL,1,Unmatched,Missing,NoPostalAssertionUnderCurrentNormalization,12203,[],,[]
PASIR RIS,1,CHANGI VILLAGE RD,16,Unmatched,Missing,NoPostalAssertionUnderCurrentNormalization,6,[],,[]
PASIR RIS,101,PASIR RIS ST 12,38,Unmatched,Missing,NoPostalAssertionUnderCurrentNormalization,118,[],,[]
PASIR RIS,102,PASIR RIS ST 12,24,Unmatched,Missing,NoPostalAssertionUnderCurrentNormalization,162,[],,[]
PASIR RIS,103,PASIR RIS ST 12,26,Unmatched,Missing,NoPostalAssertionUnderCurrentNormalization,203,[],,[]
PASIR RIS,104,PASIR RIS ST 12,23,Unmatched,Missing,NoPostalAssertionUnderCurrentNormalization,241,[],,[]
PASIR RIS,105,PASIR RIS ST 12,19,Unmatched,Missing,NoPostalAssertionUnderCurrentNormalization,286,[],,[]
PASIR RIS,106,PASIR RIS ST 12,12,Unmatched,Missing,NoPostalAssertionUnderCurrentNormalization,326,[],,[]
PASIR RIS,107,PASIR RIS ST 12,13,Unmatched,Missing,NoPostalAssertionUnderCurrentNormalization,368,[],,[]
PASIR RIS,108,PASIR RIS ST 12,21,Unmatched,Missing,NoPostalAssertionUnderCurrentNormalization,412,[],,[]
PASIR RIS,109,PASIR RIS ST 11,24,Unmatched,Missing,NoPostalAssertionUnderCurrentNormalization,453,[],,[]
PASIR RIS,110,PASIR RIS ST 11,22,Unmatched,Missing,NoPostalAssertionUnderCurrentNormalization,520,[],,[]
PASIR RIS,111,PASIR RIS ST 11,7,Unmatched,Missing,NoPostalAssertionUnderCurrentNormalization,559,[],,[]
PASIR RIS,112,PASIR RIS ST 11,25,Unmatched,Missing,NoPostalAssertionUnderCurrentNormalization,596,[],,[]
PASIR RIS,113,PASIR RIS ST 11,24,Unmatched,Missing,NoPostalAssertionUnderCurrentNormalization,634,[],,[]
PASIR RIS,114,PASIR RIS ST 11,24,Unmatched,Missing,NoPostalAssertionUnderCurrentNormalization,678,[],,[]
PASIR RIS,115,PASIR RIS ST 11,27,Unmatched,Missing,NoPostalAssertionUnderCurrentNormalization,716,[],,[]
PASIR RIS,116,PASIR RIS ST 11,5,Unmatched,Missing,NoPostalAssertionUnderCurrentNormalization,758,[],,[]
PASIR RIS,117,PASIR RIS ST 11,15,Unmatched,Missing,NoPostalAssertionUnderCurrentNormalization,796,[],,[]
PASIR RIS,118,PASIR RIS ST 11,16,Unmatched,Missing,NoPostalAssertionUnderCurrentNormalization,833,[],,[]
PASIR RIS,119,PASIR RIS ST 11,27,Unmatched,Missing,NoPostalAssertionUnderCurrentNormalization,871,[],,[]
PASIR RIS,120,PASIR RIS ST 11,5,Unmatched,Missing,NoPostalAssertionUnderCurrentNormalization,944,[],,[]
PASIR RIS,121,PASIR RIS ST 11,30,Unmatched,Missing,NoPostalAssertionUnderCurrentNormalization,986,[],,[]
PASIR RIS,122,PASIR RIS ST 11,21,Unmatched,Missing,NoPostalAssertionUnderCurrentNormalization,1024,[],,[]
PASIR RIS,123,PASIR RIS ST 11,4,Unmatched,Missing,NoPostalAssertionUnderCurrentNormalization,1059,[],,[]
PASIR RIS,124,PASIR RIS ST 11,21,Unmatched,Missing,NoPostalAssertionUnderCurrentNormalization,1090,[],,[]
PASIR RIS,125,PASIR RIS ST 11,27,Unmatched,Missing,NoPostalAssertionUnderCurrentNormalization,1120,[],,[]
PASIR RIS,126,PASIR RIS ST 11,19,Unmatched,Missing,NoPostalAssertionUnderCurrentNormalization,1149,[],,[]
PASIR RIS,127,PASIR RIS ST 11,18,Unmatched,Missing,NoPostalAssertionUnderCurrentNormalization,1185,[],,[]
PASIR RIS,128,PASIR RIS ST 11,21,Unmatched,Missing,NoPostalAssertionUnderCurrentNormalization,1213,[],,[]
PASIR RIS,129,PASIR RIS ST 11,28,Unmatched,Missing,NoPostalAssertionUnderCurrentNormalization,1246,[],,[]
PASIR RIS,130,PASIR RIS ST 11,11,Unmatched,Missing,NoPostalAssertionUnderCurrentNormalization,1304,[],,[]
PASIR RIS,131,PASIR RIS ST 11,7,Unmatched,Missing,NoPostalAssertionUnderCurrentNormalization,1332,[],,[]
PASIR RIS,132,PASIR RIS ST 11,5,Unmatched,Missing,NoPostalAssertionUnderCurrentNormalization,1366,[],,[]
PASIR RIS,133,PASIR RIS ST 11,5,Unmatched,Missing,NoPostalAssertionUnderCurrentNormalization,1393,[],,[]
PASIR RIS,134,PASIR RIS ST 11,16,Unmatched,Missing,NoPostalAssertionUnderCurrentNormalization,1416,[],,[]
PASIR RIS,135,PASIR RIS ST 11,12,Unmatched,Missing,NoPostalAssertionUnderCurrentNormalization,1438,[],,[]
PASIR RIS,136,PASIR RIS ST 11,12,Unmatched,Missing,NoPostalAssertionUnderCurrentNormalization,1460,[],,[]
PASIR RIS,137,PASIR RIS ST 11,7,Unmatched,Missing,NoPostalAssertionUnderCurrentNormalization,1478,[],,[]
PASIR RIS,138,PASIR RIS ST 11,12,Unmatched,Missing,NoPostalAssertionUnderCurrentNormalization,1501,[],,[]
PASIR RIS,139,PASIR RIS ST 11,21,Unmatched,Missing,NoPostalAssertionUnderCurrentNormalization,1526,[],,[]
PASIR RIS,140,PASIR RIS ST 11,17,Unmatched,Missing,NoPostalAssertionUnderCurrentNormalization,1574,[],,[]
PASIR RIS,141,PASIR RIS ST 11,9,Unmatched,Missing,NoPostalAssertionUnderCurrentNormalization,1594,[],,[]
PASIR RIS,142,PASIR RIS ST 11,26,Unmatched,Missing,NoPostalAssertionUnderCurrentNormalization,1615,[],,[]
PASIR RIS,143,PASIR RIS ST 11,27,Unmatched,Missing,NoPostalAssertionUnderCurrentNormalization,1636,[],,[]
PASIR RIS,144,PASIR RIS ST 11,12,Unmatched,Missing,NoPostalAssertionUnderCurrentNormalization,1651,[],,[]
PASIR RIS,145,PASIR RIS ST 11,12,Unmatched,Missing,NoPostalAssertionUnderCurrentNormalization,1668,[],,[]
PASIR RIS,146,PASIR RIS ST 11,17,Unmatched,Missing,NoPostalAssertionUnderCurrentNormalization,1686,[],,[]
PASIR RIS,147,PASIR RIS ST 13,15,Unmatched,Missing,NoPostalAssertionUnderCurrentNormalization,1705,[],,[]
PASIR RIS,148,PASIR RIS ST 13,17,Unmatched,Missing,NoPostalAssertionUnderCurrentNormalization,1723,[],,[]
PASIR RIS,149,PASIR RIS ST 13,13,Unmatched,Missing,NoPostalAssertionUnderCurrentNormalization,1739,[],,[]
PASIR RIS,150,PASIR RIS ST 13,8,Unmatched,Missing,NoPostalAssertionUnderCurrentNormalization,1778,[],,[]
PASIR RIS,151,PASIR RIS ST 13,14,Unmatched,Missing,NoPostalAssertionUnderCurrentNormalization,1798,[],,[]
PASIR RIS,152,PASIR RIS ST 13,6,Unmatched,Missing,NoPostalAssertionUnderCurrentNormalization,1819,[],,[]
PASIR RIS,153,PASIR RIS ST 13,8,Unmatched,Missing,NoPostalAssertionUnderCurrentNormalization,1841,[],,[]
PASIR RIS,154,PASIR RIS ST 13,4,Unmatched,Missing,NoPostalAssertionUnderCurrentNormalization,1863,[],,[]
PASIR RIS,155,PASIR RIS ST 13,9,Unmatched,Missing,NoPostalAssertionUnderCurrentNormalization,1883,[],,[]
PASIR RIS,156,PASIR RIS ST 13,5,Unmatched,Missing,NoPostalAssertionUnderCurrentNormalization,1899,[],,[]
PASIR RIS,157,PASIR RIS ST 13,9,Unmatched,Missing,NoPostalAssertionUnderCurrentNormalization,1921,[],,[]
PASIR RIS,158,PASIR RIS ST 13,8,Unmatched,Missing,NoPostalAssertionUnderCurrentNormalization,1945,[],,[]
PASIR RIS,159,PASIR RIS ST 13,2,Unmatched,Missing,NoPostalAssertionUnderCurrentNormalization,1965,[],,[]
PASIR RIS,160,PASIR RIS ST 13,12,Unmatched,Missing,NoPostalAssertionUnderCurrentNormalization,2002,[],,[]
PASIR RIS,161,PASIR RIS ST 13,3,Unmatched,Missing,NoPostalAssertionUnderCurrentNormalization,2022,[],,[]
PASIR RIS,180,PASIR RIS ST 11,18,Unmatched,Missing,NoPostalAssertionUnderCurrentNormalization,2432,[],,[]
PASIR RIS,181,PASIR RIS ST 11,18,Unmatched,Missing,NoPostalAssertionUnderCurrentNormalization,2456,[],,[]
PASIR RIS,182,PASIR RIS ST 11,10,Unmatched,Missing,NoPostalAssertionUnderCurrentNormalization,2473,[],,[]
PASIR RIS,183,PASIR RIS ST 11,9,Unmatched,Missing,NoPostalAssertionUnderCurrentNormalization,2491,[],,[]
PASIR RIS,184,PASIR RIS ST 11,13,Unmatched,Missing,NoPostalAssertionUnderCurrentNormalization,2515,[],,[]
PASIR RIS,185,PASIR RIS ST 11,22,Unmatched,Missing,NoPostalAssertionUnderCurrentNormalization,2533,[],,[]
PASIR RIS,186,PASIR RIS ST 11,11,Unmatched,Missing,NoPostalAssertionUnderCurrentNormalization,2550,[],,[]
PASIR RIS,187,PASIR RIS ST 11,13,Unmatched,Missing,NoPostalAssertionUnderCurrentNormalization,2566,[],,[]
PASIR RIS,188,PASIR RIS ST 12,19,Unmatched,Missing,NoPostalAssertionUnderCurrentNormalization,2579,[],,[]
PASIR RIS,189,PASIR RIS ST 12,13,Unmatched,Missing,NoPostalAssertionUnderCurrentNormalization,2598,[],,[]
PASIR RIS,190,PASIR RIS ST 12,20,Unmatched,Missing,NoPostalAssertionUnderCurrentNormalization,2639,[],,[]
PASIR RIS,191,PASIR RIS ST 12,14,Unmatched,Missing,NoPostalAssertionUnderCurrentNormalization,2648,[],,[]
PASIR RIS,192,PASIR RIS ST 12,19,Unmatched,Missing,NoPostalAssertionUnderCurrentNormalization,2656,[],,[]
PASIR RIS,193,PASIR RIS ST 12,14,Unmatched,Missing,NoPostalAssertionUnderCurrentNormalization,2666,[],,[]
PASIR RIS,194,PASIR RIS ST 12,15,Unmatched,Missing,NoPostalAssertionUnderCurrentNormalization,2671,[],,[]
PASIR RIS,195,PASIR RIS ST 12,9,Unmatched,Missing,NoPostalAssertionUnderCurrentNormalization,2680,[],,[]
PASIR RIS,196,PASIR RIS ST 12,11,Unmatched,Missing,NoPostalAssertionUnderCurrentNormalization,2693,[],,[]
PASIR RIS,197,PASIR RIS ST 12,7,Unmatched,Missing,NoPostalAssertionUnderCurrentNormalization,2703,[],,[]
PASIR RIS,198,PASIR RIS ST 12,15,Unmatched,Missing,NoPostalAssertionUnderCurrentNormalization,2713,[],,[]
PASIR RIS,199,PASIR RIS ST 12,20,Unmatched,Missing,NoPostalAssertionUnderCurrentNormalization,2716,[],,[]
PASIR RIS,203,PASIR RIS ST 21,15,Unmatched,Missing,NoPostalAssertionUnderCurrentNormalization,2888,[],,[]
PASIR RIS,204,PASIR RIS ST 21,8,Unmatched,Missing,NoPostalAssertionUnderCurrentNormalization,2914,[],,[]
PASIR RIS,205,PASIR RIS ST 21,10,Unmatched,Missing,NoPostalAssertionUnderCurrentNormalization,2941,[],,[]
PASIR RIS,206,PASIR RIS ST 21,11,Unmatched,Missing,NoPostalAssertionUnderCurrentNormalization,2963,[],,[]
PASIR RIS,207,PASIR RIS ST 21,11,Unmatched,Missing,NoPostalAssertionUnderCurrentNormalization,2990,[],,[]
PASIR RIS,208,PASIR RIS ST 21,20,Unmatched,Missing,NoPostalAssertionUnderCurrentNormalization,3024,[],,[]
PASIR RIS,209,PASIR RIS ST 21,9,Unmatched,Missing,NoPostalAssertionUnderCurrentNormalization,3057,[],,[]
PASIR RIS,210,PASIR RIS ST 21,14,Unmatched,Missing,NoPostalAssertionUnderCurrentNormalization,3110,[],,[]
PASIR RIS,211,PASIR RIS ST 21,8,Unmatched,Missing,NoPostalAssertionUnderCurrentNormalization,3139,[],,[]
PASIR RIS,212,PASIR RIS ST 21,22,Unmatched,Missing,NoPostalAssertionUnderCurrentNormalization,3168,[],,[]
PASIR RIS,213,PASIR RIS ST 21,19,Unmatched,Missing,NoPostalAssertionUnderCurrentNormalization,3197,[],,[]
PASIR RIS,214,PASIR RIS ST 21,14,Unmatched,Missing,NoPostalAssertionUnderCurrentNormalization,3222,[],,[]
PASIR RIS,215,PASIR RIS ST 21,16,Unmatched,Missing,NoPostalAssertionUnderCurrentNormalization,3244,[],,[]
PASIR RIS,216,PASIR RIS ST 21,17,Unmatched,Missing,NoPostalAssertionUnderCurrentNormalization,3269,[],,[]
PASIR RIS,217,PASIR RIS ST 21,15,Unmatched,Missing,NoPostalAssertionUnderCurrentNormalization,3301,[],,[]
PASIR RIS,218,PASIR RIS ST 21,7,Unmatched,Missing,NoPostalAssertionUnderCurrentNormalization,3329,[],,[]
PASIR RIS,219,PASIR RIS ST 21,12,Unmatched,Missing,NoPostalAssertionUnderCurrentNormalization,3347,[],,[]
PASIR RIS,220,PASIR RIS ST 21,19,Unmatched,Missing,NoPostalAssertionUnderCurrentNormalization,3395,[],,[]
PASIR RIS,221,PASIR RIS ST 21,9,Unmatched,Missing,NoPostalAssertionUnderCurrentNormalization,3422,[],,[]
PASIR RIS,222,PASIR RIS ST 21,6,Unmatched,Missing,NoPostalAssertionUnderCurrentNormalization,3446,[],,[]
PASIR RIS,223,PASIR RIS ST 21,7,Unmatched,Missing,NoPostalAssertionUnderCurrentNormalization,3468,[],,[]
PASIR RIS,224,PASIR RIS ST 21,11,Unmatched,Missing,NoPostalAssertionUnderCurrentNormalization,3491,[],,[]
PASIR RIS,225,PASIR RIS ST 21,9,Unmatched,Missing,NoPostalAssertionUnderCurrentNormalization,3518,[],,[]
PASIR RIS,226,PASIR RIS ST 21,19,Unmatched,Missing,NoPostalAssertionUnderCurrentNormalization,3540,[],,[]
PASIR RIS,227,PASIR RIS ST 21,23,Unmatched,Missing,NoPostalAssertionUnderCurrentNormalization,3573,[],,[]
PASIR RIS,228,PASIR RIS ST 21,20,Unmatched,Missing,NoPostalAssertionUnderCurrentNormalization,3597,[],,[]
PASIR RIS,229,PASIR RIS ST 21,23,Unmatched,Missing,NoPostalAssertionUnderCurrentNormalization,3624,[],,[]
PASIR RIS,230,PASIR RIS ST 21,23,Unmatched,Missing,NoPostalAssertionUnderCurrentNormalization,3665,[],,[]
PASIR RIS,231,PASIR RIS DR 4,25,Unmatched,Missing,NoPostalAssertionUnderCurrentNormalization,3692,[],,[]
PASIR RIS,232,PASIR RIS DR 4,15,Unmatched,Missing,NoPostalAssertionUnderCurrentNormalization,3715,[],,[]
PASIR RIS,233,PASIR RIS DR 4,19,Unmatched,Missing,NoPostalAssertionUnderCurrentNormalization,3735,[],,[]
PASIR RIS,234,PASIR RIS DR 4,30,Unmatched,Missing,NoPostalAssertionUnderCurrentNormalization,3761,[],,[]
PASIR RIS,235,PASIR RIS ST 21,11,Unmatched,Missing,NoPostalAssertionUnderCurrentNormalization,3781,[],,[]
PASIR RIS,236,PASIR RIS ST 21,14,Unmatched,Missing,NoPostalAssertionUnderCurrentNormalization,3797,[],,[]
PASIR RIS,237,PASIR RIS ST 21,18,Unmatched,Missing,NoPostalAssertionUnderCurrentNormalization,3814,[],,[]
PASIR RIS,238,PASIR RIS ST 21,18,Unmatched,Missing,NoPostalAssertionUnderCurrentNormalization,3832,[],,[]
PASIR RIS,239,PASIR RIS ST 21,11,Unmatched,Missing,NoPostalAssertionUnderCurrentNormalization,3851,[],,[]
PASIR RIS,240,PASIR RIS ST 21,18,Unmatched,Missing,NoPostalAssertionUnderCurrentNormalization,3880,[],,[]
PASIR RIS,241,PASIR RIS ST 21,10,Unmatched,Missing,NoPostalAssertionUnderCurrentNormalization,3895,[],,[]
PASIR RIS,242,PASIR RIS ST 21,8,Unmatched,Missing,NoPostalAssertionUnderCurrentNormalization,3911,[],,[]
PASIR RIS,243,PASIR RIS ST 21,13,Unmatched,Missing,NoPostalAssertionUnderCurrentNormalization,3922,[],,[]
PASIR RIS,244,PASIR RIS ST 21,11,Unmatched,Missing,NoPostalAssertionUnderCurrentNormalization,3938,[],,[]
PASIR RIS,245,PASIR RIS ST 21,10,Unmatched,Missing,NoPostalAssertionUnderCurrentNormalization,3954,[],,[]
PASIR RIS,246,PASIR RIS ST 21,12,Unmatched,Missing,NoPostalAssertionUnderCurrentNormalization,3969,[],,[]
PASIR RIS,247,PASIR RIS ST 21,16,Unmatched,Missing,NoPostalAssertionUnderCurrentNormalization,3984,[],,[]
PASIR RIS,248,PASIR RIS ST 21,14,Unmatched,Missing,NoPostalAssertionUnderCurrentNormalization,3997,[],,[]
PASIR RIS,249,PASIR RIS ST 21,4,Unmatched,Missing,NoPostalAssertionUnderCurrentNormalization,4010,[],,[]
PASIR RIS,250,PASIR RIS ST 21,12,Unmatched,Missing,NoPostalAssertionUnderCurrentNormalization,4041,[],,[]
PASIR RIS,251,PASIR RIS ST 21,11,Unmatched,Missing,NoPostalAssertionUnderCurrentNormalization,4056,[],,[]
PASIR RIS,252,PASIR RIS ST 21,15,Unmatched,Missing,NoPostalAssertionUnderCurrentNormalization,4068,[],,[]
PASIR RIS,253,PASIR RIS ST 21,12,Unmatched,Missing,NoPostalAssertionUnderCurrentNormalization,4081,[],,[]
PASIR RIS,254,PASIR RIS ST 21,10,Unmatched,Missing,NoPostalAssertionUnderCurrentNormalization,4097,[],,[]
PASIR RIS,255,PASIR RIS ST 21,11,Unmatched,Missing,NoPostalAssertionUnderCurrentNormalization,4110,[],,[]
PASIR RIS,256,PASIR RIS ST 21,10,Unmatched,Missing,NoPostalAssertionUnderCurrentNormalization,4124,[],,[]
PASIR RIS,257,PASIR RIS ST 21,11,Unmatched,Missing,NoPostalAssertionUnderCurrentNormalization,4146,[],,[]
PASIR RIS,266,PASIR RIS ST 21,7,Unmatched,Missing,NoPostalAssertionUnderCurrentNormalization,4324,[],,[]
PASIR RIS,267,PASIR RIS ST 21,6,Unmatched,Missing,NoPostalAssertionUnderCurrentNormalization,4344,[],,[]
PASIR RIS,268,PASIR RIS ST 21,7,Unmatched,Missing,NoPostalAssertionUnderCurrentNormalization,4362,[],,[]
PASIR RIS,269,PASIR RIS ST 21,13,Unmatched,Missing,NoPostalAssertionUnderCurrentNormalization,4384,[],,[]
PASIR RIS,270,PASIR RIS ST 21,7,Unmatched,Missing,NoPostalAssertionUnderCurrentNormalization,4426,[],,[]
PASIR RIS,271,PASIR RIS ST 21,12,Unmatched,Missing,NoPostalAssertionUnderCurrentNormalization,4444,[],,[]
PASIR RIS,272,PASIR RIS ST 21,14,Unmatched,Missing,NoPostalAssertionUnderCurrentNormalization,4467,[],,[]
PASIR RIS,273,PASIR RIS ST 21,18,Unmatched,Missing,NoPostalAssertionUnderCurrentNormalization,4492,[],,[]
PASIR RIS,274,PASIR RIS ST 21,14,Unmatched,Missing,NoPostalAssertionUnderCurrentNormalization,4520,[],,[]
PASIR RIS,275,PASIR RIS ST 21,11,Unmatched,Missing,NoPostalAssertionUnderCurrentNormalization,4544,[],,[]
PASIR RIS,4,CHANGI VILLAGE RD,8,Unmatched,Missing,NoPostalAssertionUnderCurrentNormalization,6506,[],,[]
PASIR RIS,405,PASIR RIS DR 6,26,Unmatched,Missing,NoPostalAssertionUnderCurrentNormalization,6666,[],,[]
PASIR RIS,406,PASIR RIS DR 6,11,Unmatched,Missing,NoPostalAssertionUnderCurrentNormalization,6687,[],,[]
PASIR RIS,407,PASIR RIS DR 6,11,Unmatched,Missing,NoPostalAssertionUnderCurrentNormalization,6711,[],,[]
PASIR RIS,408,PASIR RIS DR 6,21,Unmatched,Missing,NoPostalAssertionUnderCurrentNormalization,6731,[],,[]
PASIR RIS,409,PASIR RIS DR 6,16,Unmatched,Missing,NoPostalAssertionUnderCurrentNormalization,6751,[],,[]
PASIR RIS,410,PASIR RIS DR 6,3,Unmatched,Missing,NoPostalAssertionUnderCurrentNormalization,6793,[],,[]
PASIR RIS,411,PASIR RIS DR 6,17,Unmatched,Missing,NoPostalAssertionUnderCurrentNormalization,6817,[],,[]
PASIR RIS,412,PASIR RIS DR 6,18,Unmatched,Missing,NoPostalAssertionUnderCurrentNormalization,6838,[],,[]
PASIR RIS,413,PASIR RIS DR 6,12,Unmatched,Missing,NoPostalAssertionUnderCurrentNormalization,6860,[],,[]
PASIR RIS,414,PASIR RIS DR 6,14,Unmatched,Missing,NoPostalAssertionUnderCurrentNormalization,6884,[],,[]
PASIR RIS,415,PASIR RIS DR 6,12,Unmatched,Missing,NoPostalAssertionUnderCurrentNormalization,6902,[],,[]
PASIR RIS,416,PASIR RIS DR 6,27,Unmatched,Missing,NoPostalAssertionUnderCurrentNormalization,6928,[],,[]
PASIR RIS,417,PASIR RIS DR 6,30,Unmatched,Missing,NoPostalAssertionUnderCurrentNormalization,6951,[],,[]
PASIR RIS,418,PASIR RIS DR 6,21,Unmatched,Missing,NoPostalAssertionUnderCurrentNormalization,6967,[],,[]
PASIR RIS,419,PASIR RIS DR 6,12,Unmatched,Missing,NoPostalAssertionUnderCurrentNormalization,6984,[],,[]
PASIR RIS,420,PASIR RIS DR 6,4,Unmatched,Missing,NoPostalAssertionUnderCurrentNormalization,7020,[],,[]
PASIR RIS,421,PASIR RIS DR 6,18,Unmatched,Missing,NoPostalAssertionUnderCurrentNormalization,7039,[],,[]
PASIR RIS,422,PASIR RIS DR 6,26,Unmatched,Missing,NoPostalAssertionUnderCurrentNormalization,7058,[],,[]
PASIR RIS,423,PASIR RIS DR 6,11,Unmatched,Missing,NoPostalAssertionUnderCurrentNormalization,7073,[],,[]
PASIR RIS,424,PASIR RIS DR 6,3,Unmatched,Missing,NoPostalAssertionUnderCurrentNormalization,7091,[],,[]
PASIR RIS,425,PASIR RIS DR 6,17,Unmatched,Missing,NoPostalAssertionUnderCurrentNormalization,7112,[],,[]
PASIR RIS,426,PASIR RIS DR 6,22,Unmatched,Missing,NoPostalAssertionUnderCurrentNormalization,7127,[],,[]
PASIR RIS,427,PASIR RIS DR 6,23,Unmatched,Missing,NoPostalAssertionUnderCurrentNormalization,7144,[],,[]
PASIR RIS,428,PASIR RIS DR 6,21,Unmatched,Missing,NoPostalAssertionUnderCurrentNormalization,7156,[],,[]
PASIR RIS,429,PASIR RIS DR 6,20,Unmatched,Missing,NoPostalAssertionUnderCurrentNormalization,7169,[],,[]
PASIR RIS,440,PASIR RIS DR 4,15,Unmatched,Missing,NoPostalAssertionUnderCurrentNormalization,7401,[],,[]
PASIR RIS,442,PASIR RIS DR 6,6,Unmatched,Missing,NoPostalAssertionUnderCurrentNormalization,7448,[],,[]
PASIR RIS,446,PASIR RIS DR 6,20,Unmatched,Missing,NoPostalAssertionUnderCurrentNormalization,7525,[],,[]
PASIR RIS,447,PASIR RIS DR 6,6,Unmatched,Missing,NoPostalAssertionUnderCurrentNormalization,7544,[],,[]
PASIR RIS,448,PASIR RIS DR 6,19,Unmatched,Missing,NoPostalAssertionUnderCurrentNormalization,7560,[],,[]
PASIR RIS,449,PASIR RIS DR 6,3,Unmatched,Missing,NoPostalAssertionUnderCurrentNormalization,7580,[],,[]
PASIR RIS,450,PASIR RIS DR 6,16,Unmatched,Missing,NoPostalAssertionUnderCurrentNormalization,7612,[],,[]
PASIR RIS,451,PASIR RIS DR 6,16,Unmatched,Missing,NoPostalAssertionUnderCurrentNormalization,7639,[],,[]
PASIR RIS,452,PASIR RIS DR 6,14,Unmatched,Missing,NoPostalAssertionUnderCurrentNormalization,7655,[],,[]
PASIR RIS,453,PASIR RIS DR 6,9,Unmatched,Missing,NoPostalAssertionUnderCurrentNormalization,7671,[],,[]
PASIR RIS,454,PASIR RIS DR 6,14,Unmatched,Missing,NoPostalAssertionUnderCurrentNormalization,7690,[],,[]
PASIR RIS,456,PASIR RIS DR 4,14,Unmatched,Missing,NoPostalAssertionUnderCurrentNormalization,7717,[],,[]
PASIR RIS,457,PASIR RIS DR 4,16,Unmatched,Missing,NoPostalAssertionUnderCurrentNormalization,7731,[],,[]
PASIR RIS,458,PASIR RIS DR 4,17,Unmatched,Missing,NoPostalAssertionUnderCurrentNormalization,7744,[],,[]
PASIR RIS,459,PASIR RIS DR 4,16,Unmatched,Missing,NoPostalAssertionUnderCurrentNormalization,7759,[],,[]
PASIR RIS,460,PASIR RIS DR 4,18,Unmatched,Missing,NoPostalAssertionUnderCurrentNormalization,7789,[],,[]
PASIR RIS,461,PASIR RIS DR 4,20,Unmatched,Missing,NoPostalAssertionUnderCurrentNormalization,7807,[],,[]
PASIR RIS,463,PASIR RIS ST 41,14,Unmatched,Missing,NoPostalAssertionUnderCurrentNormalization,7850,[],,[]
PASIR RIS,464,PASIR RIS ST 41,11,Unmatched,Missing,NoPostalAssertionUnderCurrentNormalization,7868,[],,[]
PASIR RIS,465,PASIR RIS ST 41,8,Unmatched,Missing,NoPostalAssertionUnderCurrentNormalization,7884,[],,[]
PASIR RIS,466,PASIR RIS ST 41,19,Unmatched,Missing,NoPostalAssertionUnderCurrentNormalization,7904,[],,[]
PASIR RIS,467,PASIR RIS DR 6,10,Unmatched,Missing,NoPostalAssertionUnderCurrentNormalization,7926,[],,[]
PASIR RIS,468,PASIR RIS DR 6,8,Unmatched,Missing,NoPostalAssertionUnderCurrentNormalization,7947,[],,[]
PASIR RIS,469,PASIR RIS DR 6,21,Unmatched,Missing,NoPostalAssertionUnderCurrentNormalization,7967,[],,[]
PASIR RIS,470,PASIR RIS DR 6,21,Unmatched,Missing,NoPostalAssertionUnderCurrentNormalization,8003,[],,[]
PASIR RIS,471,PASIR RIS DR 6,4,Unmatched,Missing,NoPostalAssertionUnderCurrentNormalization,8021,[],,[]
PASIR RIS,472,PASIR RIS DR 6,27,Unmatched,Missing,NoPostalAssertionUnderCurrentNormalization,8038,[],,[]
PASIR RIS,473,PASIR RIS DR 6,22,Unmatched,Missing,NoPostalAssertionUnderCurrentNormalization,8052,[],,[]
PASIR RIS,474,PASIR RIS DR 6,13,Unmatched,Missing,NoPostalAssertionUnderCurrentNormalization,8068,[],,[]
PASIR RIS,475,PASIR RIS DR 6,23,Unmatched,Missing,NoPostalAssertionUnderCurrentNormalization,8077,[],,[]
PASIR RIS,476,PASIR RIS DR 6,19,Unmatched,Missing,NoPostalAssertionUnderCurrentNormalization,8092,[],,[]
PASIR RIS,477,PASIR RIS DR 6,19,Unmatched,Missing,NoPostalAssertionUnderCurrentNormalization,8114,[],,[]
PASIR RIS,478,PASIR RIS DR 4,16,Unmatched,Missing,NoPostalAssertionUnderCurrentNormalization,8127,[],,[]
PASIR RIS,479,PASIR RIS DR 4,28,Unmatched,Missing,NoPostalAssertionUnderCurrentNormalization,8137,[],,[]
PASIR RIS,480,PASIR RIS DR 4,13,Unmatched,Missing,NoPostalAssertionUnderCurrentNormalization,8165,[],,[]
PASIR RIS,481,PASIR RIS DR 4,17,Unmatched,Missing,NoPostalAssertionUnderCurrentNormalization,8172,[],,[]
PASIR RIS,482,PASIR RIS DR 4,39,Unmatched,Missing,NoPostalAssertionUnderCurrentNormalization,8182,[],,[]
PASIR RIS,483,PASIR RIS DR 4,25,Unmatched,Missing,NoPostalAssertionUnderCurrentNormalization,8194,[],,[]
PASIR RIS,484,PASIR RIS DR 4,26,Unmatched,Missing,NoPostalAssertionUnderCurrentNormalization,8204,[],,[]
PASIR RIS,485,PASIR RIS DR 4,3,Unmatched,Missing,NoPostalAssertionUnderCurrentNormalization,8216,[],,[]
PASIR RIS,486,PASIR RIS DR 4,30,Unmatched,Missing,NoPostalAssertionUnderCurrentNormalization,8227,[],,[]
PASIR RIS,487,PASIR RIS DR 4,20,Unmatched,Missing,NoPostalAssertionUnderCurrentNormalization,8237,[],,[]
PASIR RIS,5,CHANGI VILLAGE RD,27,Unmatched,Missing,NoPostalAssertionUnderCurrentNormalization,8387,[],,[]
PASIR RIS,500,PASIR RIS ST 52,22,Unmatched,Missing,NoPostalAssertionUnderCurrentNormalization,8437,[],,[]
PASIR RIS,501,PASIR RIS ST 52,12,Unmatched,Missing,NoPostalAssertionUnderCurrentNormalization,8448,[],,[]
PASIR RIS,502,PASIR RIS ST 52,12,Unmatched,Missing,NoPostalAssertionUnderCurrentNormalization,8468,[],,[]
PASIR RIS,503,PASIR RIS ST 52,8,Unmatched,Missing,NoPostalAssertionUnderCurrentNormalization,8492,[],,[]
PASIR RIS,504,PASIR RIS ST 52,17,Unmatched,Missing,NoPostalAssertionUnderCurrentNormalization,8511,[],,[]
PASIR RIS,505,PASIR RIS ST 52,16,Unmatched,Missing,NoPostalAssertionUnderCurrentNormalization,8535,[],,[]
PASIR RIS,506,PASIR RIS ST 52,12,Unmatched,Missing,NoPostalAssertionUnderCurrentNormalization,8559,[],,[]
PASIR RIS,507,PASIR RIS ST 52,6,Unmatched,Missing,NoPostalAssertionUnderCurrentNormalization,8580,[],,[]
PASIR RIS,508,PASIR RIS ST 52,8,Unmatched,Missing,NoPostalAssertionUnderCurrentNormalization,8601,[],,[]
PASIR RIS,509,PASIR RIS ST 52,13,Unmatched,Missing,NoPostalAssertionUnderCurrentNormalization,8620,[],,[]
PASIR RIS,510,PASIR RIS ST 52,11,Unmatched,Missing,NoPostalAssertionUnderCurrentNormalization,8660,[],,[]
PASIR RIS,511,PASIR RIS ST 52,11,Unmatched,Missing,NoPostalAssertionUnderCurrentNormalization,8679,[],,[]
PASIR RIS,512,PASIR RIS ST 52,8,Unmatched,Missing,NoPostalAssertionUnderCurrentNormalization,8697,[],,[]
PASIR RIS,513,PASIR RIS ST 52,14,Unmatched,Missing,NoPostalAssertionUnderCurrentNormalization,8716,[],,[]
PASIR RIS,514,PASIR RIS ST 52,29,Unmatched,Missing,NoPostalAssertionUnderCurrentNormalization,8735,[],,[]
PASIR RIS,515,PASIR RIS ST 52,15,Unmatched,Missing,NoPostalAssertionUnderCurrentNormalization,8747,[],,[]
PASIR RIS,516,PASIR RIS ST 52,19,Unmatched,Missing,NoPostalAssertionUnderCurrentNormalization,8761,[],,[]
PASIR RIS,517,PASIR RIS ST 52,27,Unmatched,Missing,NoPostalAssertionUnderCurrentNormalization,8771,[],,[]
PASIR RIS,518,PASIR RIS ST 52,15,Unmatched,Missing,NoPostalAssertionUnderCurrentNormalization,8787,[],,[]
PASIR RIS,519,PASIR RIS ST 52,16,Unmatched,Missing,NoPostalAssertionUnderCurrentNormalization,8800,[],,[]
PASIR RIS,520,PASIR RIS ST 52,16,Unmatched,Missing,NoPostalAssertionUnderCurrentNormalization,8837,[],,[]
PASIR RIS,521,PASIR RIS ST 52,15,Unmatched,Missing,NoPostalAssertionUnderCurrentNormalization,8849,[],,[]
PASIR RIS,524A,PASIR RIS ST 51,38,Unmatched,Missing,NoPostalAssertionUnderCurrentNormalization,8891,[],,[]
PASIR RIS,524B,PASIR RIS ST 51,39,Unmatched,Missing,NoPostalAssertionUnderCurrentNormalization,8894,[],,[]
PASIR RIS,524C,PASIR RIS ST 51,30,Unmatched,Missing,NoPostalAssertionUnderCurrentNormalization,8896,[],,[]
PASIR RIS,525A,PASIR RIS ST 51,45,Unmatched,Missing,NoPostalAssertionUnderCurrentNormalization,8907,[],,[]
PASIR RIS,525B,PASIR RIS ST 51,37,Unmatched,Missing,NoPostalAssertionUnderCurrentNormalization,8909,[],,[]
PASIR RIS,525C,PASIR RIS ST 51,47,Unmatched,Missing,NoPostalAssertionUnderCurrentNormalization,8910,[],,[]
PASIR RIS,526A,PASIR RIS ST 51,50,Unmatched,Missing,NoPostalAssertionUnderCurrentNormalization,8921,[],,[]
PASIR RIS,526B,PASIR RIS ST 51,26,Unmatched,Missing,NoPostalAssertionUnderCurrentNormalization,8922,[],,[]
PASIR RIS,526C,PASIR RIS ST 51,29,Unmatched,Missing,NoPostalAssertionUnderCurrentNormalization,8923,[],,[]
PASIR RIS,526D,PASIR RIS ST 51,61,Unmatched,Missing,NoPostalAssertionUnderCurrentNormalization,8924,[],,[]
PASIR RIS,527A,PASIR RIS ST 51,30,Unmatched,Missing,NoPostalAssertionUnderCurrentNormalization,8936,[],,[]
PASIR RIS,527B,PASIR RIS ST 51,38,Unmatched,Missing,NoPostalAssertionUnderCurrentNormalization,8938,[],,[]
PASIR RIS,527C,PASIR RIS ST 51,32,Unmatched,Missing,NoPostalAssertionUnderCurrentNormalization,8939,[],,[]
PASIR RIS,527D,PASIR RIS ST 51,36,Unmatched,Missing,NoPostalAssertionUnderCurrentNormalization,8940,[],,[]
PASIR RIS,528A,PASIR RIS ST 51,47,Unmatched,Missing,NoPostalAssertionUnderCurrentNormalization,8951,[],,[]
PASIR RIS,528B,PASIR RIS ST 51,38,Unmatched,Missing,NoPostalAssertionUnderCurrentNormalization,8952,[],,[]
PASIR RIS,528C,PASIR RIS ST 51,28,Unmatched,Missing,NoPostalAssertionUnderCurrentNormalization,8953,[],,[]
PASIR RIS,530A,PASIR RIS DR 1,63,Unmatched,Missing,NoPostalAssertionUnderCurrentNormalization,8996,[],,[]
PASIR RIS,530B,PASIR RIS DR 1,29,Unmatched,Missing,NoPostalAssertionUnderCurrentNormalization,8997,[],,[]
PASIR RIS,530C,PASIR RIS DR 1,54,Unmatched,Missing,NoPostalAssertionUnderCurrentNormalization,8998,[],,[]
PASIR RIS,530D,PASIR RIS DR 1,31,Unmatched,Missing,NoPostalAssertionUnderCurrentNormalization,8999,[],,[]
PASIR RIS,531,PASIR RIS DR 1,19,Unmatched,Missing,NoPostalAssertionUnderCurrentNormalization,9008,[],,[]
PASIR RIS,532,PASIR RIS DR 1,8,Unmatched,Missing,NoPostalAssertionUnderCurrentNormalization,9020,[],,[]
PASIR RIS,533,PASIR RIS DR 1,6,Unmatched,Missing,NoPostalAssertionUnderCurrentNormalization,9035,[],,[]
PASIR RIS,534,PASIR RIS DR 1,10,Unmatched,Missing,NoPostalAssertionUnderCurrentNormalization,9048,[],,[]
PASIR RIS,535,PASIR RIS DR 1,8,Unmatched,Missing,NoPostalAssertionUnderCurrentNormalization,9058,[],,[]
PASIR RIS,536,PASIR RIS DR 1,7,Unmatched,Missing,NoPostalAssertionUnderCurrentNormalization,9073,[],,[]
PASIR RIS,537,PASIR RIS ST 51,22,Unmatched,Missing,NoPostalAssertionUnderCurrentNormalization,9085,[],,[]
PASIR RIS,538,PASIR RIS ST 51,10,Unmatched,Missing,NoPostalAssertionUnderCurrentNormalization,9094,[],,[]
PASIR RIS,539,PASIR RIS ST 51,1,Unmatched,Missing,NoPostalAssertionUnderCurrentNormalization,9107,[],,[]
PASIR RIS,540,PASIR RIS ST 51,7,Unmatched,Missing,NoPostalAssertionUnderCurrentNormalization,9134,[],,[]
PASIR RIS,541,PASIR RIS ST 51,12,Unmatched,Missing,NoPostalAssertionUnderCurrentNormalization,9144,[],,[]
PASIR RIS,542,PASIR RIS ST 51,3,Unmatched,Missing,NoPostalAssertionUnderCurrentNormalization,9156,[],,[]
PASIR RIS,543,PASIR RIS ST 51,10,Unmatched,Missing,NoPostalAssertionUnderCurrentNormalization,9167,[],,[]
PASIR RIS,544,PASIR RIS ST 51,18,Unmatched,Missing,NoPostalAssertionUnderCurrentNormalization,9176,[],,[]
PASIR RIS,545,PASIR RIS ST 51,1,Unmatched,Missing,NoPostalAssertionUnderCurrentNormalization,9186,[],,[]
PASIR RIS,546,PASIR RIS ST 51,7,Unmatched,Missing,NoPostalAssertionUnderCurrentNormalization,9194,[],,[]
PASIR RIS,547,PASIR RIS ST 51,18,Unmatched,Missing,NoPostalAssertionUnderCurrentNormalization,9209,[],,[]
PASIR RIS,548,PASIR RIS ST 51,13,Unmatched,Missing,NoPostalAssertionUnderCurrentNormalization,9225,[],,[]
PASIR RIS,549,PASIR RIS ST 51,9,Unmatched,Missing,NoPostalAssertionUnderCurrentNormalization,9237,[],,[]
PASIR RIS,550,PASIR RIS ST 51,8,Unmatched,Missing,NoPostalAssertionUnderCurrentNormalization,9263,[],,[]
PASIR RIS,551,PASIR RIS ST 51,25,Unmatched,Missing,NoPostalAssertionUnderCurrentNormalization,9275,[],,[]
PASIR RIS,552,PASIR RIS ST 51,16,Unmatched,Missing,NoPostalAssertionUnderCurrentNormalization,9283,[],,[]
PASIR RIS,553,PASIR RIS ST 51,24,Unmatched,Missing,NoPostalAssertionUnderCurrentNormalization,9293,[],,[]
PASIR RIS,554,PASIR RIS ST 51,24,Unmatched,Missing,NoPostalAssertionUnderCurrentNormalization,9301,[],,[]
PASIR RIS,555,PASIR RIS ST 51,16,Unmatched,Missing,NoPostalAssertionUnderCurrentNormalization,9309,[],,[]
PASIR RIS,556,PASIR RIS ST 51,10,Unmatched,Missing,NoPostalAssertionUnderCurrentNormalization,9319,[],,[]
PASIR RIS,557,PASIR RIS ST 51,22,Unmatched,Missing,NoPostalAssertionUnderCurrentNormalization,9327,[],,[]
PASIR RIS,558,PASIR RIS ST 51,20,Unmatched,Missing,NoPostalAssertionUnderCurrentNormalization,9333,[],,[]
PASIR RIS,559,PASIR RIS ST 51,18,Unmatched,Missing,NoPostalAssertionUnderCurrentNormalization,9338,[],,[]
PASIR RIS,560,PASIR RIS ST 51,24,Unmatched,Missing,NoPostalAssertionUnderCurrentNormalization,9363,[],,[]
PASIR RIS,561,PASIR RIS ST 51,13,Unmatched,Missing,NoPostalAssertionUnderCurrentNormalization,9370,[],,[]
PASIR RIS,562,PASIR RIS ST 51,15,Unmatched,Missing,NoPostalAssertionUnderCurrentNormalization,9380,[],,[]
PASIR RIS,564,PASIR RIS ST 51,19,Unmatched,Missing,NoPostalAssertionUnderCurrentNormalization,9390,[],,[]
PASIR RIS,565,PASIR RIS ST 51,17,Unmatched,Missing,NoPostalAssertionUnderCurrentNormalization,9395,[],,[]
PASIR RIS,566,PASIR RIS ST 51,11,Unmatched,Missing,NoPostalAssertionUnderCurrentNormalization,9398,[],,[]
PASIR RIS,567,PASIR RIS ST 51,12,Unmatched,Missing,NoPostalAssertionUnderCurrentNormalization,9403,[],,[]
PASIR RIS,568,PASIR RIS ST 51,26,Unmatched,Missing,NoPostalAssertionUnderCurrentNormalization,9413,[],,[]
PASIR RIS,569,PASIR RIS ST 51,20,Unmatched,Missing,NoPostalAssertionUnderCurrentNormalization,9419,[],,[]
PASIR RIS,570,PASIR RIS ST 53,15,Unmatched,Missing,NoPostalAssertionUnderCurrentNormalization,9445,[],,[]
PASIR RIS,571,PASIR RIS ST 53,19,Unmatched,Missing,NoPostalAssertionUnderCurrentNormalization,9454,[],,[]
PASIR RIS,572,PASIR RIS ST 53,16,Unmatched,Missing,NoPostalAssertionUnderCurrentNormalization,9462,[],,[]
PASIR RIS,573,PASIR RIS ST 53,16,Unmatched,Missing,NoPostalAssertionUnderCurrentNormalization,9470,[],,[]
PASIR RIS,574,PASIR RIS ST 53,12,Unmatched,Missing,NoPostalAssertionUnderCurrentNormalization,9480,[],,[]
PASIR RIS,575,PASIR RIS ST 53,16,Unmatched,Missing,NoPostalAssertionUnderCurrentNormalization,9488,[],,[]
PASIR RIS,576,PASIR RIS ST 53,10,Unmatched,Missing,NoPostalAssertionUnderCurrentNormalization,9494,[],,[]
PASIR RIS,577,PASIR RIS ST 53,12,Unmatched,Missing,NoPostalAssertionUnderCurrentNormalization,9499,[],,[]
PASIR RIS,578,PASIR RIS ST 53,8,Unmatched,Missing,NoPostalAssertionUnderCurrentNormalization,9503,[],,[]
PASIR RIS,579,PASIR RIS ST 53,8,Unmatched,Missing,NoPostalAssertionUnderCurrentNormalization,9508,[],,[]
PASIR RIS,580,PASIR RIS ST 53,5,Unmatched,Missing,NoPostalAssertionUnderCurrentNormalization,9527,[],,[]
PASIR RIS,581,PASIR RIS ST 53,9,Unmatched,Missing,NoPostalAssertionUnderCurrentNormalization,9530,[],,[]
PASIR RIS,582,PASIR RIS ST 53,13,Unmatched,Missing,NoPostalAssertionUnderCurrentNormalization,9533,[],,[]
PASIR RIS,583,PASIR RIS ST 53,12,Unmatched,Missing,NoPostalAssertionUnderCurrentNormalization,9536,[],,[]
PASIR RIS,584,PASIR RIS ST 53,7,Unmatched,Missing,NoPostalAssertionUnderCurrentNormalization,9539,[],,[]
PASIR RIS,585,PASIR RIS ST 53,18,Unmatched,Missing,NoPostalAssertionUnderCurrentNormalization,9543,[],,[]
PASIR RIS,586,PASIR RIS ST 53,11,Unmatched,Missing,NoPostalAssertionUnderCurrentNormalization,9546,[],,[]
PASIR RIS,601,ELIAS RD,14,Unmatched,Missing,NoPostalAssertionUnderCurrentNormalization,9675,[],,[]
PASIR RIS,602,ELIAS RD,11,Unmatched,Missing,NoPostalAssertionUnderCurrentNormalization,9697,[],,[]
PASIR RIS,603,ELIAS RD,17,Unmatched,Missing,NoPostalAssertionUnderCurrentNormalization,9714,[],,[]
PASIR RIS,604,ELIAS RD,9,Unmatched,Missing,NoPostalAssertionUnderCurrentNormalization,9732,[],,[]
PASIR RIS,605,ELIAS RD,11,Unmatched,Missing,NoPostalAssertionUnderCurrentNormalization,9750,[],,[]
PASIR RIS,606,ELIAS RD,10,Unmatched,Missing,NoPostalAssertionUnderCurrentNormalization,9766,[],,[]
PASIR RIS,607,ELIAS RD,18,Unmatched,Missing,NoPostalAssertionUnderCurrentNormalization,9781,[],,[]
PASIR RIS,608,ELIAS RD,10,Unmatched,Missing,NoPostalAssertionUnderCurrentNormalization,9792,[],,[]
PASIR RIS,609,ELIAS RD,12,Unmatched,Missing,NoPostalAssertionUnderCurrentNormalization,9808,[],,[]
PASIR RIS,610,ELIAS RD,13,Unmatched,Missing,NoPostalAssertionUnderCurrentNormalization,9841,[],,[]
PASIR RIS,611,ELIAS RD,15,Unmatched,Missing,NoPostalAssertionUnderCurrentNormalization,9857,[],,[]
PASIR RIS,612,ELIAS RD,11,Unmatched,Missing,NoPostalAssertionUnderCurrentNormalization,9869,[],,[]
PASIR RIS,613,ELIAS RD,20,Unmatched,Missing,NoPostalAssertionUnderCurrentNormalization,9887,[],,[]
PASIR RIS,614,ELIAS RD,20,Unmatched,Missing,NoPostalAssertionUnderCurrentNormalization,9912,[],,[]
PASIR RIS,615,ELIAS RD,15,Unmatched,Missing,NoPostalAssertionUnderCurrentNormalization,9929,[],,[]
PASIR RIS,626,PASIR RIS DR 3,36,Unmatched,Missing,NoPostalAssertionUnderCurrentNormalization,10112,[],,[]
PASIR RIS,627,PASIR RIS DR 3,24,Unmatched,Missing,NoPostalAssertionUnderCurrentNormalization,10124,[],,[]
PASIR RIS,628,PASIR RIS DR 3,17,Unmatched,Missing,NoPostalAssertionUnderCurrentNormalization,10137,[],,[]
PASIR RIS,629,PASIR RIS DR 3,20,Unmatched,Missing,NoPostalAssertionUnderCurrentNormalization,10148,[],,[]
PASIR RIS,630,PASIR RIS DR 3,20,Unmatched,Missing,NoPostalAssertionUnderCurrentNormalization,10178,[],,[]
PASIR RIS,631,PASIR RIS DR 3,22,Unmatched,Missing,NoPostalAssertionUnderCurrentNormalization,10191,[],,[]
PASIR RIS,632,PASIR RIS DR 3,15,Unmatched,Missing,NoPostalAssertionUnderCurrentNormalization,10206,[],,[]
PASIR RIS,633,PASIR RIS DR 3,30,Unmatched,Missing,NoPostalAssertionUnderCurrentNormalization,10226,[],,[]
PASIR RIS,634,PASIR RIS DR 1,17,Unmatched,Missing,NoPostalAssertionUnderCurrentNormalization,10250,[],,[]
PASIR RIS,635,PASIR RIS DR 1,18,Unmatched,Missing,NoPostalAssertionUnderCurrentNormalization,10266,[],,[]
PASIR RIS,636,PASIR RIS DR 1,16,Unmatched,Missing,NoPostalAssertionUnderCurrentNormalization,10290,[],,[]
PASIR RIS,637,PASIR RIS DR 1,22,Unmatched,Missing,NoPostalAssertionUnderCurrentNormalization,10312,[],,[]
PASIR RIS,638,PASIR RIS DR 1,12,Unmatched,Missing,NoPostalAssertionUnderCurrentNormalization,10331,[],,[]
PASIR RIS,639,PASIR RIS DR 1,33,Unmatched,Missing,NoPostalAssertionUnderCurrentNormalization,10353,[],,[]
PASIR RIS,640,PASIR RIS DR 1,32,Unmatched,Missing,NoPostalAssertionUnderCurrentNormalization,10382,[],,[]
PASIR RIS,641,PASIR RIS DR 1,13,Unmatched,Missing,NoPostalAssertionUnderCurrentNormalization,10401,[],,[]
PASIR RIS,642,PASIR RIS DR 10,8,Unmatched,Missing,NoPostalAssertionUnderCurrentNormalization,10419,[],,[]
PASIR RIS,643,PASIR RIS DR 10,12,Unmatched,Missing,NoPostalAssertionUnderCurrentNormalization,10434,[],,[]
PASIR RIS,644,PASIR RIS DR 10,13,Unmatched,Missing,NoPostalAssertionUnderCurrentNormalization,10446,[],,[]
PASIR RIS,645,PASIR RIS DR 10,20,Unmatched,Missing,NoPostalAssertionUnderCurrentNormalization,10457,[],,[]
PASIR RIS,646,PASIR RIS DR 10,20,Unmatched,Missing,NoPostalAssertionUnderCurrentNormalization,10470,[],,[]
PASIR RIS,647,PASIR RIS DR 10,14,Unmatched,Missing,NoPostalAssertionUnderCurrentNormalization,10483,[],,[]
PASIR RIS,648,PASIR RIS DR 10,11,Unmatched,Missing,NoPostalAssertionUnderCurrentNormalization,10500,[],,[]
PASIR RIS,649,PASIR RIS DR 10,11,Unmatched,Missing,NoPostalAssertionUnderCurrentNormalization,10515,[],,[]
PASIR RIS,650,PASIR RIS DR 10,10,Unmatched,Missing,NoPostalAssertionUnderCurrentNormalization,10541,[],,[]
PASIR RIS,651,PASIR RIS DR 10,7,Unmatched,Missing,NoPostalAssertionUnderCurrentNormalization,10553,[],,[]
PASIR RIS,700,PASIR RIS DR 10,9,Unmatched,Missing,NoPostalAssertionUnderCurrentNormalization,11269,[],,[]
PASIR RIS,701,PASIR RIS DR 10,11,Unmatched,Missing,NoPostalAssertionUnderCurrentNormalization,11279,[],,[]
PASIR RIS,702,PASIR RIS DR 10,8,Unmatched,Missing,NoPostalAssertionUnderCurrentNormalization,11294,[],,[]
PASIR RIS,703,PASIR RIS DR 10,3,Unmatched,Missing,NoPostalAssertionUnderCurrentNormalization,11305,[],,[]
PASIR RIS,704,PASIR RIS DR 10,3,Unmatched,Missing,NoPostalAssertionUnderCurrentNormalization,11315,[],,[]
PASIR RIS,705,PASIR RIS DR 10,8,Unmatched,Missing,NoPostalAssertionUnderCurrentNormalization,11328,[],,[]
PASIR RIS,706,PASIR RIS DR 10,12,Unmatched,Missing,NoPostalAssertionUnderCurrentNormalization,11337,[],,[]
PASIR RIS,707,PASIR RIS DR 10,10,Unmatched,Missing,NoPostalAssertionUnderCurrentNormalization,11346,[],,[]
PASIR RIS,708,PASIR RIS DR 10,14,Unmatched,Missing,NoPostalAssertionUnderCurrentNormalization,11355,[],,[]
PASIR RIS,709,PASIR RIS DR 10,14,Unmatched,Missing,NoPostalAssertionUnderCurrentNormalization,11365,[],,[]
PASIR RIS,710,PASIR RIS ST 72,25,Unmatched,Missing,NoPostalAssertionUnderCurrentNormalization,11383,[],,[]
PASIR RIS,711,PASIR RIS ST 72,17,Unmatched,Missing,NoPostalAssertionUnderCurrentNormalization,11395,[],,[]
PASIR RIS,712,PASIR RIS ST 72,12,Unmatched,Missing,NoPostalAssertionUnderCurrentNormalization,11405,[],,[]
PASIR RIS,713,PASIR RIS ST 72,12,Unmatched,Missing,NoPostalAssertionUnderCurrentNormalization,11416,[],,[]
PASIR RIS,714,PASIR RIS ST 72,14,Unmatched,Missing,NoPostalAssertionUnderCurrentNormalization,11425,[],,[]
PASIR RIS,715,PASIR RIS ST 72,7,Unmatched,Missing,NoPostalAssertionUnderCurrentNormalization,11435,[],,[]
PASIR RIS,716,PASIR RIS ST 72,9,Unmatched,Missing,NoPostalAssertionUnderCurrentNormalization,11443,[],,[]
PASIR RIS,717,PASIR RIS ST 72,16,Unmatched,Missing,NoPostalAssertionUnderCurrentNormalization,11451,[],,[]
PASIR RIS,718,PASIR RIS ST 72,11,Unmatched,Missing,NoPostalAssertionUnderCurrentNormalization,11460,[],,[]
PASIR RIS,719,PASIR RIS ST 72,11,Unmatched,Missing,NoPostalAssertionUnderCurrentNormalization,11468,[],,[]
PASIR RIS,720,PASIR RIS ST 72,9,Unmatched,Missing,NoPostalAssertionUnderCurrentNormalization,11484,[],,[]
PASIR RIS,721,PASIR RIS ST 72,13,Unmatched,Missing,NoPostalAssertionUnderCurrentNormalization,11493,[],,[]
PASIR RIS,722,PASIR RIS ST 72,10,Unmatched,Missing,NoPostalAssertionUnderCurrentNormalization,11502,[],,[]
PASIR RIS,723,PASIR RIS ST 72,5,Unmatched,Missing,NoPostalAssertionUnderCurrentNormalization,11511,[],,[]
PASIR RIS,724,PASIR RIS ST 72,13,Unmatched,Missing,NoPostalAssertionUnderCurrentNormalization,11520,[],,[]
PASIR RIS,725,PASIR RIS ST 72,17,Unmatched,Missing,NoPostalAssertionUnderCurrentNormalization,11528,[],,[]
PASIR RIS,736,PASIR RIS DR 10,10,Unmatched,Missing,NoPostalAssertionUnderCurrentNormalization,11602,[],,[]
PASIR RIS,737,PASIR RIS DR 10,15,Unmatched,Missing,NoPostalAssertionUnderCurrentNormalization,11609,[],,[]
PASIR RIS,738,PASIR RIS DR 10,19,Unmatched,Missing,NoPostalAssertionUnderCurrentNormalization,11615,[],,[]
PASIR RIS,739,PASIR RIS DR 10,13,Unmatched,Missing,NoPostalAssertionUnderCurrentNormalization,11622,[],,[]
PASIR RIS,740,PASIR RIS ST 71,18,Unmatched,Missing,NoPostalAssertionUnderCurrentNormalization,11638,[],,[]
PASIR RIS,741,PASIR RIS ST 71,26,Unmatched,Missing,NoPostalAssertionUnderCurrentNormalization,11644,[],,[]
PASIR RIS,742,PASIR RIS ST 71,17,Unmatched,Missing,NoPostalAssertionUnderCurrentNormalization,11650,[],,[]
PASIR RIS,743,PASIR RIS ST 71,28,Unmatched,Missing,NoPostalAssertionUnderCurrentNormalization,11657,[],,[]
PASIR RIS,744,PASIR RIS ST 71,17,Unmatched,Missing,NoPostalAssertionUnderCurrentNormalization,11662,[],,[]
PASIR RIS,745,PASIR RIS ST 71,12,Unmatched,Missing,NoPostalAssertionUnderCurrentNormalization,11669,[],,[]
PASIR RIS,746,PASIR RIS ST 71,20,Unmatched,Missing,NoPostalAssertionUnderCurrentNormalization,11674,[],,[]
PASIR RIS,747,PASIR RIS ST 71,28,Unmatched,Missing,NoPostalAssertionUnderCurrentNormalization,11679,[],,[]
PASIR RIS,748,PASIR RIS ST 71,20,Unmatched,Missing,NoPostalAssertionUnderCurrentNormalization,11689,[],,[]
PASIR RIS,749,PASIR RIS ST 71,38,Unmatched,Missing,NoPostalAssertionUnderCurrentNormalization,11697,[],,[]
PASIR RIS,750,PASIR RIS ST 71,21,Unmatched,Missing,NoPostalAssertionUnderCurrentNormalization,11716,[],,[]
PASIR RIS,751,PASIR RIS ST 71,20,Unmatched,Missing,NoPostalAssertionUnderCurrentNormalization,11722,[],,[]
PASIR RIS,752,PASIR RIS ST 71,21,Unmatched,Missing,NoPostalAssertionUnderCurrentNormalization,11727,[],,[]
PASIR RIS,753,PASIR RIS ST 71,24,Unmatched,Missing,NoPostalAssertionUnderCurrentNormalization,11732,[],,[]
PASIR RIS,754,PASIR RIS ST 71,21,Unmatched,Missing,NoPostalAssertionUnderCurrentNormalization,11737,[],,[]
PASIR RIS,755,PASIR RIS ST 71,14,Unmatched,Missing,NoPostalAssertionUnderCurrentNormalization,11745,[],,[]
PASIR RIS,756,PASIR RIS ST 71,20,Unmatched,Missing,NoPostalAssertionUnderCurrentNormalization,11750,[],,[]
PASIR RIS,757,PASIR RIS ST 71,14,Unmatched,Missing,NoPostalAssertionUnderCurrentNormalization,11755,[],,[]
PASIR RIS,758,PASIR RIS ST 71,20,Unmatched,Missing,NoPostalAssertionUnderCurrentNormalization,11763,[],,[]
PASIR RIS,759,PASIR RIS ST 71,29,Unmatched,Missing,NoPostalAssertionUnderCurrentNormalization,11768,[],,[]
PASIR RIS,760,PASIR RIS ST 71,26,Unmatched,Missing,NoPostalAssertionUnderCurrentNormalization,11784,[],,[]
PASIR RIS,761,PASIR RIS ST 71,18,Unmatched,Missing,NoPostalAssertionUnderCurrentNormalization,11793,[],,[]
PASIR RIS,762,PASIR RIS ST 71,26,Unmatched,Missing,NoPostalAssertionUnderCurrentNormalization,11800,[],,[]
PASIR RIS,763,PASIR RIS ST 71,18,Unmatched,Missing,NoPostalAssertionUnderCurrentNormalization,11810,[],,[]
PASIR RIS,764,PASIR RIS ST 71,15,Unmatched,Missing,NoPostalAssertionUnderCurrentNormalization,11816,[],,[]
PASIR RIS,765,PASIR RIS ST 71,19,Unmatched,Missing,NoPostalAssertionUnderCurrentNormalization,11825,[],,[]
PASIR RIS,766,PASIR RIS ST 71,16,Unmatched,Missing,NoPostalAssertionUnderCurrentNormalization,11833,[],,[]
PASIR RIS,767,PASIR RIS ST 71,19,Unmatched,Missing,NoPostalAssertionUnderCurrentNormalization,11839,[],,[]
PASIR RIS,768,PASIR RIS ST 71,21,Unmatched,Missing,NoPostalAssertionUnderCurrentNormalization,11844,[],,[]
PASIR RIS,769,PASIR RIS ST 71,16,Unmatched,Missing,NoPostalAssertionUnderCurrentNormalization,11850,[],,[]
PASIR RIS,770,PASIR RIS ST 71,22,Unmatched,Missing,NoPostalAssertionUnderCurrentNormalization,11867,[],,[]
PASIR RIS,771,PASIR RIS ST 71,17,Unmatched,Missing,NoPostalAssertionUnderCurrentNormalization,11873,[],,[]
PASIR RIS,772,PASIR RIS ST 71,13,Unmatched,Missing,NoPostalAssertionUnderCurrentNormalization,11878,[],,[]
PASIR RIS,773,PASIR RIS ST 71,25,Unmatched,Missing,NoPostalAssertionUnderCurrentNormalization,11883,[],,[]
PASIR RIS,774,PASIR RIS ST 71,18,Unmatched,Missing,NoPostalAssertionUnderCurrentNormalization,11889,[],,[]
PASIR RIS,775,PASIR RIS ST 71,18,Unmatched,Missing,NoPostalAssertionUnderCurrentNormalization,11893,[],,[]
PASIR RIS,776,PASIR RIS ST 71,24,Unmatched,Missing,NoPostalAssertionUnderCurrentNormalization,11898,[],,[]
PASIR RIS,777,PASIR RIS ST 71,11,Unmatched,Missing,NoPostalAssertionUnderCurrentNormalization,11901,[],,[]
PASIR RIS,778,PASIR RIS ST 71,9,Unmatched,Missing,NoPostalAssertionUnderCurrentNormalization,11904,[],,[]
PASIR RIS,779,PASIR RIS ST 71,8,Unmatched,Missing,NoPostalAssertionUnderCurrentNormalization,11907,[],,[]
PASIR RIS,780,PASIR RIS ST 71,11,Unmatched,Missing,NoPostalAssertionUnderCurrentNormalization,11930,[],,[]
PASIR RIS,781,PASIR RIS ST 71,15,Unmatched,Missing,NoPostalAssertionUnderCurrentNormalization,11940,[],,[]
PASIR RIS,782,PASIR RIS ST 71,11,Unmatched,Missing,NoPostalAssertionUnderCurrentNormalization,11948,[],,[]
PUNGGOL,101A,PUNGGOL FIELD,29,Unmatched,Missing,NoPostalAssertionUnderCurrentNormalization,134,[],,[]
PUNGGOL,101C,PUNGGOL FIELD,19,Unmatched,Missing,NoPostalAssertionUnderCurrentNormalization,141,[],,[]
PUNGGOL,102A,PUNGGOL FIELD,12,Unmatched,Missing,NoPostalAssertionUnderCurrentNormalization,176,[],,[]
PUNGGOL,102B,PUNGGOL FIELD,18,Unmatched,Missing,NoPostalAssertionUnderCurrentNormalization,180,[],,[]
PUNGGOL,105A,EDGEFIELD PLAINS,24,Unmatched,Missing,NoPostalAssertionUnderCurrentNormalization,299,[],,[]
PUNGGOL,105B,EDGEFIELD PLAINS,17,Unmatched,Missing,NoPostalAssertionUnderCurrentNormalization,303,[],,[]
PUNGGOL,106B,PUNGGOL FIELD,20,Unmatched,Missing,NoPostalAssertionUnderCurrentNormalization,347,[],,[]
PUNGGOL,109B,EDGEDALE PLAINS,17,Unmatched,Missing,NoPostalAssertionUnderCurrentNormalization,473,[],,[]
PUNGGOL,110B,PUNGGOL FIELD,12,Unmatched,Missing,NoPostalAssertionUnderCurrentNormalization,537,[],,[]
PUNGGOL,126C,EDGEDALE PLAINS,39,Unmatched,Missing,NoPostalAssertionUnderCurrentNormalization,1168,[],,[]
PUNGGOL,160A,PUNGGOL CTRL,16,Unmatched,Missing,NoPostalAssertionUnderCurrentNormalization,2011,[],,[]
PUNGGOL,160B,PUNGGOL CTRL,15,Unmatched,Missing,NoPostalAssertionUnderCurrentNormalization,2012,[],,[]
PUNGGOL,161A,PUNGGOL CTRL,28,Unmatched,Missing,NoPostalAssertionUnderCurrentNormalization,2032,[],,[]
PUNGGOL,161B,PUNGGOL CTRL,29,Unmatched,Missing,NoPostalAssertionUnderCurrentNormalization,2034,[],,[]
PUNGGOL,162A,PUNGGOL CTRL,35,Unmatched,Missing,NoPostalAssertionUnderCurrentNormalization,2050,[],,[]
PUNGGOL,162B,PUNGGOL CTRL,22,Unmatched,Missing,NoPostalAssertionUnderCurrentNormalization,2052,[],,[]
PUNGGOL,163A,PUNGGOL CTRL,20,Unmatched,Missing,NoPostalAssertionUnderCurrentNormalization,2069,[],,[]
PUNGGOL,163B,PUNGGOL CTRL,25,Unmatched,Missing,NoPostalAssertionUnderCurrentNormalization,2073,[],,[]
PUNGGOL,165A,PUNGGOL CTRL,28,Unmatched,Missing,NoPostalAssertionUnderCurrentNormalization,2107,[],,[]
PUNGGOL,165B,PUNGGOL CTRL,20,Unmatched,Missing,NoPostalAssertionUnderCurrentNormalization,2110,[],,[]
PUNGGOL,166A,PUNGGOL CTRL,18,Unmatched,Missing,NoPostalAssertionUnderCurrentNormalization,2127,[],,[]
PUNGGOL,166B,PUNGGOL CTRL,18,Unmatched,Missing,NoPostalAssertionUnderCurrentNormalization,2130,[],,[]
PUNGGOL,167A,PUNGGOL EAST,21,Unmatched,Missing,NoPostalAssertionUnderCurrentNormalization,2145,[],,[]
PUNGGOL,167B,PUNGGOL EAST,16,Unmatched,Missing,NoPostalAssertionUnderCurrentNormalization,2147,[],,[]
PUNGGOL,168A,PUNGGOL EAST,23,Unmatched,Missing,NoPostalAssertionUnderCurrentNormalization,2164,[],,[]
PUNGGOL,169A,PUNGGOL FIELD,23,Unmatched,Missing,NoPostalAssertionUnderCurrentNormalization,2182,[],,[]
PUNGGOL,170B,PUNGGOL FIELD,19,Unmatched,Missing,NoPostalAssertionUnderCurrentNormalization,2226,[],,[]
PUNGGOL,170C,PUNGGOL FIELD,37,Unmatched,Missing,NoPostalAssertionUnderCurrentNormalization,2228,[],,[]
PUNGGOL,171B,EDGEDALE PLAINS,33,Unmatched,Missing,NoPostalAssertionUnderCurrentNormalization,2247,[],,[]
PUNGGOL,172B,EDGEDALE PLAINS,28,Unmatched,Missing,NoPostalAssertionUnderCurrentNormalization,2265,[],,[]
PUNGGOL,173B,PUNGGOL FIELD,20,Unmatched,Missing,NoPostalAssertionUnderCurrentNormalization,2283,[],,[]
PUNGGOL,174D,EDGEDALE PLAINS,22,Unmatched,Missing,NoPostalAssertionUnderCurrentNormalization,2306,[],,[]
PUNGGOL,175A,PUNGGOL FIELD,32,Unmatched,Missing,NoPostalAssertionUnderCurrentNormalization,2322,[],,[]
PUNGGOL,176B,EDGEFIELD PLAINS,30,Unmatched,Missing,NoPostalAssertionUnderCurrentNormalization,2343,[],,[]
PUNGGOL,182,EDGEFIELD PLAINS,21,Unmatched,Missing,NoPostalAssertionUnderCurrentNormalization,2470,[],,[]
PUNGGOL,185,EDGEFIELD PLAINS,23,Unmatched,Missing,NoPostalAssertionUnderCurrentNormalization,2531,[],,[]
PUNGGOL,186,PUNGGOL CTRL,25,Unmatched,Missing,NoPostalAssertionUnderCurrentNormalization,2551,[],,[]
PUNGGOL,187,PUNGGOL CTRL,15,Unmatched,Missing,NoPostalAssertionUnderCurrentNormalization,2567,[],,[]
PUNGGOL,188,PUNGGOL CTRL,27,Unmatched,Missing,NoPostalAssertionUnderCurrentNormalization,2580,[],,[]
PUNGGOL,190,PUNGGOL CTRL,37,Unmatched,Missing,NoPostalAssertionUnderCurrentNormalization,2640,[],,[]
PUNGGOL,191,PUNGGOL CTRL,26,Unmatched,Missing,NoPostalAssertionUnderCurrentNormalization,2649,[],,[]
PUNGGOL,192,PUNGGOL CTRL,18,Unmatched,Missing,NoPostalAssertionUnderCurrentNormalization,2657,[],,[]
PUNGGOL,195A,PUNGGOL RD,29,Unmatched,Missing,NoPostalAssertionUnderCurrentNormalization,2684,[],,[]
PUNGGOL,195B,PUNGGOL RD,23,Unmatched,Missing,NoPostalAssertionUnderCurrentNormalization,2686,[],,[]
PUNGGOL,195C,PUNGGOL RD,19,Unmatched,Missing,NoPostalAssertionUnderCurrentNormalization,2687,[],,[]
PUNGGOL,195D,PUNGGOL RD,32,Unmatched,Missing,NoPostalAssertionUnderCurrentNormalization,2688,[],,[]
PUNGGOL,195E,PUNGGOL RD,26,Unmatched,Missing,NoPostalAssertionUnderCurrentNormalization,2689,[],,[]
PUNGGOL,199B,PUNGGOL FIELD,20,Unmatched,Missing,NoPostalAssertionUnderCurrentNormalization,2721,[],,[]
PUNGGOL,201B,PUNGGOL FIELD,13,Unmatched,Missing,NoPostalAssertionUnderCurrentNormalization,2840,[],,[]
PUNGGOL,201C,PUNGGOL FIELD,20,Unmatched,Missing,NoPostalAssertionUnderCurrentNormalization,2844,[],,[]
PUNGGOL,201D,PUNGGOL FIELD,25,Unmatched,Missing,NoPostalAssertionUnderCurrentNormalization,2848,[],,[]
PUNGGOL,203A,PUNGGOL FIELD,29,Unmatched,Missing,NoPostalAssertionUnderCurrentNormalization,2897,[],,[]
PUNGGOL,204A,PUNGGOL FIELD,24,Unmatched,Missing,NoPostalAssertionUnderCurrentNormalization,2922,[],,[]
PUNGGOL,207A,PUNGGOL PL,37,Unmatched,Missing,NoPostalAssertionUnderCurrentNormalization,3003,[],,[]
PUNGGOL,207B,PUNGGOL PL,50,Unmatched,Missing,NoPostalAssertionUnderCurrentNormalization,3006,[],,[]
PUNGGOL,207C,PUNGGOL PL,36,Unmatched,Missing,NoPostalAssertionUnderCurrentNormalization,3009,[],,[]
PUNGGOL,207D,PUNGGOL PL,59,Unmatched,Missing,NoPostalAssertionUnderCurrentNormalization,3012,[],,[]
PUNGGOL,208A,PUNGGOL PL,39,Unmatched,Missing,NoPostalAssertionUnderCurrentNormalization,3036,[],,[]
PUNGGOL,208B,PUNGGOL PL,51,Unmatched,Missing,NoPostalAssertionUnderCurrentNormalization,3042,[],,[]
PUNGGOL,208C,PUNGGOL PL,37,Unmatched,Missing,NoPostalAssertionUnderCurrentNormalization,3045,[],,[]
PUNGGOL,209A,PUNGGOL PL,54,Unmatched,Missing,NoPostalAssertionUnderCurrentNormalization,3067,[],,[]
PUNGGOL,209B,PUNGGOL PL,59,Unmatched,Missing,NoPostalAssertionUnderCurrentNormalization,3070,[],,[]
PUNGGOL,209C,PUNGGOL PL,82,Unmatched,Missing,NoPostalAssertionUnderCurrentNormalization,3072,[],,[]
PUNGGOL,210A,PUNGGOL PL,37,Unmatched,Missing,NoPostalAssertionUnderCurrentNormalization,3120,[],,[]
PUNGGOL,210B,PUNGGOL PL,53,Unmatched,Missing,NoPostalAssertionUnderCurrentNormalization,3123,[],,[]
PUNGGOL,210C,PUNGGOL PL,75,Unmatched,Missing,NoPostalAssertionUnderCurrentNormalization,3126,[],,[]
PUNGGOL,211B,PUNGGOL WALK,55,Unmatched,Missing,NoPostalAssertionUnderCurrentNormalization,3150,[],,[]
PUNGGOL,212A,PUNGGOL WALK,66,Unmatched,Missing,NoPostalAssertionUnderCurrentNormalization,3179,[],,[]
PUNGGOL,212B,PUNGGOL WALK,64,Unmatched,Missing,NoPostalAssertionUnderCurrentNormalization,3182,[],,[]
PUNGGOL,217D,SUMANG WALK,37,Unmatched,Missing,NoPostalAssertionUnderCurrentNormalization,3320,[],,[]
PUNGGOL,221B,SUMANG LANE,39,Unmatched,Missing,NoPostalAssertionUnderCurrentNormalization,3435,[],,[]
PUNGGOL,222A,SUMANG LANE,34,Unmatched,Missing,NoPostalAssertionUnderCurrentNormalization,3456,[],,[]
PUNGGOL,224B,SUMANG LANE,54,Unmatched,Missing,NoPostalAssertionUnderCurrentNormalization,3505,[],,[]
PUNGGOL,226A,SUMANG LANE,36,Unmatched,Missing,SourceFootprintUnsupportedMultiPolygon,3551,"[{""SourceRow"":39538,""Block"":""226A"",""Street"":""SUMANG LANE"",""PostalCode"":""821226""}]",,"[{""feature"":4595,""objectid"":939045,""entityid"":11053760,""postal"":""821226"",""geometry"":""MultiPolygon""}]"
PUNGGOL,226B,SUMANG LANE,29,Unmatched,Missing,NoPostalAssertionUnderCurrentNormalization,3555,[],,[]
PUNGGOL,227B,SUMANG LANE,29,Unmatched,Missing,NoPostalAssertionUnderCurrentNormalization,3587,[],,[]
PUNGGOL,228B,PUNGGOL FIELD,4,Unmatched,Missing,NoPostalAssertionUnderCurrentNormalization,3612,[],,[]
PUNGGOL,231A,SUMANG LANE,29,Unmatched,Missing,NoPostalAssertionUnderCurrentNormalization,3702,[],,[]
PUNGGOL,233A,SUMANG LANE,39,Unmatched,Missing,NoPostalAssertionUnderCurrentNormalization,3746,[],,[]
PUNGGOL,234A,SUMANG LANE,15,Unmatched,Missing,NoPostalAssertionUnderCurrentNormalization,3769,[],,[]
PUNGGOL,256B,SUMANG WALK,35,Unmatched,Missing,NoPostalAssertionUnderCurrentNormalization,4135,[],,[]
PUNGGOL,260C,PUNGGOL WAY,35,Unmatched,Missing,NoPostalAssertionUnderCurrentNormalization,4235,[],,[]
PUNGGOL,261A,PUNGGOL WAY,50,Unmatched,Missing,NoPostalAssertionUnderCurrentNormalization,4249,[],,[]
PUNGGOL,261B,PUNGGOL WAY,30,Unmatched,Missing,NoPostalAssertionUnderCurrentNormalization,4252,[],,[]
PUNGGOL,261C,PUNGGOL WAY,32,Unmatched,Missing,NoPostalAssertionUnderCurrentNormalization,4254,[],,[]
PUNGGOL,265B,PUNGGOL WAY,29,Unmatched,Missing,NoPostalAssertionUnderCurrentNormalization,4313,[],,[]
PUNGGOL,266D,PUNGGOL WAY,38,Unmatched,Missing,NoPostalAssertionUnderCurrentNormalization,4338,[],,[]
PUNGGOL,267C,PUNGGOL FIELD,26,Unmatched,Missing,NoPostalAssertionUnderCurrentNormalization,4357,[],,[]
PUNGGOL,270A,PUNGGOL FIELD,53,Unmatched,Missing,NoPostalAssertionUnderCurrentNormalization,4434,[],,[]
PUNGGOL,270C,PUNGGOL FIELD,39,Unmatched,Missing,NoPostalAssertionUnderCurrentNormalization,4438,[],,[]
PUNGGOL,271A,PUNGGOL WALK,54,Unmatched,Missing,NoPostalAssertionUnderCurrentNormalization,4452,[],,[]
PUNGGOL,271B,PUNGGOL WALK,46,Unmatched,Missing,NoPostalAssertionUnderCurrentNormalization,4455,[],,[]
PUNGGOL,273A,PUNGGOL PL,35,Unmatched,Missing,NoPostalAssertionUnderCurrentNormalization,4500,[],,[]
PUNGGOL,273B,PUNGGOL PL,52,Unmatched,Missing,NoPostalAssertionUnderCurrentNormalization,4506,[],,[]
PUNGGOL,273C,PUNGGOL PL,44,Unmatched,Missing,NoPostalAssertionUnderCurrentNormalization,4510,[],,[]
PUNGGOL,273D,PUNGGOL PL,37,Unmatched,Missing,NoPostalAssertionUnderCurrentNormalization,4513,[],,[]
PUNGGOL,274A,PUNGGOL PL,48,Unmatched,Missing,NoPostalAssertionUnderCurrentNormalization,4527,[],,[]
PUNGGOL,274B,PUNGGOL PL,50,Unmatched,Missing,NoPostalAssertionUnderCurrentNormalization,4531,[],,[]
PUNGGOL,274C,PUNGGOL PL,40,Unmatched,Missing,NoPostalAssertionUnderCurrentNormalization,4534,[],,[]
PUNGGOL,274D,PUNGGOL PL,51,Unmatched,Missing,NoPostalAssertionUnderCurrentNormalization,4537,[],,[]
PUNGGOL,288A,PUNGGOL PL,45,Unmatched,Missing,NoPostalAssertionUnderCurrentNormalization,4714,[],,[]
PUNGGOL,288B,PUNGGOL PL,45,Unmatched,Missing,NoPostalAssertionUnderCurrentNormalization,4718,[],,[]
PUNGGOL,288C,PUNGGOL PL,51,Unmatched,Missing,NoPostalAssertionUnderCurrentNormalization,4722,[],,[]
PUNGGOL,289A,PUNGGOL PL,63,Unmatched,Missing,NoPostalAssertionUnderCurrentNormalization,4741,[],,[]
PUNGGOL,289B,PUNGGOL PL,75,Unmatched,Missing,NoPostalAssertionUnderCurrentNormalization,4745,[],,[]
PUNGGOL,289C,PUNGGOL PL,51,Unmatched,Missing,NoPostalAssertionUnderCurrentNormalization,4749,[],,[]
PUNGGOL,289D,PUNGGOL PL,51,Unmatched,Missing,NoPostalAssertionUnderCurrentNormalization,4752,[],,[]
PUNGGOL,293,PUNGGOL CTRL,22,Unmatched,Missing,NoPostalAssertionUnderCurrentNormalization,4822,[],,[]
PUNGGOL,294,PUNGGOL CTRL,31,Unmatched,Missing,NoPostalAssertionUnderCurrentNormalization,4834,[],,[]
PUNGGOL,295,PUNGGOL CTRL,24,Unmatched,Missing,NoPostalAssertionUnderCurrentNormalization,4840,[],,[]
PUNGGOL,296,PUNGGOL CTRL,34,Unmatched,Missing,NoPostalAssertionUnderCurrentNormalization,4849,[],,[]
PUNGGOL,297,PUNGGOL CTRL,31,Unmatched,Missing,NoPostalAssertionUnderCurrentNormalization,4867,[],,[]
PUNGGOL,298,PUNGGOL CTRL,22,Unmatched,Missing,NoPostalAssertionUnderCurrentNormalization,4879,[],,[]
PUNGGOL,299,PUNGGOL CTRL,32,Unmatched,Missing,NoPostalAssertionUnderCurrentNormalization,4888,[],,[]
PUNGGOL,301A,PUNGGOL CTRL,26,Unmatched,Missing,NoPostalAssertionUnderCurrentNormalization,4975,[],,[]
PUNGGOL,301B,PUNGGOL CTRL,18,Unmatched,Missing,NoPostalAssertionUnderCurrentNormalization,4978,[],,[]
PUNGGOL,301C,PUNGGOL CTRL,16,Unmatched,Missing,NoPostalAssertionUnderCurrentNormalization,4981,[],,[]
PUNGGOL,301D,PUNGGOL PL,13,Unmatched,Missing,NoPostalAssertionUnderCurrentNormalization,4984,[],,[]
PUNGGOL,302A,PUNGGOL PL,35,Unmatched,Missing,NoPostalAssertionUnderCurrentNormalization,5003,[],,[]
PUNGGOL,302B,PUNGGOL PL,19,Unmatched,Missing,NoPostalAssertionUnderCurrentNormalization,5007,[],,[]
PUNGGOL,302C,PUNGGOL PL,29,Unmatched,Missing,NoPostalAssertionUnderCurrentNormalization,5010,[],,[]
PUNGGOL,302D,PUNGGOL PL,24,Unmatched,Missing,NoPostalAssertionUnderCurrentNormalization,5013,[],,[]
PUNGGOL,303A,PUNGGOL CTRL,31,Unmatched,Missing,NoPostalAssertionUnderCurrentNormalization,5029,[],,[]
PUNGGOL,303B,PUNGGOL CTRL,19,Unmatched,Missing,NoPostalAssertionUnderCurrentNormalization,5031,[],,[]
PUNGGOL,303C,PUNGGOL CTRL,20,Unmatched,Missing,NoPostalAssertionUnderCurrentNormalization,5033,[],,[]
PUNGGOL,303D,PUNGGOL PL,15,Unmatched,Missing,NoPostalAssertionUnderCurrentNormalization,5034,[],,[]
PUNGGOL,305A,PUNGGOL RD,35,Unmatched,Missing,NoPostalAssertionUnderCurrentNormalization,5070,[],,[]
PUNGGOL,305B,PUNGGOL RD,39,Unmatched,Missing,NoPostalAssertionUnderCurrentNormalization,5072,[],,[]
PUNGGOL,305D,PUNGGOL DR,43,Unmatched,Missing,NoPostalAssertionUnderCurrentNormalization,5076,[],,[]
PUNGGOL,306A,PUNGGOL PL,41,Unmatched,Missing,NoPostalAssertionUnderCurrentNormalization,5096,[],,[]
PUNGGOL,306B,PUNGGOL PL,41,Unmatched,Missing,NoPostalAssertionUnderCurrentNormalization,5101,[],,[]
PUNGGOL,306C,PUNGGOL PL,39,Unmatched,Missing,NoPostalAssertionUnderCurrentNormalization,5104,[],,[]
PUNGGOL,306D,PUNGGOL DR,54,Unmatched,Missing,NoPostalAssertionUnderCurrentNormalization,5107,[],,[]
PUNGGOL,315A,PUNGGOL WAY,55,Unmatched,Missing,NoPostalAssertionUnderCurrentNormalization,5316,[],,[]
PUNGGOL,315B,PUNGGOL WAY,61,Unmatched,Missing,NoPostalAssertionUnderCurrentNormalization,5320,[],,[]
PUNGGOL,322C,SUMANG WALK,47,Unmatched,Missing,NoPostalAssertionUnderCurrentNormalization,5492,[],,[]
PUNGGOL,325A,SUMANG WALK,39,Unmatched,Missing,NoPostalAssertionUnderCurrentNormalization,5558,[],,[]
PUNGGOL,325B,SUMANG WALK,35,Unmatched,Missing,NoPostalAssertionUnderCurrentNormalization,5562,[],,[]
PUNGGOL,326C,SUMANG WALK,28,Unmatched,Missing,NoPostalAssertionUnderCurrentNormalization,5584,[],,[]
PUNGGOL,327B,SUMANG WALK,29,Unmatched,Missing,NoPostalAssertionUnderCurrentNormalization,5603,[],,[]
PUNGGOL,405A,NORTHSHORE DR,16,Unmatched,Missing,NoPostalAssertionUnderCurrentNormalization,6674,[],,[]
PUNGGOL,405B,NORTHSHORE DR,19,Unmatched,Missing,NoPostalAssertionUnderCurrentNormalization,6676,[],,[]
PUNGGOL,406A,NORTHSHORE DR,13,Unmatched,Missing,NoPostalAssertionUnderCurrentNormalization,6695,[],,[]
PUNGGOL,406B,NORTHSHORE DR,14,Unmatched,Missing,NoPostalAssertionUnderCurrentNormalization,6699,[],,[]
PUNGGOL,406C,NORTHSHORE DR,25,Unmatched,Missing,NoPostalAssertionUnderCurrentNormalization,6701,[],,[]
PUNGGOL,408A,NORTHSHORE DR,17,Unmatched,Missing,NoPostalAssertionUnderCurrentNormalization,6739,[],,[]
PUNGGOL,408B,NORTHSHORE DR,16,Unmatched,Missing,NoPostalAssertionUnderCurrentNormalization,6741,[],,[]
PUNGGOL,408C,NORTHSHORE DR,13,Unmatched,Missing,NoPostalAssertionUnderCurrentNormalization,6743,[],,[]
PUNGGOL,409A,NORTHSHORE DR,14,Unmatched,Missing,NoPostalAssertionUnderCurrentNormalization,6761,[],,[]
PUNGGOL,409B,NORTHSHORE DR,12,Unmatched,Missing,NoPostalAssertionUnderCurrentNormalization,6763,[],,[]
PUNGGOL,409C,NORTHSHORE DR,11,Unmatched,Missing,NoPostalAssertionUnderCurrentNormalization,6764,[],,[]
PUNGGOL,409D,NORTHSHORE DR,11,Unmatched,Missing,NoPostalAssertionUnderCurrentNormalization,6765,[],,[]
PUNGGOL,413C,NORTHSHORE DR,9,Unmatched,Missing,NoPostalAssertionUnderCurrentNormalization,6873,[],,[]
PUNGGOL,415A,NORTHSHORE DR,3,Unmatched,Missing,NoPostalAssertionUnderCurrentNormalization,6911,[],,[]
PUNGGOL,415B,NORTHSHORE DR,9,Unmatched,Missing,NoPostalAssertionUnderCurrentNormalization,6914,[],,[]
PUNGGOL,415C,NORTHSHORE DR,6,Unmatched,Missing,NoPostalAssertionUnderCurrentNormalization,6916,[],,[]
PUNGGOL,415D,NORTHSHORE DR,6,Unmatched,Missing,NoPostalAssertionUnderCurrentNormalization,6917,[],,[]
PUNGGOL,419A,NORTHSHORE DR,1,Unmatched,Missing,NoPostalAssertionUnderCurrentNormalization,6989,[],,[]
PUNGGOL,419B,NORTHSHORE DR,6,Unmatched,Missing,NoPostalAssertionUnderCurrentNormalization,6991,[],,[]
PUNGGOL,419C,NORTHSHORE DR,6,Unmatched,Missing,NoPostalAssertionUnderCurrentNormalization,6992,[],,[]
PUNGGOL,420A,NORTHSHORE DR,6,Unmatched,Missing,NoPostalAssertionUnderCurrentNormalization,7025,[],,[]
PUNGGOL,420B,NORTHSHORE DR,2,Unmatched,Missing,NoPostalAssertionUnderCurrentNormalization,7026,[],,[]
PUNGGOL,420C,NORTHSHORE DR,4,Unmatched,Missing,NoPostalAssertionUnderCurrentNormalization,7027,[],,[]
PUNGGOL,421A,NORTHSHORE DR,11,Unmatched,Missing,NoPostalAssertionUnderCurrentNormalization,7044,[],,[]
PUNGGOL,421B,NORTHSHORE DR,9,Unmatched,Missing,NoPostalAssertionUnderCurrentNormalization,7046,[],,[]
PUNGGOL,421C,NORTHSHORE DR,9,Unmatched,Missing,NoPostalAssertionUnderCurrentNormalization,7047,[],,[]
PUNGGOL,422A,NORTHSHORE DR,18,Unmatched,Missing,NoPostalAssertionUnderCurrentNormalization,7062,[],,[]
PUNGGOL,422B,NORTHSHORE DR,11,Unmatched,Missing,NoPostalAssertionUnderCurrentNormalization,7063,[],,[]
PUNGGOL,601A,PUNGGOL CTRL,37,Unmatched,Missing,NoPostalAssertionUnderCurrentNormalization,9684,[],,[]
PUNGGOL,601B,PUNGGOL CTRL,34,Unmatched,Missing,NoPostalAssertionUnderCurrentNormalization,9687,[],,[]
PUNGGOL,601C,PUNGGOL CTRL,39,Unmatched,Missing,NoPostalAssertionUnderCurrentNormalization,9689,[],,[]
PUNGGOL,601D,PUNGGOL CTRL,45,Unmatched,Missing,NoPostalAssertionUnderCurrentNormalization,9691,[],,[]
PUNGGOL,602A,PUNGGOL CTRL,35,Unmatched,Missing,NoPostalAssertionUnderCurrentNormalization,9705,[],,[]
PUNGGOL,602B,PUNGGOL CTRL,34,Unmatched,Missing,NoPostalAssertionUnderCurrentNormalization,9707,[],,[]
PUNGGOL,602C,PUNGGOL CTRL,42,Unmatched,Missing,NoPostalAssertionUnderCurrentNormalization,9709,[],,[]
PUNGGOL,603A,PUNGGOL RD,36,Unmatched,Missing,NoPostalAssertionUnderCurrentNormalization,9723,[],,[]
PUNGGOL,603B,PUNGGOL RD,48,Unmatched,Missing,NoPostalAssertionUnderCurrentNormalization,9726,[],,[]
PUNGGOL,603C,PUNGGOL RD,28,Unmatched,Missing,NoPostalAssertionUnderCurrentNormalization,9727,[],,[]
PUNGGOL,604A,PUNGGOL RD,44,Unmatched,Missing,NoPostalAssertionUnderCurrentNormalization,9741,[],,[]
PUNGGOL,604B,PUNGGOL RD,33,Unmatched,Missing,NoPostalAssertionUnderCurrentNormalization,9743,[],,[]
PUNGGOL,604C,PUNGGOL RD,23,Unmatched,Missing,NoPostalAssertionUnderCurrentNormalization,9745,[],,[]
PUNGGOL,612A,PUNGGOL DR,50,Unmatched,Missing,NoPostalAssertionUnderCurrentNormalization,9876,[],,[]
PUNGGOL,612B,PUNGGOL DR,47,Unmatched,Missing,NoPostalAssertionUnderCurrentNormalization,9878,[],,[]
PUNGGOL,612C,PUNGGOL DR,35,Unmatched,Missing,NoPostalAssertionUnderCurrentNormalization,9880,[],,[]
PUNGGOL,612D,PUNGGOL DR,42,Unmatched,Missing,NoPostalAssertionUnderCurrentNormalization,9881,[],,[]
PUNGGOL,613A,PUNGGOL DR,42,Unmatched,Missing,NoPostalAssertionUnderCurrentNormalization,9899,[],,[]
PUNGGOL,613B,PUNGGOL DR,42,Unmatched,Missing,NoPostalAssertionUnderCurrentNormalization,9903,[],,[]
PUNGGOL,613C,PUNGGOL DR,58,Unmatched,Missing,NoPostalAssertionUnderCurrentNormalization,9906,[],,[]
PUNGGOL,613D,PUNGGOL DR,46,Unmatched,Missing,NoPostalAssertionUnderCurrentNormalization,9907,[],,[]
PUNGGOL,615A,EDGEFIELD PLAINS,55,Unmatched,Missing,NoPostalAssertionUnderCurrentNormalization,9934,[],,[]
PUNGGOL,617A,PUNGGOL DR,35,Unmatched,Missing,NoPostalAssertionUnderCurrentNormalization,9958,[],,[]
PUNGGOL,617B,PUNGGOL DR,33,Unmatched,Missing,NoPostalAssertionUnderCurrentNormalization,9959,[],,[]
PUNGGOL,617C,PUNGGOL DR,33,Unmatched,Missing,NoPostalAssertionUnderCurrentNormalization,9960,[],,[]
PUNGGOL,617D,PUNGGOL DR,50,Unmatched,Missing,NoPostalAssertionUnderCurrentNormalization,9961,[],,[]
PUNGGOL,618A,PUNGGOL DR,46,Unmatched,Missing,NoPostalAssertionUnderCurrentNormalization,9971,[],,[]
PUNGGOL,618B,PUNGGOL DR,31,Unmatched,Missing,NoPostalAssertionUnderCurrentNormalization,9973,[],,[]
PUNGGOL,618C,PUNGGOL DR,26,Unmatched,Missing,NoPostalAssertionUnderCurrentNormalization,9975,[],,[]
PUNGGOL,618D,PUNGGOL DR,45,Unmatched,Missing,NoPostalAssertionUnderCurrentNormalization,9976,[],,[]
PUNGGOL,619A,PUNGGOL DR,46,Unmatched,Missing,NoPostalAssertionUnderCurrentNormalization,9985,[],,[]
PUNGGOL,619B,PUNGGOL DR,54,Unmatched,Missing,NoPostalAssertionUnderCurrentNormalization,9987,[],,[]
PUNGGOL,619C,PUNGGOL DR,56,Unmatched,Missing,NoPostalAssertionUnderCurrentNormalization,9989,[],,[]
PUNGGOL,619D,PUNGGOL DR,56,Unmatched,Missing,NoPostalAssertionUnderCurrentNormalization,9990,[],,[]
PUNGGOL,622A,PUNGGOL CTRL,66,Unmatched,Missing,NoPostalAssertionUnderCurrentNormalization,10046,[],,[]
PUNGGOL,622B,PUNGGOL CTRL,64,Unmatched,Missing,NoPostalAssertionUnderCurrentNormalization,10050,[],,[]
PUNGGOL,622C,PUNGGOL CTRL,67,Unmatched,Missing,NoPostalAssertionUnderCurrentNormalization,10052,[],,[]
PUNGGOL,623A,PUNGGOL CTRL,66,Unmatched,Missing,NoPostalAssertionUnderCurrentNormalization,10065,[],,[]
PUNGGOL,623B,PUNGGOL CTRL,62,Unmatched,Missing,NoPostalAssertionUnderCurrentNormalization,10067,[],,[]
PUNGGOL,623C,PUNGGOL CTRL,59,Unmatched,Missing,NoPostalAssertionUnderCurrentNormalization,10069,[],,[]
PUNGGOL,624A,PUNGGOL CTRL,61,Unmatched,Missing,NoPostalAssertionUnderCurrentNormalization,10082,[],,[]
PUNGGOL,624B,PUNGGOL CTRL,43,Unmatched,Missing,NoPostalAssertionUnderCurrentNormalization,10086,[],,[]
PUNGGOL,624C,PUNGGOL CTRL,63,Unmatched,Missing,NoPostalAssertionUnderCurrentNormalization,10089,[],,[]
PUNGGOL,632A,PUNGGOL DR,19,Unmatched,Missing,NoPostalAssertionUnderCurrentNormalization,10213,[],,[]
PUNGGOL,632B,PUNGGOL DR,14,Unmatched,Missing,NoPostalAssertionUnderCurrentNormalization,10216,[],,[]
PUNGGOL,632C,PUNGGOL DR,11,Unmatched,Missing,NoPostalAssertionUnderCurrentNormalization,10219,[],,[]
PUNGGOL,633A,PUNGGOL DR,18,Unmatched,Missing,NoPostalAssertionUnderCurrentNormalization,10234,[],,[]
PUNGGOL,633B,PUNGGOL DR,17,Unmatched,Missing,NoPostalAssertionUnderCurrentNormalization,10239,[],,[]
PUNGGOL,635A,PUNGGOL DR,19,Unmatched,Missing,NoPostalAssertionUnderCurrentNormalization,10275,[],,[]
PUNGGOL,635B,PUNGGOL DR,17,Unmatched,Missing,NoPostalAssertionUnderCurrentNormalization,10278,[],,[]
PUNGGOL,635C,PUNGGOL DR,9,Unmatched,Missing,NoPostalAssertionUnderCurrentNormalization,10281,[],,[]
PUNGGOL,636A,PUNGGOL DR,14,Unmatched,Missing,NoPostalAssertionUnderCurrentNormalization,10296,[],,[]
PUNGGOL,636B,PUNGGOL DR,16,Unmatched,Missing,NoPostalAssertionUnderCurrentNormalization,10300,[],,[]
PUNGGOL,637A,PUNGGOL DR,31,Unmatched,Missing,NoPostalAssertionUnderCurrentNormalization,10318,[],,[]
PUNGGOL,637B,PUNGGOL DR,22,Unmatched,Missing,NoPostalAssertionUnderCurrentNormalization,10321,[],,[]
PUNGGOL,637C,PUNGGOL DR,22,Unmatched,Missing,NoPostalAssertionUnderCurrentNormalization,10323,[],,[]
PUNGGOL,637D,PUNGGOL DR,22,Unmatched,Missing,NoPostalAssertionUnderCurrentNormalization,10324,[],,[]
PUNGGOL,638A,PUNGGOL DR,31,Unmatched,Missing,NoPostalAssertionUnderCurrentNormalization,10339,[],,[]
PUNGGOL,638B,PUNGGOL DR,24,Unmatched,Missing,NoPostalAssertionUnderCurrentNormalization,10344,[],,[]
PUNGGOL,638C,PUNGGOL DR,17,Unmatched,Missing,NoPostalAssertionUnderCurrentNormalization,10346,[],,[]
PUNGGOL,641A,PUNGGOL DR,23,Unmatched,Missing,NoPostalAssertionUnderCurrentNormalization,10406,[],,[]
PUNGGOL,641B,PUNGGOL DR,21,Unmatched,Missing,NoPostalAssertionUnderCurrentNormalization,10409,[],,[]
PUNGGOL,641C,PUNGGOL DR,15,Unmatched,Missing,NoPostalAssertionUnderCurrentNormalization,10411,[],,[]
PUNGGOL,642A,PUNGGOL DR,18,Unmatched,Missing,NoPostalAssertionUnderCurrentNormalization,10424,[],,[]
PUNGGOL,642B,PUNGGOL DR,23,Unmatched,Missing,NoPostalAssertionUnderCurrentNormalization,10425,[],,[]
PUNGGOL,642C,PUNGGOL DR,14,Unmatched,Missing,NoPostalAssertionUnderCurrentNormalization,10426,[],,[]
PUNGGOL,642D,PUNGGOL DR,27,Unmatched,Missing,NoPostalAssertionUnderCurrentNormalization,10427,[],,[]
PUNGGOL,643,PUNGGOL CTRL,23,Unmatched,Missing,NoPostalAssertionUnderCurrentNormalization,10435,[],,[]
PUNGGOL,645,PUNGGOL CTRL,37,Unmatched,Missing,NoPostalAssertionUnderCurrentNormalization,10458,[],,[]
PUNGGOL,646,PUNGGOL CTRL,19,Unmatched,Missing,NoPostalAssertionUnderCurrentNormalization,10471,[],,[]
PUNGGOL,647,PUNGGOL CTRL,36,Unmatched,Missing,NoPostalAssertionUnderCurrentNormalization,10484,[],,[]
PUNGGOL,648,PUNGGOL CTRL,26,Unmatched,Missing,NoPostalAssertionUnderCurrentNormalization,10501,[],,[]
PUNGGOL,649,PUNGGOL CTRL,32,Unmatched,Missing,NoPostalAssertionUnderCurrentNormalization,10516,[],,[]
PUNGGOL,651,PUNGGOL CTRL,27,Unmatched,Missing,NoPostalAssertionUnderCurrentNormalization,10554,[],,[]
PUNGGOL,652,PUNGGOL CTRL,27,Unmatched,Missing,NoPostalAssertionUnderCurrentNormalization,10568,[],,[]
PUNGGOL,658B,PUNGGOL EAST,17,Unmatched,Missing,NoPostalAssertionUnderCurrentNormalization,10648,[],,[]
PUNGGOL,659B,PUNGGOL EAST,37,Unmatched,Missing,NoPostalAssertionUnderCurrentNormalization,10664,[],,[]
PUNGGOL,659C,PUNGGOL EAST,35,Unmatched,Missing,NoPostalAssertionUnderCurrentNormalization,10666,[],,[]
PUNGGOL,663A,PUNGGOL DR,96,Unmatched,Missing,NoPostalAssertionUnderCurrentNormalization,10744,[],,[]
PUNGGOL,663B,PUNGGOL DR,36,Unmatched,Missing,NoPostalAssertionUnderCurrentNormalization,10748,[],,[]
PUNGGOL,663C,PUNGGOL DR,46,Unmatched,Missing,NoPostalAssertionUnderCurrentNormalization,10751,[],,[]
PUNGGOL,664A,PUNGGOL DR,91,Unmatched,Missing,NoPostalAssertionUnderCurrentNormalization,10763,[],,[]
PUNGGOL,664B,PUNGGOL DR,44,Unmatched,Missing,NoPostalAssertionUnderCurrentNormalization,10766,[],,[]
PUNGGOL,665A,PUNGGOL DR,56,Unmatched,Missing,NoPostalAssertionUnderCurrentNormalization,10779,[],,[]
PUNGGOL,665B,PUNGGOL DR,28,Unmatched,Missing,NoPostalAssertionUnderCurrentNormalization,10782,[],,[]
PUNGGOL,665C,PUNGGOL DR,70,Unmatched,Missing,NoPostalAssertionUnderCurrentNormalization,10784,[],,[]
PUNGGOL,666A,PUNGGOL DR,38,Unmatched,Missing,NoPostalAssertionUnderCurrentNormalization,10794,[],,[]
PUNGGOL,666B,PUNGGOL DR,47,Unmatched,Missing,NoPostalAssertionUnderCurrentNormalization,10797,[],,[]
PUNGGOL,667A,PUNGGOL DR,45,Unmatched,Missing,NoPostalAssertionUnderCurrentNormalization,10805,[],,[]
PUNGGOL,667B,PUNGGOL DR,20,Unmatched,Missing,NoPostalAssertionUnderCurrentNormalization,10808,[],,[]
PUNGGOL,668B,EDGEFIELD PLAINS,36,Unmatched,Missing,NoPostalAssertionUnderCurrentNormalization,10822,[],,[]
PUNGGOL,669A,EDGEFIELD PLAINS,27,Unmatched,Missing,NoPostalAssertionUnderCurrentNormalization,10834,[],,[]
PUNGGOL,670C,EDGEFIELD PLAINS,50,Unmatched,Missing,NoPostalAssertionUnderCurrentNormalization,10856,[],,[]
PUNGGOL,671B,EDGEFIELD PLAINS,31,Unmatched,Missing,NoPostalAssertionUnderCurrentNormalization,10871,[],,[]
PUNGGOL,672A,EDGEFIELD PLAINS,39,Unmatched,Missing,NoPostalAssertionUnderCurrentNormalization,10884,[],,[]
PUNGGOL,672C,EDGEFIELD PLAINS,32,Unmatched,Missing,NoPostalAssertionUnderCurrentNormalization,10893,[],,[]
PUNGGOL,673B,EDGEFIELD PLAINS,36,Unmatched,Missing,NoPostalAssertionUnderCurrentNormalization,10907,[],,[]
PUNGGOL,676A,PUNGGOL DR,28,Unmatched,Missing,NoPostalAssertionUnderCurrentNormalization,10944,[],,[]
PUNGGOL,676B,PUNGGOL DR,50,Unmatched,Missing,NoPostalAssertionUnderCurrentNormalization,10948,[],,[]
PUNGGOL,676C,PUNGGOL DR,25,Unmatched,Missing,NoPostalAssertionUnderCurrentNormalization,10951,[],,[]
PUNGGOL,676D,PUNGGOL DR,28,Unmatched,Missing,NoPostalAssertionUnderCurrentNormalization,10953,[],,[]
PUNGGOL,677A,PUNGGOL DR,20,Unmatched,Missing,NoPostalAssertionUnderCurrentNormalization,10962,[],,[]
PUNGGOL,677B,PUNGGOL DR,11,Unmatched,Missing,NoPostalAssertionUnderCurrentNormalization,10965,[],,[]
PUNGGOL,677C,PUNGGOL DR,30,Unmatched,Missing,NoPostalAssertionUnderCurrentNormalization,10968,[],,[]
PUNGGOL,677D,PUNGGOL DR,40,Unmatched,Missing,NoPostalAssertionUnderCurrentNormalization,10970,[],,[]
PUNGGOL,678A,PUNGGOL DR,51,Unmatched,Missing,NoPostalAssertionUnderCurrentNormalization,10979,[],,[]
PUNGGOL,678B,PUNGGOL DR,56,Unmatched,Missing,NoPostalAssertionUnderCurrentNormalization,10983,[],,[]
PUNGGOL,678C,PUNGGOL DR,34,Unmatched,Missing,NoPostalAssertionUnderCurrentNormalization,10985,[],,[]
PUNGGOL,679A,PUNGGOL DR,35,Unmatched,Missing,NoPostalAssertionUnderCurrentNormalization,10992,[],,[]
PUNGGOL,679B,PUNGGOL DR,20,Unmatched,Missing,NoPostalAssertionUnderCurrentNormalization,10994,[],,[]
PUNGGOL,679C,PUNGGOL DR,22,Unmatched,Missing,NoPostalAssertionUnderCurrentNormalization,10996,[],,[]
PUNGGOL,682B,EDGEDALE PLAINS,27,Unmatched,Missing,NoPostalAssertionUnderCurrentNormalization,11034,[],,[]
PUNGGOL,683B,EDGEDALE PLAINS,23,Unmatched,Missing,NoPostalAssertionUnderCurrentNormalization,11051,[],,[]
QUEENSTOWN,1,DOVER RD,25,Unmatched,Missing,NoPostalAssertionUnderCurrentNormalization,8,[],,[]
QUEENSTOWN,1,GHIM MOH RD,44,Unmatched,Missing,NoPostalAssertionUnderCurrentNormalization,12,[],,[]
QUEENSTOWN,10,HOLLAND AVE,20,Unmatched,Missing,NoPostalAssertionUnderCurrentNormalization,61,[],,[]
QUEENSTOWN,100,C'WEALTH CRES,18,Unmatched,Missing,NoPostalAssertionUnderCurrentNormalization,96,[],,[]
QUEENSTOWN,101,C'WEALTH CRES,14,Unmatched,Missing,NoPostalAssertionUnderCurrentNormalization,109,[],,[]
QUEENSTOWN,102,C'WEALTH CRES,19,Unmatched,Missing,NoPostalAssertionUnderCurrentNormalization,151,[],,[]
QUEENSTOWN,108,C'WEALTH CRES,15,Unmatched,Missing,NoPostalAssertionUnderCurrentNormalization,400,[],,[]
QUEENSTOWN,109,C'WEALTH CRES,18,Unmatched,Missing,NoPostalAssertionUnderCurrentNormalization,443,[],,[]
QUEENSTOWN,11,HOLLAND DR,84,Unmatched,Missing,NoPostalAssertionUnderCurrentNormalization,484,[],,[]
QUEENSTOWN,110,C'WEALTH CRES,15,Unmatched,Missing,NoPostalAssertionUnderCurrentNormalization,510,[],,[]
QUEENSTOWN,111,C'WEALTH CRES,15,Unmatched,Missing,NoPostalAssertionUnderCurrentNormalization,547,[],,[]
QUEENSTOWN,112,C'WEALTH CRES,18,Unmatched,Missing,NoPostalAssertionUnderCurrentNormalization,585,[],,[]
QUEENSTOWN,113,C'WEALTH CRES,12,Unmatched,Missing,NoPostalAssertionUnderCurrentNormalization,623,[],,[]
QUEENSTOWN,12,DOVER CL EAST,19,Unmatched,Missing,NoPostalAssertionUnderCurrentNormalization,899,[],,[]
QUEENSTOWN,12,HOLLAND AVE,82,Unmatched,Missing,NoPostalAssertionUnderCurrentNormalization,903,[],,[]
QUEENSTOWN,13,DOVER CL EAST,17,Unmatched,Missing,NoPostalAssertionUnderCurrentNormalization,1264,[],,[]
QUEENSTOWN,13,GHIM MOH RD,17,Unmatched,Missing,NoPostalAssertionUnderCurrentNormalization,1267,[],,[]
QUEENSTOWN,13,HOLLAND DR,88,Unmatched,Missing,NoPostalAssertionUnderCurrentNormalization,1269,[],,[]
QUEENSTOWN,133,CLARENCE LANE,8,Unmatched,Missing,NoPostalAssertionUnderCurrentNormalization,1386,[],,[]
QUEENSTOWN,14,DOVER CL EAST,18,Unmatched,Missing,NoPostalAssertionUnderCurrentNormalization,1541,[],,[]
QUEENSTOWN,14,GHIM MOH RD,11,Unmatched,Missing,NoPostalAssertionUnderCurrentNormalization,1544,[],,[]
QUEENSTOWN,143,MEI LING ST,13,Unmatched,Missing,NoPostalAssertionUnderCurrentNormalization,1635,[],,[]
QUEENSTOWN,145,MEI LING ST,10,Unmatched,Missing,NoPostalAssertionUnderCurrentNormalization,1667,[],,[]
QUEENSTOWN,146,MEI LING ST,13,Unmatched,Missing,NoPostalAssertionUnderCurrentNormalization,1685,[],,[]
QUEENSTOWN,147,MEI LING ST,8,Unmatched,Missing,NoPostalAssertionUnderCurrentNormalization,1704,[],,[]
QUEENSTOWN,148,MEI LING ST,22,Unmatched,Missing,NoPostalAssertionUnderCurrentNormalization,1722,[],,[]
QUEENSTOWN,149,MEI LING ST,11,Unmatched,Missing,NoPostalAssertionUnderCurrentNormalization,1738,[],,[]
QUEENSTOWN,15,GHIM MOH RD,38,Unmatched,Missing,NoPostalAssertionUnderCurrentNormalization,1758,[],,[]
QUEENSTOWN,150,MEI LING ST,18,Unmatched,Missing,NoPostalAssertionUnderCurrentNormalization,1777,[],,[]
QUEENSTOWN,152,MEI LING ST,15,Unmatched,Missing,NoPostalAssertionUnderCurrentNormalization,1818,[],,[]
QUEENSTOWN,153,MEI LING ST,15,Unmatched,Missing,NoPostalAssertionUnderCurrentNormalization,1840,[],,[]
QUEENSTOWN,154,MEI LING ST,43,Unmatched,Missing,NoPostalAssertionUnderCurrentNormalization,1862,[],,[]
QUEENSTOWN,157,MEI LING ST,34,Unmatched,Missing,NoPostalAssertionUnderCurrentNormalization,1920,[],,[]
QUEENSTOWN,158,MEI LING ST,24,Unmatched,Missing,NoPostalAssertionUnderCurrentNormalization,1944,[],,[]
QUEENSTOWN,160,MEI LING ST,62,Unmatched,Missing,NoPostalAssertionUnderCurrentNormalization,2001,[],,[]
QUEENSTOWN,161,MEI LING ST,53,Unmatched,Missing,NoPostalAssertionUnderCurrentNormalization,2021,[],,[]
QUEENSTOWN,162,MEI LING ST,26,Unmatched,Missing,NoPostalAssertionUnderCurrentNormalization,2042,[],,[]
QUEENSTOWN,163,STIRLING RD,17,Unmatched,Missing,NoPostalAssertionUnderCurrentNormalization,2064,[],,[]
QUEENSTOWN,164,STIRLING RD,26,Unmatched,Missing,NoPostalAssertionUnderCurrentNormalization,2085,[],,[]
QUEENSTOWN,165,STIRLING RD,25,Unmatched,Missing,NoPostalAssertionUnderCurrentNormalization,2101,[],,[]
QUEENSTOWN,166,STIRLING RD,34,Unmatched,Missing,NoPostalAssertionUnderCurrentNormalization,2120,[],,[]
QUEENSTOWN,167,STIRLING RD,26,Unmatched,Missing,NoPostalAssertionUnderCurrentNormalization,2141,[],,[]
QUEENSTOWN,168,STIRLING RD,33,Unmatched,Missing,NoPostalAssertionUnderCurrentNormalization,2162,[],,[]
QUEENSTOWN,169,STIRLING RD,48,Unmatched,Missing,NoPostalAssertionUnderCurrentNormalization,2180,[],,[]
QUEENSTOWN,17,DOVER CRES,39,Unmatched,Missing,NoPostalAssertionUnderCurrentNormalization,2190,[],,[]
QUEENSTOWN,170,STIRLING RD,45,Unmatched,Missing,NoPostalAssertionUnderCurrentNormalization,2220,[],,[]
QUEENSTOWN,171,STIRLING RD,32,Unmatched,Missing,NoPostalAssertionUnderCurrentNormalization,2239,[],,[]
QUEENSTOWN,18,DOVER CRES,46,Unmatched,Missing,NoPostalAssertionUnderCurrentNormalization,2392,[],,[]
QUEENSTOWN,18,GHIM MOH RD,9,Unmatched,Missing,NoPostalAssertionUnderCurrentNormalization,2394,[],,[]
QUEENSTOWN,181,STIRLING RD,20,Unmatched,Missing,NoPostalAssertionUnderCurrentNormalization,2458,[],,[]
QUEENSTOWN,182,STIRLING RD,6,Unmatched,Missing,NoPostalAssertionUnderCurrentNormalization,2475,[],,[]
QUEENSTOWN,183,STIRLING RD,12,Unmatched,Missing,NoPostalAssertionUnderCurrentNormalization,2493,[],,[]
QUEENSTOWN,184,STIRLING RD,26,Unmatched,Missing,NoPostalAssertionUnderCurrentNormalization,2517,[],,[]
QUEENSTOWN,18A,HOLLAND DR,56,Unmatched,Missing,NoPostalAssertionUnderCurrentNormalization,2413,[],,[]
QUEENSTOWN,18B,HOLLAND DR,32,Unmatched,Missing,NoPostalAssertionUnderCurrentNormalization,2418,[],,[]
QUEENSTOWN,18C,HOLLAND DR,34,Unmatched,Missing,NoPostalAssertionUnderCurrentNormalization,2420,[],,[]
QUEENSTOWN,18D,HOLLAND DR,32,Unmatched,Missing,NoPostalAssertionUnderCurrentNormalization,2422,[],,[]
QUEENSTOWN,19,DOVER CRES,33,Unmatched,Missing,NoPostalAssertionUnderCurrentNormalization,2609,[],,[]
QUEENSTOWN,19,GHIM MOH RD,42,Unmatched,Missing,NoPostalAssertionUnderCurrentNormalization,2611,[],,[]
QUEENSTOWN,19,QUEEN'S CL,9,Unmatched,Missing,NoPostalAssertionUnderCurrentNormalization,2622,[],,[]
QUEENSTOWN,2,DOVER RD,15,Unmatched,Missing,NoPostalAssertionUnderCurrentNormalization,2730,[],,[]
QUEENSTOWN,2,GHIM MOH RD,54,Unmatched,Missing,NoPostalAssertionUnderCurrentNormalization,2734,[],,[]
QUEENSTOWN,2,HOLLAND AVE,65,Unmatched,Missing,NoPostalAssertionUnderCurrentNormalization,2736,[],,[]
QUEENSTOWN,20,DOVER CRES,37,Unmatched,Missing,NoPostalAssertionUnderCurrentNormalization,2785,[],,[]
QUEENSTOWN,20,HOLLAND DR,26,Unmatched,Missing,NoPostalAssertionUnderCurrentNormalization,2788,[],,[]
QUEENSTOWN,20,QUEEN'S CL,12,Unmatched,Missing,NoPostalAssertionUnderCurrentNormalization,2798,[],,[]
QUEENSTOWN,21,DOVER CRES,30,Unmatched,Missing,NoPostalAssertionUnderCurrentNormalization,3076,[],,[]
QUEENSTOWN,21,GHIM MOH RD,43,Unmatched,Missing,NoPostalAssertionUnderCurrentNormalization,3078,[],,[]
QUEENSTOWN,21,HOLLAND DR,33,Unmatched,Missing,NoPostalAssertionUnderCurrentNormalization,3080,[],,[]
QUEENSTOWN,21,QUEEN'S CL,26,Unmatched,Missing,NoPostalAssertionUnderCurrentNormalization,3090,[],,[]
QUEENSTOWN,22,DOVER CRES,10,Unmatched,Missing,NoPostalAssertionUnderCurrentNormalization,3364,[],,[]
QUEENSTOWN,22,GHIM MOH LINK,76,Unmatched,Missing,NoPostalAssertionUnderCurrentNormalization,3366,[],,[]
QUEENSTOWN,22,QUEEN'S CL,10,Unmatched,Missing,NoPostalAssertionUnderCurrentNormalization,3375,[],,[]
QUEENSTOWN,23,DOVER CRES,27,Unmatched,Missing,NoPostalAssertionUnderCurrentNormalization,3638,[],,[]
QUEENSTOWN,23A,QUEEN'S CL,27,Unmatched,Missing,NoPostalAssertionUnderCurrentNormalization,3653,[],,[]
QUEENSTOWN,23B,QUEEN'S CL,16,Unmatched,Missing,NoPostalAssertionUnderCurrentNormalization,3656,[],,[]
QUEENSTOWN,26,DOVER CRES,19,Unmatched,Missing,NoPostalAssertionUnderCurrentNormalization,4199,[],,[]
QUEENSTOWN,27,DOVER CRES,20,Unmatched,Missing,NoPostalAssertionUnderCurrentNormalization,4409,[],,[]
QUEENSTOWN,28,GHIM MOH LINK,71,Unmatched,Missing,NoPostalAssertionUnderCurrentNormalization,4607,[],,[]
QUEENSTOWN,28A,DOVER CRES,34,Unmatched,Missing,NoPostalAssertionUnderCurrentNormalization,4620,[],,[]
QUEENSTOWN,28B,DOVER CRES,82,Unmatched,Missing,NoPostalAssertionUnderCurrentNormalization,4622,[],,[]
QUEENSTOWN,28C,DOVER CRES,58,Unmatched,Missing,NoPostalAssertionUnderCurrentNormalization,4624,[],,[]
QUEENSTOWN,28D,DOVER CRES,44,Unmatched,Missing,NoPostalAssertionUnderCurrentNormalization,4625,[],,[]
QUEENSTOWN,3,DOVER RD,32,Unmatched,Missing,NoPostalAssertionUnderCurrentNormalization,4900,[],,[]
QUEENSTOWN,3,GHIM MOH RD,45,Unmatched,Missing,NoPostalAssertionUnderCurrentNormalization,4904,[],,[]
QUEENSTOWN,3,HOLLAND CL,22,Unmatched,Missing,NoPostalAssertionUnderCurrentNormalization,4906,[],,[]
QUEENSTOWN,30,HOLLAND CL,14,Unmatched,Missing,NoPostalAssertionUnderCurrentNormalization,4941,[],,[]
QUEENSTOWN,30,MARGARET DR,2,Unmatched,Missing,NoPostalAssertionUnderCurrentNormalization,4947,[],,[]
QUEENSTOWN,30A,HOLLAND CL,13,Unmatched,Missing,NoPostalAssertionUnderCurrentNormalization,4952,[],,[]
QUEENSTOWN,31,HOLLAND CL,20,Unmatched,Missing,NoPostalAssertionUnderCurrentNormalization,5186,[],,[]
QUEENSTOWN,31,MARGARET DR,2,Unmatched,Missing,NoPostalAssertionUnderCurrentNormalization,5188,[],,[]
QUEENSTOWN,32,GHIM MOH LINK,61,Unmatched,Missing,NoPostalAssertionUnderCurrentNormalization,5423,[],,[]
QUEENSTOWN,32,HOLLAND CL,39,Unmatched,Missing,NoPostalAssertionUnderCurrentNormalization,5424,[],,[]
QUEENSTOWN,33,GHIM MOH LINK,60,Unmatched,Missing,NoPostalAssertionUnderCurrentNormalization,5639,[],,[]
QUEENSTOWN,35,MARGARET DR,2,Unmatched,Missing,NoPostalAssertionUnderCurrentNormalization,5991,[],,[]
QUEENSTOWN,39A,MARGARET DR,1,Unmatched,Missing,NoPostalAssertionUnderCurrentNormalization,6475,[],,[]
QUEENSTOWN,3A,HOLLAND CL,24,Unmatched,Missing,NoPostalAssertionUnderCurrentNormalization,4928,[],,[]
QUEENSTOWN,4,GHIM MOH RD,36,Unmatched,Missing,NoPostalAssertionUnderCurrentNormalization,6510,[],,[]
QUEENSTOWN,4,HOLLAND CL,69,Unmatched,Missing,NoPostalAssertionUnderCurrentNormalization,6512,[],,[]
QUEENSTOWN,40,HOLLAND DR,4,Unmatched,Missing,NoPostalAssertionUnderCurrentNormalization,6545,[],,[]
QUEENSTOWN,40A,MARGARET DR,3,Unmatched,Missing,NoPostalAssertionUnderCurrentNormalization,6552,[],,[]
QUEENSTOWN,40B,MARGARET DR,3,Unmatched,Missing,NoPostalAssertionUnderCurrentNormalization,6553,[],,[]
QUEENSTOWN,41,HOLLAND DR,5,Unmatched,Missing,NoPostalAssertionUnderCurrentNormalization,6770,[],,[]
QUEENSTOWN,41A,MARGARET DR,1,Unmatched,Missing,NoPostalAssertionUnderCurrentNormalization,6781,[],,[]
QUEENSTOWN,42,HOLLAND DR,3,Unmatched,Missing,NoPostalAssertionUnderCurrentNormalization,7000,[],,[]
QUEENSTOWN,42,STIRLING RD,4,Unmatched,Missing,NoPostalAssertionUnderCurrentNormalization,7004,[],,[]
QUEENSTOWN,43,HOLLAND DR,10,Unmatched,Missing,NoPostalAssertionUnderCurrentNormalization,7184,[],,[]
QUEENSTOWN,46,HOLLAND DR,1,Unmatched,Missing,NoPostalAssertionUnderCurrentNormalization,7770,[],,[]
QUEENSTOWN,46,STIRLING RD,2,Unmatched,Missing,NoPostalAssertionUnderCurrentNormalization,7779,[],,[]
QUEENSTOWN,47,HOLLAND DR,3,Unmatched,Missing,NoPostalAssertionUnderCurrentNormalization,7983,[],,[]
QUEENSTOWN,47,STIRLING RD,1,Unmatched,Missing,NoPostalAssertionUnderCurrentNormalization,7992,[],,[]
QUEENSTOWN,48,STRATHMORE AVE,57,Unmatched,Missing,NoPostalAssertionUnderCurrentNormalization,8155,[],,[]
QUEENSTOWN,49,STRATHMORE AVE,46,Unmatched,Missing,NoPostalAssertionUnderCurrentNormalization,8276,[],,[]
QUEENSTOWN,5,DOVER CRES,29,Unmatched,Missing,NoPostalAssertionUnderCurrentNormalization,8389,[],,[]
QUEENSTOWN,5,GHIM MOH RD,51,Unmatched,Missing,NoPostalAssertionUnderCurrentNormalization,8393,[],,[]
QUEENSTOWN,5,HOLLAND CL,13,Unmatched,Missing,NoPostalAssertionUnderCurrentNormalization,8395,[],,[]
QUEENSTOWN,50,C'WEALTH DR,96,Unmatched,Missing,NoPostalAssertionUnderCurrentNormalization,8417,[],,[]
QUEENSTOWN,50,STIRLING RD,3,Unmatched,Missing,NoPostalAssertionUnderCurrentNormalization,8429,[],,[]
QUEENSTOWN,50,STRATHMORE AVE,49,Unmatched,Missing,NoPostalAssertionUnderCurrentNormalization,8430,[],,[]
QUEENSTOWN,51,C'WEALTH DR,35,Unmatched,Missing,NoPostalAssertionUnderCurrentNormalization,8635,[],,[]
QUEENSTOWN,51,STRATHMORE AVE,52,Unmatched,Missing,NoPostalAssertionUnderCurrentNormalization,8648,[],,[]
QUEENSTOWN,52,C'WEALTH DR,36,Unmatched,Missing,NoPostalAssertionUnderCurrentNormalization,8809,[],,[]
QUEENSTOWN,52,STIRLING RD,3,Unmatched,Missing,NoPostalAssertionUnderCurrentNormalization,8822,[],,[]
QUEENSTOWN,52,STRATHMORE AVE,62,Unmatched,Missing,NoPostalAssertionUnderCurrentNormalization,8823,[],,[]
QUEENSTOWN,53,C'WEALTH DR,86,Unmatched,Missing,NoPostalAssertionUnderCurrentNormalization,8964,[],,[]
QUEENSTOWN,53,STIRLING RD,1,Unmatched,Missing,NoPostalAssertionUnderCurrentNormalization,8977,[],,[]
QUEENSTOWN,53,STRATHMORE AVE,28,Unmatched,Missing,NoPostalAssertionUnderCurrentNormalization,8978,[],,[]
QUEENSTOWN,55,STIRLING RD,4,Unmatched,Missing,NoPostalAssertionUnderCurrentNormalization,9252,[],,[]
QUEENSTOWN,55,STRATHMORE AVE,52,Unmatched,Missing,NoPostalAssertionUnderCurrentNormalization,9253,[],,[]
QUEENSTOWN,56,STIRLING RD,2,Unmatched,Missing,NoPostalAssertionUnderCurrentNormalization,9353,[],,[]
QUEENSTOWN,56,STRATHMORE AVE,42,Unmatched,Missing,NoPostalAssertionUnderCurrentNormalization,9354,[],,[]
QUEENSTOWN,57,STIRLING RD,1,Unmatched,Missing,NoPostalAssertionUnderCurrentNormalization,9433,[],,[]
QUEENSTOWN,58,STIRLING RD,1,Unmatched,Missing,NoPostalAssertionUnderCurrentNormalization,9523,[],,[]
QUEENSTOWN,58,STRATHMORE AVE,26,Unmatched,Missing,NoPostalAssertionUnderCurrentNormalization,9524,[],,[]
QUEENSTOWN,59,STRATHMORE AVE,35,Unmatched,Missing,NoPostalAssertionUnderCurrentNormalization,9590,[],,[]
QUEENSTOWN,6,GHIM MOH RD,39,Unmatched,Missing,NoPostalAssertionUnderCurrentNormalization,9629,[],,[]
QUEENSTOWN,6,HOLLAND CL,84,Unmatched,Missing,NoPostalAssertionUnderCurrentNormalization,9631,[],,[]
QUEENSTOWN,60,STRATHMORE AVE,35,Unmatched,Missing,NoPostalAssertionUnderCurrentNormalization,9664,[],,[]
QUEENSTOWN,61A,STRATHMORE AVE,43,Unmatched,Missing,NoPostalAssertionUnderCurrentNormalization,9834,[],,[]
QUEENSTOWN,61B,STRATHMORE AVE,57,Unmatched,Missing,NoPostalAssertionUnderCurrentNormalization,9835,[],,[]
QUEENSTOWN,61C,STRATHMORE AVE,57,Unmatched,Missing,NoPostalAssertionUnderCurrentNormalization,9836,[],,[]
QUEENSTOWN,62A,STRATHMORE AVE,40,Unmatched,Missing,NoPostalAssertionUnderCurrentNormalization,10005,[],,[]
QUEENSTOWN,62B,STRATHMORE AVE,28,Unmatched,Missing,NoPostalAssertionUnderCurrentNormalization,10008,[],,[]
QUEENSTOWN,7,C'WEALTH AVE,17,Unmatched,Missing,NoPostalAssertionUnderCurrentNormalization,11226,[],,[]
QUEENSTOWN,7,GHIM MOH RD,16,Unmatched,Missing,NoPostalAssertionUnderCurrentNormalization,11230,[],,[]
QUEENSTOWN,78,DAWSON RD,14,Unmatched,Missing,NoPostalAssertionUnderCurrentNormalization,11912,[],,[]
QUEENSTOWN,79,DAWSON RD,33,Unmatched,Missing,NoPostalAssertionUnderCurrentNormalization,12010,[],,[]
QUEENSTOWN,7A,C'WEALTH AVE,15,Unmatched,Missing,NoPostalAssertionUnderCurrentNormalization,11251,[],,[]
QUEENSTOWN,8,GHIM MOH RD,18,Unmatched,Missing,NoPostalAssertionUnderCurrentNormalization,12059,[],,[]
QUEENSTOWN,8,HOLLAND AVE,77,Unmatched,Missing,NoPostalAssertionUnderCurrentNormalization,12061,[],,[]
QUEENSTOWN,80,STRATHMORE AVE,8,Unmatched,Missing,NoPostalAssertionUnderCurrentNormalization,12101,[],,[]
QUEENSTOWN,81,C'WEALTH CL,48,Unmatched,Missing,NoPostalAssertionUnderCurrentNormalization,12199,[],,[]
QUEENSTOWN,81,STRATHMORE AVE,11,Unmatched,Missing,NoPostalAssertionUnderCurrentNormalization,12205,[],,[]
QUEENSTOWN,82,C'WEALTH CL,54,Unmatched,Missing,NoPostalAssertionUnderCurrentNormalization,12284,[],,[]
QUEENSTOWN,82,STRATHMORE AVE,14,Unmatched,Missing,NoPostalAssertionUnderCurrentNormalization,12289,[],,[]
QUEENSTOWN,83,C'WEALTH CL,76,Unmatched,Missing,NoPostalAssertionUnderCurrentNormalization,12350,[],,[]
QUEENSTOWN,83,STRATHMORE AVE,14,Unmatched,Missing,NoPostalAssertionUnderCurrentNormalization,12356,[],,[]
QUEENSTOWN,84,C'WEALTH CL,15,Unmatched,Missing,NoPostalAssertionUnderCurrentNormalization,12418,[],,[]
QUEENSTOWN,85,C'WEALTH CL,31,Unmatched,Missing,NoPostalAssertionUnderCurrentNormalization,12483,[],,[]
QUEENSTOWN,86,C'WEALTH CL,18,Unmatched,Missing,NoPostalAssertionUnderCurrentNormalization,12563,[],,[]
QUEENSTOWN,86,DAWSON RD,141,Unmatched,Missing,NoPostalAssertionUnderCurrentNormalization,12565,[],,[]
QUEENSTOWN,87,C'WEALTH CL,23,Unmatched,Missing,NoPostalAssertionUnderCurrentNormalization,12632,[],,[]
QUEENSTOWN,87,DAWSON RD,152,Unmatched,Missing,NoPostalAssertionUnderCurrentNormalization,12634,[],,[]
QUEENSTOWN,88,C'WEALTH CL,18,Unmatched,Missing,NoPostalAssertionUnderCurrentNormalization,12699,[],,[]
QUEENSTOWN,88,DAWSON RD,149,Unmatched,Missing,NoPostalAssertionUnderCurrentNormalization,12701,[],,[]
QUEENSTOWN,89,C'WEALTH DR,20,Unmatched,Missing,NoPostalAssertionUnderCurrentNormalization,12754,[],,[]
QUEENSTOWN,89,DAWSON RD,70,Unmatched,Missing,NoPostalAssertionUnderCurrentNormalization,12756,[],,[]
QUEENSTOWN,89,TANGLIN HALT RD,104,Unmatched,Missing,NoPostalAssertionUnderCurrentNormalization,12759,[],,[]
QUEENSTOWN,9,HOLLAND AVE,84,Unmatched,Missing,NoPostalAssertionUnderCurrentNormalization,12828,[],,[]
QUEENSTOWN,90,C'WEALTH DR,18,Unmatched,Missing,NoPostalAssertionUnderCurrentNormalization,12849,[],,[]
QUEENSTOWN,90,DAWSON RD,57,Unmatched,Missing,NoPostalAssertionUnderCurrentNormalization,12850,[],,[]
QUEENSTOWN,90,TANGLIN HALT RD,86,Unmatched,Missing,NoPostalAssertionUnderCurrentNormalization,12854,[],,[]
QUEENSTOWN,91,C'WEALTH DR,23,Unmatched,Missing,NoPostalAssertionUnderCurrentNormalization,12890,[],,[]
QUEENSTOWN,91,DAWSON RD,59,Unmatched,Missing,NoPostalAssertionUnderCurrentNormalization,12891,[],,[]
QUEENSTOWN,91,TANGLIN HALT RD,109,Unmatched,Missing,NoPostalAssertionUnderCurrentNormalization,12895,[],,[]
QUEENSTOWN,92,C'WEALTH DR,15,Unmatched,Missing,NoPostalAssertionUnderCurrentNormalization,12933,[],,[]
QUEENSTOWN,92,DAWSON RD,71,Unmatched,Missing,NoPostalAssertionUnderCurrentNormalization,12934,[],,[]
QUEENSTOWN,93,C'WEALTH DR,29,Unmatched,Missing,NoPostalAssertionUnderCurrentNormalization,12979,[],,[]
QUEENSTOWN,93,DAWSON RD,60,Unmatched,Missing,NoPostalAssertionUnderCurrentNormalization,12980,[],,[]
QUEENSTOWN,94,C'WEALTH DR,12,Unmatched,Missing,NoPostalAssertionUnderCurrentNormalization,13038,[],,[]
QUEENSTOWN,94,DAWSON RD,30,Unmatched,Missing,NoPostalAssertionUnderCurrentNormalization,13039,[],,[]
QUEENSTOWN,95,C'WEALTH DR,17,Unmatched,Missing,NoPostalAssertionUnderCurrentNormalization,13080,[],,[]
QUEENSTOWN,95,DAWSON RD,29,Unmatched,Missing,NoPostalAssertionUnderCurrentNormalization,13082,[],,[]
QUEENSTOWN,96,C'WEALTH CRES,17,Unmatched,Missing,NoPostalAssertionUnderCurrentNormalization,13143,[],,[]
QUEENSTOWN,96,DAWSON RD,33,Unmatched,Missing,NoPostalAssertionUnderCurrentNormalization,13145,[],,[]
QUEENSTOWN,97,C'WEALTH CRES,22,Unmatched,Missing,NoPostalAssertionUnderCurrentNormalization,13210,[],,[]
QUEENSTOWN,98,C'WEALTH CRES,19,Unmatched,Missing,NoPostalAssertionUnderCurrentNormalization,13250,[],,[]
QUEENSTOWN,99,C'WEALTH CRES,27,Unmatched,Missing,NoPostalAssertionUnderCurrentNormalization,13307,[],,[]
SEMBAWANG,101A,CANBERRA ST,51,Unmatched,Missing,NoPostalAssertionUnderCurrentNormalization,132,[],,[]
SEMBAWANG,101B,CANBERRA ST,52,Unmatched,Missing,NoPostalAssertionUnderCurrentNormalization,136,[],,[]
SEMBAWANG,102A,CANBERRA ST,71,Unmatched,Missing,NoPostalAssertionUnderCurrentNormalization,174,[],,[]
SEMBAWANG,102B,CANBERRA ST,22,Unmatched,Missing,NoPostalAssertionUnderCurrentNormalization,179,[],,[]
SEMBAWANG,103A,CANBERRA ST,44,Unmatched,Missing,NoPostalAssertionUnderCurrentNormalization,214,[],,[]
SEMBAWANG,103B,CANBERRA ST,42,Unmatched,Missing,NoPostalAssertionUnderCurrentNormalization,219,[],,[]
SEMBAWANG,104A,CANBERRA ST,37,Unmatched,Missing,NoPostalAssertionUnderCurrentNormalization,254,[],,[]
SEMBAWANG,104B,CANBERRA ST,38,Unmatched,Missing,NoPostalAssertionUnderCurrentNormalization,259,[],,[]
SEMBAWANG,104C,CANBERRA ST,44,Unmatched,Missing,NoPostalAssertionUnderCurrentNormalization,263,[],,[]
SEMBAWANG,104D,CANBERRA ST,51,Unmatched,Missing,NoPostalAssertionUnderCurrentNormalization,265,[],,[]
SEMBAWANG,107A,CANBERRA ST,49,Unmatched,Missing,NoPostalAssertionUnderCurrentNormalization,383,[],,[]
SEMBAWANG,107B,CANBERRA ST,42,Unmatched,Missing,NoPostalAssertionUnderCurrentNormalization,388,[],,[]
SEMBAWANG,107C,CANBERRA ST,47,Unmatched,Missing,NoPostalAssertionUnderCurrentNormalization,390,[],,[]
SEMBAWANG,108A,CANBERRA WALK,44,Unmatched,Missing,NoPostalAssertionUnderCurrentNormalization,424,[],,[]
SEMBAWANG,108B,CANBERRA WALK,43,Unmatched,Missing,NoPostalAssertionUnderCurrentNormalization,430,[],,[]
SEMBAWANG,109D,CANBERRA WALK,2,Unmatched,Missing,NoPostalAssertionUnderCurrentNormalization,476,[],,[]
SEMBAWANG,116A,CANBERRA CRES,22,Unmatched,Missing,NoPostalAssertionUnderCurrentNormalization,768,[],,[]
SEMBAWANG,117A,CANBERRA CRES,28,Unmatched,Missing,NoPostalAssertionUnderCurrentNormalization,805,[],,[]
SEMBAWANG,117B,CANBERRA CRES,27,Unmatched,Missing,NoPostalAssertionUnderCurrentNormalization,811,[],,[]
SEMBAWANG,118A,CANBERRA CRES,13,Unmatched,Missing,NoPostalAssertionUnderCurrentNormalization,843,[],,[]
SEMBAWANG,118B,CANBERRA CRES,21,Unmatched,Missing,NoPostalAssertionUnderCurrentNormalization,848,[],,[]
SEMBAWANG,119A,CANBERRA CRES,47,Unmatched,Missing,NoPostalAssertionUnderCurrentNormalization,881,[],,[]
SEMBAWANG,119B,CANBERRA CRES,39,Unmatched,Missing,NoPostalAssertionUnderCurrentNormalization,886,[],,[]
SEMBAWANG,120A,CANBERRA CRES,41,Unmatched,Missing,NoPostalAssertionUnderCurrentNormalization,953,[],,[]
SEMBAWANG,120B,CANBERRA CRES,44,Unmatched,Missing,NoPostalAssertionUnderCurrentNormalization,960,[],,[]
SEMBAWANG,120C,CANBERRA CRES,32,Unmatched,Missing,NoPostalAssertionUnderCurrentNormalization,965,[],,[]
SEMBAWANG,120D,CANBERRA CRES,29,Unmatched,Missing,NoPostalAssertionUnderCurrentNormalization,968,[],,[]
SEMBAWANG,121A,CANBERRA ST,36,Unmatched,Missing,NoPostalAssertionUnderCurrentNormalization,994,[],,[]
SEMBAWANG,121B,CANBERRA ST,26,Unmatched,Missing,NoPostalAssertionUnderCurrentNormalization,1000,[],,[]
SEMBAWANG,121C,CANBERRA ST,28,Unmatched,Missing,NoPostalAssertionUnderCurrentNormalization,1004,[],,[]
SEMBAWANG,121D,CANBERRA ST,44,Unmatched,Missing,NoPostalAssertionUnderCurrentNormalization,1007,[],,[]
SEMBAWANG,126A,CANBERRA ST,39,Unmatched,Missing,NoPostalAssertionUnderCurrentNormalization,1158,[],,[]
SEMBAWANG,126B,CANBERRA ST,28,Unmatched,Missing,NoPostalAssertionUnderCurrentNormalization,1163,[],,[]
SEMBAWANG,126C,CANBERRA ST,33,Unmatched,Missing,NoPostalAssertionUnderCurrentNormalization,1167,[],,[]
SEMBAWANG,126D,CANBERRA ST,33,Unmatched,Missing,NoPostalAssertionUnderCurrentNormalization,1171,[],,[]
SEMBAWANG,128A,CANBERRA ST,34,Unmatched,Missing,NoPostalAssertionUnderCurrentNormalization,1222,[],,[]
SEMBAWANG,128B,CANBERRA ST,76,Unmatched,Missing,NoPostalAssertionUnderCurrentNormalization,1227,[],,[]
SEMBAWANG,128C,CANBERRA ST,35,Unmatched,Missing,NoPostalAssertionUnderCurrentNormalization,1230,[],,[]
SEMBAWANG,129A,CANBERRA ST,36,Unmatched,Missing,NoPostalAssertionUnderCurrentNormalization,1254,[],,[]
SEMBAWANG,129B,CANBERRA ST,60,Unmatched,Missing,NoPostalAssertionUnderCurrentNormalization,1258,[],,[]
SEMBAWANG,129C,CANBERRA ST,28,Unmatched,Missing,NoPostalAssertionUnderCurrentNormalization,1260,[],,[]
SEMBAWANG,130A,CANBERRA CRES,47,Unmatched,Missing,NoPostalAssertionUnderCurrentNormalization,1310,[],,[]
SEMBAWANG,130B,CANBERRA CRES,43,Unmatched,Missing,NoPostalAssertionUnderCurrentNormalization,1313,[],,[]
SEMBAWANG,131A,CANBERRA CRES,26,Unmatched,Missing,NoPostalAssertionUnderCurrentNormalization,1338,[],,[]
SEMBAWANG,131B,CANBERRA CRES,16,Unmatched,Missing,NoPostalAssertionUnderCurrentNormalization,1342,[],,[]
SEMBAWANG,131C,CANBERRA CRES,20,Unmatched,Missing,NoPostalAssertionUnderCurrentNormalization,1346,[],,[]
SEMBAWANG,132A,CANBERRA CRES,29,Unmatched,Missing,NoPostalAssertionUnderCurrentNormalization,1373,[],,[]
SEMBAWANG,300,CANBERRA RD,12,Unmatched,Missing,NoPostalAssertionUnderCurrentNormalization,4955,[],,[]
SEMBAWANG,302,CANBERRA RD,12,Unmatched,Missing,NoPostalAssertionUnderCurrentNormalization,4989,[],,[]
SEMBAWANG,303,CANBERRA RD,24,Unmatched,Missing,NoPostalAssertionUnderCurrentNormalization,5018,[],,[]
SEMBAWANG,304,CANBERRA RD,18,Unmatched,Missing,NoPostalAssertionUnderCurrentNormalization,5038,[],,[]
SEMBAWANG,305,CANBERRA RD,12,Unmatched,Missing,NoPostalAssertionUnderCurrentNormalization,5057,[],,[]
SEMBAWANG,306,CANBERRA RD,18,Unmatched,Missing,NoPostalAssertionUnderCurrentNormalization,5080,[],,[]
SEMBAWANG,307,CANBERRA RD,16,Unmatched,Missing,NoPostalAssertionUnderCurrentNormalization,5110,[],,[]
SEMBAWANG,308,CANBERRA RD,23,Unmatched,Missing,NoPostalAssertionUnderCurrentNormalization,5135,[],,[]
SEMBAWANG,309,CANBERRA RD,13,Unmatched,Missing,NoPostalAssertionUnderCurrentNormalization,5160,[],,[]
SEMBAWANG,310,CANBERRA RD,17,Unmatched,Missing,NoPostalAssertionUnderCurrentNormalization,5200,[],,[]
SEMBAWANG,311,CANBERRA RD,16,Unmatched,Missing,NoPostalAssertionUnderCurrentNormalization,5222,[],,[]
SEMBAWANG,312,SEMBAWANG DR,28,Unmatched,Missing,NoPostalAssertionUnderCurrentNormalization,5247,[],,[]
SEMBAWANG,313,SEMBAWANG DR,23,Unmatched,Missing,NoPostalAssertionUnderCurrentNormalization,5270,[],,[]
SEMBAWANG,314,SEMBAWANG DR,21,Unmatched,Missing,NoPostalAssertionUnderCurrentNormalization,5290,[],,[]
SEMBAWANG,319,SEMBAWANG CL,19,Unmatched,Missing,NoPostalAssertionUnderCurrentNormalization,5406,[],,[]
SEMBAWANG,320,SEMBAWANG CL,16,Unmatched,Missing,NoPostalAssertionUnderCurrentNormalization,5444,[],,[]
SEMBAWANG,321,SEMBAWANG CL,18,Unmatched,Missing,NoPostalAssertionUnderCurrentNormalization,5460,[],,[]
SEMBAWANG,322,SEMBAWANG CL,32,Unmatched,Missing,NoPostalAssertionUnderCurrentNormalization,5474,[],,[]
SEMBAWANG,323,SEMBAWANG CL,16,Unmatched,Missing,NoPostalAssertionUnderCurrentNormalization,5499,[],,[]
SEMBAWANG,324,SEMBAWANG CL,17,Unmatched,Missing,NoPostalAssertionUnderCurrentNormalization,5524,[],,[]
SEMBAWANG,325,SEMBAWANG CRES,19,Unmatched,Missing,NoPostalAssertionUnderCurrentNormalization,5548,[],,[]
SEMBAWANG,326,SEMBAWANG CRES,11,Unmatched,Missing,NoPostalAssertionUnderCurrentNormalization,5571,[],,[]
SEMBAWANG,327,SEMBAWANG CRES,23,Unmatched,Missing,NoPostalAssertionUnderCurrentNormalization,5593,[],,[]
SEMBAWANG,328,SEMBAWANG CRES,21,Unmatched,Missing,NoPostalAssertionUnderCurrentNormalization,5611,[],,[]
SEMBAWANG,329,SEMBAWANG CL,25,Unmatched,Missing,NoPostalAssertionUnderCurrentNormalization,5624,[],,[]
SEMBAWANG,330,SEMBAWANG CL,41,Unmatched,Missing,NoPostalAssertionUnderCurrentNormalization,5658,[],,[]
SEMBAWANG,331,SEMBAWANG CL,33,Unmatched,Missing,NoPostalAssertionUnderCurrentNormalization,5673,[],,[]
SEMBAWANG,332,SEMBAWANG CL,23,Unmatched,Missing,NoPostalAssertionUnderCurrentNormalization,5690,[],,[]
SEMBAWANG,333,SEMBAWANG CL,27,Unmatched,Missing,NoPostalAssertionUnderCurrentNormalization,5708,[],,[]
SEMBAWANG,334,SEMBAWANG CL,36,Unmatched,Missing,NoPostalAssertionUnderCurrentNormalization,5731,[],,[]
SEMBAWANG,335,SEMBAWANG CL,32,Unmatched,Missing,NoPostalAssertionUnderCurrentNormalization,5751,[],,[]
SEMBAWANG,336,SEMBAWANG CRES,26,Unmatched,Missing,NoPostalAssertionUnderCurrentNormalization,5772,[],,[]
SEMBAWANG,337,SEMBAWANG CRES,23,Unmatched,Missing,NoPostalAssertionUnderCurrentNormalization,5793,[],,[]
SEMBAWANG,338,SEMBAWANG CRES,32,Unmatched,Missing,NoPostalAssertionUnderCurrentNormalization,5813,[],,[]
SEMBAWANG,339A,SEMBAWANG CL,30,Unmatched,Missing,NoPostalAssertionUnderCurrentNormalization,5842,[],,[]
SEMBAWANG,339B,SEMBAWANG CL,28,Unmatched,Missing,NoPostalAssertionUnderCurrentNormalization,5846,[],,[]
SEMBAWANG,340A,SEMBAWANG CL,25,Unmatched,Missing,NoPostalAssertionUnderCurrentNormalization,5881,[],,[]
SEMBAWANG,340B,SEMBAWANG CL,19,Unmatched,Missing,NoPostalAssertionUnderCurrentNormalization,5883,[],,[]
SEMBAWANG,341,SEMBAWANG CL,11,Unmatched,Missing,NoPostalAssertionUnderCurrentNormalization,5890,[],,[]
SEMBAWANG,341A,SEMBAWANG CL,31,Unmatched,Missing,NoPostalAssertionUnderCurrentNormalization,5894,[],,[]
SEMBAWANG,341B,SEMBAWANG CL,28,Unmatched,Missing,NoPostalAssertionUnderCurrentNormalization,5895,[],,[]
SEMBAWANG,350A,CANBERRA RD,15,Unmatched,Missing,NoPostalAssertionUnderCurrentNormalization,6014,[],,[]
SEMBAWANG,350B,CANBERRA RD,19,Unmatched,Missing,NoPostalAssertionUnderCurrentNormalization,6016,[],,[]
SEMBAWANG,350C,CANBERRA RD,16,Unmatched,Missing,NoPostalAssertionUnderCurrentNormalization,6017,[],,[]
SEMBAWANG,351A,CANBERRA RD,22,Unmatched,Missing,NoPostalAssertionUnderCurrentNormalization,6033,[],,[]
SEMBAWANG,351B,CANBERRA RD,17,Unmatched,Missing,NoPostalAssertionUnderCurrentNormalization,6036,[],,[]
SEMBAWANG,351C,CANBERRA RD,19,Unmatched,Missing,NoPostalAssertionUnderCurrentNormalization,6038,[],,[]
SEMBAWANG,351D,CANBERRA RD,22,Unmatched,Missing,NoPostalAssertionUnderCurrentNormalization,6040,[],,[]
SEMBAWANG,352A,CANBERRA RD,21,Unmatched,Missing,NoPostalAssertionUnderCurrentNormalization,6053,[],,[]
SEMBAWANG,352B,CANBERRA RD,10,Unmatched,Missing,NoPostalAssertionUnderCurrentNormalization,6054,[],,[]
SEMBAWANG,352C,CANBERRA RD,22,Unmatched,Missing,NoPostalAssertionUnderCurrentNormalization,6055,[],,[]
SEMBAWANG,353A,ADMIRALTY DR,26,Unmatched,Missing,NoPostalAssertionUnderCurrentNormalization,6069,[],,[]
SEMBAWANG,353B,ADMIRALTY DR,21,Unmatched,Missing,NoPostalAssertionUnderCurrentNormalization,6072,[],,[]
SEMBAWANG,353C,ADMIRALTY DR,25,Unmatched,Missing,NoPostalAssertionUnderCurrentNormalization,6073,[],,[]
SEMBAWANG,354A,ADMIRALTY DR,23,Unmatched,Missing,NoPostalAssertionUnderCurrentNormalization,6085,[],,[]
SEMBAWANG,354B,ADMIRALTY DR,15,Unmatched,Missing,NoPostalAssertionUnderCurrentNormalization,6089,[],,[]
SEMBAWANG,354C,ADMIRALTY DR,17,Unmatched,Missing,NoPostalAssertionUnderCurrentNormalization,6090,[],,[]
SEMBAWANG,354D,ADMIRALTY DR,22,Unmatched,Missing,NoPostalAssertionUnderCurrentNormalization,6091,[],,[]
SEMBAWANG,356A,ADMIRALTY DR,19,Unmatched,Missing,NoPostalAssertionUnderCurrentNormalization,6114,[],,[]
SEMBAWANG,356B,ADMIRALTY DR,28,Unmatched,Missing,NoPostalAssertionUnderCurrentNormalization,6117,[],,[]
SEMBAWANG,356C,ADMIRALTY DR,27,Unmatched,Missing,NoPostalAssertionUnderCurrentNormalization,6119,[],,[]
SEMBAWANG,357,ADMIRALTY DR,29,Unmatched,Missing,NoPostalAssertionUnderCurrentNormalization,6122,[],,[]
SEMBAWANG,357A,ADMIRALTY DR,33,Unmatched,Missing,NoPostalAssertionUnderCurrentNormalization,6131,[],,[]
SEMBAWANG,357B,ADMIRALTY DR,34,Unmatched,Missing,NoPostalAssertionUnderCurrentNormalization,6133,[],,[]
SEMBAWANG,357C,ADMIRALTY DR,24,Unmatched,Missing,NoPostalAssertionUnderCurrentNormalization,6135,[],,[]
SEMBAWANG,359,ADMIRALTY DR,22,Unmatched,Missing,NoPostalAssertionUnderCurrentNormalization,6153,[],,[]
SEMBAWANG,359A,ADMIRALTY DR,38,Unmatched,Missing,NoPostalAssertionUnderCurrentNormalization,6161,[],,[]
SEMBAWANG,359B,ADMIRALTY DR,33,Unmatched,Missing,NoPostalAssertionUnderCurrentNormalization,6163,[],,[]
SEMBAWANG,359C,ADMIRALTY DR,28,Unmatched,Missing,NoPostalAssertionUnderCurrentNormalization,6164,[],,[]
SEMBAWANG,360A,ADMIRALTY DR,25,Unmatched,Missing,NoPostalAssertionUnderCurrentNormalization,6187,[],,[]
SEMBAWANG,360B,ADMIRALTY DR,31,Unmatched,Missing,NoPostalAssertionUnderCurrentNormalization,6188,[],,[]
SEMBAWANG,360C,ADMIRALTY DR,32,Unmatched,Missing,NoPostalAssertionUnderCurrentNormalization,6189,[],,[]
SEMBAWANG,362A,SEMBAWANG CRES,48,Unmatched,Missing,NoPostalAssertionUnderCurrentNormalization,6206,[],,[]
SEMBAWANG,362B,SEMBAWANG CRES,40,Unmatched,Missing,NoPostalAssertionUnderCurrentNormalization,6207,[],,[]
SEMBAWANG,362C,SEMBAWANG CRES,53,Unmatched,Missing,NoPostalAssertionUnderCurrentNormalization,6208,[],,[]
SEMBAWANG,363A,SEMBAWANG CRES,27,Unmatched,Missing,NoPostalAssertionUnderCurrentNormalization,6217,[],,[]
SEMBAWANG,363B,SEMBAWANG CRES,38,Unmatched,Missing,NoPostalAssertionUnderCurrentNormalization,6218,[],,[]
SEMBAWANG,365A,SEMBAWANG CRES,31,Unmatched,Missing,NoPostalAssertionUnderCurrentNormalization,6241,[],,[]
SEMBAWANG,365B,SEMBAWANG CRES,35,Unmatched,Missing,NoPostalAssertionUnderCurrentNormalization,6243,[],,[]
SEMBAWANG,365C,SEMBAWANG CRES,45,Unmatched,Missing,NoPostalAssertionUnderCurrentNormalization,6245,[],,[]
SEMBAWANG,366A,SEMBAWANG CRES,42,Unmatched,Missing,NoPostalAssertionUnderCurrentNormalization,6256,[],,[]
SEMBAWANG,366B,SEMBAWANG CRES,29,Unmatched,Missing,NoPostalAssertionUnderCurrentNormalization,6258,[],,[]
SEMBAWANG,403,ADMIRALTY LINK,29,Unmatched,Missing,NoPostalAssertionUnderCurrentNormalization,6614,[],,[]
SEMBAWANG,406,SEMBAWANG DR,35,Unmatched,Missing,NoPostalAssertionUnderCurrentNormalization,6689,[],,[]
SEMBAWANG,407,SEMBAWANG DR,37,Unmatched,Missing,NoPostalAssertionUnderCurrentNormalization,6713,[],,[]
SEMBAWANG,408,SEMBAWANG DR,28,Unmatched,Missing,NoPostalAssertionUnderCurrentNormalization,6732,[],,[]
SEMBAWANG,409,SEMBAWANG DR,22,Unmatched,Missing,NoPostalAssertionUnderCurrentNormalization,6754,[],,[]
SEMBAWANG,410,SEMBAWANG DR,19,Unmatched,Missing,NoPostalAssertionUnderCurrentNormalization,6796,[],,[]
SEMBAWANG,411,SEMBAWANG DR,24,Unmatched,Missing,NoPostalAssertionUnderCurrentNormalization,6820,[],,[]
SEMBAWANG,412,SEMBAWANG DR,21,Unmatched,Missing,NoPostalAssertionUnderCurrentNormalization,6842,[],,[]
SEMBAWANG,413,SEMBAWANG DR,30,Unmatched,Missing,NoPostalAssertionUnderCurrentNormalization,6862,[],,[]
SEMBAWANG,414,SEMBAWANG DR,17,Unmatched,Missing,NoPostalAssertionUnderCurrentNormalization,6886,[],,[]
SEMBAWANG,415,SEMBAWANG DR,13,Unmatched,Missing,NoPostalAssertionUnderCurrentNormalization,6906,[],,[]
SEMBAWANG,416,CANBERRA RD,22,Unmatched,Missing,NoPostalAssertionUnderCurrentNormalization,6921,[],,[]
SEMBAWANG,417,CANBERRA RD,15,Unmatched,Missing,NoPostalAssertionUnderCurrentNormalization,6942,[],,[]
SEMBAWANG,418,CANBERRA RD,27,Unmatched,Missing,NoPostalAssertionUnderCurrentNormalization,6959,[],,[]
SEMBAWANG,419,CANBERRA RD,21,Unmatched,Missing,NoPostalAssertionUnderCurrentNormalization,6978,[],,[]
SEMBAWANG,420,CANBERRA RD,30,Unmatched,Missing,NoPostalAssertionUnderCurrentNormalization,7013,[],,[]
SEMBAWANG,421,CANBERRA RD,28,Unmatched,Missing,NoPostalAssertionUnderCurrentNormalization,7032,[],,[]
SEMBAWANG,422,CANBERRA RD,24,Unmatched,Missing,NoPostalAssertionUnderCurrentNormalization,7051,[],,[]
SEMBAWANG,423,CANBERRA RD,27,Unmatched,Missing,NoPostalAssertionUnderCurrentNormalization,7067,[],,[]
SEMBAWANG,424,CANBERRA RD,17,Unmatched,Missing,NoPostalAssertionUnderCurrentNormalization,7085,[],,[]
SEMBAWANG,425,CANBERRA RD,29,Unmatched,Missing,NoPostalAssertionUnderCurrentNormalization,7105,[],,[]
SEMBAWANG,463A,SEMBAWANG DR,63,Unmatched,Missing,NoPostalAssertionUnderCurrentNormalization,7855,[],,[]
SEMBAWANG,463B,SEMBAWANG DR,74,Unmatched,Missing,NoPostalAssertionUnderCurrentNormalization,7859,[],,[]
SEMBAWANG,463C,SEMBAWANG DR,67,Unmatched,Missing,NoPostalAssertionUnderCurrentNormalization,7860,[],,[]
SEMBAWANG,466A,SEMBAWANG DR,30,Unmatched,Missing,NoPostalAssertionUnderCurrentNormalization,7912,[],,[]
SEMBAWANG,466B,SEMBAWANG DR,32,Unmatched,Missing,NoPostalAssertionUnderCurrentNormalization,7915,[],,[]
SEMBAWANG,466C,SEMBAWANG DR,34,Unmatched,Missing,NoPostalAssertionUnderCurrentNormalization,7917,[],,[]
SEMBAWANG,466D,SEMBAWANG DR,27,Unmatched,Missing,NoPostalAssertionUnderCurrentNormalization,7918,[],,[]
SEMBAWANG,467,ADMIRALTY DR,55,Unmatched,Missing,NoPostalAssertionUnderCurrentNormalization,7919,[],,[]
SEMBAWANG,467A,ADMIRALTY DR,40,Unmatched,Missing,NoPostalAssertionUnderCurrentNormalization,7929,[],,[]
SEMBAWANG,467B,ADMIRALTY DR,44,Unmatched,Missing,NoPostalAssertionUnderCurrentNormalization,7934,[],,[]
SEMBAWANG,468A,ADMIRALTY DR,24,Unmatched,Missing,NoPostalAssertionUnderCurrentNormalization,7951,[],,[]
SEMBAWANG,468B,ADMIRALTY DR,30,Unmatched,Missing,NoPostalAssertionUnderCurrentNormalization,7956,[],,[]
SEMBAWANG,468C,ADMIRALTY DR,30,Unmatched,Missing,NoPostalAssertionUnderCurrentNormalization,7959,[],,[]
SEMBAWANG,468D,ADMIRALTY DR,19,Unmatched,Missing,NoPostalAssertionUnderCurrentNormalization,7961,[],,[]
SEMBAWANG,469,ADMIRALTY DR,32,Unmatched,Missing,NoPostalAssertionUnderCurrentNormalization,7962,[],,[]
SEMBAWANG,469A,ADMIRALTY DR,50,Unmatched,Missing,NoPostalAssertionUnderCurrentNormalization,7972,[],,[]
SEMBAWANG,469B,ADMIRALTY DR,43,Unmatched,Missing,NoPostalAssertionUnderCurrentNormalization,7976,[],,[]
SEMBAWANG,470,SEMBAWANG DR,33,Unmatched,Missing,NoPostalAssertionUnderCurrentNormalization,8004,[],,[]
SEMBAWANG,471,SEMBAWANG DR,20,Unmatched,Missing,NoPostalAssertionUnderCurrentNormalization,8023,[],,[]
SEMBAWANG,472,SEMBAWANG DR,14,Unmatched,Missing,NoPostalAssertionUnderCurrentNormalization,8040,[],,[]
SEMBAWANG,473,SEMBAWANG DR,23,Unmatched,Missing,NoPostalAssertionUnderCurrentNormalization,8053,[],,[]
SEMBAWANG,474,SEMBAWANG DR,17,Unmatched,Missing,NoPostalAssertionUnderCurrentNormalization,8070,[],,[]
SEMBAWANG,475,SEMBAWANG DR,22,Unmatched,Missing,NoPostalAssertionUnderCurrentNormalization,8079,[],,[]
SEMBAWANG,476,SEMBAWANG DR,18,Unmatched,Missing,NoPostalAssertionUnderCurrentNormalization,8093,[],,[]
SEMBAWANG,477,SEMBAWANG DR,28,Unmatched,Missing,NoPostalAssertionUnderCurrentNormalization,8116,[],,[]
SEMBAWANG,478,SEMBAWANG DR,21,Unmatched,Missing,NoPostalAssertionUnderCurrentNormalization,8129,[],,[]
SEMBAWANG,479,SEMBAWANG DR,28,Unmatched,Missing,NoPostalAssertionUnderCurrentNormalization,8139,[],,[]
SEMBAWANG,480,SEMBAWANG DR,20,Unmatched,Missing,NoPostalAssertionUnderCurrentNormalization,8167,[],,[]
SEMBAWANG,481,SEMBAWANG DR,29,Unmatched,Missing,NoPostalAssertionUnderCurrentNormalization,8174,[],,[]
SEMBAWANG,488,ADMIRALTY LINK,35,Unmatched,Missing,NoPostalAssertionUnderCurrentNormalization,8246,[],,[]
SEMBAWANG,490,ADMIRALTY LINK,54,Unmatched,Missing,NoPostalAssertionUnderCurrentNormalization,8283,[],,[]
SEMBAWANG,501B,WELLINGTON CIRCLE,23,Unmatched,Missing,NoPostalAssertionUnderCurrentNormalization,8457,[],,[]
SEMBAWANG,502A,WELLINGTON CIRCLE,23,Unmatched,Missing,NoPostalAssertionUnderCurrentNormalization,8477,[],,[]
SEMBAWANG,503B,CANBERRA LINK,21,Unmatched,Missing,NoPostalAssertionUnderCurrentNormalization,8500,[],,[]
SEMBAWANG,504A,MONTREAL DR,19,Unmatched,Missing,NoPostalAssertionUnderCurrentNormalization,8517,[],,[]
SEMBAWANG,504B,MONTREAL DR,24,Unmatched,Missing,NoPostalAssertionUnderCurrentNormalization,8520,[],,[]
SEMBAWANG,504C,CANBERRA LINK,21,Unmatched,Missing,NoPostalAssertionUnderCurrentNormalization,8522,[],,[]
SEMBAWANG,504D,MONTREAL DR,29,Unmatched,Missing,NoPostalAssertionUnderCurrentNormalization,8524,[],,[]
SEMBAWANG,508C,WELLINGTON CIRCLE,18,Unmatched,Missing,NoPostalAssertionUnderCurrentNormalization,8611,[],,[]
SEMBAWANG,588A,MONTREAL DR,16,Unmatched,Missing,NoPostalAssertionUnderCurrentNormalization,9559,[],,[]
SEMBAWANG,588B,MONTREAL DR,21,Unmatched,Missing,NoPostalAssertionUnderCurrentNormalization,9563,[],,[]
SEMBAWANG,588C,MONTREAL DR,22,Unmatched,Missing,NoPostalAssertionUnderCurrentNormalization,9567,[],,[]
SEMBAWANG,589A,MONTREAL DR,20,Unmatched,Missing,NoPostalAssertionUnderCurrentNormalization,9573,[],,[]
SEMBAWANG,589B,MONTREAL DR,31,Unmatched,Missing,NoPostalAssertionUnderCurrentNormalization,9575,[],,[]
SEMBAWANG,589C,MONTREAL DR,19,Unmatched,Missing,NoPostalAssertionUnderCurrentNormalization,9577,[],,[]
SEMBAWANG,589D,MONTREAL DR,21,Unmatched,Missing,NoPostalAssertionUnderCurrentNormalization,9579,[],,[]
SEMBAWANG,592B,MONTREAL LINK,42,Unmatched,Missing,NoPostalAssertionUnderCurrentNormalization,9612,[],,[]
SENGKANG,105,RIVERVALE WALK,16,Unmatched,Missing,NoPostalAssertionUnderCurrentNormalization,288,[],,[]
SENGKANG,107,RIVERVALE WALK,26,Unmatched,Missing,NoPostalAssertionUnderCurrentNormalization,371,[],,[]
SENGKANG,108,RIVERVALE WALK,21,Unmatched,Missing,NoPostalAssertionUnderCurrentNormalization,415,[],,[]
SENGKANG,116A,RIVERVALE DR,28,Unmatched,Missing,NoPostalAssertionUnderCurrentNormalization,771,[],,[]
SENGKANG,116B,RIVERVALE DR,31,Unmatched,Missing,NoPostalAssertionUnderCurrentNormalization,774,[],,[]
SENGKANG,116C,RIVERVALE DR,19,Unmatched,Missing,NoPostalAssertionUnderCurrentNormalization,775,[],,[]
SENGKANG,117A,RIVERVALE DR,22,Unmatched,Missing,NoPostalAssertionUnderCurrentNormalization,810,[],,[]
SENGKANG,117B,RIVERVALE DR,15,Unmatched,Missing,NoPostalAssertionUnderCurrentNormalization,813,[],,[]
SENGKANG,117C,RIVERVALE DR,18,Unmatched,Missing,NoPostalAssertionUnderCurrentNormalization,814,[],,[]
SENGKANG,119A,RIVERVALE DR,21,Unmatched,Missing,NoPostalAssertionUnderCurrentNormalization,884,[],,[]
SENGKANG,119B,RIVERVALE DR,25,Unmatched,Missing,NoPostalAssertionUnderCurrentNormalization,889,[],,[]
SENGKANG,119C,RIVERVALE DR,13,Unmatched,Missing,NoPostalAssertionUnderCurrentNormalization,893,[],,[]
SENGKANG,119D,RIVERVALE DR,14,Unmatched,Missing,NoPostalAssertionUnderCurrentNormalization,895,[],,[]
SENGKANG,120A,RIVERVALE DR,10,Unmatched,Missing,NoPostalAssertionUnderCurrentNormalization,958,[],,[]
SENGKANG,120B,RIVERVALE DR,24,Unmatched,Missing,NoPostalAssertionUnderCurrentNormalization,963,[],,[]
SENGKANG,120C,RIVERVALE DR,6,Unmatched,Missing,NoPostalAssertionUnderCurrentNormalization,966,[],,[]
SENGKANG,121,RIVERVALE DR,38,Unmatched,Missing,NoPostalAssertionUnderCurrentNormalization,989,[],,[]
SENGKANG,121A,RIVERVALE DR,30,Unmatched,Missing,NoPostalAssertionUnderCurrentNormalization,997,[],,[]
SENGKANG,121B,RIVERVALE DR,18,Unmatched,Missing,NoPostalAssertionUnderCurrentNormalization,1002,[],,[]
SENGKANG,121D,SENGKANG EAST WAY,29,Unmatched,Missing,NoPostalAssertionUnderCurrentNormalization,1008,[],,[]
SENGKANG,122D,RIVERVALE DR,28,Unmatched,Missing,NoPostalAssertionUnderCurrentNormalization,1042,[],,[]
SENGKANG,122E,RIVERVALE DR,28,Unmatched,Missing,NoPostalAssertionUnderCurrentNormalization,1043,[],,[]
SENGKANG,123,RIVERVALE DR,13,Unmatched,Missing,NoPostalAssertionUnderCurrentNormalization,1062,[],,[]
SENGKANG,123A,RIVERVALE DR,14,Unmatched,Missing,NoPostalAssertionUnderCurrentNormalization,1069,[],,[]
SENGKANG,123B,RIVERVALE DR,18,Unmatched,Missing,NoPostalAssertionUnderCurrentNormalization,1071,[],,[]
SENGKANG,123C,RIVERVALE DR,18,Unmatched,Missing,NoPostalAssertionUnderCurrentNormalization,1073,[],,[]
SENGKANG,123D,RIVERVALE DR,15,Unmatched,Missing,NoPostalAssertionUnderCurrentNormalization,1075,[],,[]
SENGKANG,123E,RIVERVALE DR,6,Unmatched,Missing,NoPostalAssertionUnderCurrentNormalization,1076,[],,[]
SENGKANG,124,RIVERVALE DR,10,Unmatched,Missing,NoPostalAssertionUnderCurrentNormalization,1093,[],,[]
SENGKANG,124A,RIVERVALE DR,16,Unmatched,Missing,NoPostalAssertionUnderCurrentNormalization,1100,[],,[]
SENGKANG,124B,RIVERVALE DR,19,Unmatched,Missing,NoPostalAssertionUnderCurrentNormalization,1102,[],,[]
SENGKANG,124C,RIVERVALE DR,22,Unmatched,Missing,NoPostalAssertionUnderCurrentNormalization,1103,[],,[]
SENGKANG,125,RIVERVALE ST,25,Unmatched,Missing,NoPostalAssertionUnderCurrentNormalization,1123,[],,[]
SENGKANG,126,RIVERVALE ST,11,Unmatched,Missing,NoPostalAssertionUnderCurrentNormalization,1152,[],,[]
SENGKANG,127,RIVERVALE ST,20,Unmatched,Missing,NoPostalAssertionUnderCurrentNormalization,1190,[],,[]
SENGKANG,128,RIVERVALE ST,27,Unmatched,Missing,NoPostalAssertionUnderCurrentNormalization,1218,[],,[]
SENGKANG,129,RIVERVALE ST,15,Unmatched,Missing,NoPostalAssertionUnderCurrentNormalization,1250,[],,[]
SENGKANG,130,RIVERVALE ST,19,Unmatched,Missing,NoPostalAssertionUnderCurrentNormalization,1306,[],,[]
SENGKANG,131,RIVERVALE ST,35,Unmatched,Missing,NoPostalAssertionUnderCurrentNormalization,1334,[],,[]
SENGKANG,132,RIVERVALE ST,26,Unmatched,Missing,NoPostalAssertionUnderCurrentNormalization,1368,[],,[]
SENGKANG,133,RIVERVALE ST,16,Unmatched,Missing,NoPostalAssertionUnderCurrentNormalization,1395,[],,[]
SENGKANG,134,RIVERVALE ST,16,Unmatched,Missing,NoPostalAssertionUnderCurrentNormalization,1419,[],,[]
SENGKANG,135,RIVERVALE ST,18,Unmatched,Missing,NoPostalAssertionUnderCurrentNormalization,1440,[],,[]
SENGKANG,136,RIVERVALE ST,19,Unmatched,Missing,NoPostalAssertionUnderCurrentNormalization,1463,[],,[]
SENGKANG,137,RIVERVALE ST,17,Unmatched,Missing,NoPostalAssertionUnderCurrentNormalization,1481,[],,[]
SENGKANG,138,RIVERVALE ST,18,Unmatched,Missing,NoPostalAssertionUnderCurrentNormalization,1504,[],,[]
SENGKANG,139,RIVERVALE ST,12,Unmatched,Missing,NoPostalAssertionUnderCurrentNormalization,1529,[],,[]
SENGKANG,140,RIVERVALE ST,35,Unmatched,Missing,NoPostalAssertionUnderCurrentNormalization,1577,[],,[]
SENGKANG,141,RIVERVALE ST,24,Unmatched,Missing,NoPostalAssertionUnderCurrentNormalization,1597,[],,[]
SENGKANG,142,RIVERVALE CRES,23,Unmatched,Missing,NoPostalAssertionUnderCurrentNormalization,1618,[],,[]
SENGKANG,143,RIVERVALE DR,25,Unmatched,Missing,NoPostalAssertionUnderCurrentNormalization,1639,[],,[]
SENGKANG,144,RIVERVALE DR,20,Unmatched,Missing,NoPostalAssertionUnderCurrentNormalization,1654,[],,[]
SENGKANG,145,RIVERVALE DR,25,Unmatched,Missing,NoPostalAssertionUnderCurrentNormalization,1671,[],,[]
SENGKANG,146,RIVERVALE DR,16,Unmatched,Missing,NoPostalAssertionUnderCurrentNormalization,1688,[],,[]
SENGKANG,147,RIVERVALE CRES,15,Unmatched,Missing,NoPostalAssertionUnderCurrentNormalization,1707,[],,[]
SENGKANG,148,RIVERVALE CRES,25,Unmatched,Missing,NoPostalAssertionUnderCurrentNormalization,1725,[],,[]
SENGKANG,149,RIVERVALE CRES,26,Unmatched,Missing,NoPostalAssertionUnderCurrentNormalization,1741,[],,[]
SENGKANG,150,RIVERVALE CRES,26,Unmatched,Missing,NoPostalAssertionUnderCurrentNormalization,1780,[],,[]
SENGKANG,151,RIVERVALE CRES,24,Unmatched,Missing,NoPostalAssertionUnderCurrentNormalization,1800,[],,[]
SENGKANG,152,RIVERVALE CRES,22,Unmatched,Missing,NoPostalAssertionUnderCurrentNormalization,1820,[],,[]
SENGKANG,153,RIVERVALE CRES,29,Unmatched,Missing,NoPostalAssertionUnderCurrentNormalization,1842,[],,[]
SENGKANG,154,RIVERVALE CRES,17,Unmatched,Missing,NoPostalAssertionUnderCurrentNormalization,1864,[],,[]
SENGKANG,155,RIVERVALE CRES,31,Unmatched,Missing,NoPostalAssertionUnderCurrentNormalization,1884,[],,[]
SENGKANG,156,RIVERVALE CRES,31,Unmatched,Missing,NoPostalAssertionUnderCurrentNormalization,1900,[],,[]
SENGKANG,157A,RIVERVALE CRES,40,Unmatched,Missing,NoPostalAssertionUnderCurrentNormalization,1930,[],,[]
SENGKANG,157B,RIVERVALE CRES,32,Unmatched,Missing,NoPostalAssertionUnderCurrentNormalization,1933,[],,[]
SENGKANG,157C,RIVERVALE CRES,31,Unmatched,Missing,NoPostalAssertionUnderCurrentNormalization,1935,[],,[]
SENGKANG,157D,RIVERVALE CRES,31,Unmatched,Missing,NoPostalAssertionUnderCurrentNormalization,1936,[],,[]
SENGKANG,158A,RIVERVALE CRES,37,Unmatched,Missing,NoPostalAssertionUnderCurrentNormalization,1953,[],,[]
SENGKANG,158B,RIVERVALE CRES,26,Unmatched,Missing,NoPostalAssertionUnderCurrentNormalization,1954,[],,[]
SENGKANG,158C,RIVERVALE CRES,30,Unmatched,Missing,NoPostalAssertionUnderCurrentNormalization,1955,[],,[]
SENGKANG,158D,RIVERVALE CRES,30,Unmatched,Missing,NoPostalAssertionUnderCurrentNormalization,1956,[],,[]
SENGKANG,159A,RIVERVALE CRES,24,Unmatched,Missing,NoPostalAssertionUnderCurrentNormalization,1973,[],,[]
SENGKANG,162A,RIVERVALE CRES,36,Unmatched,Missing,NoPostalAssertionUnderCurrentNormalization,2051,[],,[]
SENGKANG,162B,RIVERVALE CRES,36,Unmatched,Missing,NoPostalAssertionUnderCurrentNormalization,2053,[],,[]
SENGKANG,162C,RIVERVALE CRES,28,Unmatched,Missing,NoPostalAssertionUnderCurrentNormalization,2054,[],,[]
SENGKANG,163A,RIVERVALE CRES,33,Unmatched,Missing,NoPostalAssertionUnderCurrentNormalization,2070,[],,[]
SENGKANG,163B,RIVERVALE CRES,24,Unmatched,Missing,NoPostalAssertionUnderCurrentNormalization,2074,[],,[]
SENGKANG,163C,RIVERVALE CRES,35,Unmatched,Missing,NoPostalAssertionUnderCurrentNormalization,2075,[],,[]
SENGKANG,164A,RIVERVALE CRES,38,Unmatched,Missing,NoPostalAssertionUnderCurrentNormalization,2089,[],,[]
SENGKANG,164B,RIVERVALE CRES,41,Unmatched,Missing,NoPostalAssertionUnderCurrentNormalization,2092,[],,[]
SENGKANG,164C,RIVERVALE CRES,43,Unmatched,Missing,NoPostalAssertionUnderCurrentNormalization,2093,[],,[]
SENGKANG,178A,RIVERVALE CRES,65,Unmatched,Missing,NoPostalAssertionUnderCurrentNormalization,2369,[],,[]
SENGKANG,178B,RIVERVALE CRES,73,Unmatched,Missing,NoPostalAssertionUnderCurrentNormalization,2371,[],,[]
SENGKANG,178C,RIVERVALE CRES,53,Unmatched,Missing,NoPostalAssertionUnderCurrentNormalization,2373,[],,[]
SENGKANG,178D,RIVERVALE CRES,58,Unmatched,Missing,NoPostalAssertionUnderCurrentNormalization,2374,[],,[]
SENGKANG,180A,RIVERVALE CRES,67,Unmatched,Missing,NoPostalAssertionUnderCurrentNormalization,2439,[],,[]
SENGKANG,180B,RIVERVALE CRES,59,Unmatched,Missing,NoPostalAssertionUnderCurrentNormalization,2442,[],,[]
SENGKANG,180C,RIVERVALE CRES,83,Unmatched,Missing,NoPostalAssertionUnderCurrentNormalization,2445,[],,[]
SENGKANG,180D,RIVERVALE CRES,59,Unmatched,Missing,NoPostalAssertionUnderCurrentNormalization,2446,[],,[]
SENGKANG,183A,RIVERVALE CRES,22,Unmatched,Missing,NoPostalAssertionUnderCurrentNormalization,2500,[],,[]
SENGKANG,183B,RIVERVALE CRES,21,Unmatched,Missing,NoPostalAssertionUnderCurrentNormalization,2503,[],,[]
SENGKANG,183C,RIVERVALE CRES,35,Unmatched,Missing,NoPostalAssertionUnderCurrentNormalization,2506,[],,[]
SENGKANG,183D,RIVERVALE CRES,33,Unmatched,Missing,NoPostalAssertionUnderCurrentNormalization,2509,[],,[]
SENGKANG,184A,RIVERVALE CRES,26,Unmatched,Missing,NoPostalAssertionUnderCurrentNormalization,2523,[],,[]
SENGKANG,184B,RIVERVALE CRES,23,Unmatched,Missing,NoPostalAssertionUnderCurrentNormalization,2525,[],,[]
SENGKANG,184C,RIVERVALE CRES,37,Unmatched,Missing,NoPostalAssertionUnderCurrentNormalization,2526,[],,[]
SENGKANG,185A,RIVERVALE CRES,20,Unmatched,Missing,NoPostalAssertionUnderCurrentNormalization,2539,[],,[]
SENGKANG,185B,RIVERVALE CRES,28,Unmatched,Missing,NoPostalAssertionUnderCurrentNormalization,2541,[],,[]
SENGKANG,185C,RIVERVALE CRES,29,Unmatched,Missing,NoPostalAssertionUnderCurrentNormalization,2543,[],,[]
SENGKANG,185D,RIVERVALE CRES,29,Unmatched,Missing,NoPostalAssertionUnderCurrentNormalization,2545,[],,[]
SENGKANG,186A,RIVERVALE DR,20,Unmatched,Missing,NoPostalAssertionUnderCurrentNormalization,2556,[],,[]
SENGKANG,186B,RIVERVALE DR,17,Unmatched,Missing,NoPostalAssertionUnderCurrentNormalization,2558,[],,[]
SENGKANG,186C,RIVERVALE DR,25,Unmatched,Missing,NoPostalAssertionUnderCurrentNormalization,2559,[],,[]
SENGKANG,186D,RIVERVALE DR,16,Unmatched,Missing,NoPostalAssertionUnderCurrentNormalization,2560,[],,[]
SENGKANG,187A,RIVERVALE DR,19,Unmatched,Missing,NoPostalAssertionUnderCurrentNormalization,2570,[],,[]
SENGKANG,187B,RIVERVALE DR,22,Unmatched,Missing,NoPostalAssertionUnderCurrentNormalization,2572,[],,[]
SENGKANG,188A,RIVERVALE DR,16,Unmatched,Missing,NoPostalAssertionUnderCurrentNormalization,2585,[],,[]
SENGKANG,188B,RIVERVALE DR,34,Unmatched,Missing,NoPostalAssertionUnderCurrentNormalization,2588,[],,[]
SENGKANG,188C,RIVERVALE DR,35,Unmatched,Missing,NoPostalAssertionUnderCurrentNormalization,2590,[],,[]
SENGKANG,188D,RIVERVALE DR,22,Unmatched,Missing,NoPostalAssertionUnderCurrentNormalization,2592,[],,[]
SENGKANG,189A,RIVERVALE DR,22,Unmatched,Missing,NoPostalAssertionUnderCurrentNormalization,2601,[],,[]
SENGKANG,189B,RIVERVALE DR,26,Unmatched,Missing,NoPostalAssertionUnderCurrentNormalization,2603,[],,[]
SENGKANG,189C,RIVERVALE DR,20,Unmatched,Missing,NoPostalAssertionUnderCurrentNormalization,2604,[],,[]
SENGKANG,190A,RIVERVALE DR,18,Unmatched,Missing,NoPostalAssertionUnderCurrentNormalization,2641,[],,[]
SENGKANG,190B,RIVERVALE DR,24,Unmatched,Missing,NoPostalAssertionUnderCurrentNormalization,2642,[],,[]
SENGKANG,191A,RIVERVALE DR,10,Unmatched,Missing,NoPostalAssertionUnderCurrentNormalization,2650,[],,[]
SENGKANG,191B,RIVERVALE DR,9,Unmatched,Missing,NoPostalAssertionUnderCurrentNormalization,2651,[],,[]
SENGKANG,192A,RIVERVALE DR,20,Unmatched,Missing,NoPostalAssertionUnderCurrentNormalization,2659,[],,[]
SENGKANG,192B,RIVERVALE DR,14,Unmatched,Missing,NoPostalAssertionUnderCurrentNormalization,2660,[],,[]
SENGKANG,192C,RIVERVALE DR,14,Unmatched,Missing,NoPostalAssertionUnderCurrentNormalization,2661,[],,[]
SENGKANG,193,RIVERVALE DR,41,Unmatched,Missing,NoPostalAssertionUnderCurrentNormalization,2667,[],,[]
SENGKANG,194,RIVERVALE DR,46,Unmatched,Missing,NoPostalAssertionUnderCurrentNormalization,2673,[],,[]
SENGKANG,195,RIVERVALE DR,38,Unmatched,Missing,NoPostalAssertionUnderCurrentNormalization,2682,[],,[]
SENGKANG,196,RIVERVALE DR,31,Unmatched,Missing,NoPostalAssertionUnderCurrentNormalization,2695,[],,[]
SENGKANG,197,RIVERVALE DR,30,Unmatched,Missing,NoPostalAssertionUnderCurrentNormalization,2705,[],,[]
SENGKANG,200A,SENGKANG EAST RD,39,Unmatched,Missing,NoPostalAssertionUnderCurrentNormalization,2811,[],,[]
SENGKANG,200B,SENGKANG EAST RD,24,Unmatched,Missing,NoPostalAssertionUnderCurrentNormalization,2812,[],,[]
SENGKANG,200D,SENGKANG EAST RD,25,Unmatched,Missing,NoPostalAssertionUnderCurrentNormalization,2814,[],,[]
SENGKANG,201A,COMPASSVALE DR,26,Unmatched,Missing,NoPostalAssertionUnderCurrentNormalization,2835,[],,[]
SENGKANG,201B,COMPASSVALE DR,28,Unmatched,Missing,NoPostalAssertionUnderCurrentNormalization,2839,[],,[]
SENGKANG,201C,COMPASSVALE DR,28,Unmatched,Missing,NoPostalAssertionUnderCurrentNormalization,2843,[],,[]
SENGKANG,201D,COMPASSVALE DR,22,Unmatched,Missing,NoPostalAssertionUnderCurrentNormalization,2847,[],,[]
SENGKANG,202,COMPASSVALE DR,16,Unmatched,Missing,NoPostalAssertionUnderCurrentNormalization,2859,[],,[]
SENGKANG,202A,COMPASSVALE DR,29,Unmatched,Missing,NoPostalAssertionUnderCurrentNormalization,2869,[],,[]
SENGKANG,202B,SENGKANG EAST RD,23,Unmatched,Missing,NoPostalAssertionUnderCurrentNormalization,2874,[],,[]
SENGKANG,202C,SENGKANG EAST RD,28,Unmatched,Missing,NoPostalAssertionUnderCurrentNormalization,2875,[],,[]
SENGKANG,203A,COMPASSVALE RD,38,Unmatched,Missing,NoPostalAssertionUnderCurrentNormalization,2895,[],,[]
SENGKANG,203B,COMPASSVALE RD,20,Unmatched,Missing,NoPostalAssertionUnderCurrentNormalization,2898,[],,[]
SENGKANG,203C,COMPASSVALE RD,19,Unmatched,Missing,NoPostalAssertionUnderCurrentNormalization,2900,[],,[]
SENGKANG,203D,COMPASSVALE RD,35,Unmatched,Missing,NoPostalAssertionUnderCurrentNormalization,2901,[],,[]
SENGKANG,203E,COMPASSVALE RD,27,Unmatched,Missing,NoPostalAssertionUnderCurrentNormalization,2902,[],,[]
SENGKANG,204A,COMPASSVALE DR,24,Unmatched,Missing,NoPostalAssertionUnderCurrentNormalization,2921,[],,[]
SENGKANG,204B,COMPASSVALE DR,23,Unmatched,Missing,NoPostalAssertionUnderCurrentNormalization,2924,[],,[]
SENGKANG,204C,COMPASSVALE DR,19,Unmatched,Missing,NoPostalAssertionUnderCurrentNormalization,2926,[],,[]
SENGKANG,204D,COMPASSVALE DR,22,Unmatched,Missing,NoPostalAssertionUnderCurrentNormalization,2928,[],,[]
SENGKANG,206A,COMPASSVALE LANE,22,Unmatched,Missing,NoPostalAssertionUnderCurrentNormalization,2971,[],,[]
SENGKANG,207D,COMPASSVALE LANE,30,Unmatched,Missing,NoPostalAssertionUnderCurrentNormalization,3011,[],,[]
SENGKANG,208B,COMPASSVALE LANE,19,Unmatched,Missing,NoPostalAssertionUnderCurrentNormalization,3039,[],,[]
SENGKANG,209C,COMPASSVALE LANE,32,Unmatched,Missing,NoPostalAssertionUnderCurrentNormalization,3071,[],,[]
SENGKANG,210C,COMPASSVALE LANE,37,Unmatched,Missing,NoPostalAssertionUnderCurrentNormalization,3125,[],,[]
SENGKANG,211A,COMPASSVALE LANE,51,Unmatched,Missing,NoPostalAssertionUnderCurrentNormalization,3146,[],,[]
SENGKANG,212A,COMPASSVALE DR,42,Unmatched,Missing,NoPostalAssertionUnderCurrentNormalization,3177,[],,[]
SENGKANG,212B,COMPASSVALE DR,40,Unmatched,Missing,NoPostalAssertionUnderCurrentNormalization,3181,[],,[]
SENGKANG,212C,COMPASSVALE DR,38,Unmatched,Missing,NoPostalAssertionUnderCurrentNormalization,3184,[],,[]
SENGKANG,213A,COMPASSVALE LANE,35,Unmatched,Missing,NoPostalAssertionUnderCurrentNormalization,3205,[],,[]
SENGKANG,215A,COMPASSVALE DR,45,Unmatched,Missing,NoPostalAssertionUnderCurrentNormalization,3251,[],,[]
SENGKANG,215B,COMPASSVALE DR,45,Unmatched,Missing,NoPostalAssertionUnderCurrentNormalization,3255,[],,[]
SENGKANG,216A,COMPASSVALE DR,34,Unmatched,Missing,NoPostalAssertionUnderCurrentNormalization,3277,[],,[]
SENGKANG,216B,COMPASSVALE DR,42,Unmatched,Missing,NoPostalAssertionUnderCurrentNormalization,3283,[],,[]
SENGKANG,216C,COMPASSVALE DR,19,Unmatched,Missing,NoPostalAssertionUnderCurrentNormalization,3287,[],,[]
SENGKANG,216D,COMPASSVALE DR,31,Unmatched,Missing,NoPostalAssertionUnderCurrentNormalization,3289,[],,[]
SENGKANG,217A,COMPASSVALE DR,32,Unmatched,Missing,NoPostalAssertionUnderCurrentNormalization,3309,[],,[]
SENGKANG,217B,COMPASSVALE DR,50,Unmatched,Missing,NoPostalAssertionUnderCurrentNormalization,3315,[],,[]
SENGKANG,217C,COMPASSVALE DR,40,Unmatched,Missing,NoPostalAssertionUnderCurrentNormalization,3318,[],,[]
SENGKANG,223B,COMPASSVALE WALK,5,Unmatched,Missing,NoPostalAssertionUnderCurrentNormalization,3480,[],,[]
SENGKANG,223C,COMPASSVALE WALK,13,Unmatched,Missing,NoPostalAssertionUnderCurrentNormalization,3482,[],,[]
SENGKANG,224D,COMPASSVALE WALK,17,Unmatched,Missing,NoPostalAssertionUnderCurrentNormalization,3510,[],,[]
SENGKANG,226A,COMPASSVALE WALK,23,Unmatched,Missing,NoPostalAssertionUnderCurrentNormalization,3550,[],,[]
SENGKANG,227A,COMPASSVALE DR,14,Unmatched,Missing,NoPostalAssertionUnderCurrentNormalization,3581,[],,[]
SENGKANG,227B,COMPASSVALE DR,9,Unmatched,Missing,NoPostalAssertionUnderCurrentNormalization,3586,[],,[]
SENGKANG,227C,COMPASSVALE DR,24,Unmatched,Missing,NoPostalAssertionUnderCurrentNormalization,3589,[],,[]
SENGKANG,227D,COMPASSVALE DR,6,Unmatched,Missing,NoPostalAssertionUnderCurrentNormalization,3590,[],,[]
SENGKANG,229,COMPASSVALE WALK,18,Unmatched,Missing,NoPostalAssertionUnderCurrentNormalization,3620,[],,[]
SENGKANG,233,COMPASSVALE WALK,19,Unmatched,Missing,NoPostalAssertionUnderCurrentNormalization,3731,[],,[]
SENGKANG,235,COMPASSVALE WALK,12,Unmatched,Missing,NoPostalAssertionUnderCurrentNormalization,3777,[],,[]
SENGKANG,239,COMPASSVALE WALK,18,Unmatched,Missing,NoPostalAssertionUnderCurrentNormalization,3847,[],,[]
SENGKANG,244,COMPASSVALE RD,20,Unmatched,Missing,NoPostalAssertionUnderCurrentNormalization,3934,[],,[]
SENGKANG,245,COMPASSVALE RD,20,Unmatched,Missing,NoPostalAssertionUnderCurrentNormalization,3950,[],,[]
SENGKANG,246,COMPASSVALE RD,14,Unmatched,Missing,NoPostalAssertionUnderCurrentNormalization,3965,[],,[]
SENGKANG,247,COMPASSVALE RD,19,Unmatched,Missing,NoPostalAssertionUnderCurrentNormalization,3980,[],,[]
SENGKANG,248,COMPASSVALE RD,26,Unmatched,Missing,NoPostalAssertionUnderCurrentNormalization,3993,[],,[]
SENGKANG,249,COMPASSVALE RD,23,Unmatched,Missing,NoPostalAssertionUnderCurrentNormalization,4006,[],,[]
SENGKANG,250A,COMPASSVALE ST,22,Unmatched,Missing,NoPostalAssertionUnderCurrentNormalization,4044,[],,[]
SENGKANG,250B,COMPASSVALE ST,14,Unmatched,Missing,NoPostalAssertionUnderCurrentNormalization,4045,[],,[]
SENGKANG,250C,COMPASSVALE ST,23,Unmatched,Missing,NoPostalAssertionUnderCurrentNormalization,4046,[],,[]
SENGKANG,250D,COMPASSVALE ST,21,Unmatched,Missing,NoPostalAssertionUnderCurrentNormalization,4047,[],,[]
SENGKANG,251,COMPASSVALE ST,15,Unmatched,Missing,NoPostalAssertionUnderCurrentNormalization,4052,[],,[]
SENGKANG,252,COMPASSVALE ST,21,Unmatched,Missing,NoPostalAssertionUnderCurrentNormalization,4064,[],,[]
SENGKANG,253,COMPASSVALE ST,14,Unmatched,Missing,NoPostalAssertionUnderCurrentNormalization,4077,[],,[]
SENGKANG,254,COMPASSVALE RD,19,Unmatched,Missing,NoPostalAssertionUnderCurrentNormalization,4093,[],,[]
SENGKANG,255,COMPASSVALE RD,13,Unmatched,Missing,NoPostalAssertionUnderCurrentNormalization,4107,[],,[]
SENGKANG,256,COMPASSVALE RD,12,Unmatched,Missing,NoPostalAssertionUnderCurrentNormalization,4121,[],,[]
SENGKANG,257A,COMPASSVALE RD,20,Unmatched,Missing,NoPostalAssertionUnderCurrentNormalization,4152,[],,[]
SENGKANG,257B,COMPASSVALE RD,16,Unmatched,Missing,NoPostalAssertionUnderCurrentNormalization,4155,[],,[]
SENGKANG,257C,COMPASSVALE RD,34,Unmatched,Missing,NoPostalAssertionUnderCurrentNormalization,4156,[],,[]
SENGKANG,258A,COMPASSVALE RD,26,Unmatched,Missing,NoPostalAssertionUnderCurrentNormalization,4170,[],,[]
SENGKANG,258B,COMPASSVALE RD,16,Unmatched,Missing,NoPostalAssertionUnderCurrentNormalization,4172,[],,[]
SENGKANG,258C,COMPASSVALE RD,21,Unmatched,Missing,NoPostalAssertionUnderCurrentNormalization,4174,[],,[]
SENGKANG,258D,COMPASSVALE RD,21,Unmatched,Missing,NoPostalAssertionUnderCurrentNormalization,4176,[],,[]
SENGKANG,259A,COMPASSVALE RD,18,Unmatched,Missing,NoPostalAssertionUnderCurrentNormalization,4190,[],,[]
SENGKANG,259B,COMPASSVALE RD,15,Unmatched,Missing,NoPostalAssertionUnderCurrentNormalization,4193,[],,[]
SENGKANG,259C,COMPASSVALE RD,28,Unmatched,Missing,NoPostalAssertionUnderCurrentNormalization,4195,[],,[]
SENGKANG,260B,SENGKANG EAST WAY,16,Unmatched,Missing,NoPostalAssertionUnderCurrentNormalization,4233,[],,[]
SENGKANG,260C,SENGKANG EAST WAY,26,Unmatched,Missing,NoPostalAssertionUnderCurrentNormalization,4236,[],,[]
SENGKANG,261A,SENGKANG EAST WAY,17,Unmatched,Missing,NoPostalAssertionUnderCurrentNormalization,4250,[],,[]
SENGKANG,261C,SENGKANG EAST WAY,15,Unmatched,Missing,NoPostalAssertionUnderCurrentNormalization,4255,[],,[]
SENGKANG,262A,COMPASSVALE ST,27,Unmatched,Missing,NoPostalAssertionUnderCurrentNormalization,4268,[],,[]
SENGKANG,262B,COMPASSVALE ST,21,Unmatched,Missing,NoPostalAssertionUnderCurrentNormalization,4269,[],,[]
SENGKANG,262C,COMPASSVALE ST,14,Unmatched,Missing,NoPostalAssertionUnderCurrentNormalization,4270,[],,[]
SENGKANG,262D,COMPASSVALE ST,21,Unmatched,Missing,NoPostalAssertionUnderCurrentNormalization,4271,[],,[]
SENGKANG,264C,COMPASSVALE BOW,18,Unmatched,Missing,NoPostalAssertionUnderCurrentNormalization,4296,[],,[]
SENGKANG,264D,COMPASSVALE BOW,17,Unmatched,Missing,NoPostalAssertionUnderCurrentNormalization,4297,[],,[]
SENGKANG,264E,COMPASSVALE BOW,23,Unmatched,Missing,NoPostalAssertionUnderCurrentNormalization,4298,[],,[]
SENGKANG,265D,COMPASSVALE BOW,11,Unmatched,Missing,NoPostalAssertionUnderCurrentNormalization,4316,[],,[]
SENGKANG,265E,COMPASSVALE BOW,25,Unmatched,Missing,NoPostalAssertionUnderCurrentNormalization,4318,[],,[]
SENGKANG,266C,COMPASSVALE BOW,12,Unmatched,Missing,NoPostalAssertionUnderCurrentNormalization,4335,[],,[]
SENGKANG,267A,COMPASSVALE LINK,24,Unmatched,Missing,NoPostalAssertionUnderCurrentNormalization,4350,[],,[]
SENGKANG,267B,COMPASSVALE LINK,30,Unmatched,Missing,NoPostalAssertionUnderCurrentNormalization,4355,[],,[]
SENGKANG,269A,COMPASSVALE LINK,24,Unmatched,Missing,NoPostalAssertionUnderCurrentNormalization,4391,[],,[]
SENGKANG,269B,COMPASSVALE LINK,22,Unmatched,Missing,NoPostalAssertionUnderCurrentNormalization,4397,[],,[]
SENGKANG,270A,SENGKANG CTRL,40,Unmatched,Missing,NoPostalAssertionUnderCurrentNormalization,4435,[],,[]
SENGKANG,271A,SENGKANG CTRL,34,Unmatched,Missing,NoPostalAssertionUnderCurrentNormalization,4453,[],,[]
SENGKANG,271B,SENGKANG CTRL,48,Unmatched,Missing,NoPostalAssertionUnderCurrentNormalization,4456,[],,[]
SENGKANG,271C,SENGKANG CTRL,38,Unmatched,Missing,NoPostalAssertionUnderCurrentNormalization,4459,[],,[]
SENGKANG,272A,SENGKANG CTRL,33,Unmatched,Missing,NoPostalAssertionUnderCurrentNormalization,4476,[],,[]
SENGKANG,272B,SENGKANG CTRL,33,Unmatched,Missing,NoPostalAssertionUnderCurrentNormalization,4479,[],,[]
SENGKANG,272C,SENGKANG CTRL,37,Unmatched,Missing,NoPostalAssertionUnderCurrentNormalization,4482,[],,[]
SENGKANG,272D,SENGKANG CTRL,42,Unmatched,Missing,NoPostalAssertionUnderCurrentNormalization,4485,[],,[]
SENGKANG,273A,COMPASSVALE LINK,20,Unmatched,Missing,NoPostalAssertionUnderCurrentNormalization,4498,[],,[]
SENGKANG,273B,COMPASSVALE LINK,20,Unmatched,Missing,NoPostalAssertionUnderCurrentNormalization,4504,[],,[]
SENGKANG,274C,COMPASSVALE BOW,12,Unmatched,Missing,NoPostalAssertionUnderCurrentNormalization,4532,[],,[]
SENGKANG,275C,COMPASSVALE LINK,31,Unmatched,Missing,NoPostalAssertionUnderCurrentNormalization,4554,[],,[]
SENGKANG,277C,COMPASSVALE LINK,32,Unmatched,Missing,NoPostalAssertionUnderCurrentNormalization,4580,[],,[]
SENGKANG,277D,COMPASSVALE LINK,25,Unmatched,Missing,NoPostalAssertionUnderCurrentNormalization,4581,[],,[]
SENGKANG,278A,COMPASSVALE BOW,44,Unmatched,Missing,NoPostalAssertionUnderCurrentNormalization,4589,[],,[]
SENGKANG,278C,COMPASSVALE BOW,14,Unmatched,Missing,NoPostalAssertionUnderCurrentNormalization,4591,[],,[]
SENGKANG,279A,SENGKANG EAST AVE,16,Unmatched,Missing,NoPostalAssertionUnderCurrentNormalization,4600,[],,[]
SENGKANG,279B,SENGKANG EAST AVE,37,Unmatched,Missing,NoPostalAssertionUnderCurrentNormalization,4601,[],,[]
SENGKANG,279C,SENGKANG EAST AVE,30,Unmatched,Missing,NoPostalAssertionUnderCurrentNormalization,4602,[],,[]
SENGKANG,280A,SENGKANG EAST AVE,39,Unmatched,Missing,NoPostalAssertionUnderCurrentNormalization,4633,[],,[]
SENGKANG,280B,SENGKANG EAST AVE,42,Unmatched,Missing,NoPostalAssertionUnderCurrentNormalization,4634,[],,[]
SENGKANG,281A,SENGKANG EAST AVE,40,Unmatched,Missing,NoPostalAssertionUnderCurrentNormalization,4642,[],,[]
SENGKANG,281B,SENGKANG EAST AVE,61,Unmatched,Missing,NoPostalAssertionUnderCurrentNormalization,4643,[],,[]
SENGKANG,282A,SENGKANG EAST AVE,57,Unmatched,Missing,NoPostalAssertionUnderCurrentNormalization,4650,[],,[]
SENGKANG,282B,SENGKANG EAST AVE,49,Unmatched,Missing,NoPostalAssertionUnderCurrentNormalization,4652,[],,[]
SENGKANG,282C,SENGKANG EAST AVE,42,Unmatched,Missing,NoPostalAssertionUnderCurrentNormalization,4653,[],,[]
SENGKANG,286A,COMPASSVALE CRES,42,Unmatched,Missing,NoPostalAssertionUnderCurrentNormalization,4683,[],,[]
SENGKANG,286B,COMPASSVALE CRES,48,Unmatched,Missing,NoPostalAssertionUnderCurrentNormalization,4685,[],,[]
SENGKANG,286C,COMPASSVALE CRES,54,Unmatched,Missing,NoPostalAssertionUnderCurrentNormalization,4687,[],,[]
SENGKANG,287A,COMPASSVALE CRES,48,Unmatched,Missing,NoPostalAssertionUnderCurrentNormalization,4696,[],,[]
SENGKANG,287B,COMPASSVALE CRES,23,Unmatched,Missing,NoPostalAssertionUnderCurrentNormalization,4699,[],,[]
SENGKANG,287C,COMPASSVALE CRES,40,Unmatched,Missing,NoPostalAssertionUnderCurrentNormalization,4701,[],,[]
SENGKANG,288A,COMPASSVALE CRES,48,Unmatched,Missing,NoPostalAssertionUnderCurrentNormalization,4712,[],,[]
SENGKANG,288B,COMPASSVALE CRES,31,Unmatched,Missing,NoPostalAssertionUnderCurrentNormalization,4716,[],,[]
SENGKANG,288C,COMPASSVALE CRES,38,Unmatched,Missing,NoPostalAssertionUnderCurrentNormalization,4720,[],,[]
SENGKANG,289A,COMPASSVALE CRES,54,Unmatched,Missing,NoPostalAssertionUnderCurrentNormalization,4740,[],,[]
SENGKANG,289B,COMPASSVALE CRES,38,Unmatched,Missing,NoPostalAssertionUnderCurrentNormalization,4744,[],,[]
SENGKANG,290A,COMPASSVALE CRES,24,Unmatched,Missing,NoPostalAssertionUnderCurrentNormalization,4780,[],,[]
SENGKANG,290B,COMPASSVALE CRES,24,Unmatched,Missing,NoPostalAssertionUnderCurrentNormalization,4782,[],,[]
SENGKANG,290C,COMPASSVALE CRES,21,Unmatched,Missing,NoPostalAssertionUnderCurrentNormalization,4784,[],,[]
SENGKANG,291A,COMPASSVALE ST,19,Unmatched,Missing,NoPostalAssertionUnderCurrentNormalization,4796,[],,[]
SENGKANG,291B,COMPASSVALE ST,30,Unmatched,Missing,NoPostalAssertionUnderCurrentNormalization,4798,[],,[]
SENGKANG,291C,COMPASSVALE ST,26,Unmatched,Missing,NoPostalAssertionUnderCurrentNormalization,4800,[],,[]
SENGKANG,291D,COMPASSVALE ST,29,Unmatched,Missing,NoPostalAssertionUnderCurrentNormalization,4802,[],,[]
SENGKANG,292A,COMPASSVALE ST,28,Unmatched,Missing,NoPostalAssertionUnderCurrentNormalization,4813,[],,[]
SENGKANG,292B,COMPASSVALE ST,36,Unmatched,Missing,NoPostalAssertionUnderCurrentNormalization,4815,[],,[]
SENGKANG,293A,COMPASSVALE CRES,42,Unmatched,Missing,NoPostalAssertionUnderCurrentNormalization,4826,[],,[]
SENGKANG,293B,COMPASSVALE CRES,46,Unmatched,Missing,NoPostalAssertionUnderCurrentNormalization,4828,[],,[]
SENGKANG,293C,COMPASSVALE CRES,53,Unmatched,Missing,NoPostalAssertionUnderCurrentNormalization,4830,[],,[]
SENGKANG,293D,COMPASSVALE CRES,44,Unmatched,Missing,NoPostalAssertionUnderCurrentNormalization,4832,[],,[]
SENGKANG,294A,COMPASSVALE CRES,41,Unmatched,Missing,NoPostalAssertionUnderCurrentNormalization,4837,[],,[]
SENGKANG,295A,COMPASSVALE CRES,42,Unmatched,Missing,NoPostalAssertionUnderCurrentNormalization,4842,[],,[]
SENGKANG,295B,COMPASSVALE CRES,37,Unmatched,Missing,NoPostalAssertionUnderCurrentNormalization,4844,[],,[]
SENGKANG,295C,COMPASSVALE CRES,36,Unmatched,Missing,NoPostalAssertionUnderCurrentNormalization,4845,[],,[]
SENGKANG,296A,COMPASSVALE CRES,19,Unmatched,Missing,NoPostalAssertionUnderCurrentNormalization,4853,[],,[]
SENGKANG,296B,COMPASSVALE CRES,32,Unmatched,Missing,NoPostalAssertionUnderCurrentNormalization,4857,[],,[]
SENGKANG,296C,COMPASSVALE CRES,29,Unmatched,Missing,NoPostalAssertionUnderCurrentNormalization,4861,[],,[]
SENGKANG,297A,COMPASSVALE ST,49,Unmatched,Missing,NoPostalAssertionUnderCurrentNormalization,4870,[],,[]
SENGKANG,297B,COMPASSVALE ST,34,Unmatched,Missing,NoPostalAssertionUnderCurrentNormalization,4872,[],,[]
SENGKANG,298A,COMPASSVALE ST,49,Unmatched,Missing,NoPostalAssertionUnderCurrentNormalization,4882,[],,[]
SENGKANG,298B,COMPASSVALE ST,37,Unmatched,Missing,NoPostalAssertionUnderCurrentNormalization,4883,[],,[]
SENGKANG,298C,COMPASSVALE ST,37,Unmatched,Missing,NoPostalAssertionUnderCurrentNormalization,4884,[],,[]
SENGKANG,298D,COMPASSVALE ST,43,Unmatched,Missing,NoPostalAssertionUnderCurrentNormalization,4885,[],,[]
SENGKANG,299A,COMPASSVALE ST,52,Unmatched,Missing,NoPostalAssertionUnderCurrentNormalization,4890,[],,[]
SENGKANG,299B,COMPASSVALE ST,41,Unmatched,Missing,NoPostalAssertionUnderCurrentNormalization,4892,[],,[]
SENGKANG,299C,COMPASSVALE ST,35,Unmatched,Missing,NoPostalAssertionUnderCurrentNormalization,4894,[],,[]
SENGKANG,301A,ANCHORVALE DR,15,Unmatched,Missing,NoPostalAssertionUnderCurrentNormalization,4974,[],,[]
SENGKANG,301B,ANCHORVALE DR,26,Unmatched,Missing,NoPostalAssertionUnderCurrentNormalization,4977,[],,[]
SENGKANG,301C,ANCHORVALE DR,30,Unmatched,Missing,NoPostalAssertionUnderCurrentNormalization,4980,[],,[]
SENGKANG,301D,ANCHORVALE DR,26,Unmatched,Missing,NoPostalAssertionUnderCurrentNormalization,4983,[],,[]
SENGKANG,302A,ANCHORVALE LINK,27,Unmatched,Missing,NoPostalAssertionUnderCurrentNormalization,5002,[],,[]
SENGKANG,305B,ANCHORVALE LINK,32,Unmatched,Missing,NoPostalAssertionUnderCurrentNormalization,5071,[],,[]
SENGKANG,307A,ANCHORVALE RD,17,Unmatched,Missing,NoPostalAssertionUnderCurrentNormalization,5121,[],,[]
SENGKANG,307B,ANCHORVALE RD,31,Unmatched,Missing,NoPostalAssertionUnderCurrentNormalization,5126,[],,[]
SENGKANG,307C,ANCHORVALE RD,25,Unmatched,Missing,NoPostalAssertionUnderCurrentNormalization,5128,[],,[]
SENGKANG,307D,ANCHORVALE RD,18,Unmatched,Missing,NoPostalAssertionUnderCurrentNormalization,5132,[],,[]
SENGKANG,308A,ANCHORVALE RD,26,Unmatched,Missing,NoPostalAssertionUnderCurrentNormalization,5146,[],,[]
SENGKANG,308B,ANCHORVALE RD,28,Unmatched,Missing,NoPostalAssertionUnderCurrentNormalization,5151,[],,[]
SENGKANG,308C,ANCHORVALE RD,31,Unmatched,Missing,NoPostalAssertionUnderCurrentNormalization,5154,[],,[]
SENGKANG,309A,ANCHORVALE RD,25,Unmatched,Missing,NoPostalAssertionUnderCurrentNormalization,5170,[],,[]
SENGKANG,309B,ANCHORVALE RD,34,Unmatched,Missing,NoPostalAssertionUnderCurrentNormalization,5175,[],,[]
SENGKANG,309C,ANCHORVALE RD,23,Unmatched,Missing,NoPostalAssertionUnderCurrentNormalization,5177,[],,[]
SENGKANG,309D,ANCHORVALE RD,33,Unmatched,Missing,NoPostalAssertionUnderCurrentNormalization,5179,[],,[]
SENGKANG,310A,ANCHORVALE RD,26,Unmatched,Missing,NoPostalAssertionUnderCurrentNormalization,5210,[],,[]
SENGKANG,310B,ANCHORVALE RD,35,Unmatched,Missing,NoPostalAssertionUnderCurrentNormalization,5214,[],,[]
SENGKANG,313A,ANCHORVALE RD,27,Unmatched,Missing,NoPostalAssertionUnderCurrentNormalization,5276,[],,[]
SENGKANG,313B,ANCHORVALE RD,21,Unmatched,Missing,NoPostalAssertionUnderCurrentNormalization,5279,[],,[]
SENGKANG,313C,ANCHORVALE RD,27,Unmatched,Missing,NoPostalAssertionUnderCurrentNormalization,5281,[],,[]
SENGKANG,313D,ANCHORVALE RD,27,Unmatched,Missing,NoPostalAssertionUnderCurrentNormalization,5283,[],,[]
SENGKANG,315A,ANCHORVALE RD,18,Unmatched,Missing,NoPostalAssertionUnderCurrentNormalization,5315,[],,[]
SENGKANG,315B,ANCHORVALE RD,24,Unmatched,Missing,NoPostalAssertionUnderCurrentNormalization,5318,[],,[]
SENGKANG,315C,ANCHORVALE RD,35,Unmatched,Missing,NoPostalAssertionUnderCurrentNormalization,5322,[],,[]
SENGKANG,316A,ANCHORVALE LINK,26,Unmatched,Missing,NoPostalAssertionUnderCurrentNormalization,5337,[],,[]
SENGKANG,317A,ANCHORVALE RD,27,Unmatched,Missing,NoPostalAssertionUnderCurrentNormalization,5365,[],,[]
SENGKANG,317B,ANCHORVALE RD,33,Unmatched,Missing,NoPostalAssertionUnderCurrentNormalization,5368,[],,[]
SENGKANG,317C,ANCHORVALE RD,19,Unmatched,Missing,NoPostalAssertionUnderCurrentNormalization,5371,[],,[]
SENGKANG,317D,ANCHORVALE RD,21,Unmatched,Missing,NoPostalAssertionUnderCurrentNormalization,5373,[],,[]
SENGKANG,319A,ANCHORVALE DR,26,Unmatched,Missing,NoPostalAssertionUnderCurrentNormalization,5411,[],,[]
SENGKANG,319B,ANCHORVALE DR,34,Unmatched,Missing,NoPostalAssertionUnderCurrentNormalization,5413,[],,[]
SENGKANG,319C,ANCHORVALE DR,34,Unmatched,Missing,NoPostalAssertionUnderCurrentNormalization,5415,[],,[]
SENGKANG,320A,ANCHORVALE DR,15,Unmatched,Missing,NoPostalAssertionUnderCurrentNormalization,5450,[],,[]
SENGKANG,320B,ANCHORVALE DR,17,Unmatched,Missing,NoPostalAssertionUnderCurrentNormalization,5451,[],,[]
SENGKANG,320C,ANCHORVALE DR,17,Unmatched,Missing,NoPostalAssertionUnderCurrentNormalization,5452,[],,[]
SENGKANG,320D,ANCHORVALE DR,14,Unmatched,Missing,NoPostalAssertionUnderCurrentNormalization,5453,[],,[]
SENGKANG,321A,ANCHORVALE DR,27,Unmatched,Missing,NoPostalAssertionUnderCurrentNormalization,5467,[],,[]
SENGKANG,321B,ANCHORVALE DR,24,Unmatched,Missing,NoPostalAssertionUnderCurrentNormalization,5468,[],,[]
SENGKANG,321C,ANCHORVALE DR,27,Unmatched,Missing,NoPostalAssertionUnderCurrentNormalization,5469,[],,[]
SENGKANG,322A,ANCHORVALE DR,19,Unmatched,Missing,NoPostalAssertionUnderCurrentNormalization,5483,[],,[]
SENGKANG,322B,ANCHORVALE DR,23,Unmatched,Missing,NoPostalAssertionUnderCurrentNormalization,5488,[],,[]
SENGKANG,322C,ANCHORVALE DR,15,Unmatched,Missing,NoPostalAssertionUnderCurrentNormalization,5491,[],,[]
SENGKANG,326A,ANCHORVALE RD,37,Unmatched,Missing,NoPostalAssertionUnderCurrentNormalization,5579,[],,[]
SENGKANG,326B,ANCHORVALE RD,39,Unmatched,Missing,NoPostalAssertionUnderCurrentNormalization,5581,[],,[]
SENGKANG,326C,ANCHORVALE RD,38,Unmatched,Missing,NoPostalAssertionUnderCurrentNormalization,5583,[],,[]
SENGKANG,326D,ANCHORVALE RD,30,Unmatched,Missing,NoPostalAssertionUnderCurrentNormalization,5585,[],,[]
SENGKANG,327A,ANCHORVALE RD,14,Unmatched,Missing,NoPostalAssertionUnderCurrentNormalization,5600,[],,[]
SENGKANG,327B,ANCHORVALE RD,12,Unmatched,Missing,NoPostalAssertionUnderCurrentNormalization,5602,[],,[]
SENGKANG,327C,ANCHORVALE RD,43,Unmatched,Missing,NoPostalAssertionUnderCurrentNormalization,5604,[],,[]
SENGKANG,329A,ANCHORVALE ST,52,Unmatched,Missing,NoPostalAssertionUnderCurrentNormalization,5631,[],,[]
SENGKANG,329B,ANCHORVALE ST,45,Unmatched,Missing,NoPostalAssertionUnderCurrentNormalization,5632,[],,[]
SENGKANG,330A,ANCHORVALE ST,46,Unmatched,Missing,NoPostalAssertionUnderCurrentNormalization,5664,[],,[]
SENGKANG,330B,ANCHORVALE ST,46,Unmatched,Missing,NoPostalAssertionUnderCurrentNormalization,5667,[],,[]
SENGKANG,331A,ANCHORVALE ST,37,Unmatched,Missing,NoPostalAssertionUnderCurrentNormalization,5679,[],,[]
SENGKANG,331B,ANCHORVALE ST,46,Unmatched,Missing,NoPostalAssertionUnderCurrentNormalization,5682,[],,[]
SENGKANG,331C,ANCHORVALE ST,34,Unmatched,Missing,NoPostalAssertionUnderCurrentNormalization,5683,[],,[]
SENGKANG,332A,ANCHORVALE LINK,44,Unmatched,Missing,NoPostalAssertionUnderCurrentNormalization,5697,[],,[]
SENGKANG,332B,ANCHORVALE LINK,58,Unmatched,Missing,NoPostalAssertionUnderCurrentNormalization,5698,[],,[]
SENGKANG,332C,ANCHORVALE LINK,62,Unmatched,Missing,NoPostalAssertionUnderCurrentNormalization,5699,[],,[]
SENGKANG,334A,ANCHORVALE CRES,40,Unmatched,Missing,NoPostalAssertionUnderCurrentNormalization,5736,[],,[]
SENGKANG,334B,ANCHORVALE CRES,46,Unmatched,Missing,NoPostalAssertionUnderCurrentNormalization,5739,[],,[]
SENGKANG,334C,ANCHORVALE CRES,46,Unmatched,Missing,NoPostalAssertionUnderCurrentNormalization,5741,[],,[]
SENGKANG,335A,ANCHORVALE CRES,64,Unmatched,Missing,NoPostalAssertionUnderCurrentNormalization,5757,[],,[]
SENGKANG,335B,ANCHORVALE CRES,25,Unmatched,Missing,NoPostalAssertionUnderCurrentNormalization,5761,[],,[]
SENGKANG,335C,ANCHORVALE CRES,38,Unmatched,Missing,NoPostalAssertionUnderCurrentNormalization,5764,[],,[]
SENGKANG,336A,ANCHORVALE CRES,40,Unmatched,Missing,NoPostalAssertionUnderCurrentNormalization,5778,[],,[]
SENGKANG,336B,ANCHORVALE CRES,47,Unmatched,Missing,NoPostalAssertionUnderCurrentNormalization,5781,[],,[]
SENGKANG,336C,ANCHORVALE CRES,39,Unmatched,Missing,NoPostalAssertionUnderCurrentNormalization,5783,[],,[]
SENGKANG,336D,ANCHORVALE CRES,40,Unmatched,Missing,NoPostalAssertionUnderCurrentNormalization,5785,[],,[]
SENGKANG,338A,ANCHORVALE CRES,51,Unmatched,Missing,NoPostalAssertionUnderCurrentNormalization,5819,[],,[]
SENGKANG,338B,ANCHORVALE CRES,38,Unmatched,Missing,NoPostalAssertionUnderCurrentNormalization,5822,[],,[]
SENGKANG,338C,ANCHORVALE CRES,46,Unmatched,Missing,NoPostalAssertionUnderCurrentNormalization,5825,[],,[]
SENGKANG,338D,ANCHORVALE CRES,27,Unmatched,Missing,NoPostalAssertionUnderCurrentNormalization,5827,[],,[]
SENGKANG,351A,ANCHORVALE RD,32,Unmatched,Missing,NoPostalAssertionUnderCurrentNormalization,6031,[],,[]
SENGKANG,351B,ANCHORVALE RD,24,Unmatched,Missing,NoPostalAssertionUnderCurrentNormalization,6035,[],,[]
SENGKANG,351C,ANCHORVALE RD,18,Unmatched,Missing,NoPostalAssertionUnderCurrentNormalization,6037,[],,[]
SENGKANG,351D,ANCHORVALE RD,34,Unmatched,Missing,NoPostalAssertionUnderCurrentNormalization,6039,[],,[]
SENGKANG,356A,ANCHORVALE LANE,25,Unmatched,Missing,NoPostalAssertionUnderCurrentNormalization,6113,[],,[]
SENGKANG,405A,FERNVALE LANE,18,Unmatched,Missing,NoPostalAssertionUnderCurrentNormalization,6673,[],,[]
SENGKANG,405B,FERNVALE LANE,19,Unmatched,Missing,NoPostalAssertionUnderCurrentNormalization,6675,[],,[]
SENGKANG,405C,FERNVALE LANE,30,Unmatched,Missing,NoPostalAssertionUnderCurrentNormalization,6677,[],,[]
SENGKANG,406A,FERNVALE RD,24,Unmatched,Missing,NoPostalAssertionUnderCurrentNormalization,6694,[],,[]
SENGKANG,406B,FERNVALE RD,28,Unmatched,Missing,NoPostalAssertionUnderCurrentNormalization,6698,[],,[]
SENGKANG,406C,FERNVALE RD,48,Unmatched,Missing,NoPostalAssertionUnderCurrentNormalization,6700,[],,[]
SENGKANG,407A,FERNVALE RD,54,Unmatched,Missing,NoPostalAssertionUnderCurrentNormalization,6718,[],,[]
SENGKANG,407B,FERNVALE RD,52,Unmatched,Missing,NoPostalAssertionUnderCurrentNormalization,6720,[],,[]
SENGKANG,408A,FERNVALE RD,39,Unmatched,Missing,NoPostalAssertionUnderCurrentNormalization,6738,[],,[]
SENGKANG,408B,FERNVALE RD,38,Unmatched,Missing,NoPostalAssertionUnderCurrentNormalization,6740,[],,[]
SENGKANG,408C,FERNVALE RD,45,Unmatched,Missing,NoPostalAssertionUnderCurrentNormalization,6742,[],,[]
SENGKANG,409A,FERNVALE RD,38,Unmatched,Missing,NoPostalAssertionUnderCurrentNormalization,6760,[],,[]
SENGKANG,409B,FERNVALE RD,30,Unmatched,Missing,NoPostalAssertionUnderCurrentNormalization,6762,[],,[]
SENGKANG,410A,FERNVALE RD,58,Unmatched,Missing,NoPostalAssertionUnderCurrentNormalization,6801,[],,[]
SENGKANG,410B,FERNVALE RD,52,Unmatched,Missing,NoPostalAssertionUnderCurrentNormalization,6805,[],,[]
SENGKANG,410C,FERNVALE RD,65,Unmatched,Missing,NoPostalAssertionUnderCurrentNormalization,6806,[],,[]
SENGKANG,411A,FERNVALE RD,38,Unmatched,Missing,NoPostalAssertionUnderCurrentNormalization,6825,[],,[]
SENGKANG,411B,FERNVALE RD,63,Unmatched,Missing,NoPostalAssertionUnderCurrentNormalization,6827,[],,[]
SENGKANG,418A,FERNVALE LINK,67,Unmatched,Missing,NoPostalAssertionUnderCurrentNormalization,6972,[],,[]
SENGKANG,418B,FERNVALE LINK,54,Unmatched,Missing,NoPostalAssertionUnderCurrentNormalization,6973,[],,[]
SENGKANG,418C,FERNVALE LINK,32,Unmatched,Missing,NoPostalAssertionUnderCurrentNormalization,6974,[],,[]
SENGKANG,430C,FERNVALE LINK,54,Unmatched,Missing,NoPostalAssertionUnderCurrentNormalization,7216,[],,[]
SENGKANG,434A,FERNVALE RD,50,Unmatched,Missing,NoPostalAssertionUnderCurrentNormalization,7287,[],,[]
SENGKANG,434B,FERNVALE RD,73,Unmatched,Missing,NoPostalAssertionUnderCurrentNormalization,7288,[],,[]
SENGKANG,435A,FERNVALE RD,67,Unmatched,Missing,NoPostalAssertionUnderCurrentNormalization,7301,[],,[]
SENGKANG,435B,FERNVALE RD,71,Unmatched,Missing,NoPostalAssertionUnderCurrentNormalization,7305,[],,[]
SENGKANG,435C,FERNVALE RD,61,Unmatched,Missing,NoPostalAssertionUnderCurrentNormalization,7308,[],,[]
SENGKANG,436A,FERNVALE RD,42,Unmatched,Missing,NoPostalAssertionUnderCurrentNormalization,7321,[],,[]
SENGKANG,436B,FERNVALE RD,34,Unmatched,Missing,NoPostalAssertionUnderCurrentNormalization,7323,[],,[]
SENGKANG,436C,FERNVALE RD,49,Unmatched,Missing,NoPostalAssertionUnderCurrentNormalization,7325,[],,[]
SENGKANG,436D,FERNVALE RD,25,Unmatched,Missing,NoPostalAssertionUnderCurrentNormalization,7326,[],,[]
SENGKANG,438A,SENGKANG WEST AVE,27,Unmatched,Missing,NoPostalAssertionUnderCurrentNormalization,7351,[],,[]
SENGKANG,438B,SENGKANG WEST AVE,36,Unmatched,Missing,NoPostalAssertionUnderCurrentNormalization,7354,[],,[]
SENGKANG,439A,SENGKANG WEST AVE,39,Unmatched,Missing,NoPostalAssertionUnderCurrentNormalization,7368,[],,[]
SENGKANG,439B,SENGKANG WEST AVE,37,Unmatched,Missing,NoPostalAssertionUnderCurrentNormalization,7370,[],,[]
SENGKANG,439C,SENGKANG WEST AVE,34,Unmatched,Missing,NoPostalAssertionUnderCurrentNormalization,7372,[],,[]
SENGKANG,440B,FERNVALE LINK,77,Unmatched,Missing,NoPostalAssertionUnderCurrentNormalization,7410,[],,[]
SENGKANG,441A,FERNVALE RD,46,Unmatched,Missing,NoPostalAssertionUnderCurrentNormalization,7431,[],,[]
SENGKANG,441B,FERNVALE RD,47,Unmatched,Missing,NoPostalAssertionUnderCurrentNormalization,7435,[],,[]
SENGKANG,441C,FERNVALE RD,48,Unmatched,Missing,NoPostalAssertionUnderCurrentNormalization,7437,[],,[]
SENGKANG,441D,FERNVALE RD,47,Unmatched,Missing,NoPostalAssertionUnderCurrentNormalization,7438,[],,[]
SENGKANG,443A,FERNVALE RD,35,Unmatched,Missing,NoPostalAssertionUnderCurrentNormalization,7474,[],,[]
SENGKANG,443B,FERNVALE RD,58,Unmatched,Missing,NoPostalAssertionUnderCurrentNormalization,7479,[],,[]
SENGKANG,443C,FERNVALE RD,50,Unmatched,Missing,NoPostalAssertionUnderCurrentNormalization,7482,[],,[]
SENGKANG,445A,FERNVALE RD,64,Unmatched,Missing,NoPostalAssertionUnderCurrentNormalization,7509,[],,[]
SENGKANG,445B,FERNVALE RD,68,Unmatched,Missing,NoPostalAssertionUnderCurrentNormalization,7513,[],,[]
SENGKANG,446B,JLN KAYU,52,Unmatched,Missing,NoPostalAssertionUnderCurrentNormalization,7533,[],,[]
SENGKANG,446C,JLN KAYU,31,Unmatched,Missing,NoPostalAssertionUnderCurrentNormalization,7535,[],,[]
SENGKANG,447A,JLN KAYU,53,Unmatched,Missing,NoPostalAssertionUnderCurrentNormalization,7549,[],,[]
SENGKANG,447B,JLN KAYU,41,Unmatched,Missing,NoPostalAssertionUnderCurrentNormalization,7551,[],,[]
SENGKANG,448A,SENGKANG WEST WAY,64,Unmatched,Missing,NoPostalAssertionUnderCurrentNormalization,7568,[],,[]
SENGKANG,448B,SENGKANG WEST WAY,50,Unmatched,Missing,NoPostalAssertionUnderCurrentNormalization,7571,[],,[]
SENGKANG,450B,SENGKANG WEST WAY,35,Unmatched,Missing,NoPostalAssertionUnderCurrentNormalization,7622,[],,[]
SENGKANG,452A,SENGKANG WEST WAY,66,Unmatched,Missing,NoPostalAssertionUnderCurrentNormalization,7661,[],,[]
SENGKANG,453A,FERNVALE RD,51,Unmatched,Missing,NoPostalAssertionUnderCurrentNormalization,7678,[],,[]
SENGKANG,453B,FERNVALE RD,64,Unmatched,Missing,NoPostalAssertionUnderCurrentNormalization,7680,[],,[]
SENGKANG,453C,FERNVALE RD,49,Unmatched,Missing,NoPostalAssertionUnderCurrentNormalization,7681,[],,[]
SENGKANG,453D,FERNVALE RD,68,Unmatched,Missing,NoPostalAssertionUnderCurrentNormalization,7682,[],,[]
SENGKANG,455A,SENGKANG WEST AVE,21,Unmatched,Missing,NoPostalAssertionUnderCurrentNormalization,7708,[],,[]
SENGKANG,455B,SENGKANG WEST AVE,27,Unmatched,Missing,NoPostalAssertionUnderCurrentNormalization,7710,[],,[]
SENGKANG,456A,SENGKANG WEST RD,29,Unmatched,Missing,NoPostalAssertionUnderCurrentNormalization,7723,[],,[]
SENGKANG,456B,SENGKANG WEST RD,23,Unmatched,Missing,NoPostalAssertionUnderCurrentNormalization,7725,[],,[]
SENGKANG,457A,SENGKANG WEST RD,28,Unmatched,Missing,NoPostalAssertionUnderCurrentNormalization,7737,[],,[]
SENGKANG,457B,SENGKANG WEST RD,24,Unmatched,Missing,NoPostalAssertionUnderCurrentNormalization,7738,[],,[]
SENGKANG,458A,SENGKANG WEST RD,26,Unmatched,Missing,NoPostalAssertionUnderCurrentNormalization,7750,[],,[]
SENGKANG,458B,SENGKANG WEST RD,27,Unmatched,Missing,NoPostalAssertionUnderCurrentNormalization,7753,[],,[]
SENGKANG,458C,SENGKANG WEST RD,16,Unmatched,Missing,NoPostalAssertionUnderCurrentNormalization,7754,[],,[]
SENGKANG,470A,FERNVALE LINK,54,Unmatched,Missing,NoPostalAssertionUnderCurrentNormalization,8009,[],,[]
SENGKANG,470B,FERNVALE LINK,56,Unmatched,Missing,NoPostalAssertionUnderCurrentNormalization,8012,[],,[]
SENGKANG,471A,FERNVALE ST,54,Unmatched,Missing,NoPostalAssertionUnderCurrentNormalization,8026,[],,[]
SENGKANG,471B,FERNVALE ST,57,Unmatched,Missing,NoPostalAssertionUnderCurrentNormalization,8030,[],,[]
SENGKANG,471C,FERNVALE ST,52,Unmatched,Missing,NoPostalAssertionUnderCurrentNormalization,8033,[],,[]
SENGKANG,472A,FERNVALE ST,55,Unmatched,Missing,NoPostalAssertionUnderCurrentNormalization,8042,[],,[]
SENGKANG,472B,FERNVALE ST,33,Unmatched,Missing,NoPostalAssertionUnderCurrentNormalization,8044,[],,[]
SENGKANG,472C,FERNVALE ST,57,Unmatched,Missing,NoPostalAssertionUnderCurrentNormalization,8046,[],,[]
SENGKANG,473A,FERNVALE ST,22,Unmatched,Missing,NoPostalAssertionUnderCurrentNormalization,8057,[],,[]
SERANGOON,1,LOR LEW LIAN,42,Unmatched,Missing,NoPostalAssertionUnderCurrentNormalization,22,[],,[]
SERANGOON,101,SERANGOON NTH AVE 1,31,Unmatched,Missing,NoPostalAssertionUnderCurrentNormalization,122,[],,[]
SERANGOON,102,SERANGOON NTH AVE 1,7,Unmatched,Missing,NoPostalAssertionUnderCurrentNormalization,166,[],,[]
SERANGOON,103,SERANGOON NTH AVE 1,25,Unmatched,Missing,NoPostalAssertionUnderCurrentNormalization,206,[],,[]
SERANGOON,104,SERANGOON NTH AVE 1,9,Unmatched,Missing,NoPostalAssertionUnderCurrentNormalization,244,[],,[]
SERANGOON,105,SERANGOON NTH AVE 1,26,Unmatched,Missing,NoPostalAssertionUnderCurrentNormalization,289,[],,[]
SERANGOON,106,SERANGOON NTH AVE 1,19,Unmatched,Missing,NoPostalAssertionUnderCurrentNormalization,330,[],,[]
SERANGOON,107,SERANGOON NTH AVE 1,24,Unmatched,Missing,NoPostalAssertionUnderCurrentNormalization,372,[],,[]
SERANGOON,108,SERANGOON NTH AVE 1,30,Unmatched,Missing,NoPostalAssertionUnderCurrentNormalization,416,[],,[]
SERANGOON,109,SERANGOON NTH AVE 1,21,Unmatched,Missing,NoPostalAssertionUnderCurrentNormalization,457,[],,[]
SERANGOON,110,SERANGOON NTH AVE 1,8,Unmatched,Missing,NoPostalAssertionUnderCurrentNormalization,523,[],,[]
SERANGOON,111,SERANGOON NTH AVE 1,33,Unmatched,Missing,NoPostalAssertionUnderCurrentNormalization,562,[],,[]
SERANGOON,112,SERANGOON NTH AVE 1,5,Unmatched,Missing,NoPostalAssertionUnderCurrentNormalization,600,[],,[]
SERANGOON,113,SERANGOON NTH AVE 1,11,Unmatched,Missing,NoPostalAssertionUnderCurrentNormalization,639,[],,[]
SERANGOON,114,SERANGOON NTH AVE 1,22,Unmatched,Missing,NoPostalAssertionUnderCurrentNormalization,682,[],,[]
SERANGOON,115,SERANGOON NTH AVE 1,15,Unmatched,Missing,NoPostalAssertionUnderCurrentNormalization,720,[],,[]
SERANGOON,116,SERANGOON NTH AVE 1,21,Unmatched,Missing,NoPostalAssertionUnderCurrentNormalization,762,[],,[]
SERANGOON,117,SERANGOON NTH AVE 1,18,Unmatched,Missing,NoPostalAssertionUnderCurrentNormalization,800,[],,[]
SERANGOON,118,SERANGOON NTH AVE 1,17,Unmatched,Missing,NoPostalAssertionUnderCurrentNormalization,837,[],,[]
SERANGOON,119,SERANGOON NTH AVE 1,4,Unmatched,Missing,NoPostalAssertionUnderCurrentNormalization,876,[],,[]
SERANGOON,120,SERANGOON NTH AVE 1,12,Unmatched,Missing,NoPostalAssertionUnderCurrentNormalization,948,[],,[]
SERANGOON,121,SERANGOON NTH AVE 1,16,Unmatched,Missing,NoPostalAssertionUnderCurrentNormalization,990,[],,[]
SERANGOON,122,SERANGOON NTH AVE 1,5,Unmatched,Missing,NoPostalAssertionUnderCurrentNormalization,1028,[],,[]
SERANGOON,123,SERANGOON NTH AVE 1,46,Unmatched,Missing,NoPostalAssertionUnderCurrentNormalization,1063,[],,[]
SERANGOON,124,SERANGOON NTH AVE 1,15,Unmatched,Missing,NoPostalAssertionUnderCurrentNormalization,1094,[],,[]
SERANGOON,125,SERANGOON NTH AVE 1,27,Unmatched,Missing,NoPostalAssertionUnderCurrentNormalization,1124,[],,[]
SERANGOON,126,SERANGOON NTH AVE 1,21,Unmatched,Missing,NoPostalAssertionUnderCurrentNormalization,1153,[],,[]
SERANGOON,127,SERANGOON NTH AVE 1,14,Unmatched,Missing,NoPostalAssertionUnderCurrentNormalization,1191,[],,[]
SERANGOON,135,SERANGOON NTH AVE 2,14,Unmatched,Missing,NoPostalAssertionUnderCurrentNormalization,1441,[],,[]
SERANGOON,136,SERANGOON NTH AVE 2,5,Unmatched,Missing,NoPostalAssertionUnderCurrentNormalization,1464,[],,[]
SERANGOON,137,SERANGOON NTH AVE 2,11,Unmatched,Missing,NoPostalAssertionUnderCurrentNormalization,1482,[],,[]
SERANGOON,138,SERANGOON NTH AVE 2,3,Unmatched,Missing,NoPostalAssertionUnderCurrentNormalization,1505,[],,[]
SERANGOON,139,SERANGOON NTH AVE 2,11,Unmatched,Missing,NoPostalAssertionUnderCurrentNormalization,1530,[],,[]
SERANGOON,140,SERANGOON NTH AVE 2,17,Unmatched,Missing,NoPostalAssertionUnderCurrentNormalization,1578,[],,[]
SERANGOON,141,SERANGOON NTH AVE 2,22,Unmatched,Missing,NoPostalAssertionUnderCurrentNormalization,1598,[],,[]
SERANGOON,142,SERANGOON NTH AVE 1,13,Unmatched,Missing,NoPostalAssertionUnderCurrentNormalization,1619,[],,[]
SERANGOON,143,SERANGOON NTH AVE 1,23,Unmatched,Missing,NoPostalAssertionUnderCurrentNormalization,1640,[],,[]
SERANGOON,144,SERANGOON NTH AVE 1,21,Unmatched,Missing,NoPostalAssertionUnderCurrentNormalization,1655,[],,[]
SERANGOON,145,SERANGOON NTH AVE 1,14,Unmatched,Missing,NoPostalAssertionUnderCurrentNormalization,1672,[],,[]
SERANGOON,146,SERANGOON NTH AVE 1,18,Unmatched,Missing,NoPostalAssertionUnderCurrentNormalization,1689,[],,[]
SERANGOON,147,SERANGOON NTH AVE 1,37,Unmatched,Missing,NoPostalAssertionUnderCurrentNormalization,1708,[],,[]
SERANGOON,148,SERANGOON NTH AVE 1,11,Unmatched,Missing,NoPostalAssertionUnderCurrentNormalization,1726,[],,[]
SERANGOON,151,SERANGOON NTH AVE 2,13,Unmatched,Missing,NoPostalAssertionUnderCurrentNormalization,1801,[],,[]
SERANGOON,152,SERANGOON NTH AVE 1,22,Unmatched,Missing,NoPostalAssertionUnderCurrentNormalization,1821,[],,[]
SERANGOON,153,SERANGOON NTH AVE 1,21,Unmatched,Missing,NoPostalAssertionUnderCurrentNormalization,1843,[],,[]
SERANGOON,154,SERANGOON NTH AVE 1,27,Unmatched,Missing,NoPostalAssertionUnderCurrentNormalization,1865,[],,[]
SERANGOON,2,LOR LEW LIAN,39,Unmatched,Missing,NoPostalAssertionUnderCurrentNormalization,2745,[],,[]
SERANGOON,201,SERANGOON CTRL,24,Unmatched,Missing,NoPostalAssertionUnderCurrentNormalization,2829,[],,[]
SERANGOON,202,SERANGOON CTRL,14,Unmatched,Missing,NoPostalAssertionUnderCurrentNormalization,2864,[],,[]
SERANGOON,203,SERANGOON CTRL,20,Unmatched,Missing,NoPostalAssertionUnderCurrentNormalization,2891,[],,[]
SERANGOON,204,SERANGOON CTRL,25,Unmatched,Missing,NoPostalAssertionUnderCurrentNormalization,2917,[],,[]
SERANGOON,205,SERANGOON CTRL,22,Unmatched,Missing,NoPostalAssertionUnderCurrentNormalization,2943,[],,[]
SERANGOON,206,SERANGOON CTRL,34,Unmatched,Missing,NoPostalAssertionUnderCurrentNormalization,2965,[],,[]
SERANGOON,207,SERANGOON CTRL,23,Unmatched,Missing,NoPostalAssertionUnderCurrentNormalization,2993,[],,[]
SERANGOON,208,SERANGOON CTRL,17,Unmatched,Missing,NoPostalAssertionUnderCurrentNormalization,3027,[],,[]
SERANGOON,209,SERANGOON CTRL,23,Unmatched,Missing,NoPostalAssertionUnderCurrentNormalization,3060,[],,[]
SERANGOON,210,SERANGOON CTRL,25,Unmatched,Missing,NoPostalAssertionUnderCurrentNormalization,3113,[],,[]
SERANGOON,219,SERANGOON AVE 4,38,Unmatched,Missing,NoPostalAssertionUnderCurrentNormalization,3349,[],,[]
SERANGOON,221,SERANGOON AVE 4,46,Unmatched,Missing,NoPostalAssertionUnderCurrentNormalization,3424,[],,[]
SERANGOON,224,SERANGOON AVE 4,17,Unmatched,Missing,NoPostalAssertionUnderCurrentNormalization,3493,[],,[]
SERANGOON,227,SERANGOON AVE 4,20,Unmatched,Missing,NoPostalAssertionUnderCurrentNormalization,3575,[],,[]
SERANGOON,228,SERANGOON AVE 4,22,Unmatched,Missing,NoPostalAssertionUnderCurrentNormalization,3600,[],,[]
SERANGOON,230,SERANGOON AVE 4,25,Unmatched,Missing,NoPostalAssertionUnderCurrentNormalization,3667,[],,[]
SERANGOON,232,SERANGOON AVE 3,18,Unmatched,Missing,NoPostalAssertionUnderCurrentNormalization,3717,[],,[]
SERANGOON,232A,SERANGOON AVE 2,25,Unmatched,Missing,NoPostalAssertionUnderCurrentNormalization,3722,[],,[]
SERANGOON,234,SERANGOON AVE 3,20,Unmatched,Missing,NoPostalAssertionUnderCurrentNormalization,3762,[],,[]
SERANGOON,236A,SERANGOON AVE 2,15,Unmatched,Missing,NoPostalAssertionUnderCurrentNormalization,3802,[],,[]
SERANGOON,238,SERANGOON AVE 2,14,Unmatched,Missing,NoPostalAssertionUnderCurrentNormalization,3833,[],,[]
SERANGOON,242,SERANGOON AVE 3,23,Unmatched,Missing,NoPostalAssertionUnderCurrentNormalization,3912,[],,[]
SERANGOON,243,SERANGOON AVE 2,20,Unmatched,Missing,NoPostalAssertionUnderCurrentNormalization,3923,[],,[]
SERANGOON,244,SERANGOON AVE 2,1,Unmatched,Missing,NoPostalAssertionUnderCurrentNormalization,3939,[],,[]
SERANGOON,253,SERANGOON CTRL DR,7,Unmatched,Missing,NoPostalAssertionUnderCurrentNormalization,4082,[],,[]
SERANGOON,254,SERANGOON CTRL DR,6,Unmatched,Missing,NoPostalAssertionUnderCurrentNormalization,4098,[],,[]
SERANGOON,255,SERANGOON CTRL DR,29,Unmatched,Missing,NoPostalAssertionUnderCurrentNormalization,4111,[],,[]
SERANGOON,256,SERANGOON CTRL DR,21,Unmatched,Missing,NoPostalAssertionUnderCurrentNormalization,4125,[],,[]
SERANGOON,257,SERANGOON CTRL DR,23,Unmatched,Missing,NoPostalAssertionUnderCurrentNormalization,4147,[],,[]
SERANGOON,258,SERANGOON CTRL DR,22,Unmatched,Missing,NoPostalAssertionUnderCurrentNormalization,4167,[],,[]
SERANGOON,261,SERANGOON CTRL DR,13,Unmatched,Missing,NoPostalAssertionUnderCurrentNormalization,4244,[],,[]
SERANGOON,262,SERANGOON CTRL DR,10,Unmatched,Missing,NoPostalAssertionUnderCurrentNormalization,4262,[],,[]
SERANGOON,263,SERANGOON CTRL DR,9,Unmatched,Missing,NoPostalAssertionUnderCurrentNormalization,4277,[],,[]
SERANGOON,3,LOR LEW LIAN,17,Unmatched,Missing,NoPostalAssertionUnderCurrentNormalization,4911,[],,[]
SERANGOON,308,SERANGOON AVE 2,16,Unmatched,Missing,NoPostalAssertionUnderCurrentNormalization,5141,[],,[]
SERANGOON,311,SERANGOON AVE 2,5,Unmatched,Missing,NoPostalAssertionUnderCurrentNormalization,5226,[],,[]
SERANGOON,313,SERANGOON AVE 2,6,Unmatched,Missing,NoPostalAssertionUnderCurrentNormalization,5269,[],,[]
SERANGOON,314,SERANGOON AVE 2,7,Unmatched,Missing,NoPostalAssertionUnderCurrentNormalization,5291,[],,[]
SERANGOON,316,SERANGOON AVE 2,3,Unmatched,Missing,NoPostalAssertionUnderCurrentNormalization,5329,[],,[]
SERANGOON,323,SERANGOON AVE 3,27,Unmatched,Missing,NoPostalAssertionUnderCurrentNormalization,5500,[],,[]
SERANGOON,4,LOR LEW LIAN,32,Unmatched,Missing,NoPostalAssertionUnderCurrentNormalization,6517,[],,[]
SERANGOON,402,SERANGOON AVE 1,14,Unmatched,Missing,NoPostalAssertionUnderCurrentNormalization,6603,[],,[]
SERANGOON,404,SERANGOON AVE 1,15,Unmatched,Missing,NoPostalAssertionUnderCurrentNormalization,6647,[],,[]
SERANGOON,405,SERANGOON AVE 1,16,Unmatched,Missing,NoPostalAssertionUnderCurrentNormalization,6668,[],,[]
SERANGOON,409,SERANGOON CTRL,18,Unmatched,Missing,NoPostalAssertionUnderCurrentNormalization,6755,[],,[]
SERANGOON,410,SERANGOON CTRL,9,Unmatched,Missing,NoPostalAssertionUnderCurrentNormalization,6795,[],,[]
SERANGOON,411,SERANGOON CTRL,14,Unmatched,Missing,NoPostalAssertionUnderCurrentNormalization,6821,[],,[]
SERANGOON,412,SERANGOON CTRL,10,Unmatched,Missing,NoPostalAssertionUnderCurrentNormalization,6841,[],,[]
SERANGOON,413,SERANGOON CTRL,9,Unmatched,Missing,NoPostalAssertionUnderCurrentNormalization,6863,[],,[]
SERANGOON,414,SERANGOON CTRL,8,Unmatched,Missing,NoPostalAssertionUnderCurrentNormalization,6887,[],,[]
SERANGOON,415,SERANGOON CTRL,11,Unmatched,Missing,NoPostalAssertionUnderCurrentNormalization,6905,[],,[]
SERANGOON,416,SERANGOON CTRL,9,Unmatched,Missing,NoPostalAssertionUnderCurrentNormalization,6931,[],,[]
SERANGOON,417,SERANGOON CTRL,8,Unmatched,Missing,NoPostalAssertionUnderCurrentNormalization,6952,[],,[]
SERANGOON,418,SERANGOON CTRL,14,Unmatched,Missing,NoPostalAssertionUnderCurrentNormalization,6968,[],,[]
SERANGOON,419,SERANGOON CTRL,21,Unmatched,Missing,NoPostalAssertionUnderCurrentNormalization,6985,[],,[]
SERANGOON,420,SERANGOON CTRL,18,Unmatched,Missing,NoPostalAssertionUnderCurrentNormalization,7021,[],,[]
SERANGOON,421,SERANGOON CTRL,16,Unmatched,Missing,NoPostalAssertionUnderCurrentNormalization,7040,[],,[]
SERANGOON,422,SERANGOON CTRL,18,Unmatched,Missing,NoPostalAssertionUnderCurrentNormalization,7059,[],,[]
SERANGOON,423,SERANGOON CTRL,13,Unmatched,Missing,NoPostalAssertionUnderCurrentNormalization,7074,[],,[]
SERANGOON,424,SERANGOON CTRL,26,Unmatched,Missing,NoPostalAssertionUnderCurrentNormalization,7092,[],,[]
SERANGOON,425,SERANGOON AVE 1,25,Unmatched,Missing,NoPostalAssertionUnderCurrentNormalization,7113,[],,[]
SERANGOON,426,SERANGOON AVE 1,18,Unmatched,Missing,NoPostalAssertionUnderCurrentNormalization,7128,[],,[]
SERANGOON,427,SERANGOON CTRL,17,Unmatched,Missing,NoPostalAssertionUnderCurrentNormalization,7145,[],,[]
SERANGOON,5,LOR LEW LIAN,30,Unmatched,Missing,NoPostalAssertionUnderCurrentNormalization,8398,[],,[]
SERANGOON,500,SERANGOON NTH AVE 4,19,Unmatched,Missing,NoPostalAssertionUnderCurrentNormalization,8438,[],,[]
SERANGOON,501,SERANGOON NTH AVE 4,13,Unmatched,Missing,NoPostalAssertionUnderCurrentNormalization,8449,[],,[]
SERANGOON,502,SERANGOON NTH AVE 4,14,Unmatched,Missing,NoPostalAssertionUnderCurrentNormalization,8469,[],,[]
SERANGOON,504,SERANGOON NTH AVE 4,12,Unmatched,Missing,NoPostalAssertionUnderCurrentNormalization,8512,[],,[]
SERANGOON,505,SERANGOON NTH AVE 4,15,Unmatched,Missing,NoPostalAssertionUnderCurrentNormalization,8536,[],,[]
SERANGOON,506,SERANGOON NTH AVE 4,13,Unmatched,Missing,NoPostalAssertionUnderCurrentNormalization,8560,[],,[]
SERANGOON,506A,SERANGOON NTH AVE 4,15,Unmatched,Missing,NoPostalAssertionUnderCurrentNormalization,8566,[],,[]
SERANGOON,506B,SERANGOON NTH AVE 4,16,Unmatched,Missing,NoPostalAssertionUnderCurrentNormalization,8569,[],,[]
SERANGOON,507,SERANGOON NTH AVE 4,22,Unmatched,Missing,NoPostalAssertionUnderCurrentNormalization,8581,[],,[]
SERANGOON,508,SERANGOON NTH AVE 4,22,Unmatched,Missing,NoPostalAssertionUnderCurrentNormalization,8602,[],,[]
SERANGOON,509,SERANGOON NTH AVE 4,19,Unmatched,Missing,NoPostalAssertionUnderCurrentNormalization,8621,[],,[]
SERANGOON,510,SERANGOON NTH AVE 4,20,Unmatched,Missing,NoPostalAssertionUnderCurrentNormalization,8661,[],,[]
SERANGOON,511,SERANGOON NTH AVE 4,25,Unmatched,Missing,NoPostalAssertionUnderCurrentNormalization,8680,[],,[]
SERANGOON,512,SERANGOON NTH AVE 4,17,Unmatched,Missing,NoPostalAssertionUnderCurrentNormalization,8698,[],,[]
SERANGOON,514,SERANGOON NTH AVE 4,10,Unmatched,Missing,NoPostalAssertionUnderCurrentNormalization,8736,[],,[]
SERANGOON,515,SERANGOON NTH AVE 4,4,Unmatched,Missing,NoPostalAssertionUnderCurrentNormalization,8748,[],,[]
SERANGOON,516,SERANGOON NTH AVE 4,12,Unmatched,Missing,NoPostalAssertionUnderCurrentNormalization,8762,[],,[]
SERANGOON,517,SERANGOON NTH AVE 4,11,Unmatched,Missing,NoPostalAssertionUnderCurrentNormalization,8772,[],,[]
SERANGOON,518,SERANGOON NTH AVE 4,18,Unmatched,Missing,NoPostalAssertionUnderCurrentNormalization,8788,[],,[]
SERANGOON,519,SERANGOON NTH AVE 4,23,Unmatched,Missing,NoPostalAssertionUnderCurrentNormalization,8801,[],,[]
SERANGOON,520,SERANGOON NTH AVE 4,23,Unmatched,Missing,NoPostalAssertionUnderCurrentNormalization,8838,[],,[]
SERANGOON,521,SERANGOON NTH AVE 4,15,Unmatched,Missing,NoPostalAssertionUnderCurrentNormalization,8850,[],,[]
SERANGOON,522,SERANGOON NTH AVE 4,11,Unmatched,Missing,NoPostalAssertionUnderCurrentNormalization,8860,[],,[]
SERANGOON,523,SERANGOON NTH AVE 4,21,Unmatched,Missing,NoPostalAssertionUnderCurrentNormalization,8873,[],,[]
SERANGOON,524,SERANGOON NTH AVE 4,14,Unmatched,Missing,NoPostalAssertionUnderCurrentNormalization,8887,[],,[]
SERANGOON,525,SERANGOON NTH AVE 4,17,Unmatched,Missing,NoPostalAssertionUnderCurrentNormalization,8904,[],,[]
SERANGOON,526,SERANGOON NTH AVE 4,24,Unmatched,Missing,NoPostalAssertionUnderCurrentNormalization,8919,[],,[]
SERANGOON,527,SERANGOON NTH AVE 4,13,Unmatched,Missing,NoPostalAssertionUnderCurrentNormalization,8933,[],,[]
SERANGOON,528,SERANGOON NTH AVE 4,12,Unmatched,Missing,NoPostalAssertionUnderCurrentNormalization,8949,[],,[]
SERANGOON,529,SERANGOON NTH AVE 4,12,Unmatched,Missing,NoPostalAssertionUnderCurrentNormalization,8961,[],,[]
SERANGOON,530,SERANGOON NTH AVE 4,13,Unmatched,Missing,NoPostalAssertionUnderCurrentNormalization,8993,[],,[]
SERANGOON,531,SERANGOON NTH AVE 4,8,Unmatched,Missing,NoPostalAssertionUnderCurrentNormalization,9009,[],,[]
SERANGOON,532,SERANGOON NTH AVE 4,22,Unmatched,Missing,NoPostalAssertionUnderCurrentNormalization,9021,[],,[]
SERANGOON,533,SERANGOON NTH AVE 4,19,Unmatched,Missing,NoPostalAssertionUnderCurrentNormalization,9036,[],,[]
SERANGOON,534,SERANGOON NTH AVE 4,15,Unmatched,Missing,NoPostalAssertionUnderCurrentNormalization,9049,[],,[]
SERANGOON,535,SERANGOON NTH AVE 4,21,Unmatched,Missing,NoPostalAssertionUnderCurrentNormalization,9059,[],,[]
SERANGOON,535A,SERANGOON NTH AVE 4,12,Unmatched,Missing,NoPostalAssertionUnderCurrentNormalization,9063,[],,[]
SERANGOON,536,SERANGOON NTH AVE 4,11,Unmatched,Missing,NoPostalAssertionUnderCurrentNormalization,9074,[],,[]
SERANGOON,537,SERANGOON NTH AVE 4,31,Unmatched,Missing,NoPostalAssertionUnderCurrentNormalization,9086,[],,[]
SERANGOON,538,SERANGOON NTH AVE 4,22,Unmatched,Missing,NoPostalAssertionUnderCurrentNormalization,9095,[],,[]
SERANGOON,539,SERANGOON NTH AVE 4,25,Unmatched,Missing,NoPostalAssertionUnderCurrentNormalization,9108,[],,[]
SERANGOON,540,SERANGOON NTH AVE 4,24,Unmatched,Missing,NoPostalAssertionUnderCurrentNormalization,9135,[],,[]
SERANGOON,541,SERANGOON NTH AVE 4,22,Unmatched,Missing,NoPostalAssertionUnderCurrentNormalization,9145,[],,[]
SERANGOON,542,SERANGOON NTH AVE 4,34,Unmatched,Missing,NoPostalAssertionUnderCurrentNormalization,9157,[],,[]
SERANGOON,543,SERANGOON NTH AVE 3,15,Unmatched,Missing,NoPostalAssertionUnderCurrentNormalization,9168,[],,[]
SERANGOON,544,SERANGOON NTH AVE 3,16,Unmatched,Missing,NoPostalAssertionUnderCurrentNormalization,9177,[],,[]
SERANGOON,545,SERANGOON NTH AVE 3,23,Unmatched,Missing,NoPostalAssertionUnderCurrentNormalization,9187,[],,[]
SERANGOON,546,SERANGOON NTH AVE 3,29,Unmatched,Missing,NoPostalAssertionUnderCurrentNormalization,9195,[],,[]
SERANGOON,547,SERANGOON NTH AVE 3,29,Unmatched,Missing,NoPostalAssertionUnderCurrentNormalization,9211,[],,[]
SERANGOON,548,SERANGOON NTH AVE 3,43,Unmatched,Missing,NoPostalAssertionUnderCurrentNormalization,9226,[],,[]
SERANGOON,549,SERANGOON NTH AVE 3,19,Unmatched,Missing,NoPostalAssertionUnderCurrentNormalization,9238,[],,[]
SERANGOON,550,SERANGOON NTH AVE 3,15,Unmatched,Missing,NoPostalAssertionUnderCurrentNormalization,9264,[],,[]
SERANGOON,551,SERANGOON NTH AVE 3,15,Unmatched,Missing,NoPostalAssertionUnderCurrentNormalization,9276,[],,[]
SERANGOON,552,SERANGOON NTH AVE 3,15,Unmatched,Missing,NoPostalAssertionUnderCurrentNormalization,9284,[],,[]
SERANGOON,553,SERANGOON NTH AVE 3,15,Unmatched,Missing,NoPostalAssertionUnderCurrentNormalization,9294,[],,[]
SERANGOON,554,SERANGOON NTH AVE 3,11,Unmatched,Missing,NoPostalAssertionUnderCurrentNormalization,9302,[],,[]
SERANGOON,6,LOR LEW LIAN,15,Unmatched,Missing,NoPostalAssertionUnderCurrentNormalization,9638,[],,[]
SERANGOON,7,LOR LEW LIAN,13,Unmatched,Missing,NoPostalAssertionUnderCurrentNormalization,11237,[],,[]
SERANGOON,8,LOR LEW LIAN,19,Unmatched,Missing,NoPostalAssertionUnderCurrentNormalization,12069,[],,[]
TAMPINES,101,SIMEI ST 1,25,Unmatched,Missing,NoPostalAssertionUnderCurrentNormalization,123,[],,[]
TAMPINES,101,TAMPINES ST 11,25,Unmatched,Missing,NoPostalAssertionUnderCurrentNormalization,125,[],,[]
TAMPINES,102,SIMEI ST 1,23,Unmatched,Missing,NoPostalAssertionUnderCurrentNormalization,167,[],,[]
TAMPINES,102,TAMPINES ST 11,28,Unmatched,Missing,NoPostalAssertionUnderCurrentNormalization,169,[],,[]
TAMPINES,103,TAMPINES ST 11,26,Unmatched,Missing,NoPostalAssertionUnderCurrentNormalization,208,[],,[]
TAMPINES,104,TAMPINES ST 11,22,Unmatched,Missing,NoPostalAssertionUnderCurrentNormalization,246,[],,[]
TAMPINES,105,SIMEI ST 1,10,Unmatched,Missing,NoPostalAssertionUnderCurrentNormalization,290,[],,[]
TAMPINES,105,TAMPINES ST 11,26,Unmatched,Missing,NoPostalAssertionUnderCurrentNormalization,292,[],,[]
TAMPINES,106,SIMEI ST 1,26,Unmatched,Missing,NoPostalAssertionUnderCurrentNormalization,331,[],,[]
TAMPINES,106,TAMPINES ST 11,16,Unmatched,Missing,NoPostalAssertionUnderCurrentNormalization,333,[],,[]
TAMPINES,107,SIMEI ST 1,24,Unmatched,Missing,NoPostalAssertionUnderCurrentNormalization,373,[],,[]
TAMPINES,107,TAMPINES ST 11,25,Unmatched,Missing,NoPostalAssertionUnderCurrentNormalization,375,[],,[]
TAMPINES,108,SIMEI ST 1,13,Unmatched,Missing,NoPostalAssertionUnderCurrentNormalization,417,[],,[]
TAMPINES,108,TAMPINES ST 11,27,Unmatched,Missing,NoPostalAssertionUnderCurrentNormalization,419,[],,[]
TAMPINES,109,SIMEI ST 1,21,Unmatched,Missing,NoPostalAssertionUnderCurrentNormalization,458,[],,[]
TAMPINES,109,TAMPINES ST 11,41,Unmatched,Missing,NoPostalAssertionUnderCurrentNormalization,460,[],,[]
TAMPINES,110,SIMEI ST 1,4,Unmatched,Missing,NoPostalAssertionUnderCurrentNormalization,524,[],,[]
TAMPINES,110,TAMPINES ST 11,29,Unmatched,Missing,NoPostalAssertionUnderCurrentNormalization,526,[],,[]
TAMPINES,111,SIMEI ST 1,4,Unmatched,Missing,NoPostalAssertionUnderCurrentNormalization,563,[],,[]
TAMPINES,111,TAMPINES ST 11,29,Unmatched,Missing,NoPostalAssertionUnderCurrentNormalization,564,[],,[]
TAMPINES,112,SIMEI ST 1,31,Unmatched,Missing,NoPostalAssertionUnderCurrentNormalization,601,[],,[]
TAMPINES,112,TAMPINES ST 11,21,Unmatched,Missing,NoPostalAssertionUnderCurrentNormalization,602,[],,[]
TAMPINES,113,SIMEI ST 1,19,Unmatched,Missing,NoPostalAssertionUnderCurrentNormalization,640,[],,[]
TAMPINES,113,TAMPINES ST 11,21,Unmatched,Missing,NoPostalAssertionUnderCurrentNormalization,641,[],,[]
TAMPINES,114,SIMEI ST 1,24,Unmatched,Missing,NoPostalAssertionUnderCurrentNormalization,683,[],,[]
TAMPINES,114,TAMPINES ST 11,17,Unmatched,Missing,NoPostalAssertionUnderCurrentNormalization,684,[],,[]
TAMPINES,116,SIMEI ST 1,30,Unmatched,Missing,NoPostalAssertionUnderCurrentNormalization,763,[],,[]
TAMPINES,117,SIMEI ST 1,29,Unmatched,Missing,NoPostalAssertionUnderCurrentNormalization,801,[],,[]
TAMPINES,119,SIMEI ST 1,18,Unmatched,Missing,NoPostalAssertionUnderCurrentNormalization,877,[],,[]
TAMPINES,120,SIMEI ST 1,19,Unmatched,Missing,NoPostalAssertionUnderCurrentNormalization,949,[],,[]
TAMPINES,122,SIMEI ST 1,25,Unmatched,Missing,NoPostalAssertionUnderCurrentNormalization,1030,[],,[]
TAMPINES,123,SIMEI ST 1,38,Unmatched,Missing,NoPostalAssertionUnderCurrentNormalization,1064,[],,[]
TAMPINES,124,SIMEI ST 1,32,Unmatched,Missing,NoPostalAssertionUnderCurrentNormalization,1095,[],,[]
TAMPINES,124,TAMPINES ST 11,34,Unmatched,Missing,NoPostalAssertionUnderCurrentNormalization,1096,[],,[]
TAMPINES,125,TAMPINES ST 11,32,Unmatched,Missing,NoPostalAssertionUnderCurrentNormalization,1126,[],,[]
TAMPINES,126,SIMEI ST 1,35,Unmatched,Missing,NoPostalAssertionUnderCurrentNormalization,1154,[],,[]
TAMPINES,126,TAMPINES ST 11,28,Unmatched,Missing,NoPostalAssertionUnderCurrentNormalization,1155,[],,[]
TAMPINES,127,SIMEI ST 1,22,Unmatched,Missing,NoPostalAssertionUnderCurrentNormalization,1192,[],,[]
TAMPINES,127,TAMPINES ST 11,16,Unmatched,Missing,NoPostalAssertionUnderCurrentNormalization,1193,[],,[]
TAMPINES,128,SIMEI ST 1,4,Unmatched,Missing,NoPostalAssertionUnderCurrentNormalization,1219,[],,[]
TAMPINES,129,SIMEI ST 1,7,Unmatched,Missing,NoPostalAssertionUnderCurrentNormalization,1251,[],,[]
TAMPINES,130,SIMEI ST 1,20,Unmatched,Missing,NoPostalAssertionUnderCurrentNormalization,1307,[],,[]
TAMPINES,131,SIMEI ST 1,17,Unmatched,Missing,NoPostalAssertionUnderCurrentNormalization,1335,[],,[]
TAMPINES,132,SIMEI ST 1,20,Unmatched,Missing,NoPostalAssertionUnderCurrentNormalization,1369,[],,[]
TAMPINES,133,SIMEI ST 1,16,Unmatched,Missing,NoPostalAssertionUnderCurrentNormalization,1396,[],,[]
TAMPINES,134,SIMEI ST 1,28,Unmatched,Missing,NoPostalAssertionUnderCurrentNormalization,1420,[],,[]
TAMPINES,135,SIMEI ST 1,24,Unmatched,Missing,NoPostalAssertionUnderCurrentNormalization,1442,[],,[]
TAMPINES,136,SIMEI ST 1,19,Unmatched,Missing,NoPostalAssertionUnderCurrentNormalization,1465,[],,[]
TAMPINES,137,SIMEI ST 1,19,Unmatched,Missing,NoPostalAssertionUnderCurrentNormalization,1483,[],,[]
TAMPINES,138,SIMEI ST 1,24,Unmatched,Missing,NoPostalAssertionUnderCurrentNormalization,1506,[],,[]
TAMPINES,138,TAMPINES ST 11,14,Unmatched,Missing,NoPostalAssertionUnderCurrentNormalization,1507,[],,[]
TAMPINES,139,SIMEI ST 1,13,Unmatched,Missing,NoPostalAssertionUnderCurrentNormalization,1531,[],,[]
TAMPINES,139,TAMPINES ST 11,18,Unmatched,Missing,NoPostalAssertionUnderCurrentNormalization,1532,[],,[]
TAMPINES,140,TAMPINES ST 12,24,Unmatched,Missing,NoPostalAssertionUnderCurrentNormalization,1579,[],,[]
TAMPINES,141,SIMEI ST 2,29,Unmatched,Missing,NoPostalAssertionUnderCurrentNormalization,1599,[],,[]
TAMPINES,141,TAMPINES ST 12,24,Unmatched,Missing,NoPostalAssertionUnderCurrentNormalization,1600,[],,[]
TAMPINES,142,SIMEI ST 2,18,Unmatched,Missing,NoPostalAssertionUnderCurrentNormalization,1620,[],,[]
TAMPINES,142,TAMPINES ST 12,15,Unmatched,Missing,NoPostalAssertionUnderCurrentNormalization,1621,[],,[]
TAMPINES,143,TAMPINES ST 12,24,Unmatched,Missing,NoPostalAssertionUnderCurrentNormalization,1641,[],,[]
TAMPINES,144,SIMEI ST 2,2,Unmatched,Missing,NoPostalAssertionUnderCurrentNormalization,1656,[],,[]
TAMPINES,144,TAMPINES ST 12,27,Unmatched,Missing,NoPostalAssertionUnderCurrentNormalization,1657,[],,[]
TAMPINES,145,SIMEI ST 2,18,Unmatched,Missing,NoPostalAssertionUnderCurrentNormalization,1673,[],,[]
TAMPINES,145,TAMPINES ST 12,29,Unmatched,Missing,NoPostalAssertionUnderCurrentNormalization,1674,[],,[]
TAMPINES,146,SIMEI ST 2,25,Unmatched,Missing,NoPostalAssertionUnderCurrentNormalization,1690,[],,[]
TAMPINES,147,SIMEI ST 2,8,Unmatched,Missing,NoPostalAssertionUnderCurrentNormalization,1709,[],,[]
TAMPINES,147,TAMPINES AVE 5,24,Unmatched,Missing,NoPostalAssertionUnderCurrentNormalization,1711,[],,[]
TAMPINES,148,SIMEI ST 1,25,Unmatched,Missing,NoPostalAssertionUnderCurrentNormalization,1727,[],,[]
TAMPINES,149,SIMEI ST 1,26,Unmatched,Missing,NoPostalAssertionUnderCurrentNormalization,1744,[],,[]
TAMPINES,149,TAMPINES ST 12,24,Unmatched,Missing,NoPostalAssertionUnderCurrentNormalization,1745,[],,[]
TAMPINES,150,SIMEI ST 1,33,Unmatched,Missing,NoPostalAssertionUnderCurrentNormalization,1782,[],,[]
TAMPINES,150,TAMPINES ST 12,18,Unmatched,Missing,NoPostalAssertionUnderCurrentNormalization,1784,[],,[]
TAMPINES,151,SIMEI ST 1,12,Unmatched,Missing,NoPostalAssertionUnderCurrentNormalization,1802,[],,[]
TAMPINES,151,TAMPINES ST 12,41,Unmatched,Missing,NoPostalAssertionUnderCurrentNormalization,1803,[],,[]
TAMPINES,153,SIMEI ST 1,23,Unmatched,Missing,NoPostalAssertionUnderCurrentNormalization,1844,[],,[]
TAMPINES,154,SIMEI ST 1,21,Unmatched,Missing,NoPostalAssertionUnderCurrentNormalization,1866,[],,[]
TAMPINES,155,SIMEI RD,18,Unmatched,Missing,NoPostalAssertionUnderCurrentNormalization,1885,[],,[]
TAMPINES,156,SIMEI RD,20,Unmatched,Missing,NoPostalAssertionUnderCurrentNormalization,1901,[],,[]
TAMPINES,156,TAMPINES ST 12,36,Unmatched,Missing,NoPostalAssertionUnderCurrentNormalization,1902,[],,[]
TAMPINES,157,SIMEI RD,12,Unmatched,Missing,NoPostalAssertionUnderCurrentNormalization,1923,[],,[]
TAMPINES,157,TAMPINES ST 12,38,Unmatched,Missing,NoPostalAssertionUnderCurrentNormalization,1924,[],,[]
TAMPINES,158,SIMEI RD,8,Unmatched,Missing,NoPostalAssertionUnderCurrentNormalization,1946,[],,[]
TAMPINES,158,TAMPINES ST 12,19,Unmatched,Missing,NoPostalAssertionUnderCurrentNormalization,1947,[],,[]
TAMPINES,159,SIMEI RD,9,Unmatched,Missing,NoPostalAssertionUnderCurrentNormalization,1967,[],,[]
TAMPINES,159,TAMPINES ST 12,15,Unmatched,Missing,NoPostalAssertionUnderCurrentNormalization,1968,[],,[]
TAMPINES,160,SIMEI RD,17,Unmatched,Missing,NoPostalAssertionUnderCurrentNormalization,2005,[],,[]
TAMPINES,160,TAMPINES ST 12,16,Unmatched,Missing,NoPostalAssertionUnderCurrentNormalization,2006,[],,[]
TAMPINES,161,SIMEI RD,9,Unmatched,Missing,NoPostalAssertionUnderCurrentNormalization,2024,[],,[]
TAMPINES,161,TAMPINES ST 12,29,Unmatched,Missing,NoPostalAssertionUnderCurrentNormalization,2025,[],,[]
TAMPINES,162,SIMEI RD,16,Unmatched,Missing,NoPostalAssertionUnderCurrentNormalization,2045,[],,[]
TAMPINES,162,TAMPINES ST 12,14,Unmatched,Missing,NoPostalAssertionUnderCurrentNormalization,2046,[],,[]
TAMPINES,163,SIMEI RD,16,Unmatched,Missing,NoPostalAssertionUnderCurrentNormalization,2063,[],,[]
TAMPINES,163,TAMPINES ST 12,17,Unmatched,Missing,NoPostalAssertionUnderCurrentNormalization,2065,[],,[]
TAMPINES,164,SIMEI RD,15,Unmatched,Missing,NoPostalAssertionUnderCurrentNormalization,2084,[],,[]
TAMPINES,164,TAMPINES ST 12,31,Unmatched,Missing,NoPostalAssertionUnderCurrentNormalization,2086,[],,[]
TAMPINES,165,SIMEI RD,28,Unmatched,Missing,NoPostalAssertionUnderCurrentNormalization,2100,[],,[]
TAMPINES,165,TAMPINES ST 12,17,Unmatched,Missing,NoPostalAssertionUnderCurrentNormalization,2102,[],,[]
TAMPINES,166,TAMPINES ST 12,27,Unmatched,Missing,NoPostalAssertionUnderCurrentNormalization,2121,[],,[]
TAMPINES,167C,SIMEI LANE,16,Unmatched,Missing,NoPostalAssertionUnderCurrentNormalization,2150,[],,[]
TAMPINES,168B,SIMEI LANE,21,Unmatched,Missing,NoPostalAssertionUnderCurrentNormalization,2168,[],,[]
TAMPINES,168C,SIMEI LANE,21,Unmatched,Missing,NoPostalAssertionUnderCurrentNormalization,2170,[],,[]
TAMPINES,201A,TAMPINES ST 21,4,Unmatched,Missing,NoPostalAssertionUnderCurrentNormalization,2837,[],,[]
TAMPINES,201B,TAMPINES ST 21,10,Unmatched,Missing,NoPostalAssertionUnderCurrentNormalization,2841,[],,[]
TAMPINES,201D,TAMPINES ST 21,13,Unmatched,Missing,NoPostalAssertionUnderCurrentNormalization,2849,[],,[]
TAMPINES,201E,TAMPINES ST 23,15,Unmatched,Missing,NoPostalAssertionUnderCurrentNormalization,2850,[],,[]
TAMPINES,202,TAMPINES ST 21,27,Unmatched,Missing,NoPostalAssertionUnderCurrentNormalization,2865,[],,[]
TAMPINES,203,TAMPINES ST 21,18,Unmatched,Missing,NoPostalAssertionUnderCurrentNormalization,2892,[],,[]
TAMPINES,204,TAMPINES ST 21,25,Unmatched,Missing,NoPostalAssertionUnderCurrentNormalization,2918,[],,[]
TAMPINES,205,TAMPINES ST 21,17,Unmatched,Missing,NoPostalAssertionUnderCurrentNormalization,2944,[],,[]
TAMPINES,206,TAMPINES ST 21,17,Unmatched,Missing,NoPostalAssertionUnderCurrentNormalization,2966,[],,[]
TAMPINES,207,TAMPINES ST 21,11,Unmatched,Missing,NoPostalAssertionUnderCurrentNormalization,2994,[],,[]
TAMPINES,208,TAMPINES ST 21,11,Unmatched,Missing,NoPostalAssertionUnderCurrentNormalization,3028,[],,[]
TAMPINES,209,TAMPINES ST 21,13,Unmatched,Missing,NoPostalAssertionUnderCurrentNormalization,3061,[],,[]
TAMPINES,210,TAMPINES ST 23,18,Unmatched,Missing,NoPostalAssertionUnderCurrentNormalization,3114,[],,[]
TAMPINES,211,TAMPINES ST 23,30,Unmatched,Missing,NoPostalAssertionUnderCurrentNormalization,3143,[],,[]
TAMPINES,212,TAMPINES ST 23,22,Unmatched,Missing,NoPostalAssertionUnderCurrentNormalization,3172,[],,[]
TAMPINES,213,TAMPINES ST 23,26,Unmatched,Missing,NoPostalAssertionUnderCurrentNormalization,3202,[],,[]
TAMPINES,214,TAMPINES ST 23,23,Unmatched,Missing,NoPostalAssertionUnderCurrentNormalization,3226,[],,[]
TAMPINES,215,TAMPINES ST 23,27,Unmatched,Missing,NoPostalAssertionUnderCurrentNormalization,3247,[],,[]
TAMPINES,216,TAMPINES ST 23,29,Unmatched,Missing,NoPostalAssertionUnderCurrentNormalization,3272,[],,[]
TAMPINES,217,TAMPINES ST 23,24,Unmatched,Missing,NoPostalAssertionUnderCurrentNormalization,3305,[],,[]
TAMPINES,218,TAMPINES ST 24,28,Unmatched,Missing,NoPostalAssertionUnderCurrentNormalization,3333,[],,[]
TAMPINES,219,TAMPINES ST 24,29,Unmatched,Missing,NoPostalAssertionUnderCurrentNormalization,3351,[],,[]
TAMPINES,220,TAMPINES ST 24,4,Unmatched,Missing,NoPostalAssertionUnderCurrentNormalization,3399,[],,[]
TAMPINES,221,SIMEI ST 4,3,Unmatched,Missing,NoPostalAssertionUnderCurrentNormalization,3425,[],,[]
TAMPINES,221,TAMPINES ST 24,39,Unmatched,Missing,NoPostalAssertionUnderCurrentNormalization,3426,[],,[]
TAMPINES,222,SIMEI ST 4,16,Unmatched,Missing,NoPostalAssertionUnderCurrentNormalization,3449,[],,[]
TAMPINES,222,TAMPINES ST 24,16,Unmatched,Missing,NoPostalAssertionUnderCurrentNormalization,3451,[],,[]
TAMPINES,223,SIMEI ST 4,16,Unmatched,Missing,NoPostalAssertionUnderCurrentNormalization,3471,[],,[]
TAMPINES,223,TAMPINES ST 24,8,Unmatched,Missing,NoPostalAssertionUnderCurrentNormalization,3472,[],,[]
TAMPINES,224,SIMEI ST 4,19,Unmatched,Missing,NoPostalAssertionUnderCurrentNormalization,3494,[],,[]
TAMPINES,224,TAMPINES ST 23,6,Unmatched,Missing,NoPostalAssertionUnderCurrentNormalization,3496,[],,[]
TAMPINES,225,SIMEI ST 4,14,Unmatched,Missing,NoPostalAssertionUnderCurrentNormalization,3521,[],,[]
TAMPINES,225,TAMPINES ST 23,19,Unmatched,Missing,NoPostalAssertionUnderCurrentNormalization,3522,[],,[]
TAMPINES,226,SIMEI ST 4,8,Unmatched,Missing,NoPostalAssertionUnderCurrentNormalization,3543,[],,[]
TAMPINES,226,TAMPINES ST 23,27,Unmatched,Missing,NoPostalAssertionUnderCurrentNormalization,3545,[],,[]
TAMPINES,227,SIMEI ST 4,11,Unmatched,Missing,NoPostalAssertionUnderCurrentNormalization,3576,[],,[]
TAMPINES,227,TAMPINES ST 23,26,Unmatched,Missing,NoPostalAssertionUnderCurrentNormalization,3577,[],,[]
TAMPINES,228,SIMEI ST 4,21,Unmatched,Missing,NoPostalAssertionUnderCurrentNormalization,3601,[],,[]
TAMPINES,228,TAMPINES ST 23,11,Unmatched,Missing,NoPostalAssertionUnderCurrentNormalization,3602,[],,[]
TAMPINES,229,SIMEI ST 4,20,Unmatched,Missing,NoPostalAssertionUnderCurrentNormalization,3627,[],,[]
TAMPINES,229,TAMPINES ST 23,34,Unmatched,Missing,NoPostalAssertionUnderCurrentNormalization,3628,[],,[]
TAMPINES,230,SIMEI ST 4,17,Unmatched,Missing,NoPostalAssertionUnderCurrentNormalization,3668,[],,[]
TAMPINES,230,TAMPINES ST 24,17,Unmatched,Missing,NoPostalAssertionUnderCurrentNormalization,3669,[],,[]
TAMPINES,230B,TAMPINES ST 24,15,Unmatched,Missing,NoPostalAssertionUnderCurrentNormalization,3674,[],,[]
TAMPINES,230C,TAMPINES ST 24,19,Unmatched,Missing,NoPostalAssertionUnderCurrentNormalization,3676,[],,[]
TAMPINES,230D,TAMPINES ST 24,6,Unmatched,Missing,NoPostalAssertionUnderCurrentNormalization,3677,[],,[]
TAMPINES,230E,TAMPINES ST 24,6,Unmatched,Missing,NoPostalAssertionUnderCurrentNormalization,3678,[],,[]
TAMPINES,230F,TAMPINES ST 24,11,Unmatched,Missing,NoPostalAssertionUnderCurrentNormalization,3679,[],,[]
TAMPINES,230G,TAMPINES ST 21,8,Unmatched,Missing,NoPostalAssertionUnderCurrentNormalization,3680,[],,[]
TAMPINES,230H,TAMPINES ST 21,6,Unmatched,Missing,NoPostalAssertionUnderCurrentNormalization,3681,[],,[]
TAMPINES,230J,TAMPINES ST 21,13,Unmatched,Missing,NoPostalAssertionUnderCurrentNormalization,3682,[],,[]
TAMPINES,231,SIMEI ST 4,16,Unmatched,Missing,NoPostalAssertionUnderCurrentNormalization,3695,[],,[]
TAMPINES,231,TAMPINES ST 21,9,Unmatched,Missing,NoPostalAssertionUnderCurrentNormalization,3697,[],,[]
TAMPINES,232,SIMEI ST 4,22,Unmatched,Missing,NoPostalAssertionUnderCurrentNormalization,3718,[],,[]
TAMPINES,232,TAMPINES ST 21,21,Unmatched,Missing,NoPostalAssertionUnderCurrentNormalization,3720,[],,[]
TAMPINES,233,SIMEI ST 4,21,Unmatched,Missing,NoPostalAssertionUnderCurrentNormalization,3738,[],,[]
TAMPINES,233,TAMPINES ST 21,27,Unmatched,Missing,NoPostalAssertionUnderCurrentNormalization,3740,[],,[]
TAMPINES,234,SIMEI ST 4,17,Unmatched,Missing,NoPostalAssertionUnderCurrentNormalization,3763,[],,[]
TAMPINES,234,TAMPINES ST 21,32,Unmatched,Missing,NoPostalAssertionUnderCurrentNormalization,3765,[],,[]
TAMPINES,235,SIMEI ST 4,4,Unmatched,Missing,NoPostalAssertionUnderCurrentNormalization,3783,[],,[]
TAMPINES,235,TAMPINES ST 21,20,Unmatched,Missing,NoPostalAssertionUnderCurrentNormalization,3784,[],,[]
TAMPINES,236,TAMPINES ST 21,25,Unmatched,Missing,NoPostalAssertionUnderCurrentNormalization,3799,[],,[]
TAMPINES,237,TAMPINES ST 21,31,Unmatched,Missing,NoPostalAssertionUnderCurrentNormalization,3816,[],,[]
TAMPINES,238,TAMPINES ST 21,5,Unmatched,Missing,NoPostalAssertionUnderCurrentNormalization,3834,[],,[]
TAMPINES,239,TAMPINES ST 21,6,Unmatched,Missing,NoPostalAssertionUnderCurrentNormalization,3853,[],,[]
TAMPINES,240,TAMPINES ST 21,26,Unmatched,Missing,NoPostalAssertionUnderCurrentNormalization,3882,[],,[]
TAMPINES,241,TAMPINES ST 21,20,Unmatched,Missing,NoPostalAssertionUnderCurrentNormalization,3897,[],,[]
TAMPINES,242,SIMEI ST 5,8,Unmatched,Missing,NoPostalAssertionUnderCurrentNormalization,3913,[],,[]
TAMPINES,242,TAMPINES ST 21,9,Unmatched,Missing,NoPostalAssertionUnderCurrentNormalization,3914,[],,[]
TAMPINES,243,SIMEI ST 5,11,Unmatched,Missing,NoPostalAssertionUnderCurrentNormalization,3924,[],,[]
TAMPINES,243,TAMPINES ST 21,26,Unmatched,Missing,NoPostalAssertionUnderCurrentNormalization,3925,[],,[]
TAMPINES,244,SIMEI ST 5,12,Unmatched,Missing,NoPostalAssertionUnderCurrentNormalization,3940,[],,[]
TAMPINES,244,TAMPINES ST 21,25,Unmatched,Missing,NoPostalAssertionUnderCurrentNormalization,3941,[],,[]
TAMPINES,245,SIMEI ST 5,16,Unmatched,Missing,NoPostalAssertionUnderCurrentNormalization,3956,[],,[]
TAMPINES,245,TAMPINES ST 21,34,Unmatched,Missing,NoPostalAssertionUnderCurrentNormalization,3957,[],,[]
TAMPINES,246,SIMEI ST 5,18,Unmatched,Missing,NoPostalAssertionUnderCurrentNormalization,3971,[],,[]
TAMPINES,246,TAMPINES ST 21,27,Unmatched,Missing,NoPostalAssertionUnderCurrentNormalization,3972,[],,[]
TAMPINES,247,SIMEI ST 5,12,Unmatched,Missing,NoPostalAssertionUnderCurrentNormalization,3985,[],,[]
TAMPINES,247,TAMPINES ST 21,27,Unmatched,Missing,NoPostalAssertionUnderCurrentNormalization,3986,[],,[]
TAMPINES,248,TAMPINES ST 21,18,Unmatched,Missing,NoPostalAssertionUnderCurrentNormalization,3999,[],,[]
TAMPINES,249,TAMPINES ST 21,26,Unmatched,Missing,NoPostalAssertionUnderCurrentNormalization,4011,[],,[]
TAMPINES,250,TAMPINES ST 21,27,Unmatched,Missing,NoPostalAssertionUnderCurrentNormalization,4042,[],,[]
TAMPINES,251,TAMPINES ST 21,38,Unmatched,Missing,NoPostalAssertionUnderCurrentNormalization,4057,[],,[]
TAMPINES,252,TAMPINES ST 21,10,Unmatched,Missing,NoPostalAssertionUnderCurrentNormalization,4069,[],,[]
TAMPINES,253,SIMEI ST 1,20,Unmatched,Missing,NoPostalAssertionUnderCurrentNormalization,4083,[],,[]
TAMPINES,253,TAMPINES ST 21,27,Unmatched,Missing,NoPostalAssertionUnderCurrentNormalization,4084,[],,[]
TAMPINES,254,SIMEI ST 1,21,Unmatched,Missing,NoPostalAssertionUnderCurrentNormalization,4099,[],,[]
TAMPINES,254,TAMPINES ST 21,23,Unmatched,Missing,NoPostalAssertionUnderCurrentNormalization,4100,[],,[]
TAMPINES,255,SIMEI ST 1,10,Unmatched,Missing,NoPostalAssertionUnderCurrentNormalization,4112,[],,[]
TAMPINES,255,TAMPINES ST 21,11,Unmatched,Missing,NoPostalAssertionUnderCurrentNormalization,4113,[],,[]
TAMPINES,256,SIMEI ST 1,12,Unmatched,Missing,NoPostalAssertionUnderCurrentNormalization,4126,[],,[]
TAMPINES,256,TAMPINES ST 21,25,Unmatched,Missing,NoPostalAssertionUnderCurrentNormalization,4128,[],,[]
TAMPINES,257,TAMPINES ST 21,27,Unmatched,Missing,NoPostalAssertionUnderCurrentNormalization,4149,[],,[]
TAMPINES,258,TAMPINES ST 21,18,Unmatched,Missing,NoPostalAssertionUnderCurrentNormalization,4168,[],,[]
TAMPINES,259,TAMPINES ST 21,27,Unmatched,Missing,NoPostalAssertionUnderCurrentNormalization,4187,[],,[]
TAMPINES,260,TAMPINES ST 21,17,Unmatched,Missing,NoPostalAssertionUnderCurrentNormalization,4226,[],,[]
TAMPINES,261,TAMPINES ST 21,33,Unmatched,Missing,NoPostalAssertionUnderCurrentNormalization,4245,[],,[]
TAMPINES,262,TAMPINES ST 21,32,Unmatched,Missing,NoPostalAssertionUnderCurrentNormalization,4263,[],,[]
TAMPINES,263,TAMPINES ST 21,26,Unmatched,Missing,NoPostalAssertionUnderCurrentNormalization,4278,[],,[]
TAMPINES,264,TAMPINES ST 21,19,Unmatched,Missing,NoPostalAssertionUnderCurrentNormalization,4289,[],,[]
TAMPINES,265,TAMPINES ST 21,39,Unmatched,Missing,NoPostalAssertionUnderCurrentNormalization,4306,[],,[]
TAMPINES,266,TAMPINES ST 21,28,Unmatched,Missing,NoPostalAssertionUnderCurrentNormalization,4327,[],,[]
TAMPINES,267,TAMPINES ST 21,69,Unmatched,Missing,NoPostalAssertionUnderCurrentNormalization,4347,[],,[]
TAMPINES,268,TAMPINES ST 21,25,Unmatched,Missing,NoPostalAssertionUnderCurrentNormalization,4364,[],,[]
TAMPINES,269,TAMPINES ST 21,49,Unmatched,Missing,NoPostalAssertionUnderCurrentNormalization,4387,[],,[]
TAMPINES,270,TAMPINES ST 21,56,Unmatched,Missing,NoPostalAssertionUnderCurrentNormalization,4430,[],,[]
TAMPINES,271,TAMPINES ST 21,47,Unmatched,Missing,NoPostalAssertionUnderCurrentNormalization,4448,[],,[]
TAMPINES,272,TAMPINES ST 22,47,Unmatched,Missing,NoPostalAssertionUnderCurrentNormalization,4470,[],,[]
TAMPINES,273,TAMPINES ST 22,25,Unmatched,Missing,NoPostalAssertionUnderCurrentNormalization,4494,[],,[]
TAMPINES,274,TAMPINES ST 22,37,Unmatched,Missing,NoPostalAssertionUnderCurrentNormalization,4522,[],,[]
TAMPINES,275,TAMPINES ST 22,47,Unmatched,Missing,NoPostalAssertionUnderCurrentNormalization,4545,[],,[]
TAMPINES,276,TAMPINES ST 22,26,Unmatched,Missing,NoPostalAssertionUnderCurrentNormalization,4563,[],,[]
TAMPINES,277,TAMPINES ST 22,42,Unmatched,Missing,NoPostalAssertionUnderCurrentNormalization,4575,[],,[]
TAMPINES,278,TAMPINES ST 22,22,Unmatched,Missing,NoPostalAssertionUnderCurrentNormalization,4586,[],,[]
TAMPINES,279,TAMPINES ST 22,36,Unmatched,Missing,NoPostalAssertionUnderCurrentNormalization,4597,[],,[]
TAMPINES,280,TAMPINES ST 22,25,Unmatched,Missing,NoPostalAssertionUnderCurrentNormalization,4630,[],,[]
TAMPINES,281,TAMPINES ST 22,14,Unmatched,Missing,NoPostalAssertionUnderCurrentNormalization,4639,[],,[]
TAMPINES,282,TAMPINES ST 22,15,Unmatched,Missing,NoPostalAssertionUnderCurrentNormalization,4647,[],,[]
TAMPINES,283,TAMPINES ST 22,51,Unmatched,Missing,NoPostalAssertionUnderCurrentNormalization,4657,[],,[]
TAMPINES,284,TAMPINES ST 22,23,Unmatched,Missing,NoPostalAssertionUnderCurrentNormalization,4663,[],,[]
TAMPINES,285,TAMPINES ST 22,36,Unmatched,Missing,NoPostalAssertionUnderCurrentNormalization,4669,[],,[]
TAMPINES,286,TAMPINES ST 22,25,Unmatched,Missing,NoPostalAssertionUnderCurrentNormalization,4681,[],,[]
TAMPINES,287,TAMPINES ST 22,41,Unmatched,Missing,NoPostalAssertionUnderCurrentNormalization,4694,[],,[]
TAMPINES,288,TAMPINES ST 22,27,Unmatched,Missing,NoPostalAssertionUnderCurrentNormalization,4709,[],,[]
TAMPINES,289,TAMPINES ST 22,33,Unmatched,Missing,NoPostalAssertionUnderCurrentNormalization,4737,[],,[]
TAMPINES,290,TAMPINES ST 22,8,Unmatched,Missing,NoPostalAssertionUnderCurrentNormalization,4776,[],,[]
TAMPINES,291,TAMPINES ST 22,32,Unmatched,Missing,NoPostalAssertionUnderCurrentNormalization,4793,[],,[]
TAMPINES,292,TAMPINES ST 22,12,Unmatched,Missing,NoPostalAssertionUnderCurrentNormalization,4810,[],,[]
TAMPINES,293,TAMPINES ST 22,23,Unmatched,Missing,NoPostalAssertionUnderCurrentNormalization,4823,[],,[]
TAMPINES,294,TAMPINES ST 22,27,Unmatched,Missing,NoPostalAssertionUnderCurrentNormalization,4835,[],,[]
TAMPINES,295,TAMPINES ST 22,28,Unmatched,Missing,NoPostalAssertionUnderCurrentNormalization,4841,[],,[]
TAMPINES,296,TAMPINES ST 22,23,Unmatched,Missing,NoPostalAssertionUnderCurrentNormalization,4850,[],,[]
TAMPINES,297,TAMPINES ST 22,30,Unmatched,Missing,NoPostalAssertionUnderCurrentNormalization,4868,[],,[]
TAMPINES,298,TAMPINES ST 22,37,Unmatched,Missing,NoPostalAssertionUnderCurrentNormalization,4880,[],,[]
TAMPINES,299A,TAMPINES ST 22,35,Unmatched,Missing,NoPostalAssertionUnderCurrentNormalization,4891,[],,[]
TAMPINES,301,TAMPINES ST 32,14,Unmatched,Missing,NoPostalAssertionUnderCurrentNormalization,4970,[],,[]
TAMPINES,302,TAMPINES ST 32,7,Unmatched,Missing,NoPostalAssertionUnderCurrentNormalization,4997,[],,[]
TAMPINES,303,TAMPINES ST 32,10,Unmatched,Missing,NoPostalAssertionUnderCurrentNormalization,5025,[],,[]
TAMPINES,304,TAMPINES ST 32,10,Unmatched,Missing,NoPostalAssertionUnderCurrentNormalization,5045,[],,[]
TAMPINES,305,TAMPINES ST 32,20,Unmatched,Missing,NoPostalAssertionUnderCurrentNormalization,5065,[],,[]
TAMPINES,306,TAMPINES ST 32,15,Unmatched,Missing,NoPostalAssertionUnderCurrentNormalization,5087,[],,[]
TAMPINES,307,TAMPINES ST 32,11,Unmatched,Missing,NoPostalAssertionUnderCurrentNormalization,5117,[],,[]
TAMPINES,308,TAMPINES ST 32,13,Unmatched,Missing,NoPostalAssertionUnderCurrentNormalization,5143,[],,[]
TAMPINES,309,TAMPINES ST 32,8,Unmatched,Missing,NoPostalAssertionUnderCurrentNormalization,5167,[],,[]
TAMPINES,310,TAMPINES ST 32,11,Unmatched,Missing,NoPostalAssertionUnderCurrentNormalization,5207,[],,[]
TAMPINES,311,TAMPINES ST 33,13,Unmatched,Missing,NoPostalAssertionUnderCurrentNormalization,5228,[],,[]
TAMPINES,312,TAMPINES ST 33,8,Unmatched,Missing,NoPostalAssertionUnderCurrentNormalization,5251,[],,[]
TAMPINES,313,TAMPINES ST 33,13,Unmatched,Missing,NoPostalAssertionUnderCurrentNormalization,5273,[],,[]
TAMPINES,314,TAMPINES ST 33,17,Unmatched,Missing,NoPostalAssertionUnderCurrentNormalization,5292,[],,[]
TAMPINES,315,TAMPINES ST 33,11,Unmatched,Missing,NoPostalAssertionUnderCurrentNormalization,5310,[],,[]
TAMPINES,316,TAMPINES ST 33,19,Unmatched,Missing,NoPostalAssertionUnderCurrentNormalization,5331,[],,[]
TAMPINES,317,TAMPINES ST 33,24,Unmatched,Missing,NoPostalAssertionUnderCurrentNormalization,5361,[],,[]
TAMPINES,318,TAMPINES ST 33,10,Unmatched,Missing,NoPostalAssertionUnderCurrentNormalization,5382,[],,[]
TAMPINES,319,TAMPINES ST 33,18,Unmatched,Missing,NoPostalAssertionUnderCurrentNormalization,5407,[],,[]
TAMPINES,320,TAMPINES ST 33,12,Unmatched,Missing,NoPostalAssertionUnderCurrentNormalization,5446,[],,[]
TAMPINES,321,TAMPINES ST 33,22,Unmatched,Missing,NoPostalAssertionUnderCurrentNormalization,5462,[],,[]
TAMPINES,322,TAMPINES ST 33,20,Unmatched,Missing,NoPostalAssertionUnderCurrentNormalization,5478,[],,[]
TAMPINES,323,TAMPINES ST 33,16,Unmatched,Missing,NoPostalAssertionUnderCurrentNormalization,5503,[],,[]
TAMPINES,324,TAMPINES ST 32,10,Unmatched,Missing,NoPostalAssertionUnderCurrentNormalization,5529,[],,[]
TAMPINES,325,TAMPINES ST 32,9,Unmatched,Missing,NoPostalAssertionUnderCurrentNormalization,5550,[],,[]
TAMPINES,326,TAMPINES ST 32,13,Unmatched,Missing,NoPostalAssertionUnderCurrentNormalization,5575,[],,[]
TAMPINES,327,TAMPINES ST 32,15,Unmatched,Missing,NoPostalAssertionUnderCurrentNormalization,5596,[],,[]
TAMPINES,328,TAMPINES ST 32,10,Unmatched,Missing,NoPostalAssertionUnderCurrentNormalization,5613,[],,[]
TAMPINES,329,TAMPINES ST 32,10,Unmatched,Missing,NoPostalAssertionUnderCurrentNormalization,5626,[],,[]
TAMPINES,330,TAMPINES ST 32,14,Unmatched,Missing,NoPostalAssertionUnderCurrentNormalization,5659,[],,[]
TAMPINES,331,TAMPINES ST 32,11,Unmatched,Missing,NoPostalAssertionUnderCurrentNormalization,5674,[],,[]
TAMPINES,332,TAMPINES ST 32,13,Unmatched,Missing,NoPostalAssertionUnderCurrentNormalization,5692,[],,[]
TAMPINES,333,TAMPINES ST 32,12,Unmatched,Missing,NoPostalAssertionUnderCurrentNormalization,5710,[],,[]
TAMPINES,334,TAMPINES ST 32,17,Unmatched,Missing,NoPostalAssertionUnderCurrentNormalization,5732,[],,[]
TAMPINES,335,TAMPINES ST 32,12,Unmatched,Missing,NoPostalAssertionUnderCurrentNormalization,5754,[],,[]
TAMPINES,336,TAMPINES ST 32,20,Unmatched,Missing,NoPostalAssertionUnderCurrentNormalization,5774,[],,[]
TAMPINES,337,TAMPINES ST 32,9,Unmatched,Missing,NoPostalAssertionUnderCurrentNormalization,5794,[],,[]
TAMPINES,338,TAMPINES ST 33,15,Unmatched,Missing,NoPostalAssertionUnderCurrentNormalization,5814,[],,[]
TAMPINES,339,TAMPINES ST 33,18,Unmatched,Missing,NoPostalAssertionUnderCurrentNormalization,5836,[],,[]
TAMPINES,340,TAMPINES ST 33,27,Unmatched,Missing,NoPostalAssertionUnderCurrentNormalization,5878,[],,[]
TAMPINES,341,TAMPINES ST 33,19,Unmatched,Missing,NoPostalAssertionUnderCurrentNormalization,5891,[],,[]
TAMPINES,342,TAMPINES ST 33,29,Unmatched,Missing,NoPostalAssertionUnderCurrentNormalization,5901,[],,[]
TAMPINES,343,TAMPINES ST 33,15,Unmatched,Missing,NoPostalAssertionUnderCurrentNormalization,5914,[],,[]
TAMPINES,345,TAMPINES ST 33,15,Unmatched,Missing,NoPostalAssertionUnderCurrentNormalization,5933,[],,[]
TAMPINES,346,TAMPINES ST 33,20,Unmatched,Missing,NoPostalAssertionUnderCurrentNormalization,5943,[],,[]
TAMPINES,347,TAMPINES ST 33,25,Unmatched,Missing,NoPostalAssertionUnderCurrentNormalization,5953,[],,[]
TAMPINES,348,TAMPINES ST 33,12,Unmatched,Missing,NoPostalAssertionUnderCurrentNormalization,5966,[],,[]
TAMPINES,349,TAMPINES ST 33,20,Unmatched,Missing,NoPostalAssertionUnderCurrentNormalization,5978,[],,[]
TAMPINES,350,TAMPINES ST 33,22,Unmatched,Missing,NoPostalAssertionUnderCurrentNormalization,6009,[],,[]
TAMPINES,351,TAMPINES ST 33,25,Unmatched,Missing,NoPostalAssertionUnderCurrentNormalization,6027,[],,[]
TAMPINES,352,TAMPINES ST 33,16,Unmatched,Missing,NoPostalAssertionUnderCurrentNormalization,6048,[],,[]
TAMPINES,353,TAMPINES ST 33,13,Unmatched,Missing,NoPostalAssertionUnderCurrentNormalization,6065,[],,[]
TAMPINES,354,TAMPINES ST 33,15,Unmatched,Missing,NoPostalAssertionUnderCurrentNormalization,6082,[],,[]
TAMPINES,355,TAMPINES ST 33,15,Unmatched,Missing,NoPostalAssertionUnderCurrentNormalization,6098,[],,[]
TAMPINES,356,TAMPINES ST 33,18,Unmatched,Missing,NoPostalAssertionUnderCurrentNormalization,6110,[],,[]
TAMPINES,357,TAMPINES ST 33,13,Unmatched,Missing,NoPostalAssertionUnderCurrentNormalization,6126,[],,[]
TAMPINES,358,TAMPINES ST 33,14,Unmatched,Missing,NoPostalAssertionUnderCurrentNormalization,6142,[],,[]
TAMPINES,359,TAMPINES ST 34,36,Unmatched,Missing,NoPostalAssertionUnderCurrentNormalization,6157,[],,[]
TAMPINES,360,TAMPINES ST 34,13,Unmatched,Missing,NoPostalAssertionUnderCurrentNormalization,6183,[],,[]
TAMPINES,361,TAMPINES ST 34,29,Unmatched,Missing,NoPostalAssertionUnderCurrentNormalization,6193,[],,[]
TAMPINES,362,TAMPINES ST 34,15,Unmatched,Missing,NoPostalAssertionUnderCurrentNormalization,6202,[],,[]
TAMPINES,363,TAMPINES ST 34,9,Unmatched,Missing,NoPostalAssertionUnderCurrentNormalization,6213,[],,[]
TAMPINES,364,TAMPINES ST 34,21,Unmatched,Missing,NoPostalAssertionUnderCurrentNormalization,6223,[],,[]
TAMPINES,365,TAMPINES ST 34,23,Unmatched,Missing,NoPostalAssertionUnderCurrentNormalization,6237,[],,[]
TAMPINES,366,TAMPINES ST 34,29,Unmatched,Missing,NoPostalAssertionUnderCurrentNormalization,6252,[],,[]
TAMPINES,367,TAMPINES ST 34,37,Unmatched,Missing,NoPostalAssertionUnderCurrentNormalization,6262,[],,[]
TAMPINES,367A,TAMPINES ST 34,13,Unmatched,Missing,NoPostalAssertionUnderCurrentNormalization,6265,[],,[]
TAMPINES,368,TAMPINES ST 34,40,Unmatched,Missing,NoPostalAssertionUnderCurrentNormalization,6268,[],,[]
TAMPINES,369,TAMPINES ST 34,14,Unmatched,Missing,NoPostalAssertionUnderCurrentNormalization,6271,[],,[]
TAMPINES,370,TAMPINES ST 34,22,Unmatched,Missing,NoPostalAssertionUnderCurrentNormalization,6302,[],,[]
TAMPINES,371,TAMPINES ST 34,11,Unmatched,Missing,NoPostalAssertionUnderCurrentNormalization,6312,[],,[]
TAMPINES,372,TAMPINES ST 34,9,Unmatched,Missing,NoPostalAssertionUnderCurrentNormalization,6322,[],,[]
TAMPINES,373,TAMPINES ST 34,9,Unmatched,Missing,NoPostalAssertionUnderCurrentNormalization,6334,[],,[]
TAMPINES,374,TAMPINES ST 34,10,Unmatched,Missing,NoPostalAssertionUnderCurrentNormalization,6346,[],,[]
TAMPINES,381,TAMPINES ST 32,17,Unmatched,Missing,NoPostalAssertionUnderCurrentNormalization,6419,[],,[]
TAMPINES,382,TAMPINES ST 32,8,Unmatched,Missing,NoPostalAssertionUnderCurrentNormalization,6425,[],,[]
TAMPINES,383,TAMPINES ST 32,9,Unmatched,Missing,NoPostalAssertionUnderCurrentNormalization,6431,[],,[]
TAMPINES,384,TAMPINES ST 32,14,Unmatched,Missing,NoPostalAssertionUnderCurrentNormalization,6438,[],,[]
TAMPINES,385,TAMPINES ST 32,14,Unmatched,Missing,NoPostalAssertionUnderCurrentNormalization,6444,[],,[]
TAMPINES,386,TAMPINES ST 32,9,Unmatched,Missing,NoPostalAssertionUnderCurrentNormalization,6447,[],,[]
TAMPINES,387,TAMPINES ST 32,11,Unmatched,Missing,NoPostalAssertionUnderCurrentNormalization,6450,[],,[]
TAMPINES,388,TAMPINES ST 32,16,Unmatched,Missing,NoPostalAssertionUnderCurrentNormalization,6453,[],,[]
TAMPINES,389,TAMPINES ST 32,9,Unmatched,Missing,NoPostalAssertionUnderCurrentNormalization,6457,[],,[]
TAMPINES,390,TAMPINES AVE 7,10,Unmatched,Missing,NoPostalAssertionUnderCurrentNormalization,6477,[],,[]
TAMPINES,392,TAMPINES AVE 7,14,Unmatched,Missing,NoPostalAssertionUnderCurrentNormalization,6485,[],,[]
TAMPINES,393,TAMPINES AVE 7,14,Unmatched,Missing,NoPostalAssertionUnderCurrentNormalization,6488,[],,[]
TAMPINES,395,TAMPINES AVE 7,12,Unmatched,Missing,NoPostalAssertionUnderCurrentNormalization,6494,[],,[]
TAMPINES,401,TAMPINES ST 41,31,Unmatched,Missing,NoPostalAssertionUnderCurrentNormalization,6578,[],,[]
TAMPINES,402,TAMPINES ST 41,3,Unmatched,Missing,NoPostalAssertionUnderCurrentNormalization,6605,[],,[]
TAMPINES,403,TAMPINES ST 41,24,Unmatched,Missing,NoPostalAssertionUnderCurrentNormalization,6627,[],,[]
TAMPINES,404,TAMPINES ST 41,6,Unmatched,Missing,NoPostalAssertionUnderCurrentNormalization,6649,[],,[]
TAMPINES,405,TAMPINES ST 41,29,Unmatched,Missing,NoPostalAssertionUnderCurrentNormalization,6670,[],,[]
TAMPINES,406,TAMPINES ST 41,55,Unmatched,Missing,NoPostalAssertionUnderCurrentNormalization,6691,[],,[]
TAMPINES,407,TAMPINES ST 41,30,Unmatched,Missing,NoPostalAssertionUnderCurrentNormalization,6716,[],,[]
TAMPINES,408,TAMPINES ST 41,36,Unmatched,Missing,NoPostalAssertionUnderCurrentNormalization,6735,[],,[]
TAMPINES,409,TAMPINES ST 41,16,Unmatched,Missing,NoPostalAssertionUnderCurrentNormalization,6757,[],,[]
TAMPINES,410,TAMPINES ST 41,24,Unmatched,Missing,NoPostalAssertionUnderCurrentNormalization,6798,[],,[]
TAMPINES,411,TAMPINES ST 41,30,Unmatched,Missing,NoPostalAssertionUnderCurrentNormalization,6822,[],,[]
TAMPINES,412,TAMPINES ST 41,30,Unmatched,Missing,NoPostalAssertionUnderCurrentNormalization,6843,[],,[]
TAMPINES,413,TAMPINES ST 41,7,Unmatched,Missing,NoPostalAssertionUnderCurrentNormalization,6864,[],,[]
TAMPINES,414,TAMPINES ST 41,19,Unmatched,Missing,NoPostalAssertionUnderCurrentNormalization,6888,[],,[]
TAMPINES,415,TAMPINES ST 41,6,Unmatched,Missing,NoPostalAssertionUnderCurrentNormalization,6907,[],,[]
TAMPINES,416,TAMPINES ST 41,20,Unmatched,Missing,NoPostalAssertionUnderCurrentNormalization,6932,[],,[]
TAMPINES,417,TAMPINES ST 41,27,Unmatched,Missing,NoPostalAssertionUnderCurrentNormalization,6953,[],,[]
TAMPINES,418,TAMPINES ST 41,34,Unmatched,Missing,NoPostalAssertionUnderCurrentNormalization,6969,[],,[]
TAMPINES,419,TAMPINES ST 41,39,Unmatched,Missing,NoPostalAssertionUnderCurrentNormalization,6986,[],,[]
TAMPINES,420,TAMPINES ST 41,17,Unmatched,Missing,NoPostalAssertionUnderCurrentNormalization,7022,[],,[]
TAMPINES,421,TAMPINES ST 41,20,Unmatched,Missing,NoPostalAssertionUnderCurrentNormalization,7041,[],,[]
TAMPINES,422,TAMPINES ST 41,11,Unmatched,Missing,NoPostalAssertionUnderCurrentNormalization,7060,[],,[]
TAMPINES,423,TAMPINES ST 41,24,Unmatched,Missing,NoPostalAssertionUnderCurrentNormalization,7075,[],,[]
TAMPINES,424,TAMPINES ST 41,25,Unmatched,Missing,NoPostalAssertionUnderCurrentNormalization,7093,[],,[]
TAMPINES,425,TAMPINES ST 41,14,Unmatched,Missing,NoPostalAssertionUnderCurrentNormalization,7114,[],,[]
TAMPINES,426,TAMPINES ST 41,24,Unmatched,Missing,NoPostalAssertionUnderCurrentNormalization,7129,[],,[]
TAMPINES,427,TAMPINES ST 41,30,Unmatched,Missing,NoPostalAssertionUnderCurrentNormalization,7146,[],,[]
TAMPINES,428,TAMPINES ST 41,31,Unmatched,Missing,NoPostalAssertionUnderCurrentNormalization,7157,[],,[]
TAMPINES,429,TAMPINES ST 41,25,Unmatched,Missing,NoPostalAssertionUnderCurrentNormalization,7170,[],,[]
TAMPINES,430,TAMPINES ST 41,29,Unmatched,Missing,NoPostalAssertionUnderCurrentNormalization,7208,[],,[]
TAMPINES,431,TAMPINES ST 41,30,Unmatched,Missing,NoPostalAssertionUnderCurrentNormalization,7228,[],,[]
TAMPINES,432,TAMPINES ST 41,26,Unmatched,Missing,NoPostalAssertionUnderCurrentNormalization,7250,[],,[]
TAMPINES,433,TAMPINES ST 43,22,Unmatched,Missing,NoPostalAssertionUnderCurrentNormalization,7270,[],,[]
TAMPINES,434,TAMPINES ST 43,25,Unmatched,Missing,NoPostalAssertionUnderCurrentNormalization,7286,[],,[]
TAMPINES,435,TAMPINES ST 43,2,Unmatched,Missing,NoPostalAssertionUnderCurrentNormalization,7298,[],,[]
TAMPINES,436,TAMPINES ST 43,25,Unmatched,Missing,NoPostalAssertionUnderCurrentNormalization,7317,[],,[]
TAMPINES,437,TAMPINES ST 43,24,Unmatched,Missing,NoPostalAssertionUnderCurrentNormalization,7333,[],,[]
TAMPINES,438,TAMPINES ST 43,27,Unmatched,Missing,NoPostalAssertionUnderCurrentNormalization,7347,[],,[]
TAMPINES,439,TAMPINES ST 43,8,Unmatched,Missing,NoPostalAssertionUnderCurrentNormalization,7365,[],,[]
TAMPINES,440,TAMPINES ST 43,18,Unmatched,Missing,NoPostalAssertionUnderCurrentNormalization,7402,[],,[]
TAMPINES,443,TAMPINES ST 43,17,Unmatched,Missing,NoPostalAssertionUnderCurrentNormalization,7471,[],,[]
TAMPINES,444,TAMPINES ST 42,20,Unmatched,Missing,NoPostalAssertionUnderCurrentNormalization,7492,[],,[]
TAMPINES,445,TAMPINES ST 42,25,Unmatched,Missing,NoPostalAssertionUnderCurrentNormalization,7504,[],,[]
TAMPINES,446,TAMPINES ST 42,28,Unmatched,Missing,NoPostalAssertionUnderCurrentNormalization,7527,[],,[]
TAMPINES,447,TAMPINES ST 42,4,Unmatched,Missing,NoPostalAssertionUnderCurrentNormalization,7546,[],,[]
TAMPINES,448,TAMPINES ST 42,20,Unmatched,Missing,NoPostalAssertionUnderCurrentNormalization,7563,[],,[]
TAMPINES,449,TAMPINES ST 42,16,Unmatched,Missing,NoPostalAssertionUnderCurrentNormalization,7583,[],,[]
TAMPINES,450,TAMPINES ST 42,19,Unmatched,Missing,NoPostalAssertionUnderCurrentNormalization,7615,[],,[]
TAMPINES,450A,TAMPINES ST 42,15,Unmatched,Missing,NoPostalAssertionUnderCurrentNormalization,7620,[],,[]
TAMPINES,450C,TAMPINES ST 42,17,Unmatched,Missing,NoPostalAssertionUnderCurrentNormalization,7626,[],,[]
TAMPINES,450D,TAMPINES ST 42,15,Unmatched,Missing,NoPostalAssertionUnderCurrentNormalization,7628,[],,[]
TAMPINES,450E,TAMPINES ST 42,15,Unmatched,Missing,NoPostalAssertionUnderCurrentNormalization,7629,[],,[]
TAMPINES,450F,TAMPINES ST 42,7,Unmatched,Missing,NoPostalAssertionUnderCurrentNormalization,7630,[],,[]
TAMPINES,450G,TAMPINES ST 42,14,Unmatched,Missing,NoPostalAssertionUnderCurrentNormalization,7631,[],,[]
TAMPINES,451,TAMPINES ST 42,18,Unmatched,Missing,NoPostalAssertionUnderCurrentNormalization,7642,[],,[]
TAMPINES,452,TAMPINES ST 42,8,Unmatched,Missing,NoPostalAssertionUnderCurrentNormalization,7658,[],,[]
TAMPINES,453,TAMPINES ST 42,17,Unmatched,Missing,NoPostalAssertionUnderCurrentNormalization,7673,[],,[]
TAMPINES,454,TAMPINES ST 42,14,Unmatched,Missing,NoPostalAssertionUnderCurrentNormalization,7692,[],,[]
TAMPINES,455,TAMPINES ST 42,23,Unmatched,Missing,NoPostalAssertionUnderCurrentNormalization,7703,[],,[]
TAMPINES,456,TAMPINES ST 42,29,Unmatched,Missing,NoPostalAssertionUnderCurrentNormalization,7720,[],,[]
TAMPINES,457,TAMPINES ST 42,5,Unmatched,Missing,NoPostalAssertionUnderCurrentNormalization,7734,[],,[]
TAMPINES,458,TAMPINES ST 42,28,Unmatched,Missing,NoPostalAssertionUnderCurrentNormalization,7747,[],,[]
TAMPINES,459,TAMPINES ST 42,16,Unmatched,Missing,NoPostalAssertionUnderCurrentNormalization,7762,[],,[]
TAMPINES,460,TAMPINES ST 42,15,Unmatched,Missing,NoPostalAssertionUnderCurrentNormalization,7792,[],,[]
TAMPINES,461,TAMPINES ST 44,19,Unmatched,Missing,NoPostalAssertionUnderCurrentNormalization,7810,[],,[]
TAMPINES,462,TAMPINES ST 44,23,Unmatched,Missing,NoPostalAssertionUnderCurrentNormalization,7830,[],,[]
TAMPINES,463,TAMPINES ST 44,22,Unmatched,Missing,NoPostalAssertionUnderCurrentNormalization,7853,[],,[]
TAMPINES,464,TAMPINES ST 44,6,Unmatched,Missing,NoPostalAssertionUnderCurrentNormalization,7869,[],,[]
TAMPINES,465,TAMPINES ST 44,18,Unmatched,Missing,NoPostalAssertionUnderCurrentNormalization,7887,[],,[]
TAMPINES,467,TAMPINES ST 44,32,Unmatched,Missing,NoPostalAssertionUnderCurrentNormalization,7928,[],,[]
TAMPINES,468,TAMPINES ST 44,3,Unmatched,Missing,NoPostalAssertionUnderCurrentNormalization,7949,[],,[]
TAMPINES,469,TAMPINES ST 44,18,Unmatched,Missing,NoPostalAssertionUnderCurrentNormalization,7970,[],,[]
TAMPINES,470,TAMPINES ST 44,18,Unmatched,Missing,NoPostalAssertionUnderCurrentNormalization,8006,[],,[]
TAMPINES,472,TAMPINES ST 44,5,Unmatched,Missing,NoPostalAssertionUnderCurrentNormalization,8041,[],,[]
TAMPINES,474,TAMPINES ST 43,4,Unmatched,Missing,NoPostalAssertionUnderCurrentNormalization,8071,[],,[]
TAMPINES,476,TAMPINES ST 44,8,Unmatched,Missing,NoPostalAssertionUnderCurrentNormalization,8095,[],,[]
TAMPINES,477,TAMPINES ST 43,10,Unmatched,Missing,NoPostalAssertionUnderCurrentNormalization,8117,[],,[]
TAMPINES,479,TAMPINES ST 44,2,Unmatched,Missing,NoPostalAssertionUnderCurrentNormalization,8140,[],,[]
TAMPINES,480,TAMPINES ST 44,4,Unmatched,Missing,NoPostalAssertionUnderCurrentNormalization,8168,[],,[]
TAMPINES,482,TAMPINES ST 43,1,Unmatched,Missing,NoPostalAssertionUnderCurrentNormalization,8184,[],,[]
TAMPINES,483,TAMPINES ST 43,2,Unmatched,Missing,NoPostalAssertionUnderCurrentNormalization,8196,[],,[]
TAMPINES,484,TAMPINES ST 43,7,Unmatched,Missing,NoPostalAssertionUnderCurrentNormalization,8206,[],,[]
TAMPINES,485A,TAMPINES AVE 9,7,Unmatched,Missing,NoPostalAssertionUnderCurrentNormalization,8219,[],,[]
TAMPINES,487B,TAMPINES ST 45,22,Unmatched,Missing,NoPostalAssertionUnderCurrentNormalization,8243,[],,[]
TAMPINES,487C,TAMPINES ST 45,6,Unmatched,Missing,NoPostalAssertionUnderCurrentNormalization,8245,[],,[]
TAMPINES,488B,TAMPINES ST 45,10,Unmatched,Missing,NoPostalAssertionUnderCurrentNormalization,8254,[],,[]
TAMPINES,489A,TAMPINES ST 45,22,Unmatched,Missing,NoPostalAssertionUnderCurrentNormalization,8261,[],,[]
TAMPINES,489B,TAMPINES ST 45,29,Unmatched,Missing,NoPostalAssertionUnderCurrentNormalization,8263,[],,[]
TAMPINES,489C,TAMPINES ST 45,27,Unmatched,Missing,NoPostalAssertionUnderCurrentNormalization,8265,[],,[]
TAMPINES,490A,TAMPINES ST 45,14,Unmatched,Missing,NoPostalAssertionUnderCurrentNormalization,8288,[],,[]
TAMPINES,490B,TAMPINES ST 45,17,Unmatched,Missing,NoPostalAssertionUnderCurrentNormalization,8290,[],,[]
TAMPINES,491C,TAMPINES ST 45,22,Unmatched,Missing,NoPostalAssertionUnderCurrentNormalization,8297,[],,[]
TAMPINES,491D,TAMPINES ST 45,14,Unmatched,Missing,NoPostalAssertionUnderCurrentNormalization,8298,[],,[]
TAMPINES,491E,TAMPINES ST 45,8,Unmatched,Missing,NoPostalAssertionUnderCurrentNormalization,8299,[],,[]
TAMPINES,491F,TAMPINES ST 45,18,Unmatched,Missing,NoPostalAssertionUnderCurrentNormalization,8300,[],,[]
TAMPINES,491G,TAMPINES ST 45,21,Unmatched,Missing,NoPostalAssertionUnderCurrentNormalization,8301,[],,[]
TAMPINES,491H,TAMPINES ST 45,13,Unmatched,Missing,NoPostalAssertionUnderCurrentNormalization,8302,[],,[]
TAMPINES,492C,TAMPINES ST 45,11,Unmatched,Missing,NoPostalAssertionUnderCurrentNormalization,8309,[],,[]
TAMPINES,492D,TAMPINES ST 45,14,Unmatched,Missing,NoPostalAssertionUnderCurrentNormalization,8310,[],,[]
TAMPINES,492G,TAMPINES ST 45,37,Unmatched,Missing,NoPostalAssertionUnderCurrentNormalization,8313,[],,[]
TAMPINES,493C,TAMPINES ST 43,10,Unmatched,Missing,NoPostalAssertionUnderCurrentNormalization,8321,[],,[]
TAMPINES,493D,TAMPINES ST 43,20,Unmatched,Missing,NoPostalAssertionUnderCurrentNormalization,8322,[],,[]
TAMPINES,493E,TAMPINES ST 43,14,Unmatched,Missing,NoPostalAssertionUnderCurrentNormalization,8323,[],,[]
TAMPINES,494C,TAMPINES ST 43,18,Unmatched,Missing,NoPostalAssertionUnderCurrentNormalization,8329,[],,[]
TAMPINES,494D,TAMPINES ST 43,18,Unmatched,Missing,NoPostalAssertionUnderCurrentNormalization,8330,[],,[]
TAMPINES,494E,TAMPINES ST 43,19,Unmatched,Missing,NoPostalAssertionUnderCurrentNormalization,8331,[],,[]
TAMPINES,494G,TAMPINES ST 45,36,Unmatched,Missing,NoPostalAssertionUnderCurrentNormalization,8333,[],,[]
TAMPINES,494H,TAMPINES ST 45,49,Unmatched,Missing,NoPostalAssertionUnderCurrentNormalization,8334,[],,[]
TAMPINES,494J,TAMPINES ST 45,34,Unmatched,Missing,NoPostalAssertionUnderCurrentNormalization,8335,[],,[]
TAMPINES,495A,TAMPINES ST 43,8,Unmatched,Missing,NoPostalAssertionUnderCurrentNormalization,8337,[],,[]
TAMPINES,495B,TAMPINES ST 43,6,Unmatched,Missing,NoPostalAssertionUnderCurrentNormalization,8338,[],,[]
TAMPINES,495C,TAMPINES ST 43,11,Unmatched,Missing,NoPostalAssertionUnderCurrentNormalization,8339,[],,[]
TAMPINES,495D,TAMPINES ST 43,11,Unmatched,Missing,NoPostalAssertionUnderCurrentNormalization,8340,[],,[]
TAMPINES,495E,TAMPINES ST 43,16,Unmatched,Missing,NoPostalAssertionUnderCurrentNormalization,8341,[],,[]
TAMPINES,495F,TAMPINES ST 43,15,Unmatched,Missing,NoPostalAssertionUnderCurrentNormalization,8342,[],,[]
TAMPINES,496B,TAMPINES ST 43,22,Unmatched,Missing,NoPostalAssertionUnderCurrentNormalization,8345,[],,[]
TAMPINES,496C,TAMPINES ST 43,20,Unmatched,Missing,NoPostalAssertionUnderCurrentNormalization,8346,[],,[]
TAMPINES,496D,TAMPINES AVE 9,20,Unmatched,Missing,NoPostalAssertionUnderCurrentNormalization,8347,[],,[]
TAMPINES,496F,TAMPINES AVE 9,2,Unmatched,Missing,NoPostalAssertionUnderCurrentNormalization,8349,[],,[]
TAMPINES,497A,TAMPINES ST 45,7,Unmatched,Missing,NoPostalAssertionUnderCurrentNormalization,8352,[],,[]
TAMPINES,497B,TAMPINES ST 45,25,Unmatched,Missing,NoPostalAssertionUnderCurrentNormalization,8353,[],,[]
TAMPINES,497C,TAMPINES ST 45,21,Unmatched,Missing,NoPostalAssertionUnderCurrentNormalization,8354,[],,[]
TAMPINES,497D,TAMPINES ST 45,16,Unmatched,Missing,NoPostalAssertionUnderCurrentNormalization,8355,[],,[]
TAMPINES,497F,TAMPINES ST 45,13,Unmatched,Missing,NoPostalAssertionUnderCurrentNormalization,8357,[],,[]
TAMPINES,497G,TAMPINES ST 45,14,Unmatched,Missing,NoPostalAssertionUnderCurrentNormalization,8358,[],,[]
TAMPINES,497H,TAMPINES ST 45,25,Unmatched,Missing,NoPostalAssertionUnderCurrentNormalization,8359,[],,[]
TAMPINES,497J,TAMPINES ST 45,17,Unmatched,Missing,NoPostalAssertionUnderCurrentNormalization,8360,[],,[]
TAMPINES,498A,TAMPINES ST 45,12,Unmatched,Missing,NoPostalAssertionUnderCurrentNormalization,8364,[],,[]
TAMPINES,498B,TAMPINES ST 45,21,Unmatched,Missing,NoPostalAssertionUnderCurrentNormalization,8365,[],,[]
TAMPINES,498D,TAMPINES ST 45,17,Unmatched,Missing,NoPostalAssertionUnderCurrentNormalization,8367,[],,[]
TAMPINES,498E,TAMPINES ST 45,12,Unmatched,Missing,NoPostalAssertionUnderCurrentNormalization,8368,[],,[]
TAMPINES,498F,TAMPINES ST 45,15,Unmatched,Missing,NoPostalAssertionUnderCurrentNormalization,8369,[],,[]
TAMPINES,498G,TAMPINES ST 45,23,Unmatched,Missing,NoPostalAssertionUnderCurrentNormalization,8370,[],,[]
TAMPINES,498H,TAMPINES ST 45,15,Unmatched,Missing,NoPostalAssertionUnderCurrentNormalization,8371,[],,[]
TAMPINES,498J,TAMPINES ST 45,17,Unmatched,Missing,NoPostalAssertionUnderCurrentNormalization,8372,[],,[]
TAMPINES,498L,TAMPINES ST 45,8,Unmatched,Missing,NoPostalAssertionUnderCurrentNormalization,8374,[],,[]
TAMPINES,498M,TAMPINES ST 45,20,Unmatched,Missing,NoPostalAssertionUnderCurrentNormalization,8375,[],,[]
TAMPINES,502,TAMPINES CTRL 1,2,Unmatched,Missing,NoPostalAssertionUnderCurrentNormalization,8470,[],,[]
TAMPINES,508,TAMPINES CTRL 1,9,Unmatched,Missing,NoPostalAssertionUnderCurrentNormalization,8603,[],,[]
TAMPINES,509,TAMPINES CTRL 1,2,Unmatched,Missing,NoPostalAssertionUnderCurrentNormalization,8622,[],,[]
TAMPINES,515A,TAMPINES CTRL 7,22,Unmatched,Missing,NoPostalAssertionUnderCurrentNormalization,8751,[],,[]
TAMPINES,518A,TAMPINES CTRL 7,30,Unmatched,Missing,NoPostalAssertionUnderCurrentNormalization,8793,[],,[]
TAMPINES,518C,TAMPINES CTRL 7,32,Unmatched,Missing,NoPostalAssertionUnderCurrentNormalization,8795,[],,[]
TAMPINES,518D,TAMPINES CTRL 7,25,Unmatched,Missing,NoPostalAssertionUnderCurrentNormalization,8796,[],,[]
TAMPINES,520A,TAMPINES CTRL 8,45,Unmatched,Missing,NoPostalAssertionUnderCurrentNormalization,8841,[],,[]
TAMPINES,522A,TAMPINES CTRL 7,67,Unmatched,Missing,NoPostalAssertionUnderCurrentNormalization,8863,[],,[]
TAMPINES,522C,TAMPINES CTRL 7,48,Unmatched,Missing,NoPostalAssertionUnderCurrentNormalization,8865,[],,[]
TAMPINES,523A,TAMPINES CTRL 7,50,Unmatched,Missing,NoPostalAssertionUnderCurrentNormalization,8875,[],,[]
TAMPINES,601D,TAMPINES AVE 9,21,Unmatched,Missing,NoPostalAssertionUnderCurrentNormalization,9692,[],,[]
TAMPINES,605A,TAMPINES ST 61,38,Unmatched,Missing,NoPostalAssertionUnderCurrentNormalization,9757,[],,[]
TAMPINES,605B,TAMPINES ST 61,29,Unmatched,Missing,NoPostalAssertionUnderCurrentNormalization,9759,[],,[]
TAMPINES,605C,TAMPINES ST 61,42,Unmatched,Missing,NoPostalAssertionUnderCurrentNormalization,9760,[],,[]
TAMPINES,605D,TAMPINES ST 61,20,Unmatched,Missing,NoPostalAssertionUnderCurrentNormalization,9761,[],,[]
TAMPINES,606A,TAMPINES ST 61,39,Unmatched,Missing,NoPostalAssertionUnderCurrentNormalization,9773,[],,[]
TAMPINES,606B,TAMPINES ST 61,46,Unmatched,Missing,NoPostalAssertionUnderCurrentNormalization,9774,[],,[]
TAMPINES,606C,TAMPINES ST 61,26,Unmatched,Missing,NoPostalAssertionUnderCurrentNormalization,9775,[],,[]
TAMPINES,606D,TAMPINES ST 61,29,Unmatched,Missing,NoPostalAssertionUnderCurrentNormalization,9776,[],,[]
TAMPINES,608A,TAMPINES NTH DR 1,35,Unmatched,Missing,NoPostalAssertionUnderCurrentNormalization,9799,[],,[]
TAMPINES,608B,TAMPINES NTH DR 1,33,Unmatched,Missing,NoPostalAssertionUnderCurrentNormalization,9801,[],,[]
TAMPINES,608C,TAMPINES NTH DR 1,30,Unmatched,Missing,NoPostalAssertionUnderCurrentNormalization,9802,[],,[]
TAMPINES,609A,TAMPINES NTH DR 1,40,Unmatched,Missing,NoPostalAssertionUnderCurrentNormalization,9816,[],,[]
TAMPINES,609B,TAMPINES NTH DR 1,30,Unmatched,Missing,NoPostalAssertionUnderCurrentNormalization,9818,[],,[]
TAMPINES,609C,TAMPINES NTH DR 1,21,Unmatched,Missing,NoPostalAssertionUnderCurrentNormalization,9819,[],,[]
TAMPINES,609D,TAMPINES NTH DR 1,7,Unmatched,Missing,NoPostalAssertionUnderCurrentNormalization,9820,[],,[]
TAMPINES,610A,TAMPINES NTH DR 1,26,Unmatched,Missing,NoPostalAssertionUnderCurrentNormalization,9849,[],,[]
TAMPINES,610B,TAMPINES NTH DR 1,29,Unmatched,Missing,NoPostalAssertionUnderCurrentNormalization,9850,[],,[]
TAMPINES,610C,TAMPINES NTH DR 1,38,Unmatched,Missing,NoPostalAssertionUnderCurrentNormalization,9851,[],,[]
TAMPINES,612A,TAMPINES NTH DR 1,38,Unmatched,Missing,NoPostalAssertionUnderCurrentNormalization,9877,[],,[]
TAMPINES,612B,TAMPINES NTH DR 1,32,Unmatched,Missing,NoPostalAssertionUnderCurrentNormalization,9879,[],,[]
TAMPINES,613A,TAMPINES NTH DR 1,33,Unmatched,Missing,NoPostalAssertionUnderCurrentNormalization,9900,[],,[]
TAMPINES,613B,TAMPINES NTH DR 1,32,Unmatched,Missing,NoPostalAssertionUnderCurrentNormalization,9904,[],,[]
TAMPINES,614A,TAMPINES NTH DR 1,31,Unmatched,Missing,NoPostalAssertionUnderCurrentNormalization,9920,[],,[]
TAMPINES,614B,TAMPINES NTH DR 1,16,Unmatched,Missing,NoPostalAssertionUnderCurrentNormalization,9923,[],,[]
TAMPINES,618A,TAMPINES ST 61,14,Unmatched,Missing,NoPostalAssertionUnderCurrentNormalization,9972,[],,[]
TAMPINES,618B,TAMPINES ST 61,20,Unmatched,Missing,NoPostalAssertionUnderCurrentNormalization,9974,[],,[]
TAMPINES,619A,TAMPINES ST 61,24,Unmatched,Missing,NoPostalAssertionUnderCurrentNormalization,9986,[],,[]
TAMPINES,619B,TAMPINES ST 61,9,Unmatched,Missing,NoPostalAssertionUnderCurrentNormalization,9988,[],,[]
TAMPINES,620A,TAMPINES ST 61,21,Unmatched,Missing,NoPostalAssertionUnderCurrentNormalization,10019,[],,[]
TAMPINES,620B,TAMPINES ST 61,7,Unmatched,Missing,NoPostalAssertionUnderCurrentNormalization,10020,[],,[]
TAMPINES,621A,TAMPINES ST 61,17,Unmatched,Missing,NoPostalAssertionUnderCurrentNormalization,10032,[],,[]
TAMPINES,621B,TAMPINES ST 61,7,Unmatched,Missing,NoPostalAssertionUnderCurrentNormalization,10034,[],,[]
TAMPINES,626A,TAMPINES ST 61,2,Unmatched,Missing,NoPostalAssertionUnderCurrentNormalization,10116,[],,[]
TAMPINES,627A,TAMPINES ST 61,4,Unmatched,Missing,NoPostalAssertionUnderCurrentNormalization,10130,[],,[]
TAMPINES,627B,TAMPINES ST 61,7,Unmatched,Missing,NoPostalAssertionUnderCurrentNormalization,10131,[],,[]
TAMPINES,701,TAMPINES ST 71,15,Unmatched,Missing,NoPostalAssertionUnderCurrentNormalization,11280,[],,[]
TAMPINES,702,TAMPINES ST 71,17,Unmatched,Missing,NoPostalAssertionUnderCurrentNormalization,11295,[],,[]
TAMPINES,703,TAMPINES ST 71,18,Unmatched,Missing,NoPostalAssertionUnderCurrentNormalization,11306,[],,[]
TAMPINES,704,TAMPINES ST 71,15,Unmatched,Missing,NoPostalAssertionUnderCurrentNormalization,11316,[],,[]
TAMPINES,705,TAMPINES ST 71,18,Unmatched,Missing,NoPostalAssertionUnderCurrentNormalization,11329,[],,[]
TAMPINES,706,TAMPINES ST 71,23,Unmatched,Missing,NoPostalAssertionUnderCurrentNormalization,11338,[],,[]
TAMPINES,707,TAMPINES ST 71,26,Unmatched,Missing,NoPostalAssertionUnderCurrentNormalization,11347,[],,[]
TAMPINES,708,TAMPINES ST 71,25,Unmatched,Missing,NoPostalAssertionUnderCurrentNormalization,11356,[],,[]
TAMPINES,709,TAMPINES ST 71,32,Unmatched,Missing,NoPostalAssertionUnderCurrentNormalization,11366,[],,[]
TAMPINES,710,TAMPINES ST 71,26,Unmatched,Missing,NoPostalAssertionUnderCurrentNormalization,11384,[],,[]
TAMPINES,711,TAMPINES ST 71,21,Unmatched,Missing,NoPostalAssertionUnderCurrentNormalization,11396,[],,[]
TAMPINES,712,TAMPINES ST 71,21,Unmatched,Missing,NoPostalAssertionUnderCurrentNormalization,11406,[],,[]
TAMPINES,713,TAMPINES ST 71,28,Unmatched,Missing,NoPostalAssertionUnderCurrentNormalization,11417,[],,[]
TAMPINES,714,TAMPINES ST 71,29,Unmatched,Missing,NoPostalAssertionUnderCurrentNormalization,11426,[],,[]
TAMPINES,715,TAMPINES ST 71,32,Unmatched,Missing,NoPostalAssertionUnderCurrentNormalization,11436,[],,[]
TAMPINES,716,TAMPINES ST 71,28,Unmatched,Missing,NoPostalAssertionUnderCurrentNormalization,11444,[],,[]
TAMPINES,717,TAMPINES ST 72,24,Unmatched,Missing,NoPostalAssertionUnderCurrentNormalization,11452,[],,[]
TAMPINES,718,TAMPINES ST 72,23,Unmatched,Missing,NoPostalAssertionUnderCurrentNormalization,11461,[],,[]
TAMPINES,719,TAMPINES ST 72,21,Unmatched,Missing,NoPostalAssertionUnderCurrentNormalization,11469,[],,[]
TAMPINES,720,TAMPINES ST 72,25,Unmatched,Missing,NoPostalAssertionUnderCurrentNormalization,11485,[],,[]
TAMPINES,721,TAMPINES ST 71,20,Unmatched,Missing,NoPostalAssertionUnderCurrentNormalization,11494,[],,[]
TAMPINES,722,TAMPINES ST 72,27,Unmatched,Missing,NoPostalAssertionUnderCurrentNormalization,11503,[],,[]
TAMPINES,723,TAMPINES ST 72,27,Unmatched,Missing,NoPostalAssertionUnderCurrentNormalization,11512,[],,[]
TAMPINES,724,TAMPINES ST 71,38,Unmatched,Missing,NoPostalAssertionUnderCurrentNormalization,11521,[],,[]
TAMPINES,725,TAMPINES ST 71,32,Unmatched,Missing,NoPostalAssertionUnderCurrentNormalization,11529,[],,[]
TAMPINES,726,TAMPINES ST 71,32,Unmatched,Missing,NoPostalAssertionUnderCurrentNormalization,11535,[],,[]
TAMPINES,727,TAMPINES ST 71,19,Unmatched,Missing,NoPostalAssertionUnderCurrentNormalization,11541,[],,[]
TAMPINES,728,TAMPINES ST 71,23,Unmatched,Missing,NoPostalAssertionUnderCurrentNormalization,11548,[],,[]
TAMPINES,729,TAMPINES ST 71,25,Unmatched,Missing,NoPostalAssertionUnderCurrentNormalization,11555,[],,[]
TAMPINES,730,TAMPINES ST 71,30,Unmatched,Missing,NoPostalAssertionUnderCurrentNormalization,11571,[],,[]
TAMPINES,731,TAMPINES ST 71,40,Unmatched,Missing,NoPostalAssertionUnderCurrentNormalization,11577,[],,[]
TAMPINES,732,TAMPINES ST 71,28,Unmatched,Missing,NoPostalAssertionUnderCurrentNormalization,11581,[],,[]
TAMPINES,733,TAMPINES ST 71,34,Unmatched,Missing,NoPostalAssertionUnderCurrentNormalization,11586,[],,[]
TAMPINES,734,TAMPINES ST 71,20,Unmatched,Missing,NoPostalAssertionUnderCurrentNormalization,11591,[],,[]
TAMPINES,735,TAMPINES ST 72,29,Unmatched,Missing,NoPostalAssertionUnderCurrentNormalization,11597,[],,[]
TAMPINES,736,TAMPINES ST 72,21,Unmatched,Missing,NoPostalAssertionUnderCurrentNormalization,11603,[],,[]
TAMPINES,737,TAMPINES ST 72,12,Unmatched,Missing,NoPostalAssertionUnderCurrentNormalization,11610,[],,[]
TAMPINES,738,TAMPINES ST 72,12,Unmatched,Missing,NoPostalAssertionUnderCurrentNormalization,11616,[],,[]
TAMPINES,739,TAMPINES ST 72,18,Unmatched,Missing,NoPostalAssertionUnderCurrentNormalization,11623,[],,[]
TAMPINES,740,TAMPINES ST 72,12,Unmatched,Missing,NoPostalAssertionUnderCurrentNormalization,11639,[],,[]
TAMPINES,741,TAMPINES ST 72,25,Unmatched,Missing,NoPostalAssertionUnderCurrentNormalization,11645,[],,[]
TAMPINES,742,TAMPINES ST 72,23,Unmatched,Missing,NoPostalAssertionUnderCurrentNormalization,11651,[],,[]
TAMPINES,804,TAMPINES AVE 4,12,Unmatched,Missing,NoPostalAssertionUnderCurrentNormalization,12144,[],,[]
TAMPINES,812,TAMPINES AVE 4,16,Unmatched,Missing,NoPostalAssertionUnderCurrentNormalization,12229,[],,[]
TAMPINES,813,TAMPINES ST 81,20,Unmatched,Missing,NoPostalAssertionUnderCurrentNormalization,12237,[],,[]
TAMPINES,814,TAMPINES ST 81,32,Unmatched,Missing,NoPostalAssertionUnderCurrentNormalization,12245,[],,[]
TAMPINES,816,TAMPINES AVE 4,8,Unmatched,Missing,NoPostalAssertionUnderCurrentNormalization,12256,[],,[]
TAMPINES,817,TAMPINES ST 81,24,Unmatched,Missing,NoPostalAssertionUnderCurrentNormalization,12264,[],,[]
TAMPINES,818,TAMPINES ST 81,29,Unmatched,Missing,NoPostalAssertionUnderCurrentNormalization,12272,[],,[]
TAMPINES,819,TAMPINES ST 81,29,Unmatched,Missing,NoPostalAssertionUnderCurrentNormalization,12279,[],,[]
TAMPINES,820,TAMPINES ST 81,10,Unmatched,Missing,NoPostalAssertionUnderCurrentNormalization,12300,[],,[]
TAMPINES,821,TAMPINES ST 81,3,Unmatched,Missing,NoPostalAssertionUnderCurrentNormalization,12306,[],,[]
TAMPINES,822,TAMPINES ST 81,4,Unmatched,Missing,NoPostalAssertionUnderCurrentNormalization,12311,[],,[]
TAMPINES,824,TAMPINES ST 81,9,Unmatched,Missing,NoPostalAssertionUnderCurrentNormalization,12321,[],,[]
TAMPINES,825,TAMPINES ST 81,7,Unmatched,Missing,NoPostalAssertionUnderCurrentNormalization,12326,[],,[]
TAMPINES,826,TAMPINES ST 81,13,Unmatched,Missing,NoPostalAssertionUnderCurrentNormalization,12330,[],,[]
TAMPINES,827,TAMPINES ST 81,8,Unmatched,Missing,NoPostalAssertionUnderCurrentNormalization,12335,[],,[]
TAMPINES,828,TAMPINES ST 81,12,Unmatched,Missing,NoPostalAssertionUnderCurrentNormalization,12341,[],,[]
TAMPINES,829,TAMPINES ST 81,8,Unmatched,Missing,NoPostalAssertionUnderCurrentNormalization,12347,[],,[]
TAMPINES,830,TAMPINES ST 82,12,Unmatched,Missing,NoPostalAssertionUnderCurrentNormalization,12364,[],,[]
TAMPINES,831,TAMPINES ST 83,14,Unmatched,Missing,NoPostalAssertionUnderCurrentNormalization,12371,[],,[]
TAMPINES,832,TAMPINES ST 82,14,Unmatched,Missing,NoPostalAssertionUnderCurrentNormalization,12376,[],,[]
TAMPINES,833,TAMPINES ST 83,16,Unmatched,Missing,NoPostalAssertionUnderCurrentNormalization,12382,[],,[]
TAMPINES,834,TAMPINES ST 82,8,Unmatched,Missing,NoPostalAssertionUnderCurrentNormalization,12387,[],,[]
TAMPINES,835,TAMPINES ST 83,6,Unmatched,Missing,NoPostalAssertionUnderCurrentNormalization,12392,[],,[]
TAMPINES,836,TAMPINES ST 82,23,Unmatched,Missing,NoPostalAssertionUnderCurrentNormalization,12397,[],,[]
TAMPINES,837,TAMPINES ST 83,23,Unmatched,Missing,NoPostalAssertionUnderCurrentNormalization,12402,[],,[]
TAMPINES,838,TAMPINES ST 82,19,Unmatched,Missing,NoPostalAssertionUnderCurrentNormalization,12408,[],,[]
TAMPINES,839,TAMPINES ST 83,19,Unmatched,Missing,NoPostalAssertionUnderCurrentNormalization,12413,[],,[]
TAMPINES,840,TAMPINES ST 82,31,Unmatched,Missing,NoPostalAssertionUnderCurrentNormalization,12429,[],,[]
TAMPINES,841,TAMPINES ST 83,27,Unmatched,Missing,NoPostalAssertionUnderCurrentNormalization,12434,[],,[]
TAMPINES,842,TAMPINES ST 82,24,Unmatched,Missing,NoPostalAssertionUnderCurrentNormalization,12440,[],,[]
TAMPINES,842B,TAMPINES ST 82,34,Unmatched,Missing,NoPostalAssertionUnderCurrentNormalization,12443,[],,[]
TAMPINES,842C,TAMPINES ST 82,15,Unmatched,Missing,NoPostalAssertionUnderCurrentNormalization,12444,[],,[]
TAMPINES,842D,TAMPINES ST 82,13,Unmatched,Missing,NoPostalAssertionUnderCurrentNormalization,12445,[],,[]
TAMPINES,842E,TAMPINES ST 82,11,Unmatched,Missing,NoPostalAssertionUnderCurrentNormalization,12446,[],,[]
TAMPINES,842F,TAMPINES ST 82,7,Unmatched,Missing,NoPostalAssertionUnderCurrentNormalization,12447,[],,[]
TAMPINES,842G,TAMPINES ST 82,25,Unmatched,Missing,NoPostalAssertionUnderCurrentNormalization,12448,[],,[]
TAMPINES,842H,TAMPINES ST 82,29,Unmatched,Missing,NoPostalAssertionUnderCurrentNormalization,12449,[],,[]
TAMPINES,843,TAMPINES ST 83,34,Unmatched,Missing,NoPostalAssertionUnderCurrentNormalization,12451,[],,[]
TAMPINES,844,TAMPINES ST 82,3,Unmatched,Missing,NoPostalAssertionUnderCurrentNormalization,12455,[],,[]
TAMPINES,845,TAMPINES ST 83,35,Unmatched,Missing,NoPostalAssertionUnderCurrentNormalization,12460,[],,[]
TAMPINES,846,TAMPINES ST 82,22,Unmatched,Missing,NoPostalAssertionUnderCurrentNormalization,12465,[],,[]
TAMPINES,847,TAMPINES ST 83,23,Unmatched,Missing,NoPostalAssertionUnderCurrentNormalization,12470,[],,[]
TAMPINES,848,TAMPINES ST 82,15,Unmatched,Missing,NoPostalAssertionUnderCurrentNormalization,12474,[],,[]
TAMPINES,849,TAMPINES ST 83,7,Unmatched,Missing,NoPostalAssertionUnderCurrentNormalization,12479,[],,[]
TAMPINES,850,TAMPINES ST 82,11,Unmatched,Missing,NoPostalAssertionUnderCurrentNormalization,12499,[],,[]
TAMPINES,851,TAMPINES ST 83,26,Unmatched,Missing,NoPostalAssertionUnderCurrentNormalization,12505,[],,[]
TAMPINES,852,TAMPINES ST 82,21,Unmatched,Missing,NoPostalAssertionUnderCurrentNormalization,12510,[],,[]
TAMPINES,853,TAMPINES ST 83,24,Unmatched,Missing,NoPostalAssertionUnderCurrentNormalization,12515,[],,[]
TAMPINES,854,TAMPINES ST 82,21,Unmatched,Missing,NoPostalAssertionUnderCurrentNormalization,12519,[],,[]
TAMPINES,855,TAMPINES ST 83,26,Unmatched,Missing,NoPostalAssertionUnderCurrentNormalization,12524,[],,[]
TAMPINES,856,TAMPINES ST 82,29,Unmatched,Missing,NoPostalAssertionUnderCurrentNormalization,12529,[],,[]
TAMPINES,856B,TAMPINES ST 82,15,Unmatched,Missing,NoPostalAssertionUnderCurrentNormalization,12532,[],,[]
TAMPINES,856C,TAMPINES ST 82,17,Unmatched,Missing,NoPostalAssertionUnderCurrentNormalization,12533,[],,[]
TAMPINES,856D,TAMPINES ST 82,12,Unmatched,Missing,NoPostalAssertionUnderCurrentNormalization,12534,[],,[]
TAMPINES,856E,TAMPINES ST 82,12,Unmatched,Missing,NoPostalAssertionUnderCurrentNormalization,12535,[],,[]
TAMPINES,856F,TAMPINES ST 82,15,Unmatched,Missing,NoPostalAssertionUnderCurrentNormalization,12536,[],,[]
TAMPINES,857,TAMPINES ST 83,32,Unmatched,Missing,NoPostalAssertionUnderCurrentNormalization,12538,[],,[]
TAMPINES,857A,TAMPINES ST 83,3,Unmatched,Missing,NoPostalAssertionUnderCurrentNormalization,12540,[],,[]
TAMPINES,857B,TAMPINES ST 83,4,Unmatched,Missing,NoPostalAssertionUnderCurrentNormalization,12541,[],,[]
TAMPINES,858,TAMPINES AVE 5,34,Unmatched,Missing,NoPostalAssertionUnderCurrentNormalization,12543,[],,[]
TAMPINES,858A,TAMPINES AVE 5,3,Unmatched,Missing,NoPostalAssertionUnderCurrentNormalization,12546,[],,[]
TAMPINES,858B,TAMPINES AVE 5,1,Unmatched,Missing,NoPostalAssertionUnderCurrentNormalization,12547,[],,[]
TAMPINES,859,TAMPINES AVE 5,18,Unmatched,Missing,NoPostalAssertionUnderCurrentNormalization,12552,[],,[]
TAMPINES,860A,TAMPINES AVE 5,1,Unmatched,Missing,NoPostalAssertionUnderCurrentNormalization,12577,[],,[]
TAMPINES,860B,TAMPINES AVE 5,2,Unmatched,Missing,NoPostalAssertionUnderCurrentNormalization,12578,[],,[]
TAMPINES,861,TAMPINES AVE 5,22,Unmatched,Missing,NoPostalAssertionUnderCurrentNormalization,12582,[],,[]
TAMPINES,862,TAMPINES ST 83,19,Unmatched,Missing,NoPostalAssertionUnderCurrentNormalization,12587,[],,[]
TAMPINES,862A,TAMPINES ST 83,13,Unmatched,Missing,NoPostalAssertionUnderCurrentNormalization,12590,[],,[]
TAMPINES,863,TAMPINES ST 83,23,Unmatched,Missing,NoPostalAssertionUnderCurrentNormalization,12593,[],,[]
TAMPINES,863A,TAMPINES ST 83,6,Unmatched,Missing,NoPostalAssertionUnderCurrentNormalization,12596,[],,[]
TAMPINES,863B,TAMPINES ST 83,2,Unmatched,Missing,NoPostalAssertionUnderCurrentNormalization,12597,[],,[]
TAMPINES,864,TAMPINES ST 83,26,Unmatched,Missing,NoPostalAssertionUnderCurrentNormalization,12599,[],,[]
TAMPINES,864A,TAMPINES ST 83,30,Unmatched,Missing,NoPostalAssertionUnderCurrentNormalization,12602,[],,[]
TAMPINES,865,TAMPINES ST 83,17,Unmatched,Missing,NoPostalAssertionUnderCurrentNormalization,12605,[],,[]
TAMPINES,866,TAMPINES ST 83,19,Unmatched,Missing,NoPostalAssertionUnderCurrentNormalization,12610,[],,[]
TAMPINES,867,TAMPINES ST 83,17,Unmatched,Missing,NoPostalAssertionUnderCurrentNormalization,12615,[],,[]
TAMPINES,867A,TAMPINES ST 83,24,Unmatched,Missing,NoPostalAssertionUnderCurrentNormalization,12618,[],,[]
TAMPINES,868,TAMPINES ST 83,33,Unmatched,Missing,NoPostalAssertionUnderCurrentNormalization,12619,[],,[]
TAMPINES,869,TAMPINES ST 83,19,Unmatched,Missing,NoPostalAssertionUnderCurrentNormalization,12626,[],,[]
TAMPINES,869A,TAMPINES AVE 8,39,Unmatched,Missing,NoPostalAssertionUnderCurrentNormalization,12628,[],,[]
TAMPINES,869B,TAMPINES AVE 8,45,Unmatched,Missing,NoPostalAssertionUnderCurrentNormalization,12629,[],,[]
TAMPINES,870,TAMPINES ST 83,23,Unmatched,Missing,NoPostalAssertionUnderCurrentNormalization,12640,[],,[]
TAMPINES,870A,TAMPINES ST 86,67,Unmatched,Missing,NoPostalAssertionUnderCurrentNormalization,12643,[],,[]
TAMPINES,871,TAMPINES ST 84,32,Unmatched,Missing,NoPostalAssertionUnderCurrentNormalization,12646,[],,[]
TAMPINES,871A,TAMPINES ST 84,16,Unmatched,Missing,NoPostalAssertionUnderCurrentNormalization,12649,[],,[]
TAMPINES,871B,TAMPINES ST 86,60,Unmatched,Missing,NoPostalAssertionUnderCurrentNormalization,12650,[],,[]
TAMPINES,871C,TAMPINES ST 86,58,Unmatched,Missing,NoPostalAssertionUnderCurrentNormalization,12651,[],,[]
TAMPINES,872,TAMPINES ST 84,19,Unmatched,Missing,NoPostalAssertionUnderCurrentNormalization,12652,[],,[]
TAMPINES,873,TAMPINES ST 84,21,Unmatched,Missing,NoPostalAssertionUnderCurrentNormalization,12658,[],,[]
TAMPINES,874,TAMPINES ST 84,17,Unmatched,Missing,NoPostalAssertionUnderCurrentNormalization,12663,[],,[]
TAMPINES,874A,TAMPINES ST 84,31,Unmatched,Missing,NoPostalAssertionUnderCurrentNormalization,12666,[],,[]
TAMPINES,874B,TAMPINES ST 85,20,Unmatched,Missing,NoPostalAssertionUnderCurrentNormalization,12668,[],,[]
TAMPINES,874C,TAMPINES ST 85,16,Unmatched,Missing,NoPostalAssertionUnderCurrentNormalization,12669,[],,[]
TAMPINES,874D,TAMPINES ST 85,12,Unmatched,Missing,NoPostalAssertionUnderCurrentNormalization,12670,[],,[]
TAMPINES,875,TAMPINES ST 84,21,Unmatched,Missing,NoPostalAssertionUnderCurrentNormalization,12671,[],,[]
TAMPINES,875B,TAMPINES ST 86,15,Unmatched,Missing,NoPostalAssertionUnderCurrentNormalization,12675,[],,[]
TAMPINES,876,TAMPINES ST 84,19,Unmatched,Missing,NoPostalAssertionUnderCurrentNormalization,12676,[],,[]
TAMPINES,876A,TAMPINES AVE 8,16,Unmatched,Missing,NoPostalAssertionUnderCurrentNormalization,12679,[],,[]
TAMPINES,876C,TAMPINES AVE 8,25,Unmatched,Missing,NoPostalAssertionUnderCurrentNormalization,12681,[],,[]
TAMPINES,877,TAMPINES ST 84,13,Unmatched,Missing,NoPostalAssertionUnderCurrentNormalization,12682,[],,[]
TAMPINES,880,TAMPINES AVE 8,13,Unmatched,Missing,NoPostalAssertionUnderCurrentNormalization,12713,[],,[]
TAMPINES,880A,TAMPINES AVE 8,9,Unmatched,Missing,NoPostalAssertionUnderCurrentNormalization,12716,[],,[]
TAMPINES,881,TAMPINES ST 84,20,Unmatched,Missing,NoPostalAssertionUnderCurrentNormalization,12717,[],,[]
TAMPINES,882,TAMPINES ST 84,13,Unmatched,Missing,NoPostalAssertionUnderCurrentNormalization,12720,[],,[]
TAMPINES,883,TAMPINES ST 84,32,Unmatched,Missing,NoPostalAssertionUnderCurrentNormalization,12723,[],,[]
TAMPINES,884,TAMPINES ST 83,25,Unmatched,Missing,NoPostalAssertionUnderCurrentNormalization,12726,[],,[]
TAMPINES,885,TAMPINES ST 83,20,Unmatched,Missing,NoPostalAssertionUnderCurrentNormalization,12727,[],,[]
TAMPINES,886,TAMPINES ST 83,14,Unmatched,Missing,NoPostalAssertionUnderCurrentNormalization,12729,[],,[]
TAMPINES,886A,TAMPINES ST 83,5,Unmatched,Missing,NoPostalAssertionUnderCurrentNormalization,12731,[],,[]
TAMPINES,887,TAMPINES ST 81,15,Unmatched,Missing,NoPostalAssertionUnderCurrentNormalization,12736,[],,[]
TAMPINES,887A,TAMPINES ST 81,5,Unmatched,Missing,NoPostalAssertionUnderCurrentNormalization,12738,[],,[]
TAMPINES,888,TAMPINES ST 81,24,Unmatched,Missing,NoPostalAssertionUnderCurrentNormalization,12742,[],,[]
TAMPINES,888A,TAMPINES ST 81,19,Unmatched,Missing,NoPostalAssertionUnderCurrentNormalization,12744,[],,[]
TAMPINES,889,TAMPINES ST 81,36,Unmatched,Missing,NoPostalAssertionUnderCurrentNormalization,12746,[],,[]
TAMPINES,889A,TAMPINES ST 81,21,Unmatched,Missing,NoPostalAssertionUnderCurrentNormalization,12748,[],,[]
TAMPINES,890B,TAMPINES AVE 1,69,Unmatched,Missing,NoPostalAssertionUnderCurrentNormalization,12766,[],,[]
TAMPINES,894,TAMPINES ST 81,38,Unmatched,Missing,NoPostalAssertionUnderCurrentNormalization,12788,[],,[]
TAMPINES,894A,TAMPINES ST 81,13,Unmatched,Missing,NoPostalAssertionUnderCurrentNormalization,12789,[],,[]
TAMPINES,895,TAMPINES ST 81,26,Unmatched,Missing,NoPostalAssertionUnderCurrentNormalization,12794,[],,[]
TAMPINES,895A,TAMPINES ST 81,17,Unmatched,Missing,NoPostalAssertionUnderCurrentNormalization,12795,[],,[]
TAMPINES,896,TAMPINES ST 81,18,Unmatched,Missing,NoPostalAssertionUnderCurrentNormalization,12801,[],,[]
TAMPINES,896A,TAMPINES ST 81,18,Unmatched,Missing,NoPostalAssertionUnderCurrentNormalization,12802,[],,[]
TAMPINES,897,TAMPINES ST 81,14,Unmatched,Missing,NoPostalAssertionUnderCurrentNormalization,12806,[],,[]
TAMPINES,897A,TAMPINES ST 81,24,Unmatched,Missing,NoPostalAssertionUnderCurrentNormalization,12807,[],,[]
TAMPINES,898,TAMPINES ST 81,27,Unmatched,Missing,NoPostalAssertionUnderCurrentNormalization,12813,[],,[]
TAMPINES,898A,TAMPINES ST 81,34,Unmatched,Missing,NoPostalAssertionUnderCurrentNormalization,12814,[],,[]
TAMPINES,899,TAMPINES ST 81,16,Unmatched,Missing,NoPostalAssertionUnderCurrentNormalization,12817,[],,[]
TAMPINES,899A,TAMPINES ST 81,25,Unmatched,Missing,NoPostalAssertionUnderCurrentNormalization,12818,[],,[]
TAMPINES,906,TAMPINES AVE 4,4,Unmatched,Missing,NoPostalAssertionUnderCurrentNormalization,12871,[],,[]
TAMPINES,910,TAMPINES ST 91,23,Unmatched,Missing,NoPostalAssertionUnderCurrentNormalization,12905,[],,[]
TAMPINES,911,TAMPINES ST 91,29,Unmatched,Missing,NoPostalAssertionUnderCurrentNormalization,12908,[],,[]
TAMPINES,912,TAMPINES ST 91,25,Unmatched,Missing,NoPostalAssertionUnderCurrentNormalization,12911,[],,[]
TAMPINES,913,TAMPINES ST 91,6,Unmatched,Missing,NoPostalAssertionUnderCurrentNormalization,12914,[],,[]
TAMPINES,914,TAMPINES ST 91,26,Unmatched,Missing,NoPostalAssertionUnderCurrentNormalization,12917,[],,[]
TAMPINES,915,TAMPINES ST 91,18,Unmatched,Missing,NoPostalAssertionUnderCurrentNormalization,12920,[],,[]
TAMPINES,916,TAMPINES ST 91,26,Unmatched,Missing,NoPostalAssertionUnderCurrentNormalization,12923,[],,[]
TAMPINES,921,TAMPINES ST 91,21,Unmatched,Missing,NoPostalAssertionUnderCurrentNormalization,12948,[],,[]
TAMPINES,922,TAMPINES ST 91,19,Unmatched,Missing,NoPostalAssertionUnderCurrentNormalization,12952,[],,[]
TAMPINES,924,TAMPINES ST 91,28,Unmatched,Missing,NoPostalAssertionUnderCurrentNormalization,12958,[],,[]
TAMPINES,925,TAMPINES ST 91,18,Unmatched,Missing,NoPostalAssertionUnderCurrentNormalization,12961,[],,[]
TAMPINES,926,TAMPINES ST 91,20,Unmatched,Missing,NoPostalAssertionUnderCurrentNormalization,12966,[],,[]
TAMPINES,927,TAMPINES ST 91,5,Unmatched,Missing,NoPostalAssertionUnderCurrentNormalization,12969,[],,[]
TAMPINES,928,TAMPINES ST 91,7,Unmatched,Missing,NoPostalAssertionUnderCurrentNormalization,12973,[],,[]
TAMPINES,929,TAMPINES ST 91,27,Unmatched,Missing,NoPostalAssertionUnderCurrentNormalization,12977,[],,[]
TAMPINES,930,TAMPINES ST 91,22,Unmatched,Missing,NoPostalAssertionUnderCurrentNormalization,12996,[],,[]
TAMPINES,931,TAMPINES ST 91,8,Unmatched,Missing,NoPostalAssertionUnderCurrentNormalization,13000,[],,[]
TAMPINES,932,TAMPINES ST 91,15,Unmatched,Missing,NoPostalAssertionUnderCurrentNormalization,13005,[],,[]
TAMPINES,933,TAMPINES ST 91,17,Unmatched,Missing,NoPostalAssertionUnderCurrentNormalization,13012,[],,[]
TAMPINES,934,TAMPINES ST 91,19,Unmatched,Missing,NoPostalAssertionUnderCurrentNormalization,13015,[],,[]
TAMPINES,935,TAMPINES ST 91,21,Unmatched,Missing,NoPostalAssertionUnderCurrentNormalization,13018,[],,[]
TAMPINES,936,TAMPINES AVE 5,28,Unmatched,Missing,NoPostalAssertionUnderCurrentNormalization,13022,[],,[]
TAMPINES,938,TAMPINES AVE 5,22,Unmatched,Missing,NoPostalAssertionUnderCurrentNormalization,13034,[],,[]
TAMPINES,939,TAMPINES AVE 5,8,Unmatched,Missing,NoPostalAssertionUnderCurrentNormalization,13037,[],,[]
TAMPINES,940,TAMPINES AVE 5,27,Unmatched,Missing,NoPostalAssertionUnderCurrentNormalization,13054,[],,[]
TAMPINES,944,TAMPINES AVE 5,15,Unmatched,Missing,NoPostalAssertionUnderCurrentNormalization,13067,[],,[]
TOA PAYOH,1,LOR 7 TOA PAYOH,40,Unmatched,Missing,NoPostalAssertionUnderCurrentNormalization,21,[],,[]
TOA PAYOH,10,JOO SENG RD,19,Unmatched,Missing,NoPostalAssertionUnderCurrentNormalization,66,[],,[]
TOA PAYOH,10,LOR 7 TOA PAYOH,13,Unmatched,Missing,NoPostalAssertionUnderCurrentNormalization,67,[],,[]
TOA PAYOH,100,LOR 1 TOA PAYOH,39,Unmatched,Missing,NoPostalAssertionUnderCurrentNormalization,98,[],,[]
TOA PAYOH,101A,BIDADARI PK DR,36,Unmatched,Missing,NoPostalAssertionUnderCurrentNormalization,131,[],,[]
TOA PAYOH,101A,LOR 2 TOA PAYOH,13,Unmatched,Missing,NoPostalAssertionUnderCurrentNormalization,133,[],,[]
TOA PAYOH,101B,LOR 2 TOA PAYOH,5,Unmatched,Missing,NoPostalAssertionUnderCurrentNormalization,137,[],,[]
TOA PAYOH,102A,BIDADARI PK DR,29,Unmatched,Missing,NoPostalAssertionUnderCurrentNormalization,173,[],,[]
TOA PAYOH,102B,BIDADARI PK DR,41,Unmatched,Missing,NoPostalAssertionUnderCurrentNormalization,178,[],,[]
TOA PAYOH,103,POTONG PASIR AVE 1,9,Unmatched,Missing,NoPostalAssertionUnderCurrentNormalization,204,[],,[]
TOA PAYOH,103A,BIDADARI PK DR,16,Unmatched,Missing,NoPostalAssertionUnderCurrentNormalization,213,[],,[]
TOA PAYOH,103B,BIDADARI PK DR,13,Unmatched,Missing,NoPostalAssertionUnderCurrentNormalization,218,[],,[]
TOA PAYOH,104A,BIDADARI PK DR,22,Unmatched,Missing,NoPostalAssertionUnderCurrentNormalization,253,[],,[]
TOA PAYOH,105A,BIDADARI PK DR,14,Unmatched,Missing,NoPostalAssertionUnderCurrentNormalization,297,[],,[]
TOA PAYOH,105B,BIDADARI PK DR,26,Unmatched,Missing,NoPostalAssertionUnderCurrentNormalization,301,[],,[]
TOA PAYOH,106,POTONG PASIR AVE 1,9,Unmatched,Missing,NoPostalAssertionUnderCurrentNormalization,327,[],,[]
TOA PAYOH,106A,BIDADARI PK DR,30,Unmatched,Missing,NoPostalAssertionUnderCurrentNormalization,338,[],,[]
TOA PAYOH,106B,BIDADARI PK DR,18,Unmatched,Missing,NoPostalAssertionUnderCurrentNormalization,344,[],,[]
TOA PAYOH,107,LOR 1 TOA PAYOH,14,Unmatched,Missing,NoPostalAssertionUnderCurrentNormalization,367,[],,[]
TOA PAYOH,107,POTONG PASIR AVE 1,21,Unmatched,Missing,NoPostalAssertionUnderCurrentNormalization,369,[],,[]
TOA PAYOH,107A,BIDADARI PK DR,3,Unmatched,Missing,NoPostalAssertionUnderCurrentNormalization,380,[],,[]
TOA PAYOH,107B,BIDADARI PK DR,5,Unmatched,Missing,NoPostalAssertionUnderCurrentNormalization,387,[],,[]
TOA PAYOH,108,LOR 1 TOA PAYOH,19,Unmatched,Missing,NoPostalAssertionUnderCurrentNormalization,410,[],,[]
TOA PAYOH,109,LOR 1 TOA PAYOH,21,Unmatched,Missing,NoPostalAssertionUnderCurrentNormalization,451,[],,[]
TOA PAYOH,109,POTONG PASIR AVE 1,14,Unmatched,Missing,NoPostalAssertionUnderCurrentNormalization,454,[],,[]
TOA PAYOH,10B,LOR 7 TOA PAYOH,24,Unmatched,Missing,NoPostalAssertionUnderCurrentNormalization,87,[],,[]
TOA PAYOH,11,JOO SENG RD,16,Unmatched,Missing,NoPostalAssertionUnderCurrentNormalization,487,[],,[]
TOA PAYOH,11,LOR 8 TOA PAYOH,29,Unmatched,Missing,NoPostalAssertionUnderCurrentNormalization,488,[],,[]
TOA PAYOH,110,LOR 1 TOA PAYOH,33,Unmatched,Missing,NoPostalAssertionUnderCurrentNormalization,518,[],,[]
TOA PAYOH,110A,BIDADARI PK DR,4,Unmatched,Missing,NoPostalAssertionUnderCurrentNormalization,531,[],,[]
TOA PAYOH,110B,BIDADARI PK DR,7,Unmatched,Missing,NoPostalAssertionUnderCurrentNormalization,535,[],,[]
TOA PAYOH,111,LOR 1 TOA PAYOH,19,Unmatched,Missing,NoPostalAssertionUnderCurrentNormalization,557,[],,[]
TOA PAYOH,111A,ALKAFF CRES,8,Unmatched,Missing,NoPostalAssertionUnderCurrentNormalization,569,[],,[]
TOA PAYOH,111B,ALKAFF CRES,3,Unmatched,Missing,NoPostalAssertionUnderCurrentNormalization,574,[],,[]
TOA PAYOH,112,LOR 1 TOA PAYOH,29,Unmatched,Missing,NoPostalAssertionUnderCurrentNormalization,594,[],,[]
TOA PAYOH,112A,ALKAFF CRES,1,Unmatched,Missing,NoPostalAssertionUnderCurrentNormalization,607,[],,[]
TOA PAYOH,112B,ALKAFF CRES,4,Unmatched,Missing,NoPostalAssertionUnderCurrentNormalization,611,[],,[]
TOA PAYOH,113,LOR 1 TOA PAYOH,33,Unmatched,Missing,NoPostalAssertionUnderCurrentNormalization,631,[],,[]
TOA PAYOH,113A,ALKAFF CRES,6,Unmatched,Missing,NoPostalAssertionUnderCurrentNormalization,647,[],,[]
TOA PAYOH,114,LOR 1 TOA PAYOH,36,Unmatched,Missing,NoPostalAssertionUnderCurrentNormalization,674,[],,[]
TOA PAYOH,114A,ALKAFF CRES,9,Unmatched,Missing,NoPostalAssertionUnderCurrentNormalization,688,[],,[]
TOA PAYOH,114B,ALKAFF CRES,6,Unmatched,Missing,NoPostalAssertionUnderCurrentNormalization,693,[],,[]
TOA PAYOH,115,LOR 1 TOA PAYOH,30,Unmatched,Missing,NoPostalAssertionUnderCurrentNormalization,714,[],,[]
TOA PAYOH,115A,ALKAFF CRES,17,Unmatched,Missing,NoPostalAssertionUnderCurrentNormalization,725,[],,[]
TOA PAYOH,115C,ALKAFF CRES,23,Unmatched,Missing,NoPostalAssertionUnderCurrentNormalization,735,[],,[]
TOA PAYOH,116,LOR 2 TOA PAYOH,69,Unmatched,Missing,NoPostalAssertionUnderCurrentNormalization,756,[],,[]
TOA PAYOH,117,LOR 1 TOA PAYOH,23,Unmatched,Missing,NoPostalAssertionUnderCurrentNormalization,794,[],,[]
TOA PAYOH,118,LOR 1 TOA PAYOH,23,Unmatched,Missing,NoPostalAssertionUnderCurrentNormalization,831,[],,[]
TOA PAYOH,118,POTONG PASIR AVE 1,27,Unmatched,Missing,NoPostalAssertionUnderCurrentNormalization,835,[],,[]
TOA PAYOH,118A,ALKAFF CRES,70,Unmatched,Missing,NoPostalAssertionUnderCurrentNormalization,840,[],,[]
TOA PAYOH,119,LOR 1 TOA PAYOH,18,Unmatched,Missing,NoPostalAssertionUnderCurrentNormalization,868,[],,[]
TOA PAYOH,12,JOO SENG RD,15,Unmatched,Missing,NoPostalAssertionUnderCurrentNormalization,905,[],,[]
TOA PAYOH,12,LOR 7 TOA PAYOH,44,Unmatched,Missing,NoPostalAssertionUnderCurrentNormalization,907,[],,[]
TOA PAYOH,120,LOR 2 TOA PAYOH,54,Unmatched,Missing,NoPostalAssertionUnderCurrentNormalization,940,[],,[]
TOA PAYOH,121,LOR 2 TOA PAYOH,30,Unmatched,Missing,NoPostalAssertionUnderCurrentNormalization,982,[],,[]
TOA PAYOH,122,LOR 2 TOA PAYOH,34,Unmatched,Missing,NoPostalAssertionUnderCurrentNormalization,1021,[],,[]
TOA PAYOH,123,LOR 1 TOA PAYOH,24,Unmatched,Missing,NoPostalAssertionUnderCurrentNormalization,1055,[],,[]
TOA PAYOH,123,POTONG PASIR AVE 1,1,Unmatched,Missing,NoPostalAssertionUnderCurrentNormalization,1061,[],,[]
TOA PAYOH,124,LOR 1 TOA PAYOH,31,Unmatched,Missing,NoPostalAssertionUnderCurrentNormalization,1086,[],,[]
TOA PAYOH,124,POTONG PASIR AVE 1,6,Unmatched,Missing,NoPostalAssertionUnderCurrentNormalization,1092,[],,[]
TOA PAYOH,125,LOR 1 TOA PAYOH,40,Unmatched,Missing,NoPostalAssertionUnderCurrentNormalization,1118,[],,[]
TOA PAYOH,126,LOR 1 TOA PAYOH,28,Unmatched,Missing,NoPostalAssertionUnderCurrentNormalization,1147,[],,[]
TOA PAYOH,126,POTONG PASIR AVE 1,4,Unmatched,Missing,NoPostalAssertionUnderCurrentNormalization,1151,[],,[]
TOA PAYOH,127,POTONG PASIR AVE 1,3,Unmatched,Missing,NoPostalAssertionUnderCurrentNormalization,1188,[],,[]
TOA PAYOH,128,LOR 1 TOA PAYOH,45,Unmatched,Missing,NoPostalAssertionUnderCurrentNormalization,1210,[],,[]
TOA PAYOH,128,POTONG PASIR AVE 1,3,Unmatched,Missing,NoPostalAssertionUnderCurrentNormalization,1216,[],,[]
TOA PAYOH,129,POTONG PASIR AVE 1,3,Unmatched,Missing,NoPostalAssertionUnderCurrentNormalization,1249,[],,[]
TOA PAYOH,13,JOO SENG RD,6,Unmatched,Missing,NoPostalAssertionUnderCurrentNormalization,1271,[],,[]
TOA PAYOH,13,LOR 7 TOA PAYOH,47,Unmatched,Missing,NoPostalAssertionUnderCurrentNormalization,1272,[],,[]
TOA PAYOH,130A,LOR 1 TOA PAYOH,68,Unmatched,Missing,NoPostalAssertionUnderCurrentNormalization,1311,[],,[]
TOA PAYOH,130B,LOR 1 TOA PAYOH,81,Unmatched,Missing,NoPostalAssertionUnderCurrentNormalization,1314,[],,[]
TOA PAYOH,131A,LOR 1 TOA PAYOH,37,Unmatched,Missing,NoPostalAssertionUnderCurrentNormalization,1340,[],,[]
TOA PAYOH,131B,LOR 1 TOA PAYOH,48,Unmatched,Missing,NoPostalAssertionUnderCurrentNormalization,1344,[],,[]
TOA PAYOH,132,POTONG PASIR AVE 1,2,Unmatched,Missing,NoPostalAssertionUnderCurrentNormalization,1367,[],,[]
TOA PAYOH,134,POTONG PASIR AVE 3,16,Unmatched,Missing,NoPostalAssertionUnderCurrentNormalization,1418,[],,[]
TOA PAYOH,138,POTONG PASIR AVE 3,5,Unmatched,Missing,NoPostalAssertionUnderCurrentNormalization,1503,[],,[]
TOA PAYOH,138A,LOR 1A TOA PAYOH,102,Unmatched,Missing,NoPostalAssertionUnderCurrentNormalization,1511,[],,[]
TOA PAYOH,138B,LOR 1A TOA PAYOH,103,Unmatched,Missing,NoPostalAssertionUnderCurrentNormalization,1513,[],,[]
TOA PAYOH,138C,LOR 1A TOA PAYOH,119,Unmatched,Missing,NoPostalAssertionUnderCurrentNormalization,1515,[],,[]
TOA PAYOH,139A,LOR 1A TOA PAYOH,145,Unmatched,Missing,NoPostalAssertionUnderCurrentNormalization,1537,[],,[]
TOA PAYOH,139B,LOR 1A TOA PAYOH,116,Unmatched,Missing,NoPostalAssertionUnderCurrentNormalization,1538,[],,[]
TOA PAYOH,14,JOO SENG RD,11,Unmatched,Missing,NoPostalAssertionUnderCurrentNormalization,1547,[],,[]
TOA PAYOH,14,LOR 7 TOA PAYOH,20,Unmatched,Missing,NoPostalAssertionUnderCurrentNormalization,1549,[],,[]
TOA PAYOH,141,LOR 2 TOA PAYOH,38,Unmatched,Missing,NoPostalAssertionUnderCurrentNormalization,1591,[],,[]
TOA PAYOH,141,POTONG PASIR AVE 3,6,Unmatched,Missing,NoPostalAssertionUnderCurrentNormalization,1596,[],,[]
TOA PAYOH,142,LOR 2 TOA PAYOH,39,Unmatched,Missing,NoPostalAssertionUnderCurrentNormalization,1613,[],,[]
TOA PAYOH,143,LOR 2 TOA PAYOH,45,Unmatched,Missing,NoPostalAssertionUnderCurrentNormalization,1632,[],,[]
TOA PAYOH,144,LOR 2 TOA PAYOH,46,Unmatched,Missing,NoPostalAssertionUnderCurrentNormalization,1649,[],,[]
TOA PAYOH,144,POTONG PASIR AVE 2,10,Unmatched,Missing,NoPostalAssertionUnderCurrentNormalization,1653,[],,[]
TOA PAYOH,145,LOR 2 TOA PAYOH,61,Unmatched,Missing,NoPostalAssertionUnderCurrentNormalization,1665,[],,[]
TOA PAYOH,146,LOR 2 TOA PAYOH,50,Unmatched,Missing,NoPostalAssertionUnderCurrentNormalization,1684,[],,[]
TOA PAYOH,147,LOR 2 TOA PAYOH,45,Unmatched,Missing,NoPostalAssertionUnderCurrentNormalization,1703,[],,[]
TOA PAYOH,14A,LOR 7 TOA PAYOH,25,Unmatched,Missing,NoPostalAssertionUnderCurrentNormalization,1561,[],,[]
TOA PAYOH,14B,LOR 7 TOA PAYOH,19,Unmatched,Missing,NoPostalAssertionUnderCurrentNormalization,1564,[],,[]
TOA PAYOH,15,JOO SENG RD,26,Unmatched,Missing,NoPostalAssertionUnderCurrentNormalization,1760,[],,[]
TOA PAYOH,152,LOR 2 TOA PAYOH,58,Unmatched,Missing,NoPostalAssertionUnderCurrentNormalization,1817,[],,[]
TOA PAYOH,153,LOR 2 TOA PAYOH,26,Unmatched,Missing,NoPostalAssertionUnderCurrentNormalization,1839,[],,[]
TOA PAYOH,153A,LOR 1 TOA PAYOH,19,Unmatched,Missing,NoPostalAssertionUnderCurrentNormalization,1849,[],,[]
TOA PAYOH,154,LOR 2 TOA PAYOH,19,Unmatched,Missing,NoPostalAssertionUnderCurrentNormalization,1861,[],,[]
TOA PAYOH,155,LOR 1 TOA PAYOH,30,Unmatched,Missing,NoPostalAssertionUnderCurrentNormalization,1881,[],,[]
TOA PAYOH,156,LOR 1 TOA PAYOH,19,Unmatched,Missing,NoPostalAssertionUnderCurrentNormalization,1897,[],,[]
TOA PAYOH,157,LOR 1 TOA PAYOH,73,Unmatched,Missing,NoPostalAssertionUnderCurrentNormalization,1919,[],,[]
TOA PAYOH,158,LOR 1 TOA PAYOH,29,Unmatched,Missing,NoPostalAssertionUnderCurrentNormalization,1943,[],,[]
TOA PAYOH,159,LOR 1 TOA PAYOH,31,Unmatched,Missing,NoPostalAssertionUnderCurrentNormalization,1963,[],,[]
TOA PAYOH,16,JOO SENG RD,20,Unmatched,Missing,NoPostalAssertionUnderCurrentNormalization,1982,[],,[]
TOA PAYOH,160,LOR 1 TOA PAYOH,16,Unmatched,Missing,NoPostalAssertionUnderCurrentNormalization,2000,[],,[]
TOA PAYOH,161,LOR 1 TOA PAYOH,22,Unmatched,Missing,NoPostalAssertionUnderCurrentNormalization,2020,[],,[]
TOA PAYOH,163,LOR 1 TOA PAYOH,30,Unmatched,Missing,NoPostalAssertionUnderCurrentNormalization,2062,[],,[]
TOA PAYOH,168,LOR 1 TOA PAYOH,24,Unmatched,Missing,NoPostalAssertionUnderCurrentNormalization,2158,[],,[]
TOA PAYOH,169,LOR 1 TOA PAYOH,24,Unmatched,Missing,NoPostalAssertionUnderCurrentNormalization,2178,[],,[]
TOA PAYOH,17,JOO SENG RD,30,Unmatched,Missing,NoPostalAssertionUnderCurrentNormalization,2195,[],,[]
TOA PAYOH,17,LOR 7 TOA PAYOH,65,Unmatched,Missing,NoPostalAssertionUnderCurrentNormalization,2196,[],,[]
TOA PAYOH,171,LOR 1 TOA PAYOH,24,Unmatched,Missing,NoPostalAssertionUnderCurrentNormalization,2237,[],,[]
TOA PAYOH,172,LOR 1 TOA PAYOH,16,Unmatched,Missing,NoPostalAssertionUnderCurrentNormalization,2257,[],,[]
TOA PAYOH,172A,LOR 1 TOA PAYOH,9,Unmatched,Missing,NoPostalAssertionUnderCurrentNormalization,2263,[],,[]
TOA PAYOH,173,LOR 1 TOA PAYOH,45,Unmatched,Missing,NoPostalAssertionUnderCurrentNormalization,2276,[],,[]
TOA PAYOH,174,LOR 1 TOA PAYOH,30,Unmatched,Missing,NoPostalAssertionUnderCurrentNormalization,2294,[],,[]
TOA PAYOH,175,LOR 2 TOA PAYOH,13,Unmatched,Missing,NoPostalAssertionUnderCurrentNormalization,2314,[],,[]
TOA PAYOH,177,TOA PAYOH CTRL,19,Unmatched,Missing,NoPostalAssertionUnderCurrentNormalization,2352,[],,[]
TOA PAYOH,178,TOA PAYOH CTRL,9,Unmatched,Missing,NoPostalAssertionUnderCurrentNormalization,2365,[],,[]
TOA PAYOH,179,TOA PAYOH CTRL,23,Unmatched,Missing,NoPostalAssertionUnderCurrentNormalization,2382,[],,[]
TOA PAYOH,18,JOO SENG RD,16,Unmatched,Missing,NoPostalAssertionUnderCurrentNormalization,2400,[],,[]
TOA PAYOH,18,LOR 7 TOA PAYOH,25,Unmatched,Missing,NoPostalAssertionUnderCurrentNormalization,2401,[],,[]
TOA PAYOH,183,TOA PAYOH CTRL,15,Unmatched,Missing,NoPostalAssertionUnderCurrentNormalization,2494,[],,[]
TOA PAYOH,184,TOA PAYOH CTRL,3,Unmatched,Missing,NoPostalAssertionUnderCurrentNormalization,2518,[],,[]
TOA PAYOH,185,TOA PAYOH CTRL,2,Unmatched,Missing,NoPostalAssertionUnderCurrentNormalization,2535,[],,[]
TOA PAYOH,186,TOA PAYOH CTRL,6,Unmatched,Missing,NoPostalAssertionUnderCurrentNormalization,2553,[],,[]
TOA PAYOH,19,JOO SENG RD,14,Unmatched,Missing,NoPostalAssertionUnderCurrentNormalization,2617,[],,[]
TOA PAYOH,191,LOR 4 TOA PAYOH,22,Unmatched,Missing,NoPostalAssertionUnderCurrentNormalization,2647,[],,[]
TOA PAYOH,193,LOR 4 TOA PAYOH,19,Unmatched,Missing,NoPostalAssertionUnderCurrentNormalization,2665,[],,[]
TOA PAYOH,194,KIM KEAT AVE,46,Unmatched,Missing,NoPostalAssertionUnderCurrentNormalization,2670,[],,[]
TOA PAYOH,195,KIM KEAT AVE,116,Unmatched,Missing,NoPostalAssertionUnderCurrentNormalization,2679,[],,[]
TOA PAYOH,199,TOA PAYOH NTH,37,Unmatched,Missing,NoPostalAssertionUnderCurrentNormalization,2718,[],,[]
TOA PAYOH,2,LOR 7 TOA PAYOH,31,Unmatched,Missing,NoPostalAssertionUnderCurrentNormalization,2746,[],,[]
TOA PAYOH,2,UPP ALJUNIED LANE,18,Unmatched,Missing,NoPostalAssertionUnderCurrentNormalization,2755,[],,[]
TOA PAYOH,20,JOO SENG RD,12,Unmatched,Missing,NoPostalAssertionUnderCurrentNormalization,2793,[],,[]
TOA PAYOH,20,LOR 7 TOA PAYOH,43,Unmatched,Missing,NoPostalAssertionUnderCurrentNormalization,2795,[],,[]
TOA PAYOH,200,TOA PAYOH NTH,30,Unmatched,Missing,NoPostalAssertionUnderCurrentNormalization,2810,[],,[]
TOA PAYOH,201,TOA PAYOH NTH,26,Unmatched,Missing,NoPostalAssertionUnderCurrentNormalization,2831,[],,[]
TOA PAYOH,202,TOA PAYOH NTH,39,Unmatched,Missing,NoPostalAssertionUnderCurrentNormalization,2866,[],,[]
TOA PAYOH,203,TOA PAYOH NTH,34,Unmatched,Missing,NoPostalAssertionUnderCurrentNormalization,2893,[],,[]
TOA PAYOH,204,TOA PAYOH NTH,35,Unmatched,Missing,NoPostalAssertionUnderCurrentNormalization,2919,[],,[]
TOA PAYOH,205,TOA PAYOH NTH,59,Unmatched,Missing,NoPostalAssertionUnderCurrentNormalization,2945,[],,[]
TOA PAYOH,206,TOA PAYOH NTH,29,Unmatched,Missing,NoPostalAssertionUnderCurrentNormalization,2967,[],,[]
TOA PAYOH,207,TOA PAYOH NTH,39,Unmatched,Missing,NoPostalAssertionUnderCurrentNormalization,2995,[],,[]
TOA PAYOH,208,TOA PAYOH NTH,15,Unmatched,Missing,NoPostalAssertionUnderCurrentNormalization,3029,[],,[]
TOA PAYOH,209,TOA PAYOH NTH,22,Unmatched,Missing,NoPostalAssertionUnderCurrentNormalization,3062,[],,[]
TOA PAYOH,21,JOO SENG RD,14,Unmatched,Missing,NoPostalAssertionUnderCurrentNormalization,3084,[],,[]
TOA PAYOH,213,LOR 8 TOA PAYOH,23,Unmatched,Missing,NoPostalAssertionUnderCurrentNormalization,3195,[],,[]
TOA PAYOH,214,LOR 8 TOA PAYOH,23,Unmatched,Missing,NoPostalAssertionUnderCurrentNormalization,3220,[],,[]
TOA PAYOH,215,LOR 8 TOA PAYOH,22,Unmatched,Missing,NoPostalAssertionUnderCurrentNormalization,3242,[],,[]
TOA PAYOH,216,LOR 8 TOA PAYOH,20,Unmatched,Missing,NoPostalAssertionUnderCurrentNormalization,3267,[],,[]
TOA PAYOH,217,LOR 8 TOA PAYOH,16,Unmatched,Missing,NoPostalAssertionUnderCurrentNormalization,3299,[],,[]
TOA PAYOH,218,LOR 8 TOA PAYOH,16,Unmatched,Missing,NoPostalAssertionUnderCurrentNormalization,3327,[],,[]
TOA PAYOH,219,LOR 8 TOA PAYOH,25,Unmatched,Missing,NoPostalAssertionUnderCurrentNormalization,3346,[],,[]
TOA PAYOH,220,LOR 8 TOA PAYOH,22,Unmatched,Missing,NoPostalAssertionUnderCurrentNormalization,3394,[],,[]
TOA PAYOH,221,LOR 8 TOA PAYOH,13,Unmatched,Missing,NoPostalAssertionUnderCurrentNormalization,3420,[],,[]
TOA PAYOH,222,LOR 8 TOA PAYOH,50,Unmatched,Missing,NoPostalAssertionUnderCurrentNormalization,3444,[],,[]
TOA PAYOH,223,LOR 8 TOA PAYOH,22,Unmatched,Missing,NoPostalAssertionUnderCurrentNormalization,3467,[],,[]
TOA PAYOH,224,LOR 8 TOA PAYOH,16,Unmatched,Missing,NoPostalAssertionUnderCurrentNormalization,3490,[],,[]
TOA PAYOH,225,LOR 8 TOA PAYOH,33,Unmatched,Missing,NoPostalAssertionUnderCurrentNormalization,3517,[],,[]
TOA PAYOH,226,LOR 8 TOA PAYOH,34,Unmatched,Missing,NoPostalAssertionUnderCurrentNormalization,3539,[],,[]
TOA PAYOH,227,LOR 8 TOA PAYOH,32,Unmatched,Missing,NoPostalAssertionUnderCurrentNormalization,3572,[],,[]
TOA PAYOH,228,LOR 8 TOA PAYOH,23,Unmatched,Missing,NoPostalAssertionUnderCurrentNormalization,3596,[],,[]
TOA PAYOH,229,LOR 8 TOA PAYOH,24,Unmatched,Missing,NoPostalAssertionUnderCurrentNormalization,3623,[],,[]
TOA PAYOH,230,LOR 8 TOA PAYOH,18,Unmatched,Missing,NoPostalAssertionUnderCurrentNormalization,3664,[],,[]
TOA PAYOH,231,LOR 8 TOA PAYOH,39,Unmatched,Missing,NoPostalAssertionUnderCurrentNormalization,3691,[],,[]
TOA PAYOH,232,LOR 8 TOA PAYOH,37,Unmatched,Missing,NoPostalAssertionUnderCurrentNormalization,3714,[],,[]
TOA PAYOH,233,LOR 8 TOA PAYOH,23,Unmatched,Missing,NoPostalAssertionUnderCurrentNormalization,3734,[],,[]
TOA PAYOH,234,LOR 8 TOA PAYOH,21,Unmatched,Missing,NoPostalAssertionUnderCurrentNormalization,3760,[],,[]
TOA PAYOH,235,LOR 8 TOA PAYOH,29,Unmatched,Missing,NoPostalAssertionUnderCurrentNormalization,3780,[],,[]
TOA PAYOH,236,LOR 1 TOA PAYOH,23,Unmatched,Missing,NoPostalAssertionUnderCurrentNormalization,3796,[],,[]
TOA PAYOH,237,LOR 1 TOA PAYOH,16,Unmatched,Missing,NoPostalAssertionUnderCurrentNormalization,3813,[],,[]
TOA PAYOH,238,LOR 1 TOA PAYOH,25,Unmatched,Missing,NoPostalAssertionUnderCurrentNormalization,3831,[],,[]
TOA PAYOH,239,LOR 1 TOA PAYOH,26,Unmatched,Missing,NoPostalAssertionUnderCurrentNormalization,3850,[],,[]
TOA PAYOH,240,LOR 1 TOA PAYOH,10,Unmatched,Missing,NoPostalAssertionUnderCurrentNormalization,3879,[],,[]
TOA PAYOH,241,KIM KEAT LINK,10,Unmatched,Missing,NoPostalAssertionUnderCurrentNormalization,3894,[],,[]
TOA PAYOH,243,KIM KEAT LINK,3,Unmatched,Missing,NoPostalAssertionUnderCurrentNormalization,3921,[],,[]
TOA PAYOH,244,KIM KEAT LINK,13,Unmatched,Missing,NoPostalAssertionUnderCurrentNormalization,3937,[],,[]
TOA PAYOH,245,KIM KEAT LINK,5,Unmatched,Missing,NoPostalAssertionUnderCurrentNormalization,3953,[],,[]
TOA PAYOH,246,KIM KEAT LINK,9,Unmatched,Missing,NoPostalAssertionUnderCurrentNormalization,3968,[],,[]
TOA PAYOH,25,TOA PAYOH EAST,40,Unmatched,Missing,NoPostalAssertionUnderCurrentNormalization,4029,[],,[]
TOA PAYOH,252,KIM KEAT LINK,3,Unmatched,Missing,NoPostalAssertionUnderCurrentNormalization,4067,[],,[]
TOA PAYOH,253,KIM KEAT AVE,3,Unmatched,Missing,NoPostalAssertionUnderCurrentNormalization,4080,[],,[]
TOA PAYOH,254,KIM KEAT AVE,24,Unmatched,Missing,NoPostalAssertionUnderCurrentNormalization,4096,[],,[]
TOA PAYOH,255,KIM KEAT AVE,5,Unmatched,Missing,NoPostalAssertionUnderCurrentNormalization,4109,[],,[]
TOA PAYOH,256,KIM KEAT AVE,21,Unmatched,Missing,NoPostalAssertionUnderCurrentNormalization,4123,[],,[]
TOA PAYOH,257,KIM KEAT AVE,14,Unmatched,Missing,NoPostalAssertionUnderCurrentNormalization,4145,[],,[]
TOA PAYOH,258,KIM KEAT AVE,13,Unmatched,Missing,NoPostalAssertionUnderCurrentNormalization,4164,[],,[]
TOA PAYOH,259,KIM KEAT AVE,23,Unmatched,Missing,NoPostalAssertionUnderCurrentNormalization,4184,[],,[]
TOA PAYOH,26,TOA PAYOH EAST,43,Unmatched,Missing,NoPostalAssertionUnderCurrentNormalization,4210,[],,[]
TOA PAYOH,264,TOA PAYOH EAST,37,Unmatched,Missing,NoPostalAssertionUnderCurrentNormalization,4290,[],,[]
TOA PAYOH,3,LOR 7 TOA PAYOH,29,Unmatched,Missing,NoPostalAssertionUnderCurrentNormalization,4912,[],,[]
TOA PAYOH,3,UPP ALJUNIED LANE,16,Unmatched,Missing,NoPostalAssertionUnderCurrentNormalization,4924,[],,[]
TOA PAYOH,34,LOR 5 TOA PAYOH,38,Unmatched,Missing,NoPostalAssertionUnderCurrentNormalization,5858,[],,[]
TOA PAYOH,35,LOR 5 TOA PAYOH,29,Unmatched,Missing,NoPostalAssertionUnderCurrentNormalization,5989,[],,[]
TOA PAYOH,36,LOR 5 TOA PAYOH,26,Unmatched,Missing,NoPostalAssertionUnderCurrentNormalization,6173,[],,[]
TOA PAYOH,37,LOR 5 TOA PAYOH,22,Unmatched,Missing,NoPostalAssertionUnderCurrentNormalization,6281,[],,[]
TOA PAYOH,38,LOR 5 TOA PAYOH,40,Unmatched,Missing,NoPostalAssertionUnderCurrentNormalization,6396,[],,[]
TOA PAYOH,4,LOR 7 TOA PAYOH,25,Unmatched,Missing,NoPostalAssertionUnderCurrentNormalization,6518,[],,[]
TOA PAYOH,4,UPP ALJUNIED LANE,23,Unmatched,Missing,NoPostalAssertionUnderCurrentNormalization,6527,[],,[]
TOA PAYOH,43,LOR 5 TOA PAYOH,18,Unmatched,Missing,NoPostalAssertionUnderCurrentNormalization,7188,[],,[]
TOA PAYOH,44,LOR 5 TOA PAYOH,16,Unmatched,Missing,NoPostalAssertionUnderCurrentNormalization,7381,[],,[]
TOA PAYOH,45,LOR 5 TOA PAYOH,14,Unmatched,Missing,NoPostalAssertionUnderCurrentNormalization,7597,[],,[]
TOA PAYOH,46,LOR 5 TOA PAYOH,13,Unmatched,Missing,NoPostalAssertionUnderCurrentNormalization,7774,[],,[]
TOA PAYOH,47,LOR 6 TOA PAYOH,22,Unmatched,Missing,NoPostalAssertionUnderCurrentNormalization,7987,[],,[]
TOA PAYOH,48,LOR 5 TOA PAYOH,11,Unmatched,Missing,NoPostalAssertionUnderCurrentNormalization,8150,[],,[]
TOA PAYOH,49,LOR 5 TOA PAYOH,11,Unmatched,Missing,NoPostalAssertionUnderCurrentNormalization,8273,[],,[]
TOA PAYOH,5,UPP ALJUNIED LANE,15,Unmatched,Missing,NoPostalAssertionUnderCurrentNormalization,8408,[],,[]
TOA PAYOH,50,LOR 5 TOA PAYOH,23,Unmatched,Missing,NoPostalAssertionUnderCurrentNormalization,8424,[],,[]
TOA PAYOH,51,LOR 6 TOA PAYOH,74,Unmatched,Missing,NoPostalAssertionUnderCurrentNormalization,8643,[],,[]
TOA PAYOH,52,LOR 6 TOA PAYOH,29,Unmatched,Missing,NoPostalAssertionUnderCurrentNormalization,8818,[],,[]
TOA PAYOH,53,LOR 5 TOA PAYOH,43,Unmatched,Missing,NoPostalAssertionUnderCurrentNormalization,8972,[],,[]
TOA PAYOH,54,LOR 5 TOA PAYOH,18,Unmatched,Missing,NoPostalAssertionUnderCurrentNormalization,9120,[],,[]
TOA PAYOH,55,LOR 5 TOA PAYOH,23,Unmatched,Missing,NoPostalAssertionUnderCurrentNormalization,9248,[],,[]
TOA PAYOH,56,LOR 4 TOA PAYOH,24,Unmatched,Missing,NoPostalAssertionUnderCurrentNormalization,9349,[],,[]
TOA PAYOH,57,LOR 5 TOA PAYOH,27,Unmatched,Missing,NoPostalAssertionUnderCurrentNormalization,9430,[],,[]
TOA PAYOH,58,LOR 4 TOA PAYOH,15,Unmatched,Missing,NoPostalAssertionUnderCurrentNormalization,9519,[],,[]
TOA PAYOH,59,LOR 5 TOA PAYOH,26,Unmatched,Missing,NoPostalAssertionUnderCurrentNormalization,9587,[],,[]
TOA PAYOH,6,LOR 7 TOA PAYOH,27,Unmatched,Missing,NoPostalAssertionUnderCurrentNormalization,9639,[],,[]
TOA PAYOH,60,LOR 4 TOA PAYOH,24,Unmatched,Missing,NoPostalAssertionUnderCurrentNormalization,9660,[],,[]
TOA PAYOH,61,LOR 5 TOA PAYOH,23,Unmatched,Missing,NoPostalAssertionUnderCurrentNormalization,9826,[],,[]
TOA PAYOH,62,LOR 4 TOA PAYOH,20,Unmatched,Missing,NoPostalAssertionUnderCurrentNormalization,9997,[],,[]
TOA PAYOH,66,LOR 4 TOA PAYOH,29,Unmatched,Missing,NoPostalAssertionUnderCurrentNormalization,10674,[],,[]
TOA PAYOH,69,LOR 4 TOA PAYOH,17,Unmatched,Missing,NoPostalAssertionUnderCurrentNormalization,11147,[],,[]
TOA PAYOH,7,LOR 7 TOA PAYOH,17,Unmatched,Missing,NoPostalAssertionUnderCurrentNormalization,11238,[],,[]
TOA PAYOH,7,UPP ALJUNIED LANE,46,Unmatched,Missing,NoPostalAssertionUnderCurrentNormalization,11250,[],,[]
TOA PAYOH,70,LOR 4 TOA PAYOH,7,Unmatched,Missing,NoPostalAssertionUnderCurrentNormalization,11259,[],,[]
TOA PAYOH,71,LOR 4 TOA PAYOH,5,Unmatched,Missing,NoPostalAssertionUnderCurrentNormalization,11373,[],,[]
TOA PAYOH,72,LOR 5 TOA PAYOH,1,Unmatched,Missing,NoPostalAssertionUnderCurrentNormalization,11475,[],,[]
TOA PAYOH,73,LOR 4 TOA PAYOH,27,Unmatched,Missing,NoPostalAssertionUnderCurrentNormalization,11561,[],,[]
TOA PAYOH,79A,TOA PAYOH CTRL,89,Unmatched,Missing,NoPostalAssertionUnderCurrentNormalization,12016,[],,[]
TOA PAYOH,79B,TOA PAYOH CTRL,63,Unmatched,Missing,NoPostalAssertionUnderCurrentNormalization,12017,[],,[]
TOA PAYOH,79C,TOA PAYOH CTRL,40,Unmatched,Missing,NoPostalAssertionUnderCurrentNormalization,12018,[],,[]
TOA PAYOH,79D,TOA PAYOH CTRL,48,Unmatched,Missing,NoPostalAssertionUnderCurrentNormalization,12019,[],,[]
TOA PAYOH,79E,TOA PAYOH CTRL,84,Unmatched,Missing,NoPostalAssertionUnderCurrentNormalization,12020,[],,[]
TOA PAYOH,8,JOO SENG RD,14,Unmatched,Missing,NoPostalAssertionUnderCurrentNormalization,12066,[],,[]
TOA PAYOH,8,LOR 7 TOA PAYOH,31,Unmatched,Missing,NoPostalAssertionUnderCurrentNormalization,12068,[],,[]
TOA PAYOH,80,LOR 4 TOA PAYOH,15,Unmatched,Missing,NoPostalAssertionUnderCurrentNormalization,12098,[],,[]
TOA PAYOH,80A,LOR 4 TOA PAYOH,10,Unmatched,Missing,NoPostalAssertionUnderCurrentNormalization,12103,[],,[]
TOA PAYOH,80B,LOR 4 TOA PAYOH,17,Unmatched,Missing,NoPostalAssertionUnderCurrentNormalization,12105,[],,[]
TOA PAYOH,81,LOR 4 TOA PAYOH,19,Unmatched,Missing,NoPostalAssertionUnderCurrentNormalization,12201,[],,[]
TOA PAYOH,81A,LOR 4 TOA PAYOH,12,Unmatched,Missing,NoPostalAssertionUnderCurrentNormalization,12208,[],,[]
TOA PAYOH,81B,LOR 4 TOA PAYOH,17,Unmatched,Missing,NoPostalAssertionUnderCurrentNormalization,12209,[],,[]
TOA PAYOH,82,LOR 4 TOA PAYOH,14,Unmatched,Missing,NoPostalAssertionUnderCurrentNormalization,12286,[],,[]
TOA PAYOH,82A,LOR 4 TOA PAYOH,11,Unmatched,Missing,NoPostalAssertionUnderCurrentNormalization,12294,[],,[]
TOA PAYOH,82B,LOR 4 TOA PAYOH,13,Unmatched,Missing,NoPostalAssertionUnderCurrentNormalization,12297,[],,[]
TOA PAYOH,83,LOR 2 TOA PAYOH,11,Unmatched,Missing,NoPostalAssertionUnderCurrentNormalization,12352,[],,[]
TOA PAYOH,84,LOR 2 TOA PAYOH,11,Unmatched,Missing,NoPostalAssertionUnderCurrentNormalization,12419,[],,[]
TOA PAYOH,84A,LOR 2 TOA PAYOH,16,Unmatched,Missing,NoPostalAssertionUnderCurrentNormalization,12425,[],,[]
TOA PAYOH,84B,LOR 2 TOA PAYOH,15,Unmatched,Missing,NoPostalAssertionUnderCurrentNormalization,12426,[],,[]
TOA PAYOH,85,LOR 4 TOA PAYOH,3,Unmatched,Missing,NoPostalAssertionUnderCurrentNormalization,12486,[],,[]
TOA PAYOH,85A,LOR 4 TOA PAYOH,34,Unmatched,Missing,NoPostalAssertionUnderCurrentNormalization,12493,[],,[]
TOA PAYOH,85B,LOR 4 TOA PAYOH,31,Unmatched,Missing,NoPostalAssertionUnderCurrentNormalization,12495,[],,[]
TOA PAYOH,85C,LOR 4 TOA PAYOH,32,Unmatched,Missing,NoPostalAssertionUnderCurrentNormalization,12496,[],,[]
TOA PAYOH,86,LOR 2 TOA PAYOH,19,Unmatched,Missing,NoPostalAssertionUnderCurrentNormalization,12566,[],,[]
TOA PAYOH,9,JOO SENG RD,65,Unmatched,Missing,NoPostalAssertionUnderCurrentNormalization,12832,[],,[]
TOA PAYOH,9,LOR 7 TOA PAYOH,46,Unmatched,Missing,NoPostalAssertionUnderCurrentNormalization,12833,[],,[]
TOA PAYOH,91,LOR 3 TOA PAYOH,43,Unmatched,Missing,NoPostalAssertionUnderCurrentNormalization,12893,[],,[]
TOA PAYOH,92,LOR 4 TOA PAYOH,5,Unmatched,Missing,NoPostalAssertionUnderCurrentNormalization,12936,[],,[]
TOA PAYOH,94,LOR 4 TOA PAYOH,11,Unmatched,Missing,NoPostalAssertionUnderCurrentNormalization,13042,[],,[]
TOA PAYOH,95,LOR 4 TOA PAYOH,16,Unmatched,Missing,NoPostalAssertionUnderCurrentNormalization,13086,[],,[]
TOA PAYOH,96,LOR 3 TOA PAYOH,39,Unmatched,Missing,NoPostalAssertionUnderCurrentNormalization,13149,[],,[]
TOA PAYOH,97,LOR 3 TOA PAYOH,13,Unmatched,Missing,NoPostalAssertionUnderCurrentNormalization,13214,[],,[]
TOA PAYOH,98,LOR 1 TOA PAYOH,38,Unmatched,Missing,NoPostalAssertionUnderCurrentNormalization,13251,[],,[]
TOA PAYOH,99A,LOR 2 TOA PAYOH,7,Unmatched,Missing,NoPostalAssertionUnderCurrentNormalization,13312,[],,[]
TOA PAYOH,99B,LOR 2 TOA PAYOH,5,Unmatched,Missing,NoPostalAssertionUnderCurrentNormalization,13314,[],,[]
TOA PAYOH,99C,LOR 2 TOA PAYOH,8,Unmatched,Missing,NoPostalAssertionUnderCurrentNormalization,13315,[],,[]
WOODLANDS,1,MARSILING DR,46,Unmatched,Missing,NoPostalAssertionUnderCurrentNormalization,24,[],,[]
WOODLANDS,10,MARSILING DR,21,Unmatched,Missing,NoPostalAssertionUnderCurrentNormalization,68,[],,[]
WOODLANDS,101,WOODLANDS ST 13,38,Unmatched,Missing,NoPostalAssertionUnderCurrentNormalization,129,[],,[]
WOODLANDS,102,WOODLANDS ST 13,26,Unmatched,Missing,NoPostalAssertionUnderCurrentNormalization,172,[],,[]
WOODLANDS,103,WOODLANDS ST 13,5,Unmatched,Missing,NoPostalAssertionUnderCurrentNormalization,211,[],,[]
WOODLANDS,104,WOODLANDS ST 13,26,Unmatched,Missing,NoPostalAssertionUnderCurrentNormalization,250,[],,[]
WOODLANDS,105,WOODLANDS ST 13,27,Unmatched,Missing,NoPostalAssertionUnderCurrentNormalization,295,[],,[]
WOODLANDS,106,WOODLANDS ST 13,6,Unmatched,Missing,NoPostalAssertionUnderCurrentNormalization,336,[],,[]
WOODLANDS,107,WOODLANDS ST 13,1,Unmatched,Missing,NoPostalAssertionUnderCurrentNormalization,378,[],,[]
WOODLANDS,108,WOODLANDS ST 13,34,Unmatched,Missing,NoPostalAssertionUnderCurrentNormalization,421,[],,[]
WOODLANDS,109,WOODLANDS ST 13,5,Unmatched,Missing,NoPostalAssertionUnderCurrentNormalization,463,[],,[]
WOODLANDS,11,MARSILING DR,18,Unmatched,Missing,NoPostalAssertionUnderCurrentNormalization,489,[],,[]
WOODLANDS,110,WOODLANDS ST 13,31,Unmatched,Missing,NoPostalAssertionUnderCurrentNormalization,529,[],,[]
WOODLANDS,111,WOODLANDS ST 13,17,Unmatched,Missing,NoPostalAssertionUnderCurrentNormalization,567,[],,[]
WOODLANDS,112,WOODLANDS ST 13,4,Unmatched,Missing,NoPostalAssertionUnderCurrentNormalization,605,[],,[]
WOODLANDS,113,WOODLANDS ST 13,20,Unmatched,Missing,NoPostalAssertionUnderCurrentNormalization,645,[],,[]
WOODLANDS,114,MARSILING RISE,2,Unmatched,Missing,NoPostalAssertionUnderCurrentNormalization,676,[],,[]
WOODLANDS,115,MARSILING RISE,9,Unmatched,Missing,NoPostalAssertionUnderCurrentNormalization,715,[],,[]
WOODLANDS,116,MARSILING RISE,4,Unmatched,Missing,NoPostalAssertionUnderCurrentNormalization,757,[],,[]
WOODLANDS,12,MARSILING LANE,51,Unmatched,Missing,NoPostalAssertionUnderCurrentNormalization,909,[],,[]
WOODLANDS,124,MARSILING RISE,13,Unmatched,Missing,NoPostalAssertionUnderCurrentNormalization,1087,[],,[]
WOODLANDS,126,MARSILING RISE,2,Unmatched,Missing,NoPostalAssertionUnderCurrentNormalization,1148,[],,[]
WOODLANDS,127,MARSILING RISE,4,Unmatched,Missing,NoPostalAssertionUnderCurrentNormalization,1184,[],,[]
WOODLANDS,129,MARSILING RISE,38,Unmatched,Missing,NoPostalAssertionUnderCurrentNormalization,1245,[],,[]
WOODLANDS,134,MARSILING RD,18,Unmatched,Missing,NoPostalAssertionUnderCurrentNormalization,1415,[],,[]
WOODLANDS,135,MARSILING RD,6,Unmatched,Missing,NoPostalAssertionUnderCurrentNormalization,1437,[],,[]
WOODLANDS,136,MARSILING RD,8,Unmatched,Missing,NoPostalAssertionUnderCurrentNormalization,1459,[],,[]
WOODLANDS,137,MARSILING RD,23,Unmatched,Missing,NoPostalAssertionUnderCurrentNormalization,1477,[],,[]
WOODLANDS,138,MARSILING RD,16,Unmatched,Missing,NoPostalAssertionUnderCurrentNormalization,1500,[],,[]
WOODLANDS,139,MARSILING RD,20,Unmatched,Missing,NoPostalAssertionUnderCurrentNormalization,1525,[],,[]
WOODLANDS,140,MARSILING RD,3,Unmatched,Missing,NoPostalAssertionUnderCurrentNormalization,1572,[],,[]
WOODLANDS,141,MARSILING RD,18,Unmatched,Missing,NoPostalAssertionUnderCurrentNormalization,1593,[],,[]
WOODLANDS,142,MARSILING RD,22,Unmatched,Missing,NoPostalAssertionUnderCurrentNormalization,1614,[],,[]
WOODLANDS,143,MARSILING RD,2,Unmatched,Missing,NoPostalAssertionUnderCurrentNormalization,1634,[],,[]
WOODLANDS,145,WOODLANDS ST 13,30,Unmatched,Missing,NoPostalAssertionUnderCurrentNormalization,1676,[],,[]
WOODLANDS,146,WOODLANDS ST 13,31,Unmatched,Missing,NoPostalAssertionUnderCurrentNormalization,1693,[],,[]
WOODLANDS,148,WOODLANDS ST 13,29,Unmatched,Missing,NoPostalAssertionUnderCurrentNormalization,1730,[],,[]
WOODLANDS,149,WOODLANDS ST 13,34,Unmatched,Missing,NoPostalAssertionUnderCurrentNormalization,1747,[],,[]
WOODLANDS,150,WOODLANDS ST 13,16,Unmatched,Missing,NoPostalAssertionUnderCurrentNormalization,1786,[],,[]
WOODLANDS,151,WOODLANDS ST 13,23,Unmatched,Missing,NoPostalAssertionUnderCurrentNormalization,1804,[],,[]
WOODLANDS,152,WOODLANDS ST 13,24,Unmatched,Missing,NoPostalAssertionUnderCurrentNormalization,1822,[],,[]
WOODLANDS,154,WOODLANDS ST 13,18,Unmatched,Missing,NoPostalAssertionUnderCurrentNormalization,1867,[],,[]
WOODLANDS,155,WOODLANDS ST 13,27,Unmatched,Missing,NoPostalAssertionUnderCurrentNormalization,1886,[],,[]
WOODLANDS,156,WOODLANDS ST 13,12,Unmatched,Missing,NoPostalAssertionUnderCurrentNormalization,1903,[],,[]
WOODLANDS,157,WOODLANDS ST 13,37,Unmatched,Missing,NoPostalAssertionUnderCurrentNormalization,1925,[],,[]
WOODLANDS,158,WOODLANDS ST 13,25,Unmatched,Missing,NoPostalAssertionUnderCurrentNormalization,1948,[],,[]
WOODLANDS,159,WOODLANDS ST 13,21,Unmatched,Missing,NoPostalAssertionUnderCurrentNormalization,1969,[],,[]
WOODLANDS,160,WOODLANDS ST 13,31,Unmatched,Missing,NoPostalAssertionUnderCurrentNormalization,2007,[],,[]
WOODLANDS,161,WOODLANDS ST 13,18,Unmatched,Missing,NoPostalAssertionUnderCurrentNormalization,2026,[],,[]
WOODLANDS,162,WOODLANDS ST 13,21,Unmatched,Missing,NoPostalAssertionUnderCurrentNormalization,2047,[],,[]
WOODLANDS,163,WOODLANDS ST 13,4,Unmatched,Missing,NoPostalAssertionUnderCurrentNormalization,2066,[],,[]
WOODLANDS,164,WOODLANDS ST 13,5,Unmatched,Missing,NoPostalAssertionUnderCurrentNormalization,2087,[],,[]
WOODLANDS,165,WOODLANDS ST 13,23,Unmatched,Missing,NoPostalAssertionUnderCurrentNormalization,2104,[],,[]
WOODLANDS,166,WOODLANDS ST 13,21,Unmatched,Missing,NoPostalAssertionUnderCurrentNormalization,2123,[],,[]
WOODLANDS,167,WOODLANDS ST 11,4,Unmatched,Missing,NoPostalAssertionUnderCurrentNormalization,2142,[],,[]
WOODLANDS,168,WOODLANDS ST 11,34,Unmatched,Missing,NoPostalAssertionUnderCurrentNormalization,2163,[],,[]
WOODLANDS,169,WOODLANDS ST 11,12,Unmatched,Missing,NoPostalAssertionUnderCurrentNormalization,2181,[],,[]
WOODLANDS,170,WOODLANDS ST 11,10,Unmatched,Missing,NoPostalAssertionUnderCurrentNormalization,2221,[],,[]
WOODLANDS,171,WOODLANDS ST 11,22,Unmatched,Missing,NoPostalAssertionUnderCurrentNormalization,2240,[],,[]
WOODLANDS,172,WOODLANDS ST 13,24,Unmatched,Missing,NoPostalAssertionUnderCurrentNormalization,2259,[],,[]
WOODLANDS,173,WOODLANDS ST 13,22,Unmatched,Missing,NoPostalAssertionUnderCurrentNormalization,2279,[],,[]
WOODLANDS,174,WOODLANDS ST 13,16,Unmatched,Missing,NoPostalAssertionUnderCurrentNormalization,2296,[],,[]
WOODLANDS,175,WOODLANDS ST 13,9,Unmatched,Missing,NoPostalAssertionUnderCurrentNormalization,2317,[],,[]
WOODLANDS,176,WOODLANDS ST 13,3,Unmatched,Missing,NoPostalAssertionUnderCurrentNormalization,2339,[],,[]
WOODLANDS,177,WOODLANDS ST 13,19,Unmatched,Missing,NoPostalAssertionUnderCurrentNormalization,2353,[],,[]
WOODLANDS,178,WOODLANDS ST 13,27,Unmatched,Missing,NoPostalAssertionUnderCurrentNormalization,2366,[],,[]
WOODLANDS,179,WOODLANDS ST 13,9,Unmatched,Missing,NoPostalAssertionUnderCurrentNormalization,2383,[],,[]
WOODLANDS,180A,MARSILING RD,34,Unmatched,Missing,NoPostalAssertionUnderCurrentNormalization,2437,[],,[]
WOODLANDS,180B,MARSILING RD,28,Unmatched,Missing,NoPostalAssertionUnderCurrentNormalization,2441,[],,[]
WOODLANDS,182A,WOODLANDS ST 13,36,Unmatched,Missing,NoPostalAssertionUnderCurrentNormalization,2481,[],,[]
WOODLANDS,182B,WOODLANDS ST 13,38,Unmatched,Missing,NoPostalAssertionUnderCurrentNormalization,2484,[],,[]
WOODLANDS,183A,WOODLANDS ST 13,36,Unmatched,Missing,NoPostalAssertionUnderCurrentNormalization,2501,[],,[]
WOODLANDS,183B,WOODLANDS ST 13,29,Unmatched,Missing,NoPostalAssertionUnderCurrentNormalization,2504,[],,[]
WOODLANDS,183C,WOODLANDS ST 13,43,Unmatched,Missing,NoPostalAssertionUnderCurrentNormalization,2507,[],,[]
WOODLANDS,184A,WOODLANDS ST 13,38,Unmatched,Missing,NoPostalAssertionUnderCurrentNormalization,2524,[],,[]
WOODLANDS,185B,WOODLANDS ST 13,41,Unmatched,Missing,NoPostalAssertionUnderCurrentNormalization,2542,[],,[]
WOODLANDS,185C,WOODLANDS ST 13,27,Unmatched,Missing,NoPostalAssertionUnderCurrentNormalization,2544,[],,[]
WOODLANDS,2,MARSILING DR,58,Unmatched,Missing,NoPostalAssertionUnderCurrentNormalization,2748,[],,[]
WOODLANDS,201,MARSILING DR,29,Unmatched,Missing,NoPostalAssertionUnderCurrentNormalization,2825,[],,[]
WOODLANDS,202,MARSILING DR,49,Unmatched,Missing,NoPostalAssertionUnderCurrentNormalization,2862,[],,[]
WOODLANDS,203,MARSILING DR,25,Unmatched,Missing,NoPostalAssertionUnderCurrentNormalization,2887,[],,[]
WOODLANDS,204,MARSILING DR,56,Unmatched,Missing,NoPostalAssertionUnderCurrentNormalization,2913,[],,[]
WOODLANDS,205,MARSILING DR,47,Unmatched,Missing,NoPostalAssertionUnderCurrentNormalization,2940,[],,[]
WOODLANDS,206,MARSILING DR,46,Unmatched,Missing,NoPostalAssertionUnderCurrentNormalization,2962,[],,[]
WOODLANDS,212,MARSILING CRES,13,Unmatched,Missing,NoPostalAssertionUnderCurrentNormalization,3167,[],,[]
WOODLANDS,213,MARSILING CRES,12,Unmatched,Missing,NoPostalAssertionUnderCurrentNormalization,3196,[],,[]
WOODLANDS,217,MARSILING CRES,16,Unmatched,Missing,NoPostalAssertionUnderCurrentNormalization,3300,[],,[]
WOODLANDS,218,MARSILING CRES,8,Unmatched,Missing,NoPostalAssertionUnderCurrentNormalization,3328,[],,[]
WOODLANDS,22,MARSILING DR,41,Unmatched,Missing,NoPostalAssertionUnderCurrentNormalization,3374,[],,[]
WOODLANDS,23,MARSILING DR,50,Unmatched,Missing,NoPostalAssertionUnderCurrentNormalization,3645,[],,[]
WOODLANDS,24,MARSILING DR,48,Unmatched,Missing,NoPostalAssertionUnderCurrentNormalization,3865,[],,[]
WOODLANDS,25,MARSILING DR,24,Unmatched,Missing,NoPostalAssertionUnderCurrentNormalization,4022,[],,[]
WOODLANDS,26,MARSILING DR,23,Unmatched,Missing,NoPostalAssertionUnderCurrentNormalization,4204,[],,[]
WOODLANDS,27,MARSILING DR,24,Unmatched,Missing,NoPostalAssertionUnderCurrentNormalization,4416,[],,[]
WOODLANDS,28,MARSILING DR,27,Unmatched,Missing,NoPostalAssertionUnderCurrentNormalization,4613,[],,[]
WOODLANDS,29,MARSILING DR,20,Unmatched,Missing,NoPostalAssertionUnderCurrentNormalization,4765,[],,[]
WOODLANDS,30,MARSILING DR,38,Unmatched,Missing,NoPostalAssertionUnderCurrentNormalization,4945,[],,[]
WOODLANDS,301,WOODLANDS ST 31,9,Unmatched,Missing,NoPostalAssertionUnderCurrentNormalization,4973,[],,[]
WOODLANDS,302,WOODLANDS ST 31,15,Unmatched,Missing,NoPostalAssertionUnderCurrentNormalization,5000,[],,[]
WOODLANDS,302A,WOODLANDS ST 31,31,Unmatched,Missing,NoPostalAssertionUnderCurrentNormalization,5005,[],,[]
WOODLANDS,303,WOODLANDS ST 31,2,Unmatched,Missing,NoPostalAssertionUnderCurrentNormalization,5026,[],,[]
WOODLANDS,304,WOODLANDS ST 31,10,Unmatched,Missing,NoPostalAssertionUnderCurrentNormalization,5047,[],,[]
WOODLANDS,306,WOODLANDS ST 31,7,Unmatched,Missing,NoPostalAssertionUnderCurrentNormalization,5089,[],,[]
WOODLANDS,309,WOODLANDS AVE 1,4,Unmatched,Missing,NoPostalAssertionUnderCurrentNormalization,5168,[],,[]
WOODLANDS,31,MARSILING DR,21,Unmatched,Missing,NoPostalAssertionUnderCurrentNormalization,5190,[],,[]
WOODLANDS,310,WOODLANDS ST 31,26,Unmatched,Missing,NoPostalAssertionUnderCurrentNormalization,5208,[],,[]
WOODLANDS,311,WOODLANDS ST 31,21,Unmatched,Missing,NoPostalAssertionUnderCurrentNormalization,5230,[],,[]
WOODLANDS,312,WOODLANDS ST 31,9,Unmatched,Missing,NoPostalAssertionUnderCurrentNormalization,5253,[],,[]
WOODLANDS,313,WOODLANDS ST 31,28,Unmatched,Missing,NoPostalAssertionUnderCurrentNormalization,5275,[],,[]
WOODLANDS,314,WOODLANDS ST 31,19,Unmatched,Missing,NoPostalAssertionUnderCurrentNormalization,5294,[],,[]
WOODLANDS,315,WOODLANDS ST 31,5,Unmatched,Missing,NoPostalAssertionUnderCurrentNormalization,5312,[],,[]
WOODLANDS,316,WOODLANDS ST 31,19,Unmatched,Missing,NoPostalAssertionUnderCurrentNormalization,5334,[],,[]
WOODLANDS,317,WOODLANDS ST 31,31,Unmatched,Missing,NoPostalAssertionUnderCurrentNormalization,5363,[],,[]
WOODLANDS,318,WOODLANDS ST 31,28,Unmatched,Missing,NoPostalAssertionUnderCurrentNormalization,5385,[],,[]
WOODLANDS,319,WOODLANDS ST 31,29,Unmatched,Missing,NoPostalAssertionUnderCurrentNormalization,5410,[],,[]
WOODLANDS,32,MARSILING DR,25,Unmatched,Missing,NoPostalAssertionUnderCurrentNormalization,5428,[],,[]
WOODLANDS,320,WOODLANDS ST 32,6,Unmatched,Missing,NoPostalAssertionUnderCurrentNormalization,5448,[],,[]
WOODLANDS,321,WOODLANDS ST 32,27,Unmatched,Missing,NoPostalAssertionUnderCurrentNormalization,5465,[],,[]
WOODLANDS,322,WOODLANDS ST 32,27,Unmatched,Missing,NoPostalAssertionUnderCurrentNormalization,5481,[],,[]
WOODLANDS,323,WOODLANDS ST 32,13,Unmatched,Missing,NoPostalAssertionUnderCurrentNormalization,5506,[],,[]
WOODLANDS,324,WOODLANDS ST 32,2,Unmatched,Missing,NoPostalAssertionUnderCurrentNormalization,5532,[],,[]
WOODLANDS,325,WOODLANDS ST 32,29,Unmatched,Missing,NoPostalAssertionUnderCurrentNormalization,5554,[],,[]
WOODLANDS,326,WOODLANDS ST 32,20,Unmatched,Missing,NoPostalAssertionUnderCurrentNormalization,5577,[],,[]
WOODLANDS,327,WOODLANDS ST 32,2,Unmatched,Missing,NoPostalAssertionUnderCurrentNormalization,5598,[],,[]
WOODLANDS,328,WOODLANDS ST 32,18,Unmatched,Missing,NoPostalAssertionUnderCurrentNormalization,5616,[],,[]
WOODLANDS,329,WOODLANDS ST 32,5,Unmatched,Missing,NoPostalAssertionUnderCurrentNormalization,5629,[],,[]
WOODLANDS,33,MARSILING DR,26,Unmatched,Missing,NoPostalAssertionUnderCurrentNormalization,5644,[],,[]
WOODLANDS,332,WOODLANDS AVE 1,5,Unmatched,Missing,NoPostalAssertionUnderCurrentNormalization,5695,[],,[]
WOODLANDS,333,WOODLANDS ST 32,1,Unmatched,Missing,NoPostalAssertionUnderCurrentNormalization,5712,[],,[]
WOODLANDS,334,WOODLANDS ST 32,11,Unmatched,Missing,NoPostalAssertionUnderCurrentNormalization,5734,[],,[]
WOODLANDS,335,WOODLANDS ST 32,31,Unmatched,Missing,NoPostalAssertionUnderCurrentNormalization,5756,[],,[]
WOODLANDS,338,WOODLANDS AVE 1,7,Unmatched,Missing,NoPostalAssertionUnderCurrentNormalization,5817,[],,[]
WOODLANDS,34,MARSILING DR,21,Unmatched,Missing,NoPostalAssertionUnderCurrentNormalization,5860,[],,[]
WOODLANDS,341,WOODLANDS AVE 1,15,Unmatched,Missing,NoPostalAssertionUnderCurrentNormalization,5893,[],,[]
WOODLANDS,343,WOODLANDS AVE 1,11,Unmatched,Missing,NoPostalAssertionUnderCurrentNormalization,5916,[],,[]
WOODLANDS,344,WOODLANDS ST 32,27,Unmatched,Missing,NoPostalAssertionUnderCurrentNormalization,5925,[],,[]
WOODLANDS,345,WOODLANDS ST 32,30,Unmatched,Missing,NoPostalAssertionUnderCurrentNormalization,5935,[],,[]
WOODLANDS,346,WOODLANDS ST 32,6,Unmatched,Missing,NoPostalAssertionUnderCurrentNormalization,5945,[],,[]
WOODLANDS,35,MARSILING DR,26,Unmatched,Missing,NoPostalAssertionUnderCurrentNormalization,5990,[],,[]
WOODLANDS,350,WOODLANDS AVE 3,17,Unmatched,Missing,NoPostalAssertionUnderCurrentNormalization,6011,[],,[]
WOODLANDS,36,MARSILING DR,29,Unmatched,Missing,NoPostalAssertionUnderCurrentNormalization,6175,[],,[]
WOODLANDS,360,WOODLANDS AVE 5,15,Unmatched,Missing,NoPostalAssertionUnderCurrentNormalization,6184,[],,[]
WOODLANDS,361,WOODLANDS AVE 5,14,Unmatched,Missing,NoPostalAssertionUnderCurrentNormalization,6194,[],,[]
WOODLANDS,37,MARSILING DR,22,Unmatched,Missing,NoPostalAssertionUnderCurrentNormalization,6282,[],,[]
WOODLANDS,401,WOODLANDS ST 41,9,Unmatched,Missing,NoPostalAssertionUnderCurrentNormalization,6579,[],,[]
WOODLANDS,402,WOODLANDS ST 41,13,Unmatched,Missing,NoPostalAssertionUnderCurrentNormalization,6606,[],,[]
WOODLANDS,403,WOODLANDS ST 41,15,Unmatched,Missing,NoPostalAssertionUnderCurrentNormalization,6628,[],,[]
WOODLANDS,404,WOODLANDS ST 41,14,Unmatched,Missing,NoPostalAssertionUnderCurrentNormalization,6650,[],,[]
WOODLANDS,405,WOODLANDS ST 41,22,Unmatched,Missing,NoPostalAssertionUnderCurrentNormalization,6671,[],,[]
WOODLANDS,406,WOODLANDS ST 41,18,Unmatched,Missing,NoPostalAssertionUnderCurrentNormalization,6692,[],,[]
WOODLANDS,408,WOODLANDS ST 41,13,Unmatched,Missing,NoPostalAssertionUnderCurrentNormalization,6736,[],,[]
WOODLANDS,409,WOODLANDS ST 41,21,Unmatched,Missing,NoPostalAssertionUnderCurrentNormalization,6758,[],,[]
WOODLANDS,410,WOODLANDS ST 41,17,Unmatched,Missing,NoPostalAssertionUnderCurrentNormalization,6799,[],,[]
WOODLANDS,411,WOODLANDS ST 41,18,Unmatched,Missing,NoPostalAssertionUnderCurrentNormalization,6823,[],,[]
WOODLANDS,412,WOODLANDS ST 41,20,Unmatched,Missing,NoPostalAssertionUnderCurrentNormalization,6844,[],,[]
WOODLANDS,413,WOODLANDS ST 41,16,Unmatched,Missing,NoPostalAssertionUnderCurrentNormalization,6865,[],,[]
WOODLANDS,414,WOODLANDS ST 41,17,Unmatched,Missing,NoPostalAssertionUnderCurrentNormalization,6889,[],,[]
WOODLANDS,415,WOODLANDS ST 41,13,Unmatched,Missing,NoPostalAssertionUnderCurrentNormalization,6908,[],,[]
WOODLANDS,416,WOODLANDS ST 41,12,Unmatched,Missing,NoPostalAssertionUnderCurrentNormalization,6933,[],,[]
WOODLANDS,417,WOODLANDS ST 41,10,Unmatched,Missing,NoPostalAssertionUnderCurrentNormalization,6954,[],,[]
WOODLANDS,418,WOODLANDS ST 41,29,Unmatched,Missing,NoPostalAssertionUnderCurrentNormalization,6970,[],,[]
WOODLANDS,419,WOODLANDS ST 41,19,Unmatched,Missing,NoPostalAssertionUnderCurrentNormalization,6987,[],,[]
WOODLANDS,420,WOODLANDS ST 41,19,Unmatched,Missing,NoPostalAssertionUnderCurrentNormalization,7023,[],,[]
WOODLANDS,421,WOODLANDS ST 41,19,Unmatched,Missing,NoPostalAssertionUnderCurrentNormalization,7042,[],,[]
WOODLANDS,424,WOODLANDS ST 41,28,Unmatched,Missing,NoPostalAssertionUnderCurrentNormalization,7094,[],,[]
WOODLANDS,425,WOODLANDS ST 41,21,Unmatched,Missing,NoPostalAssertionUnderCurrentNormalization,7115,[],,[]
WOODLANDS,426,WOODLANDS ST 41,16,Unmatched,Missing,NoPostalAssertionUnderCurrentNormalization,7130,[],,[]
WOODLANDS,427,WOODLANDS ST 41,16,Unmatched,Missing,NoPostalAssertionUnderCurrentNormalization,7147,[],,[]
WOODLANDS,428,WOODLANDS ST 41,33,Unmatched,Missing,NoPostalAssertionUnderCurrentNormalization,7158,[],,[]
WOODLANDS,429,WOODLANDS ST 41,40,Unmatched,Missing,NoPostalAssertionUnderCurrentNormalization,7171,[],,[]
WOODLANDS,436,WOODLANDS ST 41,45,Unmatched,Missing,NoPostalAssertionUnderCurrentNormalization,7318,[],,[]
WOODLANDS,437,WOODLANDS ST 41,36,Unmatched,Missing,NoPostalAssertionUnderCurrentNormalization,7334,[],,[]
WOODLANDS,5,MARSILING DR,30,Unmatched,Missing,NoPostalAssertionUnderCurrentNormalization,8401,[],,[]
WOODLANDS,501,WOODLANDS DR 14,17,Unmatched,Missing,NoPostalAssertionUnderCurrentNormalization,8453,[],,[]
WOODLANDS,502,WOODLANDS DR 14,13,Unmatched,Missing,NoPostalAssertionUnderCurrentNormalization,8473,[],,[]
WOODLANDS,502A,WOODLANDS DR 14,17,Unmatched,Missing,NoPostalAssertionUnderCurrentNormalization,8478,[],,[]
WOODLANDS,503,WOODLANDS DR 14,22,Unmatched,Missing,NoPostalAssertionUnderCurrentNormalization,8496,[],,[]
WOODLANDS,504,WOODLANDS DR 14,24,Unmatched,Missing,NoPostalAssertionUnderCurrentNormalization,8515,[],,[]
WOODLANDS,505,WOODLANDS DR 14,15,Unmatched,Missing,NoPostalAssertionUnderCurrentNormalization,8539,[],,[]
WOODLANDS,506,WOODLANDS DR 14,18,Unmatched,Missing,NoPostalAssertionUnderCurrentNormalization,8564,[],,[]
WOODLANDS,507,WOODLANDS DR 14,20,Unmatched,Missing,NoPostalAssertionUnderCurrentNormalization,8585,[],,[]
WOODLANDS,508,WOODLANDS DR 14,19,Unmatched,Missing,NoPostalAssertionUnderCurrentNormalization,8606,[],,[]
WOODLANDS,509,WOODLANDS DR 14,29,Unmatched,Missing,NoPostalAssertionUnderCurrentNormalization,8625,[],,[]
WOODLANDS,510,WOODLANDS DR 14,40,Unmatched,Missing,NoPostalAssertionUnderCurrentNormalization,8664,[],,[]
WOODLANDS,511,WOODLANDS DR 14,34,Unmatched,Missing,NoPostalAssertionUnderCurrentNormalization,8682,[],,[]
WOODLANDS,512,WOODLANDS DR 14,28,Unmatched,Missing,NoPostalAssertionUnderCurrentNormalization,8701,[],,[]
WOODLANDS,513,WOODLANDS DR 14,33,Unmatched,Missing,NoPostalAssertionUnderCurrentNormalization,8719,[],,[]
WOODLANDS,514,WOODLANDS DR 14,38,Unmatched,Missing,NoPostalAssertionUnderCurrentNormalization,8737,[],,[]
WOODLANDS,515,WOODLANDS DR 14,30,Unmatched,Missing,NoPostalAssertionUnderCurrentNormalization,8750,[],,[]
WOODLANDS,516,WOODLANDS DR 14,33,Unmatched,Missing,NoPostalAssertionUnderCurrentNormalization,8764,[],,[]
WOODLANDS,517,WOODLANDS DR 14,28,Unmatched,Missing,NoPostalAssertionUnderCurrentNormalization,8774,[],,[]
WOODLANDS,518,WOODLANDS DR 14,25,Unmatched,Missing,NoPostalAssertionUnderCurrentNormalization,8790,[],,[]
WOODLANDS,519,WOODLANDS DR 14,27,Unmatched,Missing,NoPostalAssertionUnderCurrentNormalization,8803,[],,[]
WOODLANDS,520,WOODLANDS DR 14,40,Unmatched,Missing,NoPostalAssertionUnderCurrentNormalization,8840,[],,[]
WOODLANDS,521,WOODLANDS DR 14,42,Unmatched,Missing,NoPostalAssertionUnderCurrentNormalization,8851,[],,[]
WOODLANDS,522,WOODLANDS DR 14,30,Unmatched,Missing,NoPostalAssertionUnderCurrentNormalization,8862,[],,[]
WOODLANDS,523,WOODLANDS DR 14,24,Unmatched,Missing,NoPostalAssertionUnderCurrentNormalization,8874,[],,[]
WOODLANDS,524,WOODLANDS DR 14,34,Unmatched,Missing,NoPostalAssertionUnderCurrentNormalization,8889,[],,[]
WOODLANDS,525,WOODLANDS DR 14,27,Unmatched,Missing,NoPostalAssertionUnderCurrentNormalization,8905,[],,[]
WOODLANDS,526,WOODLANDS DR 14,27,Unmatched,Missing,NoPostalAssertionUnderCurrentNormalization,8920,[],,[]
WOODLANDS,527,WOODLANDS DR 14,17,Unmatched,Missing,NoPostalAssertionUnderCurrentNormalization,8934,[],,[]
WOODLANDS,528,WOODLANDS DR 14,20,Unmatched,Missing,NoPostalAssertionUnderCurrentNormalization,8950,[],,[]
WOODLANDS,529,WOODLANDS DR 14,18,Unmatched,Missing,NoPostalAssertionUnderCurrentNormalization,8962,[],,[]
WOODLANDS,530,WOODLANDS DR 14,16,Unmatched,Missing,NoPostalAssertionUnderCurrentNormalization,8994,[],,[]
WOODLANDS,531,WOODLANDS DR 14,18,Unmatched,Missing,NoPostalAssertionUnderCurrentNormalization,9011,[],,[]
WOODLANDS,532,WOODLANDS DR 14,21,Unmatched,Missing,NoPostalAssertionUnderCurrentNormalization,9023,[],,[]
WOODLANDS,533,WOODLANDS DR 14,13,Unmatched,Missing,NoPostalAssertionUnderCurrentNormalization,9038,[],,[]
WOODLANDS,534,WOODLANDS DR 14,10,Unmatched,Missing,NoPostalAssertionUnderCurrentNormalization,9050,[],,[]
WOODLANDS,535,WOODLANDS DR 14,27,Unmatched,Missing,NoPostalAssertionUnderCurrentNormalization,9061,[],,[]
WOODLANDS,536,WOODLANDS DR 14,13,Unmatched,Missing,NoPostalAssertionUnderCurrentNormalization,9076,[],,[]
WOODLANDS,537,WOODLANDS DR 16,24,Unmatched,Missing,NoPostalAssertionUnderCurrentNormalization,9087,[],,[]
WOODLANDS,538,WOODLANDS DR 16,20,Unmatched,Missing,NoPostalAssertionUnderCurrentNormalization,9097,[],,[]
WOODLANDS,539,WOODLANDS DR 16,22,Unmatched,Missing,NoPostalAssertionUnderCurrentNormalization,9109,[],,[]
WOODLANDS,540,WOODLANDS DR 16,23,Unmatched,Missing,NoPostalAssertionUnderCurrentNormalization,9136,[],,[]
WOODLANDS,541,WOODLANDS DR 16,19,Unmatched,Missing,NoPostalAssertionUnderCurrentNormalization,9146,[],,[]
WOODLANDS,542,WOODLANDS DR 16,32,Unmatched,Missing,NoPostalAssertionUnderCurrentNormalization,9158,[],,[]
WOODLANDS,543,WOODLANDS DR 16,28,Unmatched,Missing,NoPostalAssertionUnderCurrentNormalization,9169,[],,[]
WOODLANDS,544,WOODLANDS DR 16,25,Unmatched,Missing,NoPostalAssertionUnderCurrentNormalization,9178,[],,[]
WOODLANDS,545,WOODLANDS DR 16,24,Unmatched,Missing,NoPostalAssertionUnderCurrentNormalization,9188,[],,[]
WOODLANDS,546,WOODLANDS DR 16,22,Unmatched,Missing,NoPostalAssertionUnderCurrentNormalization,9197,[],,[]
WOODLANDS,547,WOODLANDS DR 16,22,Unmatched,Missing,NoPostalAssertionUnderCurrentNormalization,9212,[],,[]
WOODLANDS,549,WOODLANDS DR 44,34,Unmatched,Missing,NoPostalAssertionUnderCurrentNormalization,9239,[],,[]
WOODLANDS,550,WOODLANDS DR 44,30,Unmatched,Missing,NoPostalAssertionUnderCurrentNormalization,9266,[],,[]
WOODLANDS,551,WOODLANDS DR 44,31,Unmatched,Missing,NoPostalAssertionUnderCurrentNormalization,9277,[],,[]
WOODLANDS,552,WOODLANDS DR 44,28,Unmatched,Missing,NoPostalAssertionUnderCurrentNormalization,9285,[],,[]
WOODLANDS,553,WOODLANDS DR 44,24,Unmatched,Missing,NoPostalAssertionUnderCurrentNormalization,9295,[],,[]
WOODLANDS,554,WOODLANDS DR 53,54,Unmatched,Missing,NoPostalAssertionUnderCurrentNormalization,9303,[],,[]
WOODLANDS,555,WOODLANDS DR 53,30,Unmatched,Missing,NoPostalAssertionUnderCurrentNormalization,9310,[],,[]
WOODLANDS,556,WOODLANDS DR 53,34,Unmatched,Missing,NoPostalAssertionUnderCurrentNormalization,9320,[],,[]
WOODLANDS,557,WOODLANDS DR 53,19,Unmatched,Missing,NoPostalAssertionUnderCurrentNormalization,9328,[],,[]
WOODLANDS,571C,WOODLANDS AVE 1,45,Unmatched,Missing,NoPostalAssertionUnderCurrentNormalization,9458,[],,[]
WOODLANDS,573A,WOODLANDS DR 16,43,Unmatched,Missing,NoPostalAssertionUnderCurrentNormalization,9473,[],,[]
WOODLANDS,573B,WOODLANDS DR 16,49,Unmatched,Missing,NoPostalAssertionUnderCurrentNormalization,9474,[],,[]
WOODLANDS,573C,WOODLANDS DR 16,63,Unmatched,Missing,NoPostalAssertionUnderCurrentNormalization,9475,[],,[]
WOODLANDS,574A,WOODLANDS DR 16,62,Unmatched,Missing,NoPostalAssertionUnderCurrentNormalization,9483,[],,[]
WOODLANDS,574B,WOODLANDS DR 16,70,Unmatched,Missing,NoPostalAssertionUnderCurrentNormalization,9484,[],,[]
WOODLANDS,575,WOODLANDS DR 16,38,Unmatched,Missing,NoPostalAssertionUnderCurrentNormalization,9489,[],,[]
WOODLANDS,576,WOODLANDS DR 16,34,Unmatched,Missing,NoPostalAssertionUnderCurrentNormalization,9495,[],,[]
WOODLANDS,577,WOODLANDS DR 16,27,Unmatched,Missing,NoPostalAssertionUnderCurrentNormalization,9500,[],,[]
WOODLANDS,578,WOODLANDS DR 16,23,Unmatched,Missing,NoPostalAssertionUnderCurrentNormalization,9504,[],,[]
WOODLANDS,579,WOODLANDS DR 16,25,Unmatched,Missing,NoPostalAssertionUnderCurrentNormalization,9509,[],,[]
WOODLANDS,580,WOODLANDS DR 16,28,Unmatched,Missing,NoPostalAssertionUnderCurrentNormalization,9528,[],,[]
WOODLANDS,581,WOODLANDS DR 16,17,Unmatched,Missing,NoPostalAssertionUnderCurrentNormalization,9531,[],,[]
WOODLANDS,582,WOODLANDS DR 16,25,Unmatched,Missing,NoPostalAssertionUnderCurrentNormalization,9534,[],,[]
WOODLANDS,583,WOODLANDS DR 16,20,Unmatched,Missing,NoPostalAssertionUnderCurrentNormalization,9537,[],,[]
WOODLANDS,584,WOODLANDS DR 16,24,Unmatched,Missing,NoPostalAssertionUnderCurrentNormalization,9540,[],,[]
WOODLANDS,585,WOODLANDS DR 16,29,Unmatched,Missing,NoPostalAssertionUnderCurrentNormalization,9544,[],,[]
WOODLANDS,586,WOODLANDS DR 16,32,Unmatched,Missing,NoPostalAssertionUnderCurrentNormalization,9547,[],,[]
WOODLANDS,587,WOODLANDS DR 16,49,Unmatched,Missing,NoPostalAssertionUnderCurrentNormalization,9552,[],,[]
WOODLANDS,588,WOODLANDS DR 16,26,Unmatched,Missing,NoPostalAssertionUnderCurrentNormalization,9557,[],,[]
WOODLANDS,589,WOODLANDS DR 16,41,Unmatched,Missing,NoPostalAssertionUnderCurrentNormalization,9572,[],,[]
WOODLANDS,5A,MARSILING DR,43,Unmatched,Missing,NoPostalAssertionUnderCurrentNormalization,8413,[],,[]
WOODLANDS,6,MARSILING DR,67,Unmatched,Missing,NoPostalAssertionUnderCurrentNormalization,9641,[],,[]
WOODLANDS,601,WOODLANDS DR 42,27,Unmatched,Missing,NoPostalAssertionUnderCurrentNormalization,9681,[],,[]
WOODLANDS,602,WOODLANDS DR 42,34,Unmatched,Missing,NoPostalAssertionUnderCurrentNormalization,9702,[],,[]
WOODLANDS,603,WOODLANDS DR 42,25,Unmatched,Missing,NoPostalAssertionUnderCurrentNormalization,9720,[],,[]
WOODLANDS,604,WOODLANDS DR 42,24,Unmatched,Missing,NoPostalAssertionUnderCurrentNormalization,9738,[],,[]
WOODLANDS,605,WOODLANDS DR 42,25,Unmatched,Missing,NoPostalAssertionUnderCurrentNormalization,9755,[],,[]
WOODLANDS,606,WOODLANDS RING RD,21,Unmatched,Missing,NoPostalAssertionUnderCurrentNormalization,9771,[],,[]
WOODLANDS,607,WOODLANDS RING RD,31,Unmatched,Missing,NoPostalAssertionUnderCurrentNormalization,9785,[],,[]
WOODLANDS,608,WOODLANDS RING RD,8,Unmatched,Missing,NoPostalAssertionUnderCurrentNormalization,9797,[],,[]
WOODLANDS,609,WOODLANDS RING RD,20,Unmatched,Missing,NoPostalAssertionUnderCurrentNormalization,9812,[],,[]
WOODLANDS,610,WOODLANDS AVE 4,10,Unmatched,Missing,NoPostalAssertionUnderCurrentNormalization,9846,[],,[]
WOODLANDS,611,WOODLANDS RING RD,30,Unmatched,Missing,NoPostalAssertionUnderCurrentNormalization,9861,[],,[]
WOODLANDS,614,WOODLANDS AVE 4,26,Unmatched,Missing,NoPostalAssertionUnderCurrentNormalization,9916,[],,[]
WOODLANDS,617,WOODLANDS AVE 4,31,Unmatched,Missing,NoPostalAssertionUnderCurrentNormalization,9954,[],,[]
WOODLANDS,619,WOODLANDS DR 52,43,Unmatched,Missing,NoPostalAssertionUnderCurrentNormalization,9983,[],,[]
WOODLANDS,620,WOODLANDS DR 52,45,Unmatched,Missing,NoPostalAssertionUnderCurrentNormalization,10017,[],,[]
WOODLANDS,621,WOODLANDS DR 52,27,Unmatched,Missing,NoPostalAssertionUnderCurrentNormalization,10028,[],,[]
WOODLANDS,622,WOODLANDS DR 52,26,Unmatched,Missing,NoPostalAssertionUnderCurrentNormalization,10043,[],,[]
WOODLANDS,623,WOODLANDS DR 52,26,Unmatched,Missing,NoPostalAssertionUnderCurrentNormalization,10064,[],,[]
WOODLANDS,624A,WOODLANDS DR 52,21,Unmatched,Missing,NoPostalAssertionUnderCurrentNormalization,10084,[],,[]
WOODLANDS,624B,WOODLANDS DR 52,19,Unmatched,Missing,NoPostalAssertionUnderCurrentNormalization,10088,[],,[]
WOODLANDS,625A,WOODLANDS DR 52,18,Unmatched,Missing,NoPostalAssertionUnderCurrentNormalization,10102,[],,[]
WOODLANDS,625B,WOODLANDS DR 52,21,Unmatched,Missing,NoPostalAssertionUnderCurrentNormalization,10105,[],,[]
WOODLANDS,628A,WOODLANDS RING RD,27,Unmatched,Missing,NoPostalAssertionUnderCurrentNormalization,10142,[],,[]
WOODLANDS,628B,WOODLANDS RING RD,30,Unmatched,Missing,NoPostalAssertionUnderCurrentNormalization,10143,[],,[]
WOODLANDS,629,WOODLANDS RING RD,22,Unmatched,Missing,NoPostalAssertionUnderCurrentNormalization,10151,[],,[]
WOODLANDS,630,WOODLANDS RING RD,30,Unmatched,Missing,NoPostalAssertionUnderCurrentNormalization,10180,[],,[]
WOODLANDS,631,WOODLANDS RING RD,18,Unmatched,Missing,NoPostalAssertionUnderCurrentNormalization,10194,[],,[]
WOODLANDS,632,WOODLANDS RING RD,26,Unmatched,Missing,NoPostalAssertionUnderCurrentNormalization,10209,[],,[]
WOODLANDS,633,WOODLANDS RING RD,25,Unmatched,Missing,NoPostalAssertionUnderCurrentNormalization,10231,[],,[]
WOODLANDS,634,WOODLANDS RING RD,20,Unmatched,Missing,NoPostalAssertionUnderCurrentNormalization,10254,[],,[]
WOODLANDS,635,WOODLANDS RING RD,26,Unmatched,Missing,NoPostalAssertionUnderCurrentNormalization,10271,[],,[]
WOODLANDS,636,WOODLANDS RING RD,27,Unmatched,Missing,NoPostalAssertionUnderCurrentNormalization,10293,[],,[]
WOODLANDS,637,WOODLANDS RING RD,23,Unmatched,Missing,NoPostalAssertionUnderCurrentNormalization,10315,[],,[]
WOODLANDS,638,WOODLANDS RING RD,28,Unmatched,Missing,NoPostalAssertionUnderCurrentNormalization,10336,[],,[]
WOODLANDS,639,WOODLANDS RING RD,24,Unmatched,Missing,NoPostalAssertionUnderCurrentNormalization,10358,[],,[]
WOODLANDS,640,WOODLANDS RING RD,21,Unmatched,Missing,NoPostalAssertionUnderCurrentNormalization,10385,[],,[]
WOODLANDS,643,WOODLANDS RING RD,18,Unmatched,Missing,NoPostalAssertionUnderCurrentNormalization,10437,[],,[]
WOODLANDS,644,WOODLANDS RING RD,32,Unmatched,Missing,NoPostalAssertionUnderCurrentNormalization,10449,[],,[]
WOODLANDS,645,WOODLANDS RING RD,13,Unmatched,Missing,NoPostalAssertionUnderCurrentNormalization,10461,[],,[]
WOODLANDS,646,WOODLANDS RING RD,19,Unmatched,Missing,NoPostalAssertionUnderCurrentNormalization,10474,[],,[]
WOODLANDS,647,WOODLANDS RING RD,26,Unmatched,Missing,NoPostalAssertionUnderCurrentNormalization,10487,[],,[]
WOODLANDS,648,WOODLANDS RING RD,16,Unmatched,Missing,NoPostalAssertionUnderCurrentNormalization,10503,[],,[]
WOODLANDS,649,WOODLANDS RING RD,20,Unmatched,Missing,NoPostalAssertionUnderCurrentNormalization,10517,[],,[]
WOODLANDS,650,WOODLANDS RING RD,30,Unmatched,Missing,NoPostalAssertionUnderCurrentNormalization,10544,[],,[]
WOODLANDS,651,WOODLANDS RING RD,19,Unmatched,Missing,NoPostalAssertionUnderCurrentNormalization,10556,[],,[]
WOODLANDS,652,WOODLANDS RING RD,19,Unmatched,Missing,NoPostalAssertionUnderCurrentNormalization,10570,[],,[]
WOODLANDS,653,WOODLANDS RING RD,18,Unmatched,Missing,NoPostalAssertionUnderCurrentNormalization,10579,[],,[]
WOODLANDS,654,WOODLANDS RING RD,7,Unmatched,Missing,NoPostalAssertionUnderCurrentNormalization,10590,[],,[]
WOODLANDS,655,WOODLANDS RING RD,27,Unmatched,Missing,NoPostalAssertionUnderCurrentNormalization,10605,[],,[]
WOODLANDS,656,WOODLANDS RING RD,20,Unmatched,Missing,NoPostalAssertionUnderCurrentNormalization,10617,[],,[]
WOODLANDS,657,WOODLANDS RING RD,23,Unmatched,Missing,NoPostalAssertionUnderCurrentNormalization,10632,[],,[]
WOODLANDS,658,WOODLANDS RING RD,26,Unmatched,Missing,NoPostalAssertionUnderCurrentNormalization,10643,[],,[]
WOODLANDS,659,WOODLANDS RING RD,31,Unmatched,Missing,NoPostalAssertionUnderCurrentNormalization,10658,[],,[]
WOODLANDS,660,WOODLANDS RING RD,21,Unmatched,Missing,NoPostalAssertionUnderCurrentNormalization,10685,[],,[]
WOODLANDS,661,WOODLANDS RING RD,21,Unmatched,Missing,NoPostalAssertionUnderCurrentNormalization,10704,[],,[]
WOODLANDS,662,WOODLANDS RING RD,25,Unmatched,Missing,NoPostalAssertionUnderCurrentNormalization,10722,[],,[]
WOODLANDS,663,WOODLANDS RING RD,13,Unmatched,Missing,NoPostalAssertionUnderCurrentNormalization,10741,[],,[]
WOODLANDS,664,WOODLANDS RING RD,23,Unmatched,Missing,NoPostalAssertionUnderCurrentNormalization,10760,[],,[]
WOODLANDS,665,WOODLANDS RING RD,26,Unmatched,Missing,NoPostalAssertionUnderCurrentNormalization,10776,[],,[]
WOODLANDS,666,WOODLANDS RING RD,29,Unmatched,Missing,NoPostalAssertionUnderCurrentNormalization,10791,[],,[]
WOODLANDS,667,WOODLANDS RING RD,27,Unmatched,Missing,NoPostalAssertionUnderCurrentNormalization,10803,[],,[]
WOODLANDS,668,WOODLANDS RING RD,19,Unmatched,Missing,NoPostalAssertionUnderCurrentNormalization,10817,[],,[]
WOODLANDS,669,WOODLANDS RING RD,29,Unmatched,Missing,NoPostalAssertionUnderCurrentNormalization,10832,[],,[]
WOODLANDS,670,WOODLANDS DR 71,33,Unmatched,Missing,NoPostalAssertionUnderCurrentNormalization,10851,[],,[]
WOODLANDS,671,WOODLANDS DR 71,28,Unmatched,Missing,NoPostalAssertionUnderCurrentNormalization,10862,[],,[]
WOODLANDS,672,WOODLANDS DR 71,21,Unmatched,Missing,NoPostalAssertionUnderCurrentNormalization,10882,[],,[]
WOODLANDS,673,WOODLANDS DR 71,22,Unmatched,Missing,NoPostalAssertionUnderCurrentNormalization,10900,[],,[]
WOODLANDS,677,WOODLANDS AVE 6,19,Unmatched,Missing,NoPostalAssertionUnderCurrentNormalization,10959,[],,[]
WOODLANDS,681A,WOODLANDS DR 62,24,Unmatched,Missing,NoPostalAssertionUnderCurrentNormalization,11019,[],,[]
WOODLANDS,681B,WOODLANDS DR 62,32,Unmatched,Missing,NoPostalAssertionUnderCurrentNormalization,11021,[],,[]
WOODLANDS,681C,WOODLANDS DR 62,19,Unmatched,Missing,NoPostalAssertionUnderCurrentNormalization,11023,[],,[]
WOODLANDS,681D,WOODLANDS DR 62,26,Unmatched,Missing,NoPostalAssertionUnderCurrentNormalization,11024,[],,[]
WOODLANDS,682A,WOODLANDS DR 62,26,Unmatched,Missing,NoPostalAssertionUnderCurrentNormalization,11033,[],,[]
WOODLANDS,682B,WOODLANDS DR 62,18,Unmatched,Missing,NoPostalAssertionUnderCurrentNormalization,11036,[],,[]
WOODLANDS,682C,WOODLANDS DR 73,21,Unmatched,Missing,NoPostalAssertionUnderCurrentNormalization,11039,[],,[]
WOODLANDS,682D,WOODLANDS DR 73,27,Unmatched,Missing,NoPostalAssertionUnderCurrentNormalization,11040,[],,[]
WOODLANDS,683A,WOODLANDS DR 62,21,Unmatched,Missing,NoPostalAssertionUnderCurrentNormalization,11049,[],,[]
WOODLANDS,683B,WOODLANDS DR 62,13,Unmatched,Missing,NoPostalAssertionUnderCurrentNormalization,11053,[],,[]
WOODLANDS,683C,WOODLANDS DR 62,23,Unmatched,Missing,NoPostalAssertionUnderCurrentNormalization,11057,[],,[]
WOODLANDS,683D,WOODLANDS DR 62,30,Unmatched,Missing,NoPostalAssertionUnderCurrentNormalization,11058,[],,[]
WOODLANDS,684A,WOODLANDS DR 73,33,Unmatched,Missing,NoPostalAssertionUnderCurrentNormalization,11067,[],,[]
WOODLANDS,684B,WOODLANDS DR 73,16,Unmatched,Missing,NoPostalAssertionUnderCurrentNormalization,11071,[],,[]
WOODLANDS,684C,WOODLANDS DR 62,20,Unmatched,Missing,NoPostalAssertionUnderCurrentNormalization,11075,[],,[]
WOODLANDS,684D,WOODLANDS DR 73,36,Unmatched,Missing,NoPostalAssertionUnderCurrentNormalization,11078,[],,[]
WOODLANDS,685B,WOODLANDS DR 73,24,Unmatched,Missing,NoPostalAssertionUnderCurrentNormalization,11089,[],,[]
WOODLANDS,685C,WOODLANDS DR 73,25,Unmatched,Missing,NoPostalAssertionUnderCurrentNormalization,11092,[],,[]
WOODLANDS,686A,WOODLANDS DR 73,55,Unmatched,Missing,NoPostalAssertionUnderCurrentNormalization,11099,[],,[]
WOODLANDS,686B,WOODLANDS DR 73,53,Unmatched,Missing,NoPostalAssertionUnderCurrentNormalization,11102,[],,[]
WOODLANDS,686C,WOODLANDS DR 73,26,Unmatched,Missing,NoPostalAssertionUnderCurrentNormalization,11105,[],,[]
WOODLANDS,687A,WOODLANDS DR 75,45,Unmatched,Missing,NoPostalAssertionUnderCurrentNormalization,11112,[],,[]
WOODLANDS,687B,WOODLANDS DR 75,43,Unmatched,Missing,NoPostalAssertionUnderCurrentNormalization,11114,[],,[]
WOODLANDS,687C,WOODLANDS DR 75,38,Unmatched,Missing,NoPostalAssertionUnderCurrentNormalization,11116,[],,[]
WOODLANDS,688A,WOODLANDS DR 75,37,Unmatched,Missing,NoPostalAssertionUnderCurrentNormalization,11124,[],,[]
WOODLANDS,688B,WOODLANDS DR 75,27,Unmatched,Missing,NoPostalAssertionUnderCurrentNormalization,11126,[],,[]
WOODLANDS,688C,WOODLANDS DR 75,28,Unmatched,Missing,NoPostalAssertionUnderCurrentNormalization,11128,[],,[]
WOODLANDS,688D,WOODLANDS DR 75,30,Unmatched,Missing,NoPostalAssertionUnderCurrentNormalization,11129,[],,[]
WOODLANDS,688E,WOODLANDS DR 75,21,Unmatched,Missing,NoPostalAssertionUnderCurrentNormalization,11130,[],,[]
WOODLANDS,688F,WOODLANDS DR 75,38,Unmatched,Missing,NoPostalAssertionUnderCurrentNormalization,11131,[],,[]
WOODLANDS,689A,WOODLANDS DR 75,31,Unmatched,Missing,NoPostalAssertionUnderCurrentNormalization,11137,[],,[]
WOODLANDS,689B,WOODLANDS DR 75,35,Unmatched,Missing,NoPostalAssertionUnderCurrentNormalization,11139,[],,[]
WOODLANDS,689C,WOODLANDS DR 75,22,Unmatched,Missing,NoPostalAssertionUnderCurrentNormalization,11140,[],,[]
WOODLANDS,689D,WOODLANDS DR 75,23,Unmatched,Missing,NoPostalAssertionUnderCurrentNormalization,11141,[],,[]
WOODLANDS,689E,WOODLANDS DR 75,30,Unmatched,Missing,NoPostalAssertionUnderCurrentNormalization,11142,[],,[]
WOODLANDS,689F,WOODLANDS DR 75,26,Unmatched,Missing,NoPostalAssertionUnderCurrentNormalization,11143,[],,[]
WOODLANDS,690A,WOODLANDS DR 75,29,Unmatched,Missing,NoPostalAssertionUnderCurrentNormalization,11157,[],,[]
WOODLANDS,690B,WOODLANDS DR 75,25,Unmatched,Missing,NoPostalAssertionUnderCurrentNormalization,11159,[],,[]
WOODLANDS,690C,WOODLANDS DR 75,38,Unmatched,Missing,NoPostalAssertionUnderCurrentNormalization,11161,[],,[]
WOODLANDS,690D,WOODLANDS DR 75,26,Unmatched,Missing,NoPostalAssertionUnderCurrentNormalization,11163,[],,[]
WOODLANDS,690E,WOODLANDS DR 75,29,Unmatched,Missing,NoPostalAssertionUnderCurrentNormalization,11164,[],,[]
WOODLANDS,690F,WOODLANDS DR 75,26,Unmatched,Missing,NoPostalAssertionUnderCurrentNormalization,11165,[],,[]
WOODLANDS,691A,WOODLANDS DR 73,36,Unmatched,Missing,NoPostalAssertionUnderCurrentNormalization,11172,[],,[]
WOODLANDS,691B,WOODLANDS DR 73,40,Unmatched,Missing,NoPostalAssertionUnderCurrentNormalization,11174,[],,[]
WOODLANDS,691C,WOODLANDS DR 73,22,Unmatched,Missing,NoPostalAssertionUnderCurrentNormalization,11175,[],,[]
WOODLANDS,691D,WOODLANDS DR 73,53,Unmatched,Missing,NoPostalAssertionUnderCurrentNormalization,11176,[],,[]
WOODLANDS,693B,WOODLANDS AVE 6,37,Unmatched,Missing,NoPostalAssertionUnderCurrentNormalization,11188,[],,[]
WOODLANDS,694A,WOODLANDS DR 62,46,Unmatched,Missing,NoPostalAssertionUnderCurrentNormalization,11195,[],,[]
WOODLANDS,694B,WOODLANDS DR 62,29,Unmatched,Missing,NoPostalAssertionUnderCurrentNormalization,11196,[],,[]
WOODLANDS,694C,WOODLANDS DR 62,45,Unmatched,Missing,NoPostalAssertionUnderCurrentNormalization,11197,[],,[]
WOODLANDS,694D,WOODLANDS DR 62,46,Unmatched,Missing,NoPostalAssertionUnderCurrentNormalization,11198,[],,[]
WOODLANDS,7,MARSILING DR,28,Unmatched,Missing,NoPostalAssertionUnderCurrentNormalization,11240,[],,[]
WOODLANDS,701,WOODLANDS DR 40,29,Unmatched,Missing,NoPostalAssertionUnderCurrentNormalization,11282,[],,[]
WOODLANDS,702,WOODLANDS DR 40,23,Unmatched,Missing,NoPostalAssertionUnderCurrentNormalization,11297,[],,[]
WOODLANDS,703,WOODLANDS DR 40,24,Unmatched,Missing,NoPostalAssertionUnderCurrentNormalization,11308,[],,[]
WOODLANDS,704,WOODLANDS DR 40,27,Unmatched,Missing,NoPostalAssertionUnderCurrentNormalization,11318,[],,[]
WOODLANDS,705,WOODLANDS DR 40,21,Unmatched,Missing,NoPostalAssertionUnderCurrentNormalization,11330,[],,[]
WOODLANDS,706,WOODLANDS DR 40,21,Unmatched,Missing,NoPostalAssertionUnderCurrentNormalization,11339,[],,[]
WOODLANDS,707,WOODLANDS DR 40,18,Unmatched,Missing,NoPostalAssertionUnderCurrentNormalization,11348,[],,[]
WOODLANDS,708,WOODLANDS DR 70,15,Unmatched,Missing,NoPostalAssertionUnderCurrentNormalization,11357,[],,[]
WOODLANDS,709,WOODLANDS DR 70,25,Unmatched,Missing,NoPostalAssertionUnderCurrentNormalization,11367,[],,[]
WOODLANDS,710,WOODLANDS DR 70,17,Unmatched,Missing,NoPostalAssertionUnderCurrentNormalization,11385,[],,[]
WOODLANDS,711,WOODLANDS DR 70,30,Unmatched,Missing,NoPostalAssertionUnderCurrentNormalization,11397,[],,[]
WOODLANDS,712,WOODLANDS DR 70,19,Unmatched,Missing,NoPostalAssertionUnderCurrentNormalization,11407,[],,[]
WOODLANDS,713,WOODLANDS DR 70,17,Unmatched,Missing,NoPostalAssertionUnderCurrentNormalization,11418,[],,[]
WOODLANDS,714,WOODLANDS DR 70,23,Unmatched,Missing,NoPostalAssertionUnderCurrentNormalization,11427,[],,[]
WOODLANDS,715,WOODLANDS DR 70,23,Unmatched,Missing,NoPostalAssertionUnderCurrentNormalization,11437,[],,[]
WOODLANDS,716,WOODLANDS DR 70,21,Unmatched,Missing,NoPostalAssertionUnderCurrentNormalization,11445,[],,[]
WOODLANDS,717,WOODLANDS DR 70,27,Unmatched,Missing,NoPostalAssertionUnderCurrentNormalization,11453,[],,[]
WOODLANDS,717A,WOODLANDS DR 70,25,Unmatched,Missing,NoPostalAssertionUnderCurrentNormalization,11455,[],,[]
WOODLANDS,717B,WOODLANDS DR 70,20,Unmatched,Missing,NoPostalAssertionUnderCurrentNormalization,11456,[],,[]
WOODLANDS,722,WOODLANDS AVE 6,28,Unmatched,Missing,NoPostalAssertionUnderCurrentNormalization,11504,[],,[]
WOODLANDS,727,WOODLANDS CIRCLE,29,Unmatched,Missing,NoPostalAssertionUnderCurrentNormalization,11542,[],,[]
WOODLANDS,740,WOODLANDS CIRCLE,29,Unmatched,Missing,NoPostalAssertionUnderCurrentNormalization,11640,[],,[]
WOODLANDS,755,WOODLANDS AVE 4,24,Unmatched,Missing,NoPostalAssertionUnderCurrentNormalization,11746,[],,[]
WOODLANDS,766,WOODLANDS CIRCLE,29,Unmatched,Missing,NoPostalAssertionUnderCurrentNormalization,11834,[],,[]
WOODLANDS,769,WOODLANDS DR 60,34,Unmatched,Missing,NoPostalAssertionUnderCurrentNormalization,11851,[],,[]
WOODLANDS,770,WOODLANDS DR 60,29,Unmatched,Missing,NoPostalAssertionUnderCurrentNormalization,11868,[],,[]
WOODLANDS,771,WOODLANDS DR 60,25,Unmatched,Missing,NoPostalAssertionUnderCurrentNormalization,11874,[],,[]
WOODLANDS,772,WOODLANDS DR 60,23,Unmatched,Missing,NoPostalAssertionUnderCurrentNormalization,11879,[],,[]
WOODLANDS,773,WOODLANDS DR 60,30,Unmatched,Missing,NoPostalAssertionUnderCurrentNormalization,11884,[],,[]
WOODLANDS,774,WOODLANDS CRES,24,Unmatched,Missing,NoPostalAssertionUnderCurrentNormalization,11890,[],,[]
WOODLANDS,775,WOODLANDS CRES,31,Unmatched,Missing,NoPostalAssertionUnderCurrentNormalization,11894,[],,[]
WOODLANDS,776,WOODLANDS CRES,36,Unmatched,Missing,NoPostalAssertionUnderCurrentNormalization,11899,[],,[]
WOODLANDS,777,WOODLANDS CRES,26,Unmatched,Missing,NoPostalAssertionUnderCurrentNormalization,11902,[],,[]
WOODLANDS,778,WOODLANDS DR 60,36,Unmatched,Missing,NoPostalAssertionUnderCurrentNormalization,11905,[],,[]
WOODLANDS,779,WOODLANDS CRES,22,Unmatched,Missing,NoPostalAssertionUnderCurrentNormalization,11908,[],,[]
WOODLANDS,780A,WOODLANDS CRES,68,Unmatched,Missing,NoPostalAssertionUnderCurrentNormalization,11933,[],,[]
WOODLANDS,780B,WOODLANDS CRES,65,Unmatched,Missing,NoPostalAssertionUnderCurrentNormalization,11934,[],,[]
WOODLANDS,780C,WOODLANDS CRES,67,Unmatched,Missing,NoPostalAssertionUnderCurrentNormalization,11935,[],,[]
WOODLANDS,780D,WOODLANDS CRES,45,Unmatched,Missing,NoPostalAssertionUnderCurrentNormalization,11936,[],,[]
WOODLANDS,780E,WOODLANDS CRES,66,Unmatched,Missing,NoPostalAssertionUnderCurrentNormalization,11937,[],,[]
WOODLANDS,780F,WOODLANDS CRES,57,Unmatched,Missing,NoPostalAssertionUnderCurrentNormalization,11938,[],,[]
WOODLANDS,782A,WOODLANDS CRES,53,Unmatched,Missing,NoPostalAssertionUnderCurrentNormalization,11952,[],,[]
WOODLANDS,782B,WOODLANDS CRES,39,Unmatched,Missing,NoPostalAssertionUnderCurrentNormalization,11953,[],,[]
WOODLANDS,782C,WOODLANDS CRES,47,Unmatched,Missing,NoPostalAssertionUnderCurrentNormalization,11954,[],,[]
WOODLANDS,782D,WOODLANDS CRES,73,Unmatched,Missing,NoPostalAssertionUnderCurrentNormalization,11955,[],,[]
WOODLANDS,782E,WOODLANDS CRES,50,Unmatched,Missing,NoPostalAssertionUnderCurrentNormalization,11956,[],,[]
WOODLANDS,783D,WOODLANDS RISE,25,Unmatched,Missing,NoPostalAssertionUnderCurrentNormalization,11964,[],,[]
WOODLANDS,784A,WOODLANDS RISE,17,Unmatched,Missing,NoPostalAssertionUnderCurrentNormalization,11968,[],,[]
WOODLANDS,785D,WOODLANDS RISE,35,Unmatched,Missing,NoPostalAssertionUnderCurrentNormalization,11977,[],,[]
WOODLANDS,786B,WOODLANDS DR 60,35,Unmatched,Missing,NoPostalAssertionUnderCurrentNormalization,11982,[],,[]
WOODLANDS,786C,WOODLANDS DR 60,44,Unmatched,Missing,NoPostalAssertionUnderCurrentNormalization,11983,[],,[]
WOODLANDS,786D,WOODLANDS DR 60,47,Unmatched,Missing,NoPostalAssertionUnderCurrentNormalization,11984,[],,[]
WOODLANDS,786E,WOODLANDS DR 60,30,Unmatched,Missing,NoPostalAssertionUnderCurrentNormalization,11985,[],,[]
WOODLANDS,786F,WOODLANDS DR 60,16,Unmatched,Missing,NoPostalAssertionUnderCurrentNormalization,11986,[],,[]
WOODLANDS,787B,WOODLANDS CRES,32,Unmatched,Missing,NoPostalAssertionUnderCurrentNormalization,11992,[],,[]
WOODLANDS,787C,WOODLANDS CRES,42,Unmatched,Missing,NoPostalAssertionUnderCurrentNormalization,11993,[],,[]
WOODLANDS,787D,WOODLANDS CRES,36,Unmatched,Missing,NoPostalAssertionUnderCurrentNormalization,11994,[],,[]
WOODLANDS,787E,WOODLANDS CRES,33,Unmatched,Missing,NoPostalAssertionUnderCurrentNormalization,11995,[],,[]
WOODLANDS,788B,WOODLANDS CRES,26,Unmatched,Missing,NoPostalAssertionUnderCurrentNormalization,12000,[],,[]
WOODLANDS,788C,WOODLANDS CRES,23,Unmatched,Missing,NoPostalAssertionUnderCurrentNormalization,12001,[],,[]
WOODLANDS,788D,WOODLANDS CRES,28,Unmatched,Missing,NoPostalAssertionUnderCurrentNormalization,12002,[],,[]
WOODLANDS,788E,WOODLANDS CRES,18,Unmatched,Missing,NoPostalAssertionUnderCurrentNormalization,12003,[],,[]
WOODLANDS,791,WOODLANDS AVE 6,22,Unmatched,Missing,NoPostalAssertionUnderCurrentNormalization,12025,[],,[]
WOODLANDS,793,WOODLANDS AVE 6,14,Unmatched,Missing,NoPostalAssertionUnderCurrentNormalization,12033,[],,[]
WOODLANDS,794,WOODLANDS DR 72,24,Unmatched,Missing,NoPostalAssertionUnderCurrentNormalization,12035,[],,[]
WOODLANDS,795,WOODLANDS DR 72,30,Unmatched,Missing,NoPostalAssertionUnderCurrentNormalization,12037,[],,[]
WOODLANDS,796,WOODLANDS DR 72,23,Unmatched,Missing,NoPostalAssertionUnderCurrentNormalization,12040,[],,[]
WOODLANDS,797,WOODLANDS DR 72,25,Unmatched,Missing,NoPostalAssertionUnderCurrentNormalization,12044,[],,[]
WOODLANDS,798,WOODLANDS DR 72,23,Unmatched,Missing,NoPostalAssertionUnderCurrentNormalization,12046,[],,[]
WOODLANDS,8,MARSILING DR,35,Unmatched,Missing,NoPostalAssertionUnderCurrentNormalization,12071,[],,[]
WOODLANDS,801,WOODLANDS ST 81,17,Unmatched,Missing,NoPostalAssertionUnderCurrentNormalization,12114,[],,[]
WOODLANDS,802,WOODLANDS ST 81,21,Unmatched,Missing,NoPostalAssertionUnderCurrentNormalization,12125,[],,[]
WOODLANDS,803,WOODLANDS ST 81,12,Unmatched,Missing,NoPostalAssertionUnderCurrentNormalization,12134,[],,[]
WOODLANDS,804,WOODLANDS ST 81,34,Unmatched,Missing,NoPostalAssertionUnderCurrentNormalization,12145,[],,[]
WOODLANDS,805,WOODLANDS ST 81,23,Unmatched,Missing,NoPostalAssertionUnderCurrentNormalization,12154,[],,[]
WOODLANDS,807,WOODLANDS ST 81,19,Unmatched,Missing,NoPostalAssertionUnderCurrentNormalization,12170,[],,[]
WOODLANDS,808,WOODLANDS ST 81,23,Unmatched,Missing,NoPostalAssertionUnderCurrentNormalization,12181,[],,[]
WOODLANDS,809,WOODLANDS ST 81,17,Unmatched,Missing,NoPostalAssertionUnderCurrentNormalization,12194,[],,[]
WOODLANDS,810,WOODLANDS ST 81,13,Unmatched,Missing,NoPostalAssertionUnderCurrentNormalization,12215,[],,[]
WOODLANDS,816,WOODLANDS ST 82,23,Unmatched,Missing,NoPostalAssertionUnderCurrentNormalization,12257,[],,[]
WOODLANDS,817,WOODLANDS ST 82,9,Unmatched,Missing,NoPostalAssertionUnderCurrentNormalization,12265,[],,[]
WOODLANDS,818,WOODLANDS ST 82,17,Unmatched,Missing,NoPostalAssertionUnderCurrentNormalization,12273,[],,[]
WOODLANDS,819,WOODLANDS ST 82,5,Unmatched,Missing,NoPostalAssertionUnderCurrentNormalization,12280,[],,[]
WOODLANDS,820,WOODLANDS ST 82,16,Unmatched,Missing,NoPostalAssertionUnderCurrentNormalization,12301,[],,[]
WOODLANDS,821,WOODLANDS ST 82,15,Unmatched,Missing,NoPostalAssertionUnderCurrentNormalization,12307,[],,[]
WOODLANDS,822,WOODLANDS ST 82,7,Unmatched,Missing,NoPostalAssertionUnderCurrentNormalization,12312,[],,[]
WOODLANDS,823,WOODLANDS ST 82,9,Unmatched,Missing,NoPostalAssertionUnderCurrentNormalization,12316,[],,[]
WOODLANDS,824,WOODLANDS ST 81,22,Unmatched,Missing,NoPostalAssertionUnderCurrentNormalization,12322,[],,[]
WOODLANDS,825,WOODLANDS ST 81,18,Unmatched,Missing,NoPostalAssertionUnderCurrentNormalization,12327,[],,[]
WOODLANDS,826,WOODLANDS ST 81,9,Unmatched,Missing,NoPostalAssertionUnderCurrentNormalization,12331,[],,[]
WOODLANDS,827,WOODLANDS ST 81,20,Unmatched,Missing,NoPostalAssertionUnderCurrentNormalization,12336,[],,[]
WOODLANDS,828,WOODLANDS ST 81,1,Unmatched,Missing,NoPostalAssertionUnderCurrentNormalization,12342,[],,[]
WOODLANDS,829,WOODLANDS ST 83,4,Unmatched,Missing,NoPostalAssertionUnderCurrentNormalization,12348,[],,[]
WOODLANDS,830,WOODLANDS ST 83,14,Unmatched,Missing,NoPostalAssertionUnderCurrentNormalization,12365,[],,[]
WOODLANDS,831,WOODLANDS ST 83,24,Unmatched,Missing,NoPostalAssertionUnderCurrentNormalization,12372,[],,[]
WOODLANDS,832,WOODLANDS ST 83,20,Unmatched,Missing,NoPostalAssertionUnderCurrentNormalization,12377,[],,[]
WOODLANDS,833,WOODLANDS ST 83,10,Unmatched,Missing,NoPostalAssertionUnderCurrentNormalization,12383,[],,[]
WOODLANDS,834,WOODLANDS ST 83,17,Unmatched,Missing,NoPostalAssertionUnderCurrentNormalization,12388,[],,[]
WOODLANDS,835,WOODLANDS ST 83,16,Unmatched,Missing,NoPostalAssertionUnderCurrentNormalization,12393,[],,[]
WOODLANDS,836,WOODLANDS ST 83,13,Unmatched,Missing,NoPostalAssertionUnderCurrentNormalization,12398,[],,[]
WOODLANDS,837,WOODLANDS ST 82,10,Unmatched,Missing,NoPostalAssertionUnderCurrentNormalization,12403,[],,[]
WOODLANDS,838,WOODLANDS ST 82,14,Unmatched,Missing,NoPostalAssertionUnderCurrentNormalization,12409,[],,[]
WOODLANDS,839,WOODLANDS ST 82,17,Unmatched,Missing,NoPostalAssertionUnderCurrentNormalization,12414,[],,[]
WOODLANDS,840,WOODLANDS ST 82,21,Unmatched,Missing,NoPostalAssertionUnderCurrentNormalization,12430,[],,[]
WOODLANDS,841,WOODLANDS ST 82,10,Unmatched,Missing,NoPostalAssertionUnderCurrentNormalization,12435,[],,[]
WOODLANDS,842,WOODLANDS ST 82,38,Unmatched,Missing,NoPostalAssertionUnderCurrentNormalization,12441,[],,[]
WOODLANDS,843,WOODLANDS ST 82,36,Unmatched,Missing,NoPostalAssertionUnderCurrentNormalization,12452,[],,[]
WOODLANDS,845,WOODLANDS ST 82,26,Unmatched,Missing,NoPostalAssertionUnderCurrentNormalization,12461,[],,[]
WOODLANDS,847,WOODLANDS ST 82,27,Unmatched,Missing,NoPostalAssertionUnderCurrentNormalization,12471,[],,[]
WOODLANDS,848,WOODLANDS ST 82,14,Unmatched,Missing,NoPostalAssertionUnderCurrentNormalization,12475,[],,[]
WOODLANDS,849,WOODLANDS ST 82,12,Unmatched,Missing,NoPostalAssertionUnderCurrentNormalization,12480,[],,[]
WOODLANDS,850,WOODLANDS ST 82,13,Unmatched,Missing,NoPostalAssertionUnderCurrentNormalization,12500,[],,[]
WOODLANDS,851,WOODLANDS ST 83,17,Unmatched,Missing,NoPostalAssertionUnderCurrentNormalization,12506,[],,[]
WOODLANDS,853,WOODLANDS ST 83,25,Unmatched,Missing,NoPostalAssertionUnderCurrentNormalization,12516,[],,[]
WOODLANDS,854,WOODLANDS ST 83,27,Unmatched,Missing,NoPostalAssertionUnderCurrentNormalization,12520,[],,[]
WOODLANDS,855,WOODLANDS ST 83,23,Unmatched,Missing,NoPostalAssertionUnderCurrentNormalization,12525,[],,[]
WOODLANDS,856,WOODLANDS ST 83,14,Unmatched,Missing,NoPostalAssertionUnderCurrentNormalization,12530,[],,[]
WOODLANDS,857,WOODLANDS ST 83,14,Unmatched,Missing,NoPostalAssertionUnderCurrentNormalization,12539,[],,[]
WOODLANDS,858,WOODLANDS ST 83,15,Unmatched,Missing,NoPostalAssertionUnderCurrentNormalization,12544,[],,[]
WOODLANDS,859,WOODLANDS ST 83,13,Unmatched,Missing,NoPostalAssertionUnderCurrentNormalization,12553,[],,[]
WOODLANDS,860,WOODLANDS ST 83,14,Unmatched,Missing,NoPostalAssertionUnderCurrentNormalization,12575,[],,[]
WOODLANDS,861,WOODLANDS ST 83,18,Unmatched,Missing,NoPostalAssertionUnderCurrentNormalization,12583,[],,[]
WOODLANDS,862,WOODLANDS ST 83,15,Unmatched,Missing,NoPostalAssertionUnderCurrentNormalization,12588,[],,[]
WOODLANDS,863,WOODLANDS ST 83,10,Unmatched,Missing,NoPostalAssertionUnderCurrentNormalization,12594,[],,[]
WOODLANDS,864,WOODLANDS ST 83,12,Unmatched,Missing,NoPostalAssertionUnderCurrentNormalization,12600,[],,[]
WOODLANDS,865,WOODLANDS ST 83,25,Unmatched,Missing,NoPostalAssertionUnderCurrentNormalization,12606,[],,[]
WOODLANDS,866,WOODLANDS ST 83,13,Unmatched,Missing,NoPostalAssertionUnderCurrentNormalization,12611,[],,[]
WOODLANDS,867,WOODLANDS ST 83,18,Unmatched,Missing,NoPostalAssertionUnderCurrentNormalization,12616,[],,[]
WOODLANDS,868,WOODLANDS ST 83,17,Unmatched,Missing,NoPostalAssertionUnderCurrentNormalization,12620,[],,[]
WOODLANDS,869,WOODLANDS ST 83,19,Unmatched,Missing,NoPostalAssertionUnderCurrentNormalization,12627,[],,[]
WOODLANDS,870,WOODLANDS ST 81,11,Unmatched,Missing,NoPostalAssertionUnderCurrentNormalization,12641,[],,[]
WOODLANDS,871,WOODLANDS ST 81,15,Unmatched,Missing,NoPostalAssertionUnderCurrentNormalization,12647,[],,[]
WOODLANDS,872,WOODLANDS ST 81,10,Unmatched,Missing,NoPostalAssertionUnderCurrentNormalization,12653,[],,[]
WOODLANDS,873,WOODLANDS ST 81,17,Unmatched,Missing,NoPostalAssertionUnderCurrentNormalization,12659,[],,[]
WOODLANDS,874,WOODLANDS ST 82,33,Unmatched,Missing,NoPostalAssertionUnderCurrentNormalization,12664,[],,[]
WOODLANDS,875,WOODLANDS ST 82,20,Unmatched,Missing,NoPostalAssertionUnderCurrentNormalization,12672,[],,[]
WOODLANDS,879,WOODLANDS ST 82,19,Unmatched,Missing,NoPostalAssertionUnderCurrentNormalization,12692,[],,[]
WOODLANDS,880,WOODLANDS ST 82,22,Unmatched,Missing,NoPostalAssertionUnderCurrentNormalization,12714,[],,[]
WOODLANDS,881,WOODLANDS ST 82,18,Unmatched,Missing,NoPostalAssertionUnderCurrentNormalization,12718,[],,[]
WOODLANDS,882,WOODLANDS ST 82,22,Unmatched,Missing,NoPostalAssertionUnderCurrentNormalization,12721,[],,[]
WOODLANDS,886A,WOODLANDS DR 50,65,Unmatched,Missing,NoPostalAssertionUnderCurrentNormalization,12732,[],,[]
WOODLANDS,886B,WOODLANDS DR 50,54,Unmatched,Missing,NoPostalAssertionUnderCurrentNormalization,12733,[],,[]
WOODLANDS,886C,WOODLANDS DR 50,71,Unmatched,Missing,NoPostalAssertionUnderCurrentNormalization,12734,[],,[]
WOODLANDS,886D,WOODLANDS DR 50,17,Unmatched,Missing,NoPostalAssertionUnderCurrentNormalization,12735,[],,[]
WOODLANDS,887A,WOODLANDS DR 50,57,Unmatched,Missing,NoPostalAssertionUnderCurrentNormalization,12739,[],,[]
WOODLANDS,887B,WOODLANDS DR 50,54,Unmatched,Missing,NoPostalAssertionUnderCurrentNormalization,12740,[],,[]
WOODLANDS,887C,WOODLANDS DR 50,15,Unmatched,Missing,NoPostalAssertionUnderCurrentNormalization,12741,[],,[]
WOODLANDS,889A,WOODLANDS DR 50,50,Unmatched,Missing,NoPostalAssertionUnderCurrentNormalization,12749,[],,[]
WOODLANDS,889B,WOODLANDS DR 50,35,Unmatched,Missing,NoPostalAssertionUnderCurrentNormalization,12750,[],,[]
WOODLANDS,889C,WOODLANDS DR 50,35,Unmatched,Missing,NoPostalAssertionUnderCurrentNormalization,12751,[],,[]
WOODLANDS,889D,WOODLANDS DR 50,47,Unmatched,Missing,NoPostalAssertionUnderCurrentNormalization,12752,[],,[]
WOODLANDS,890A,WOODLANDS DR 50,45,Unmatched,Missing,NoPostalAssertionUnderCurrentNormalization,12765,[],,[]
WOODLANDS,890B,WOODLANDS DR 50,42,Unmatched,Missing,NoPostalAssertionUnderCurrentNormalization,12767,[],,[]
WOODLANDS,891A,WOODLANDS DR 50,12,Unmatched,Missing,NoPostalAssertionUnderCurrentNormalization,12772,[],,[]
WOODLANDS,891B,WOODLANDS DR 50,28,Unmatched,Missing,NoPostalAssertionUnderCurrentNormalization,12774,[],,[]
WOODLANDS,892A,WOODLANDS DR 50,32,Unmatched,Missing,NoPostalAssertionUnderCurrentNormalization,12778,[],,[]
WOODLANDS,892B,WOODLANDS DR 50,20,Unmatched,Missing,NoPostalAssertionUnderCurrentNormalization,12779,[],,[]
WOODLANDS,893A,WOODLANDS DR 50,16,Unmatched,Missing,NoPostalAssertionUnderCurrentNormalization,12784,[],,[]
WOODLANDS,893B,WOODLANDS DR 50,13,Unmatched,Missing,NoPostalAssertionUnderCurrentNormalization,12785,[],,[]
WOODLANDS,893C,WOODLANDS DR 50,17,Unmatched,Missing,NoPostalAssertionUnderCurrentNormalization,12786,[],,[]
WOODLANDS,893D,WOODLANDS DR 50,12,Unmatched,Missing,NoPostalAssertionUnderCurrentNormalization,12787,[],,[]
WOODLANDS,894A,WOODLANDS DR 50,14,Unmatched,Missing,NoPostalAssertionUnderCurrentNormalization,12790,[],,[]
WOODLANDS,894B,WOODLANDS DR 50,23,Unmatched,Missing,NoPostalAssertionUnderCurrentNormalization,12791,[],,[]
WOODLANDS,894C,WOODLANDS DR 50,20,Unmatched,Missing,NoPostalAssertionUnderCurrentNormalization,12792,[],,[]
WOODLANDS,894D,WOODLANDS DR 50,15,Unmatched,Missing,NoPostalAssertionUnderCurrentNormalization,12793,[],,[]
WOODLANDS,895A,WOODLANDS DR 50,30,Unmatched,Missing,NoPostalAssertionUnderCurrentNormalization,12796,[],,[]
WOODLANDS,895B,WOODLANDS DR 50,18,Unmatched,Missing,NoPostalAssertionUnderCurrentNormalization,12797,[],,[]
WOODLANDS,895C,WOODLANDS DR 50,29,Unmatched,Missing,NoPostalAssertionUnderCurrentNormalization,12798,[],,[]
WOODLANDS,896A,WOODLANDS DR 50,38,Unmatched,Missing,NoPostalAssertionUnderCurrentNormalization,12803,[],,[]
WOODLANDS,896B,WOODLANDS DR 50,20,Unmatched,Missing,NoPostalAssertionUnderCurrentNormalization,12804,[],,[]
WOODLANDS,896C,WOODLANDS DR 50,18,Unmatched,Missing,NoPostalAssertionUnderCurrentNormalization,12805,[],,[]
WOODLANDS,897A,WOODLANDS DR 50,35,Unmatched,Missing,NoPostalAssertionUnderCurrentNormalization,12808,[],,[]
WOODLANDS,897B,WOODLANDS DR 50,35,Unmatched,Missing,NoPostalAssertionUnderCurrentNormalization,12809,[],,[]
WOODLANDS,897C,WOODLANDS DR 50,32,Unmatched,Missing,NoPostalAssertionUnderCurrentNormalization,12810,[],,[]
WOODLANDS,898A,WOODLANDS DR 50,19,Unmatched,Missing,NoPostalAssertionUnderCurrentNormalization,12815,[],,[]
WOODLANDS,898B,WOODLANDS DR 50,33,Unmatched,Missing,NoPostalAssertionUnderCurrentNormalization,12816,[],,[]
WOODLANDS,899A,WOODLANDS DR 50,27,Unmatched,Missing,NoPostalAssertionUnderCurrentNormalization,12819,[],,[]
WOODLANDS,899B,WOODLANDS DR 50,34,Unmatched,Missing,NoPostalAssertionUnderCurrentNormalization,12820,[],,[]
WOODLANDS,899C,WOODLANDS DR 50,23,Unmatched,Missing,NoPostalAssertionUnderCurrentNormalization,12821,[],,[]
WOODLANDS,9,MARSILING DR,19,Unmatched,Missing,NoPostalAssertionUnderCurrentNormalization,12834,[],,[]
YISHUN,103,YISHUN RING RD,16,Unmatched,Missing,NoPostalAssertionUnderCurrentNormalization,212,[],,[]
YISHUN,106,YISHUN RING RD,13,Unmatched,Missing,NoPostalAssertionUnderCurrentNormalization,337,[],,[]
YISHUN,107,YISHUN RING RD,79,Unmatched,Missing,NoPostalAssertionUnderCurrentNormalization,379,[],,[]
YISHUN,108,YISHUN RING RD,50,Unmatched,Missing,NoPostalAssertionUnderCurrentNormalization,422,[],,[]
YISHUN,109,YISHUN RING RD,7,Unmatched,Missing,NoPostalAssertionUnderCurrentNormalization,464,[],,[]
YISHUN,110,YISHUN RING RD,47,Unmatched,Missing,NoPostalAssertionUnderCurrentNormalization,530,[],,[]
YISHUN,111,YISHUN RING RD,42,Unmatched,Missing,NoPostalAssertionUnderCurrentNormalization,568,[],,[]
YISHUN,112,YISHUN RING RD,26,Unmatched,Missing,NoPostalAssertionUnderCurrentNormalization,606,[],,[]
YISHUN,113,YISHUN RING RD,29,Unmatched,Missing,NoPostalAssertionUnderCurrentNormalization,646,[],,[]
YISHUN,114,YISHUN RING RD,71,Unmatched,Missing,NoPostalAssertionUnderCurrentNormalization,687,[],,[]
YISHUN,115,YISHUN RING RD,28,Unmatched,Missing,NoPostalAssertionUnderCurrentNormalization,724,[],,[]
YISHUN,115A,YISHUN RING RD,12,Unmatched,Missing,NoPostalAssertionUnderCurrentNormalization,730,[],,[]
YISHUN,115B,YISHUN RING RD,17,Unmatched,Missing,NoPostalAssertionUnderCurrentNormalization,734,[],,[]
YISHUN,115C,YISHUN RING RD,11,Unmatched,Missing,NoPostalAssertionUnderCurrentNormalization,737,[],,[]
YISHUN,116,YISHUN RING RD,38,Unmatched,Missing,NoPostalAssertionUnderCurrentNormalization,765,[],,[]
YISHUN,117,YISHUN RING RD,35,Unmatched,Missing,NoPostalAssertionUnderCurrentNormalization,804,[],,[]
YISHUN,118,YISHUN RING RD,46,Unmatched,Missing,NoPostalAssertionUnderCurrentNormalization,839,[],,[]
YISHUN,119,YISHUN RING RD,5,Unmatched,Missing,NoPostalAssertionUnderCurrentNormalization,879,[],,[]
YISHUN,120,YISHUN RING RD,16,Unmatched,Missing,NoPostalAssertionUnderCurrentNormalization,952,[],,[]
YISHUN,121,YISHUN ST 11,26,Unmatched,Missing,NoPostalAssertionUnderCurrentNormalization,992,[],,[]
YISHUN,122,YISHUN ST 11,38,Unmatched,Missing,NoPostalAssertionUnderCurrentNormalization,1032,[],,[]
YISHUN,123,YISHUN ST 11,38,Unmatched,Missing,NoPostalAssertionUnderCurrentNormalization,1067,[],,[]
YISHUN,124,YISHUN ST 11,44,Unmatched,Missing,NoPostalAssertionUnderCurrentNormalization,1098,[],,[]
YISHUN,125,YISHUN ST 11,32,Unmatched,Missing,NoPostalAssertionUnderCurrentNormalization,1128,[],,[]
YISHUN,126,YISHUN ST 11,35,Unmatched,Missing,NoPostalAssertionUnderCurrentNormalization,1156,[],,[]
YISHUN,127,YISHUN ST 11,30,Unmatched,Missing,NoPostalAssertionUnderCurrentNormalization,1194,[],,[]
YISHUN,128,YISHUN ST 11,27,Unmatched,Missing,NoPostalAssertionUnderCurrentNormalization,1220,[],,[]
YISHUN,129,YISHUN ST 11,21,Unmatched,Missing,NoPostalAssertionUnderCurrentNormalization,1252,[],,[]
YISHUN,130,YISHUN ST 11,25,Unmatched,Missing,NoPostalAssertionUnderCurrentNormalization,1308,[],,[]
YISHUN,131,YISHUN ST 11,30,Unmatched,Missing,NoPostalAssertionUnderCurrentNormalization,1337,[],,[]
YISHUN,132,YISHUN ST 11,25,Unmatched,Missing,NoPostalAssertionUnderCurrentNormalization,1371,[],,[]
YISHUN,133,YISHUN ST 11,14,Unmatched,Missing,NoPostalAssertionUnderCurrentNormalization,1399,[],,[]
YISHUN,134,YISHUN ST 11,32,Unmatched,Missing,NoPostalAssertionUnderCurrentNormalization,1422,[],,[]
YISHUN,135,YISHUN ST 11,11,Unmatched,Missing,NoPostalAssertionUnderCurrentNormalization,1445,[],,[]
YISHUN,136,YISHUN RING RD,24,Unmatched,Missing,NoPostalAssertionUnderCurrentNormalization,1468,[],,[]
YISHUN,137,YISHUN RING RD,36,Unmatched,Missing,NoPostalAssertionUnderCurrentNormalization,1486,[],,[]
YISHUN,138,YISHUN RING RD,20,Unmatched,Missing,NoPostalAssertionUnderCurrentNormalization,1509,[],,[]
YISHUN,139,YISHUN RING RD,29,Unmatched,Missing,NoPostalAssertionUnderCurrentNormalization,1535,[],,[]
YISHUN,140,YISHUN RING RD,26,Unmatched,Missing,NoPostalAssertionUnderCurrentNormalization,1581,[],,[]
YISHUN,141,YISHUN RING RD,25,Unmatched,Missing,NoPostalAssertionUnderCurrentNormalization,1602,[],,[]
YISHUN,142,YISHUN RING RD,19,Unmatched,Missing,NoPostalAssertionUnderCurrentNormalization,1623,[],,[]
YISHUN,143,YISHUN RING RD,4,Unmatched,Missing,NoPostalAssertionUnderCurrentNormalization,1643,[],,[]
YISHUN,144,YISHUN ST 11,9,Unmatched,Missing,NoPostalAssertionUnderCurrentNormalization,1660,[],,[]
YISHUN,145,YISHUN ST 11,17,Unmatched,Missing,NoPostalAssertionUnderCurrentNormalization,1677,[],,[]
YISHUN,146,YISHUN ST 11,24,Unmatched,Missing,NoPostalAssertionUnderCurrentNormalization,1694,[],,[]
YISHUN,147,YISHUN ST 11,33,Unmatched,Missing,NoPostalAssertionUnderCurrentNormalization,1714,[],,[]
YISHUN,148,YISHUN ST 11,42,Unmatched,Missing,NoPostalAssertionUnderCurrentNormalization,1731,[],,[]
YISHUN,149,YISHUN ST 11,21,Unmatched,Missing,NoPostalAssertionUnderCurrentNormalization,1748,[],,[]
YISHUN,150,YISHUN ST 11,21,Unmatched,Missing,NoPostalAssertionUnderCurrentNormalization,1787,[],,[]
YISHUN,151,YISHUN ST 11,24,Unmatched,Missing,NoPostalAssertionUnderCurrentNormalization,1805,[],,[]
YISHUN,152,YISHUN ST 11,7,Unmatched,Missing,NoPostalAssertionUnderCurrentNormalization,1823,[],,[]
YISHUN,153,YISHUN ST 11,21,Unmatched,Missing,NoPostalAssertionUnderCurrentNormalization,1846,[],,[]
YISHUN,154,YISHUN ST 11,14,Unmatched,Missing,NoPostalAssertionUnderCurrentNormalization,1868,[],,[]
YISHUN,155,YISHUN ST 11,20,Unmatched,Missing,NoPostalAssertionUnderCurrentNormalization,1887,[],,[]
YISHUN,156,YISHUN ST 11,6,Unmatched,Missing,NoPostalAssertionUnderCurrentNormalization,1904,[],,[]
YISHUN,157,YISHUN ST 11,25,Unmatched,Missing,NoPostalAssertionUnderCurrentNormalization,1926,[],,[]
YISHUN,158,YISHUN ST 11,6,Unmatched,Missing,NoPostalAssertionUnderCurrentNormalization,1949,[],,[]
YISHUN,159,YISHUN ST 11,19,Unmatched,Missing,NoPostalAssertionUnderCurrentNormalization,1970,[],,[]
YISHUN,160,YISHUN ST 11,26,Unmatched,Missing,NoPostalAssertionUnderCurrentNormalization,2008,[],,[]
YISHUN,161,YISHUN ST 11,37,Unmatched,Missing,NoPostalAssertionUnderCurrentNormalization,2027,[],,[]
YISHUN,165,YISHUN RING RD,33,Unmatched,Missing,NoPostalAssertionUnderCurrentNormalization,2105,[],,[]
YISHUN,166,YISHUN RING RD,30,Unmatched,Missing,NoPostalAssertionUnderCurrentNormalization,2124,[],,[]
YISHUN,167,YISHUN RING RD,33,Unmatched,Missing,NoPostalAssertionUnderCurrentNormalization,2143,[],,[]
YISHUN,201,YISHUN ST 21,31,Unmatched,Missing,NoPostalAssertionUnderCurrentNormalization,2833,[],,[]
YISHUN,202,YISHUN ST 21,18,Unmatched,Missing,NoPostalAssertionUnderCurrentNormalization,2868,[],,[]
YISHUN,203,YISHUN ST 21,20,Unmatched,Missing,NoPostalAssertionUnderCurrentNormalization,2894,[],,[]
YISHUN,204,YISHUN ST 21,23,Unmatched,Missing,NoPostalAssertionUnderCurrentNormalization,2920,[],,[]
YISHUN,205,YISHUN ST 21,23,Unmatched,Missing,NoPostalAssertionUnderCurrentNormalization,2947,[],,[]
YISHUN,206,YISHUN ST 21,10,Unmatched,Missing,NoPostalAssertionUnderCurrentNormalization,2969,[],,[]
YISHUN,207,YISHUN ST 21,10,Unmatched,Missing,NoPostalAssertionUnderCurrentNormalization,2997,[],,[]
YISHUN,208,YISHUN ST 21,25,Unmatched,Missing,NoPostalAssertionUnderCurrentNormalization,3031,[],,[]
YISHUN,209,YISHUN ST 21,15,Unmatched,Missing,NoPostalAssertionUnderCurrentNormalization,3063,[],,[]
YISHUN,210,YISHUN ST 21,40,Unmatched,Missing,NoPostalAssertionUnderCurrentNormalization,3115,[],,[]
YISHUN,211,YISHUN ST 21,20,Unmatched,Missing,NoPostalAssertionUnderCurrentNormalization,3144,[],,[]
YISHUN,212,YISHUN ST 21,16,Unmatched,Missing,NoPostalAssertionUnderCurrentNormalization,3173,[],,[]
YISHUN,213,YISHUN ST 21,12,Unmatched,Missing,NoPostalAssertionUnderCurrentNormalization,3203,[],,[]
YISHUN,214,YISHUN ST 21,27,Unmatched,Missing,NoPostalAssertionUnderCurrentNormalization,3227,[],,[]
YISHUN,215,YISHUN ST 21,25,Unmatched,Missing,NoPostalAssertionUnderCurrentNormalization,3248,[],,[]
YISHUN,216,YISHUN ST 21,33,Unmatched,Missing,NoPostalAssertionUnderCurrentNormalization,3274,[],,[]
YISHUN,217,YISHUN ST 21,35,Unmatched,Missing,NoPostalAssertionUnderCurrentNormalization,3307,[],,[]
YISHUN,218,YISHUN ST 21,23,Unmatched,Missing,NoPostalAssertionUnderCurrentNormalization,3335,[],,[]
YISHUN,219,YISHUN ST 21,28,Unmatched,Missing,NoPostalAssertionUnderCurrentNormalization,3353,[],,[]
YISHUN,220,YISHUN ST 21,28,Unmatched,Missing,NoPostalAssertionUnderCurrentNormalization,3401,[],,[]
YISHUN,221,YISHUN ST 21,25,Unmatched,Missing,NoPostalAssertionUnderCurrentNormalization,3427,[],,[]
YISHUN,222,YISHUN ST 21,21,Unmatched,Missing,NoPostalAssertionUnderCurrentNormalization,3453,[],,[]
YISHUN,223,YISHUN ST 21,30,Unmatched,Missing,NoPostalAssertionUnderCurrentNormalization,3474,[],,[]
YISHUN,224,YISHUN ST 21,28,Unmatched,Missing,NoPostalAssertionUnderCurrentNormalization,3498,[],,[]
YISHUN,225,YISHUN ST 21,25,Unmatched,Missing,NoPostalAssertionUnderCurrentNormalization,3523,[],,[]
YISHUN,226,YISHUN ST 21,4,Unmatched,Missing,NoPostalAssertionUnderCurrentNormalization,3547,[],,[]
YISHUN,227,YISHUN ST 21,16,Unmatched,Missing,NoPostalAssertionUnderCurrentNormalization,3578,[],,[]
YISHUN,228,YISHUN ST 21,34,Unmatched,Missing,NoPostalAssertionUnderCurrentNormalization,3604,[],,[]
YISHUN,229,YISHUN ST 21,15,Unmatched,Missing,NoPostalAssertionUnderCurrentNormalization,3629,[],,[]
YISHUN,230,YISHUN ST 21,6,Unmatched,Missing,NoPostalAssertionUnderCurrentNormalization,3670,[],,[]
YISHUN,231,YISHUN ST 21,17,Unmatched,Missing,NoPostalAssertionUnderCurrentNormalization,3699,[],,[]
YISHUN,232,YISHUN ST 21,17,Unmatched,Missing,NoPostalAssertionUnderCurrentNormalization,3721,[],,[]
YISHUN,233,YISHUN ST 21,12,Unmatched,Missing,NoPostalAssertionUnderCurrentNormalization,3742,[],,[]
YISHUN,234,YISHUN ST 21,23,Unmatched,Missing,NoPostalAssertionUnderCurrentNormalization,3767,[],,[]
YISHUN,235,YISHUN ST 21,22,Unmatched,Missing,NoPostalAssertionUnderCurrentNormalization,3785,[],,[]
YISHUN,236,YISHUN RING RD,21,Unmatched,Missing,NoPostalAssertionUnderCurrentNormalization,3800,[],,[]
YISHUN,237,YISHUN RING RD,33,Unmatched,Missing,NoPostalAssertionUnderCurrentNormalization,3817,[],,[]
YISHUN,238,YISHUN RING RD,17,Unmatched,Missing,NoPostalAssertionUnderCurrentNormalization,3836,[],,[]
YISHUN,239,YISHUN RING RD,3,Unmatched,Missing,NoPostalAssertionUnderCurrentNormalization,3854,[],,[]
YISHUN,240,YISHUN RING RD,28,Unmatched,Missing,NoPostalAssertionUnderCurrentNormalization,3884,[],,[]
YISHUN,241,YISHUN RING RD,38,Unmatched,Missing,NoPostalAssertionUnderCurrentNormalization,3899,[],,[]
YISHUN,242,YISHUN RING RD,43,Unmatched,Missing,NoPostalAssertionUnderCurrentNormalization,3915,[],,[]
YISHUN,243,YISHUN RING RD,26,Unmatched,Missing,NoPostalAssertionUnderCurrentNormalization,3927,[],,[]
YISHUN,244,YISHUN RING RD,19,Unmatched,Missing,NoPostalAssertionUnderCurrentNormalization,3943,[],,[]
YISHUN,248,YISHUN AVE 9,7,Unmatched,Missing,NoPostalAssertionUnderCurrentNormalization,4000,[],,[]
YISHUN,251,YISHUN RING RD,5,Unmatched,Missing,NoPostalAssertionUnderCurrentNormalization,4058,[],,[]
YISHUN,252,YISHUN RING RD,8,Unmatched,Missing,NoPostalAssertionUnderCurrentNormalization,4070,[],,[]
YISHUN,253,YISHUN RING RD,23,Unmatched,Missing,NoPostalAssertionUnderCurrentNormalization,4085,[],,[]
YISHUN,254,YISHUN RING RD,21,Unmatched,Missing,NoPostalAssertionUnderCurrentNormalization,4101,[],,[]
YISHUN,255,YISHUN RING RD,25,Unmatched,Missing,NoPostalAssertionUnderCurrentNormalization,4114,[],,[]
YISHUN,256,YISHUN RING RD,9,Unmatched,Missing,NoPostalAssertionUnderCurrentNormalization,4129,[],,[]
YISHUN,257,YISHUN RING RD,20,Unmatched,Missing,NoPostalAssertionUnderCurrentNormalization,4150,[],,[]
YISHUN,258,YISHUN ST 22,3,Unmatched,Missing,NoPostalAssertionUnderCurrentNormalization,4169,[],,[]
YISHUN,259,YISHUN ST 22,20,Unmatched,Missing,NoPostalAssertionUnderCurrentNormalization,4188,[],,[]
YISHUN,260,YISHUN ST 22,23,Unmatched,Missing,NoPostalAssertionUnderCurrentNormalization,4227,[],,[]
YISHUN,261,YISHUN ST 22,5,Unmatched,Missing,NoPostalAssertionUnderCurrentNormalization,4248,[],,[]
YISHUN,262,YISHUN ST 22,25,Unmatched,Missing,NoPostalAssertionUnderCurrentNormalization,4266,[],,[]
YISHUN,263,YISHUN ST 22,32,Unmatched,Missing,NoPostalAssertionUnderCurrentNormalization,4281,[],,[]
YISHUN,264,YISHUN ST 22,26,Unmatched,Missing,NoPostalAssertionUnderCurrentNormalization,4292,[],,[]
YISHUN,265,YISHUN ST 22,37,Unmatched,Missing,NoPostalAssertionUnderCurrentNormalization,4308,[],,[]
YISHUN,266,YISHUN ST 22,36,Unmatched,Missing,NoPostalAssertionUnderCurrentNormalization,4329,[],,[]
YISHUN,267,YISHUN ST 22,5,Unmatched,Missing,NoPostalAssertionUnderCurrentNormalization,4349,[],,[]
YISHUN,268,YISHUN ST 22,12,Unmatched,Missing,NoPostalAssertionUnderCurrentNormalization,4367,[],,[]
YISHUN,269,YISHUN ST 22,46,Unmatched,Missing,NoPostalAssertionUnderCurrentNormalization,4390,[],,[]
YISHUN,270,YISHUN ST 22,23,Unmatched,Missing,NoPostalAssertionUnderCurrentNormalization,4433,[],,[]
YISHUN,271,YISHUN ST 22,8,Unmatched,Missing,NoPostalAssertionUnderCurrentNormalization,4450,[],,[]
YISHUN,272,YISHUN ST 22,25,Unmatched,Missing,NoPostalAssertionUnderCurrentNormalization,4472,[],,[]
YISHUN,273,YISHUN ST 22,24,Unmatched,Missing,NoPostalAssertionUnderCurrentNormalization,4496,[],,[]
YISHUN,274,YISHUN ST 22,36,Unmatched,Missing,NoPostalAssertionUnderCurrentNormalization,4524,[],,[]
YISHUN,275,YISHUN ST 22,31,Unmatched,Missing,NoPostalAssertionUnderCurrentNormalization,4547,[],,[]
YISHUN,276,YISHUN ST 22,32,Unmatched,Missing,NoPostalAssertionUnderCurrentNormalization,4565,[],,[]
YISHUN,277,YISHUN ST 22,21,Unmatched,Missing,NoPostalAssertionUnderCurrentNormalization,4577,[],,[]
YISHUN,278,YISHUN ST 22,25,Unmatched,Missing,NoPostalAssertionUnderCurrentNormalization,4588,[],,[]
YISHUN,279,YISHUN ST 22,29,Unmatched,Missing,NoPostalAssertionUnderCurrentNormalization,4599,[],,[]
YISHUN,280,YISHUN ST 22,21,Unmatched,Missing,NoPostalAssertionUnderCurrentNormalization,4632,[],,[]
YISHUN,281,YISHUN ST 22,2,Unmatched,Missing,NoPostalAssertionUnderCurrentNormalization,4641,[],,[]
YISHUN,287,YISHUN AVE 6,30,Unmatched,Missing,NoPostalAssertionUnderCurrentNormalization,4695,[],,[]
YISHUN,291,YISHUN ST 22,9,Unmatched,Missing,NoPostalAssertionUnderCurrentNormalization,4794,[],,[]
YISHUN,292,YISHUN ST 22,8,Unmatched,Missing,NoPostalAssertionUnderCurrentNormalization,4811,[],,[]
YISHUN,293,YISHUN ST 22,15,Unmatched,Missing,NoPostalAssertionUnderCurrentNormalization,4824,[],,[]
YISHUN,296,YISHUN ST 20,31,Unmatched,Missing,NoPostalAssertionUnderCurrentNormalization,4851,[],,[]
YISHUN,297,YISHUN ST 20,21,Unmatched,Missing,NoPostalAssertionUnderCurrentNormalization,4869,[],,[]
YISHUN,298,YISHUN ST 20,22,Unmatched,Missing,NoPostalAssertionUnderCurrentNormalization,4881,[],,[]
YISHUN,299,YISHUN ST 20,19,Unmatched,Missing,NoPostalAssertionUnderCurrentNormalization,4889,[],,[]
YISHUN,302,YISHUN CTRL,23,Unmatched,Missing,NoPostalAssertionUnderCurrentNormalization,5001,[],,[]
YISHUN,303,YISHUN CTRL,30,Unmatched,Missing,NoPostalAssertionUnderCurrentNormalization,5027,[],,[]
YISHUN,304,YISHUN CTRL,19,Unmatched,Missing,NoPostalAssertionUnderCurrentNormalization,5048,[],,[]
YISHUN,305,YISHUN CTRL,24,Unmatched,Missing,NoPostalAssertionUnderCurrentNormalization,5068,[],,[]
YISHUN,306,YISHUN CTRL,24,Unmatched,Missing,NoPostalAssertionUnderCurrentNormalization,5090,[],,[]
YISHUN,308,YISHUN RING RD,21,Unmatched,Missing,NoPostalAssertionUnderCurrentNormalization,5145,[],,[]
YISHUN,309,YISHUN RING RD,16,Unmatched,Missing,NoPostalAssertionUnderCurrentNormalization,5169,[],,[]
YISHUN,310,YISHUN RING RD,17,Unmatched,Missing,NoPostalAssertionUnderCurrentNormalization,5209,[],,[]
YISHUN,311,YISHUN RING RD,25,Unmatched,Missing,NoPostalAssertionUnderCurrentNormalization,5231,[],,[]
YISHUN,312,YISHUN RING RD,26,Unmatched,Missing,NoPostalAssertionUnderCurrentNormalization,5254,[],,[]
YISHUN,314,YISHUN RING RD,20,Unmatched,Missing,NoPostalAssertionUnderCurrentNormalization,5295,[],,[]
YISHUN,315B,YISHUN AVE 9,39,Unmatched,Missing,NoPostalAssertionUnderCurrentNormalization,5321,[],,[]
YISHUN,316A,YISHUN AVE 9,48,Unmatched,Missing,NoPostalAssertionUnderCurrentNormalization,5342,[],,[]
YISHUN,316B,YISHUN AVE 9,44,Unmatched,Missing,NoPostalAssertionUnderCurrentNormalization,5347,[],,[]
YISHUN,317A,YISHUN AVE 9,47,Unmatched,Missing,NoPostalAssertionUnderCurrentNormalization,5367,[],,[]
YISHUN,317C,YISHUN AVE 9,23,Unmatched,Missing,NoPostalAssertionUnderCurrentNormalization,5372,[],,[]
YISHUN,318B,YISHUN AVE 9,38,Unmatched,Missing,NoPostalAssertionUnderCurrentNormalization,5395,[],,[]
YISHUN,318C,YISHUN AVE 9,51,Unmatched,Missing,NoPostalAssertionUnderCurrentNormalization,5397,[],,[]
YISHUN,320,YISHUN CTRL,33,Unmatched,Missing,NoPostalAssertionUnderCurrentNormalization,5449,[],,[]
YISHUN,321,YISHUN CTRL,33,Unmatched,Missing,NoPostalAssertionUnderCurrentNormalization,5466,[],,[]
YISHUN,322,YISHUN CTRL,12,Unmatched,Missing,NoPostalAssertionUnderCurrentNormalization,5482,[],,[]
YISHUN,323,YISHUN CTRL,24,Unmatched,Missing,NoPostalAssertionUnderCurrentNormalization,5507,[],,[]
YISHUN,324,YISHUN CTRL,10,Unmatched,Missing,NoPostalAssertionUnderCurrentNormalization,5533,[],,[]
YISHUN,325,YISHUN CTRL,36,Unmatched,Missing,NoPostalAssertionUnderCurrentNormalization,5555,[],,[]
YISHUN,326,YISHUN RING RD,39,Unmatched,Missing,NoPostalAssertionUnderCurrentNormalization,5578,[],,[]
YISHUN,327,YISHUN RING RD,27,Unmatched,Missing,NoPostalAssertionUnderCurrentNormalization,5599,[],,[]
YISHUN,328,YISHUN RING RD,18,Unmatched,Missing,NoPostalAssertionUnderCurrentNormalization,5617,[],,[]
YISHUN,329,YISHUN RING RD,30,Unmatched,Missing,NoPostalAssertionUnderCurrentNormalization,5630,[],,[]
YISHUN,330,YISHUN RING RD,15,Unmatched,Missing,NoPostalAssertionUnderCurrentNormalization,5663,[],,[]
YISHUN,331,YISHUN RING RD,25,Unmatched,Missing,NoPostalAssertionUnderCurrentNormalization,5678,[],,[]
YISHUN,332,YISHUN RING RD,27,Unmatched,Missing,NoPostalAssertionUnderCurrentNormalization,5696,[],,[]
YISHUN,333A,YISHUN ST 31,53,Unmatched,Missing,NoPostalAssertionUnderCurrentNormalization,5715,[],,[]
YISHUN,333B,YISHUN ST 31,19,Unmatched,Missing,NoPostalAssertionUnderCurrentNormalization,5717,[],,[]
YISHUN,333C,YISHUN ST 31,9,Unmatched,Missing,NoPostalAssertionUnderCurrentNormalization,5719,[],,[]
YISHUN,333D,YISHUN ST 31,22,Unmatched,Missing,NoPostalAssertionUnderCurrentNormalization,5721,[],,[]
YISHUN,334A,YISHUN ST 31,42,Unmatched,Missing,NoPostalAssertionUnderCurrentNormalization,5738,[],,[]
YISHUN,334B,YISHUN ST 31,46,Unmatched,Missing,NoPostalAssertionUnderCurrentNormalization,5740,[],,[]
YISHUN,334C,YISHUN ST 31,38,Unmatched,Missing,NoPostalAssertionUnderCurrentNormalization,5742,[],,[]
YISHUN,334D,YISHUN ST 31,37,Unmatched,Missing,NoPostalAssertionUnderCurrentNormalization,5743,[],,[]
YISHUN,335A,YISHUN ST 31,35,Unmatched,Missing,NoPostalAssertionUnderCurrentNormalization,5760,[],,[]
YISHUN,335B,YISHUN ST 31,40,Unmatched,Missing,NoPostalAssertionUnderCurrentNormalization,5763,[],,[]
YISHUN,335C,YISHUN ST 31,53,Unmatched,Missing,NoPostalAssertionUnderCurrentNormalization,5765,[],,[]
YISHUN,336A,YISHUN ST 31,49,Unmatched,Missing,NoPostalAssertionUnderCurrentNormalization,5780,[],,[]
YISHUN,336B,YISHUN ST 31,41,Unmatched,Missing,NoPostalAssertionUnderCurrentNormalization,5782,[],,[]
YISHUN,336C,YISHUN ST 31,48,Unmatched,Missing,NoPostalAssertionUnderCurrentNormalization,5784,[],,[]
YISHUN,342A,YISHUN RING RD,52,Unmatched,Missing,NoPostalAssertionUnderCurrentNormalization,5905,[],,[]
YISHUN,342B,YISHUN RING RD,78,Unmatched,Missing,NoPostalAssertionUnderCurrentNormalization,5906,[],,[]
YISHUN,342C,YISHUN RING RD,45,Unmatched,Missing,NoPostalAssertionUnderCurrentNormalization,5907,[],,[]
YISHUN,344,YISHUN AVE 11,10,Unmatched,Missing,NoPostalAssertionUnderCurrentNormalization,5926,[],,[]
YISHUN,348B,YISHUN AVE 11,55,Unmatched,Missing,NoPostalAssertionUnderCurrentNormalization,5971,[],,[]
YISHUN,350A,YISHUN AVE 11,4,Unmatched,Missing,NoPostalAssertionUnderCurrentNormalization,6015,[],,[]
YISHUN,352,YISHUN RING RD,19,Unmatched,Missing,NoPostalAssertionUnderCurrentNormalization,6051,[],,[]
YISHUN,353,YISHUN RING RD,27,Unmatched,Missing,NoPostalAssertionUnderCurrentNormalization,6067,[],,[]
YISHUN,354,YISHUN RING RD,30,Unmatched,Missing,NoPostalAssertionUnderCurrentNormalization,6084,[],,[]
YISHUN,355,YISHUN RING RD,19,Unmatched,Missing,NoPostalAssertionUnderCurrentNormalization,6101,[],,[]
YISHUN,355A,YISHUN RING RD,5,Unmatched,Missing,NoPostalAssertionUnderCurrentNormalization,6104,[],,[]
YISHUN,356,YISHUN RING RD,22,Unmatched,Missing,NoPostalAssertionUnderCurrentNormalization,6112,[],,[]
YISHUN,357,YISHUN RING RD,22,Unmatched,Missing,NoPostalAssertionUnderCurrentNormalization,6129,[],,[]
YISHUN,358,YISHUN RING RD,9,Unmatched,Missing,NoPostalAssertionUnderCurrentNormalization,6145,[],,[]
YISHUN,359,YISHUN RING RD,25,Unmatched,Missing,NoPostalAssertionUnderCurrentNormalization,6159,[],,[]
YISHUN,360,YISHUN RING RD,22,Unmatched,Missing,NoPostalAssertionUnderCurrentNormalization,6185,[],,[]
YISHUN,361,YISHUN RING RD,9,Unmatched,Missing,NoPostalAssertionUnderCurrentNormalization,6195,[],,[]
YISHUN,362,YISHUN RING RD,24,Unmatched,Missing,NoPostalAssertionUnderCurrentNormalization,6204,[],,[]
YISHUN,363,YISHUN RING RD,34,Unmatched,Missing,NoPostalAssertionUnderCurrentNormalization,6215,[],,[]
YISHUN,364,YISHUN RING RD,9,Unmatched,Missing,NoPostalAssertionUnderCurrentNormalization,6226,[],,[]
YISHUN,365,YISHUN RING RD,37,Unmatched,Missing,NoPostalAssertionUnderCurrentNormalization,6240,[],,[]
YISHUN,366,YISHUN RING RD,22,Unmatched,Missing,NoPostalAssertionUnderCurrentNormalization,6254,[],,[]
YISHUN,367,YISHUN RING RD,40,Unmatched,Missing,NoPostalAssertionUnderCurrentNormalization,6264,[],,[]
YISHUN,386,YISHUN RING RD,20,Unmatched,Missing,NoPostalAssertionUnderCurrentNormalization,6448,[],,[]
YISHUN,387,YISHUN RING RD,18,Unmatched,Missing,NoPostalAssertionUnderCurrentNormalization,6451,[],,[]
YISHUN,388,YISHUN RING RD,30,Unmatched,Missing,NoPostalAssertionUnderCurrentNormalization,6454,[],,[]
YISHUN,395,YISHUN RING RD,28,Unmatched,Missing,NoPostalAssertionUnderCurrentNormalization,6495,[],,[]
YISHUN,398,YISHUN RING RD,9,Unmatched,Missing,NoPostalAssertionUnderCurrentNormalization,6500,[],,[]
YISHUN,401,YISHUN AVE 6,7,Unmatched,Missing,NoPostalAssertionUnderCurrentNormalization,6580,[],,[]
YISHUN,402,YISHUN RING RD,30,Unmatched,Missing,NoPostalAssertionUnderCurrentNormalization,6607,[],,[]
YISHUN,403,YISHUN AVE 6,28,Unmatched,Missing,NoPostalAssertionUnderCurrentNormalization,6629,[],,[]
YISHUN,405,YISHUN AVE 6,15,Unmatched,Missing,NoPostalAssertionUnderCurrentNormalization,6672,[],,[]
YISHUN,406,YISHUN AVE 6,18,Unmatched,Missing,NoPostalAssertionUnderCurrentNormalization,6693,[],,[]
YISHUN,409,YISHUN RING RD,28,Unmatched,Missing,NoPostalAssertionUnderCurrentNormalization,6759,[],,[]
YISHUN,410,YISHUN RING RD,18,Unmatched,Missing,NoPostalAssertionUnderCurrentNormalization,6800,[],,[]
YISHUN,411,YISHUN RING RD,15,Unmatched,Missing,NoPostalAssertionUnderCurrentNormalization,6824,[],,[]
YISHUN,412,YISHUN RING RD,18,Unmatched,Missing,NoPostalAssertionUnderCurrentNormalization,6845,[],,[]
YISHUN,413,YISHUN RING RD,16,Unmatched,Missing,NoPostalAssertionUnderCurrentNormalization,6866,[],,[]
YISHUN,416,YISHUN AVE 11,13,Unmatched,Missing,NoPostalAssertionUnderCurrentNormalization,6934,[],,[]
YISHUN,424A,YISHUN AVE 11,57,Unmatched,Missing,NoPostalAssertionUnderCurrentNormalization,7098,[],,[]
YISHUN,424C,YISHUN AVE 11,51,Unmatched,Missing,NoPostalAssertionUnderCurrentNormalization,7100,[],,[]
YISHUN,425,YISHUN AVE 11,30,Unmatched,Missing,NoPostalAssertionUnderCurrentNormalization,7116,[],,[]
YISHUN,426C,YISHUN AVE 11,27,Unmatched,Missing,NoPostalAssertionUnderCurrentNormalization,7135,[],,[]
YISHUN,429B,YISHUN AVE 11,41,Unmatched,Missing,NoPostalAssertionUnderCurrentNormalization,7177,[],,[]
YISHUN,431A,YISHUN AVE 1,45,Unmatched,Missing,NoPostalAssertionUnderCurrentNormalization,7234,[],,[]
YISHUN,432B,YISHUN AVE 1,47,Unmatched,Missing,NoPostalAssertionUnderCurrentNormalization,7258,[],,[]
YISHUN,432D,YISHUN AVE 1,28,Unmatched,Missing,NoPostalAssertionUnderCurrentNormalization,7260,[],,[]
YISHUN,437,YISHUN AVE 6,35,Unmatched,Missing,NoPostalAssertionUnderCurrentNormalization,7335,[],,[]
YISHUN,442,YISHUN AVE 11,42,Unmatched,Missing,NoPostalAssertionUnderCurrentNormalization,7451,[],,[]
YISHUN,443,YISHUN AVE 11,70,Unmatched,Missing,NoPostalAssertionUnderCurrentNormalization,7472,[],,[]
YISHUN,446,YISHUN AVE 11,39,Unmatched,Missing,NoPostalAssertionUnderCurrentNormalization,7528,[],,[]
YISHUN,448,YISHUN RING RD,42,Unmatched,Missing,NoPostalAssertionUnderCurrentNormalization,7564,[],,[]
YISHUN,449,YISHUN RING RD,50,Unmatched,Missing,NoPostalAssertionUnderCurrentNormalization,7584,[],,[]
YISHUN,450,YISHUN RING RD,37,Unmatched,Missing,NoPostalAssertionUnderCurrentNormalization,7616,[],,[]
YISHUN,451,YISHUN RING RD,62,Unmatched,Missing,NoPostalAssertionUnderCurrentNormalization,7643,[],,[]
YISHUN,452,YISHUN RING RD,70,Unmatched,Missing,NoPostalAssertionUnderCurrentNormalization,7659,[],,[]
YISHUN,453,YISHUN ST 41,67,Unmatched,Missing,NoPostalAssertionUnderCurrentNormalization,7674,[],,[]
YISHUN,454,YISHUN ST 41,57,Unmatched,Missing,NoPostalAssertionUnderCurrentNormalization,7693,[],,[]
YISHUN,455,YISHUN ST 41,69,Unmatched,Missing,NoPostalAssertionUnderCurrentNormalization,7704,[],,[]
YISHUN,456,YISHUN ST 41,49,Unmatched,Missing,NoPostalAssertionUnderCurrentNormalization,7721,[],,[]
YISHUN,457,YISHUN ST 41,37,Unmatched,Missing,NoPostalAssertionUnderCurrentNormalization,7735,[],,[]
YISHUN,458,YISHUN AVE 11,74,Unmatched,Missing,NoPostalAssertionUnderCurrentNormalization,7748,[],,[]
YISHUN,462C,YISHUN AVE 6,35,Unmatched,Missing,NoPostalAssertionUnderCurrentNormalization,7841,[],,[]
YISHUN,468A,YISHUN ST 43,56,Unmatched,Missing,NoPostalAssertionUnderCurrentNormalization,7955,[],,[]
YISHUN,469A,YISHUN ST 43,40,Unmatched,Missing,NoPostalAssertionUnderCurrentNormalization,7975,[],,[]
YISHUN,469B,YISHUN ST 43,27,Unmatched,Missing,NoPostalAssertionUnderCurrentNormalization,7979,[],,[]
YISHUN,478A,YISHUN ST 44,18,Unmatched,Missing,NoPostalAssertionUnderCurrentNormalization,8133,[],,[]
YISHUN,478B,YISHUN ST 44,18,Unmatched,Missing,NoPostalAssertionUnderCurrentNormalization,8134,[],,[]
YISHUN,478C,YISHUN ST 44,19,Unmatched,Missing,NoPostalAssertionUnderCurrentNormalization,8135,[],,[]
YISHUN,479A,YISHUN ST 42,10,Unmatched,Missing,NoPostalAssertionUnderCurrentNormalization,8142,[],,[]
YISHUN,479B,YISHUN ST 42,16,Unmatched,Missing,NoPostalAssertionUnderCurrentNormalization,8143,[],,[]
YISHUN,479C,YISHUN ST 42,22,Unmatched,Missing,NoPostalAssertionUnderCurrentNormalization,8144,[],,[]
YISHUN,501A,YISHUN ST 51,23,Unmatched,Missing,NoPostalAssertionUnderCurrentNormalization,8456,[],,[]
YISHUN,501B,YISHUN ST 51,19,Unmatched,Missing,NoPostalAssertionUnderCurrentNormalization,8458,[],,[]
YISHUN,502A,YISHUN ST 51,38,Unmatched,Missing,NoPostalAssertionUnderCurrentNormalization,8479,[],,[]
YISHUN,502B,YISHUN ST 51,25,Unmatched,Missing,NoPostalAssertionUnderCurrentNormalization,8480,[],,[]
YISHUN,502C,YISHUN ST 51,31,Unmatched,Missing,NoPostalAssertionUnderCurrentNormalization,8481,[],,[]
YISHUN,502D,YISHUN ST 51,21,Unmatched,Missing,NoPostalAssertionUnderCurrentNormalization,8482,[],,[]
YISHUN,504A,YISHUN ST 51,43,Unmatched,Missing,NoPostalAssertionUnderCurrentNormalization,8519,[],,[]
YISHUN,504B,YISHUN ST 51,38,Unmatched,Missing,NoPostalAssertionUnderCurrentNormalization,8521,[],,[]
YISHUN,504C,YISHUN ST 51,53,Unmatched,Missing,NoPostalAssertionUnderCurrentNormalization,8523,[],,[]
YISHUN,504D,YISHUN ST 51,58,Unmatched,Missing,NoPostalAssertionUnderCurrentNormalization,8525,[],,[]
YISHUN,505A,YISHUN ST 51,42,Unmatched,Missing,NoPostalAssertionUnderCurrentNormalization,8544,[],,[]
YISHUN,505B,YISHUN ST 51,54,Unmatched,Missing,NoPostalAssertionUnderCurrentNormalization,8546,[],,[]
YISHUN,505C,YISHUN ST 51,45,Unmatched,Missing,NoPostalAssertionUnderCurrentNormalization,8548,[],,[]
YISHUN,505D,YISHUN ST 51,48,Unmatched,Missing,NoPostalAssertionUnderCurrentNormalization,8550,[],,[]
YISHUN,506A,YISHUN AVE 4,28,Unmatched,Missing,NoPostalAssertionUnderCurrentNormalization,8568,[],,[]
YISHUN,506B,YISHUN AVE 4,31,Unmatched,Missing,NoPostalAssertionUnderCurrentNormalization,8570,[],,[]
YISHUN,506C,YISHUN AVE 4,28,Unmatched,Missing,NoPostalAssertionUnderCurrentNormalization,8571,[],,[]
YISHUN,511A,YISHUN ST 51,56,Unmatched,Missing,NoPostalAssertionUnderCurrentNormalization,8687,[],,[]
YISHUN,511B,YISHUN ST 51,52,Unmatched,Missing,NoPostalAssertionUnderCurrentNormalization,8688,[],,[]
YISHUN,511C,YISHUN ST 51,21,Unmatched,Missing,NoPostalAssertionUnderCurrentNormalization,8689,[],,[]
YISHUN,512A,YISHUN ST 51,43,Unmatched,Missing,NoPostalAssertionUnderCurrentNormalization,8705,[],,[]
YISHUN,512B,YISHUN ST 51,41,Unmatched,Missing,NoPostalAssertionUnderCurrentNormalization,8706,[],,[]
YISHUN,512C,YISHUN ST 51,35,Unmatched,Missing,NoPostalAssertionUnderCurrentNormalization,8707,[],,[]
YISHUN,513A,YISHUN ST 51,26,Unmatched,Missing,NoPostalAssertionUnderCurrentNormalization,8724,[],,[]
YISHUN,513B,YISHUN ST 51,25,Unmatched,Missing,NoPostalAssertionUnderCurrentNormalization,8725,[],,[]
YISHUN,513C,YISHUN ST 51,27,Unmatched,Missing,NoPostalAssertionUnderCurrentNormalization,8726,[],,[]
YISHUN,513D,YISHUN ST 51,42,Unmatched,Missing,NoPostalAssertionUnderCurrentNormalization,8727,[],,[]
YISHUN,602,YISHUN ST 61,17,Unmatched,Missing,NoPostalAssertionUnderCurrentNormalization,9703,[],,[]
YISHUN,603,YISHUN ST 61,21,Unmatched,Missing,NoPostalAssertionUnderCurrentNormalization,9721,[],,[]
YISHUN,604,YISHUN ST 61,13,Unmatched,Missing,NoPostalAssertionUnderCurrentNormalization,9739,[],,[]
YISHUN,605,YISHUN ST 61,13,Unmatched,Missing,NoPostalAssertionUnderCurrentNormalization,9756,[],,[]
YISHUN,606,YISHUN ST 61,26,Unmatched,Missing,NoPostalAssertionUnderCurrentNormalization,9772,[],,[]
YISHUN,607,YISHUN ST 61,14,Unmatched,Missing,NoPostalAssertionUnderCurrentNormalization,9786,[],,[]
YISHUN,608,YISHUN ST 61,6,Unmatched,Missing,NoPostalAssertionUnderCurrentNormalization,9798,[],,[]
YISHUN,609,YISHUN ST 61,26,Unmatched,Missing,NoPostalAssertionUnderCurrentNormalization,9813,[],,[]
YISHUN,610,YISHUN ST 61,18,Unmatched,Missing,NoPostalAssertionUnderCurrentNormalization,9847,[],,[]
YISHUN,611,YISHUN ST 61,18,Unmatched,Missing,NoPostalAssertionUnderCurrentNormalization,9862,[],,[]
YISHUN,612,YISHUN ST 61,19,Unmatched,Missing,NoPostalAssertionUnderCurrentNormalization,9875,[],,[]
YISHUN,613,YISHUN ST 61,17,Unmatched,Missing,NoPostalAssertionUnderCurrentNormalization,9893,[],,[]
YISHUN,614,YISHUN ST 61,18,Unmatched,Missing,NoPostalAssertionUnderCurrentNormalization,9917,[],,[]
YISHUN,615,YISHUN RING RD,15,Unmatched,Missing,NoPostalAssertionUnderCurrentNormalization,9932,[],,[]
YISHUN,616,YISHUN RING RD,4,Unmatched,Missing,NoPostalAssertionUnderCurrentNormalization,9944,[],,[]
YISHUN,617,YISHUN RING RD,29,Unmatched,Missing,NoPostalAssertionUnderCurrentNormalization,9955,[],,[]
YISHUN,618,YISHUN RING RD,15,Unmatched,Missing,NoPostalAssertionUnderCurrentNormalization,9970,[],,[]
YISHUN,619,YISHUN RING RD,18,Unmatched,Missing,NoPostalAssertionUnderCurrentNormalization,9984,[],,[]
YISHUN,620,YISHUN RING RD,19,Unmatched,Missing,NoPostalAssertionUnderCurrentNormalization,10018,[],,[]
YISHUN,621,YISHUN RING RD,30,Unmatched,Missing,NoPostalAssertionUnderCurrentNormalization,10029,[],,[]
YISHUN,622,YISHUN RING RD,21,Unmatched,Missing,NoPostalAssertionUnderCurrentNormalization,10044,[],,[]
YISHUN,624,YISHUN RING RD,19,Unmatched,Missing,NoPostalAssertionUnderCurrentNormalization,10079,[],,[]
YISHUN,625,YISHUN ST 61,14,Unmatched,Missing,NoPostalAssertionUnderCurrentNormalization,10098,[],,[]
YISHUN,626,YISHUN ST 61,17,Unmatched,Missing,NoPostalAssertionUnderCurrentNormalization,10115,[],,[]
YISHUN,627,YISHUN ST 61,27,Unmatched,Missing,NoPostalAssertionUnderCurrentNormalization,10128,[],,[]
YISHUN,628,YISHUN ST 61,22,Unmatched,Missing,NoPostalAssertionUnderCurrentNormalization,10139,[],,[]
YISHUN,629,YISHUN ST 61,25,Unmatched,Missing,NoPostalAssertionUnderCurrentNormalization,10152,[],,[]
YISHUN,630,YISHUN ST 61,33,Unmatched,Missing,NoPostalAssertionUnderCurrentNormalization,10181,[],,[]
YISHUN,631,YISHUN ST 61,6,Unmatched,Missing,NoPostalAssertionUnderCurrentNormalization,10195,[],,[]
YISHUN,632,YISHUN ST 61,12,Unmatched,Missing,NoPostalAssertionUnderCurrentNormalization,10210,[],,[]
YISHUN,633,YISHUN ST 61,18,Unmatched,Missing,NoPostalAssertionUnderCurrentNormalization,10232,[],,[]
YISHUN,633A,YISHUN ST 61,3,Unmatched,Missing,NoPostalAssertionUnderCurrentNormalization,10238,[],,[]
YISHUN,634,YISHUN ST 61,36,Unmatched,Missing,NoPostalAssertionUnderCurrentNormalization,10255,[],,[]
YISHUN,635,YISHUN ST 61,26,Unmatched,Missing,NoPostalAssertionUnderCurrentNormalization,10272,[],,[]
YISHUN,636,YISHUN ST 61,16,Unmatched,Missing,NoPostalAssertionUnderCurrentNormalization,10294,[],,[]
YISHUN,636A,YISHUN ST 61,1,Unmatched,Missing,NoPostalAssertionUnderCurrentNormalization,10299,[],,[]
YISHUN,637,YISHUN ST 61,18,Unmatched,Missing,NoPostalAssertionUnderCurrentNormalization,10316,[],,[]
YISHUN,637A,YISHUN ST 61,4,Unmatched,Missing,NoPostalAssertionUnderCurrentNormalization,10320,[],,[]
YISHUN,638,YISHUN ST 61,26,Unmatched,Missing,NoPostalAssertionUnderCurrentNormalization,10337,[],,[]
YISHUN,639,YISHUN ST 61,24,Unmatched,Missing,NoPostalAssertionUnderCurrentNormalization,10359,[],,[]
YISHUN,640,YISHUN ST 61,13,Unmatched,Missing,NoPostalAssertionUnderCurrentNormalization,10386,[],,[]
YISHUN,640A,YISHUN ST 61,5,Unmatched,Missing,NoPostalAssertionUnderCurrentNormalization,10391,[],,[]
YISHUN,641,YISHUN ST 61,21,Unmatched,Missing,NoPostalAssertionUnderCurrentNormalization,10405,[],,[]
YISHUN,642,YISHUN ST 61,26,Unmatched,Missing,NoPostalAssertionUnderCurrentNormalization,10423,[],,[]
YISHUN,643,YISHUN ST 61,35,Unmatched,Missing,NoPostalAssertionUnderCurrentNormalization,10438,[],,[]
YISHUN,644,YISHUN ST 61,28,Unmatched,Missing,NoPostalAssertionUnderCurrentNormalization,10450,[],,[]
YISHUN,645,YISHUN ST 61,18,Unmatched,Missing,NoPostalAssertionUnderCurrentNormalization,10462,[],,[]
YISHUN,646,YISHUN ST 61,32,Unmatched,Missing,NoPostalAssertionUnderCurrentNormalization,10475,[],,[]
YISHUN,647,YISHUN ST 61,25,Unmatched,Missing,NoPostalAssertionUnderCurrentNormalization,10488,[],,[]
YISHUN,650,YISHUN AVE 4,2,Unmatched,Missing,NoPostalAssertionUnderCurrentNormalization,10545,[],,[]
YISHUN,652,YISHUN AVE 4,13,Unmatched,Missing,NoPostalAssertionUnderCurrentNormalization,10571,[],,[]
YISHUN,654,YISHUN AVE 4,12,Unmatched,Missing,NoPostalAssertionUnderCurrentNormalization,10591,[],,[]
YISHUN,656,YISHUN AVE 4,6,Unmatched,Missing,NoPostalAssertionUnderCurrentNormalization,10618,[],,[]
YISHUN,661,YISHUN AVE 4,13,Unmatched,Missing,NoPostalAssertionUnderCurrentNormalization,10705,[],,[]
YISHUN,663,YISHUN AVE 4,19,Unmatched,Missing,NoPostalAssertionUnderCurrentNormalization,10742,[],,[]
YISHUN,664A,YISHUN AVE 4,2,Unmatched,Missing,NoPostalAssertionUnderCurrentNormalization,10764,[],,[]
YISHUN,666A,YISHUN AVE 4,5,Unmatched,Missing,NoPostalAssertionUnderCurrentNormalization,10795,[],,[]
YISHUN,671A,YISHUN AVE 4,38,Unmatched,Missing,NoPostalAssertionUnderCurrentNormalization,10870,[],,[]
YISHUN,672A,YISHUN AVE 4,46,Unmatched,Missing,NoPostalAssertionUnderCurrentNormalization,10888,[],,[]
YISHUN,672B,YISHUN AVE 4,36,Unmatched,Missing,NoPostalAssertionUnderCurrentNormalization,10892,[],,[]
YISHUN,673B,YISHUN AVE 4,36,Unmatched,Missing,NoPostalAssertionUnderCurrentNormalization,10909,[],,[]
YISHUN,674B,YISHUN AVE 4,48,Unmatched,Missing,NoPostalAssertionUnderCurrentNormalization,10923,[],,[]
YISHUN,675D,YISHUN AVE 4,37,Unmatched,Missing,NoPostalAssertionUnderCurrentNormalization,10935,[],,[]
YISHUN,676A,YISHUN RING RD,20,Unmatched,Missing,NoPostalAssertionUnderCurrentNormalization,10946,[],,[]
YISHUN,676B,YISHUN RING RD,26,Unmatched,Missing,NoPostalAssertionUnderCurrentNormalization,10950,[],,[]
YISHUN,676C,YISHUN RING RD,32,Unmatched,Missing,NoPostalAssertionUnderCurrentNormalization,10952,[],,[]
YISHUN,677A,YISHUN RING RD,32,Unmatched,Missing,NoPostalAssertionUnderCurrentNormalization,10963,[],,[]
YISHUN,677B,YISHUN RING RD,24,Unmatched,Missing,NoPostalAssertionUnderCurrentNormalization,10966,[],,[]
YISHUN,677C,YISHUN RING RD,27,Unmatched,Missing,NoPostalAssertionUnderCurrentNormalization,10969,[],,[]
YISHUN,701,YISHUN AVE 5,47,Unmatched,Missing,NoPostalAssertionUnderCurrentNormalization,11283,[],,[]
YISHUN,702,YISHUN AVE 5,18,Unmatched,Missing,NoPostalAssertionUnderCurrentNormalization,11298,[],,[]
YISHUN,704,YISHUN AVE 5,39,Unmatched,Missing,NoPostalAssertionUnderCurrentNormalization,11319,[],,[]
YISHUN,708,YISHUN AVE 5,12,Unmatched,Missing,NoPostalAssertionUnderCurrentNormalization,11358,[],,[]
YISHUN,710,YISHUN AVE 5,44,Unmatched,Missing,NoPostalAssertionUnderCurrentNormalization,11386,[],,[]
YISHUN,713,YISHUN ST 71,18,Unmatched,Missing,NoPostalAssertionUnderCurrentNormalization,11419,[],,[]
YISHUN,714,YISHUN ST 71,27,Unmatched,Missing,NoPostalAssertionUnderCurrentNormalization,11428,[],,[]
YISHUN,715,YISHUN ST 71,23,Unmatched,Missing,NoPostalAssertionUnderCurrentNormalization,11438,[],,[]
YISHUN,716,YISHUN ST 71,34,Unmatched,Missing,NoPostalAssertionUnderCurrentNormalization,11446,[],,[]
YISHUN,717,YISHUN ST 71,21,Unmatched,Missing,NoPostalAssertionUnderCurrentNormalization,11454,[],,[]
YISHUN,718,YISHUN ST 71,30,Unmatched,Missing,NoPostalAssertionUnderCurrentNormalization,11463,[],,[]
YISHUN,719,YISHUN ST 71,26,Unmatched,Missing,NoPostalAssertionUnderCurrentNormalization,11471,[],,[]
YISHUN,720,YISHUN ST 71,29,Unmatched,Missing,NoPostalAssertionUnderCurrentNormalization,11487,[],,[]
YISHUN,721,YISHUN ST 71,22,Unmatched,Missing,NoPostalAssertionUnderCurrentNormalization,11496,[],,[]
YISHUN,722,YISHUN ST 71,42,Unmatched,Missing,NoPostalAssertionUnderCurrentNormalization,11505,[],,[]
YISHUN,723,YISHUN ST 71,20,Unmatched,Missing,NoPostalAssertionUnderCurrentNormalization,11514,[],,[]
YISHUN,724,YISHUN ST 71,18,Unmatched,Missing,NoPostalAssertionUnderCurrentNormalization,11523,[],,[]
YISHUN,725,YISHUN ST 71,29,Unmatched,Missing,NoPostalAssertionUnderCurrentNormalization,11531,[],,[]
YISHUN,726,YISHUN ST 71,33,Unmatched,Missing,NoPostalAssertionUnderCurrentNormalization,11537,[],,[]
YISHUN,727,YISHUN ST 71,19,Unmatched,Missing,NoPostalAssertionUnderCurrentNormalization,11543,[],,[]
YISHUN,728,YISHUN ST 71,21,Unmatched,Missing,NoPostalAssertionUnderCurrentNormalization,11550,[],,[]
YISHUN,729,YISHUN ST 71,22,Unmatched,Missing,NoPostalAssertionUnderCurrentNormalization,11557,[],,[]
YISHUN,730,YISHUN ST 71,23,Unmatched,Missing,NoPostalAssertionUnderCurrentNormalization,11573,[],,[]
YISHUN,731,YISHUN ST 72,12,Unmatched,Missing,NoPostalAssertionUnderCurrentNormalization,11579,[],,[]
YISHUN,735,YISHUN ST 72,28,Unmatched,Missing,NoPostalAssertionUnderCurrentNormalization,11599,[],,[]
YISHUN,736,YISHUN ST 72,39,Unmatched,Missing,NoPostalAssertionUnderCurrentNormalization,11605,[],,[]
YISHUN,737,YISHUN ST 72,20,Unmatched,Missing,NoPostalAssertionUnderCurrentNormalization,11612,[],,[]
YISHUN,738,YISHUN ST 72,21,Unmatched,Missing,NoPostalAssertionUnderCurrentNormalization,11618,[],,[]
YISHUN,743,YISHUN AVE 5,5,Unmatched,Missing,NoPostalAssertionUnderCurrentNormalization,11659,[],,[]
YISHUN,744,YISHUN ST 72,5,Unmatched,Missing,NoPostalAssertionUnderCurrentNormalization,11664,[],,[]
YISHUN,745,YISHUN ST 72,30,Unmatched,Missing,NoPostalAssertionUnderCurrentNormalization,11671,[],,[]
YISHUN,746,YISHUN ST 72,21,Unmatched,Missing,NoPostalAssertionUnderCurrentNormalization,11676,[],,[]
YISHUN,747,YISHUN ST 72,2,Unmatched,Missing,NoPostalAssertionUnderCurrentNormalization,11681,[],,[]
YISHUN,748,YISHUN ST 72,6,Unmatched,Missing,NoPostalAssertionUnderCurrentNormalization,11691,[],,[]
YISHUN,749,YISHUN ST 72,22,Unmatched,Missing,NoPostalAssertionUnderCurrentNormalization,11699,[],,[]
YISHUN,750,YISHUN ST 72,14,Unmatched,Missing,NoPostalAssertionUnderCurrentNormalization,11718,[],,[]
YISHUN,751,YISHUN ST 72,21,Unmatched,Missing,NoPostalAssertionUnderCurrentNormalization,11724,[],,[]
YISHUN,752,YISHUN ST 72,26,Unmatched,Missing,NoPostalAssertionUnderCurrentNormalization,11729,[],,[]
YISHUN,753,YISHUN ST 72,7,Unmatched,Missing,NoPostalAssertionUnderCurrentNormalization,11734,[],,[]
YISHUN,754,YISHUN ST 72,20,Unmatched,Missing,NoPostalAssertionUnderCurrentNormalization,11739,[],,[]
YISHUN,755,YISHUN ST 72,22,Unmatched,Missing,NoPostalAssertionUnderCurrentNormalization,11747,[],,[]
YISHUN,756,YISHUN ST 72,33,Unmatched,Missing,NoPostalAssertionUnderCurrentNormalization,11752,[],,[]
YISHUN,757,YISHUN ST 72,22,Unmatched,Missing,NoPostalAssertionUnderCurrentNormalization,11757,[],,[]
YISHUN,758,YISHUN ST 72,17,Unmatched,Missing,NoPostalAssertionUnderCurrentNormalization,11765,[],,[]
YISHUN,759,YISHUN ST 72,27,Unmatched,Missing,NoPostalAssertionUnderCurrentNormalization,11770,[],,[]
YISHUN,760,YISHUN ST 72,32,Unmatched,Missing,NoPostalAssertionUnderCurrentNormalization,11786,[],,[]
YISHUN,761,YISHUN ST 72,8,Unmatched,Missing,NoPostalAssertionUnderCurrentNormalization,11795,[],,[]
YISHUN,762,YISHUN ST 72,28,Unmatched,Missing,NoPostalAssertionUnderCurrentNormalization,11802,[],,[]
YISHUN,763,YISHUN ST 72,9,Unmatched,Missing,NoPostalAssertionUnderCurrentNormalization,11812,[],,[]
YISHUN,764,YISHUN ST 72,22,Unmatched,Missing,NoPostalAssertionUnderCurrentNormalization,11818,[],,[]
YISHUN,765,YISHUN ST 72,19,Unmatched,Missing,NoPostalAssertionUnderCurrentNormalization,11827,[],,[]
YISHUN,767,YISHUN AVE 3,3,Unmatched,Missing,NoPostalAssertionUnderCurrentNormalization,11841,[],,[]
YISHUN,774,YISHUN AVE 3,68,Unmatched,Missing,NoPostalAssertionUnderCurrentNormalization,11891,[],,[]
YISHUN,775,YISHUN RING RD,30,Unmatched,Missing,NoPostalAssertionUnderCurrentNormalization,11895,[],,[]
YISHUN,777,YISHUN AVE 2,4,Unmatched,Missing,NoPostalAssertionUnderCurrentNormalization,11903,[],,[]
YISHUN,780,YISHUN RING RD,3,Unmatched,Missing,NoPostalAssertionUnderCurrentNormalization,11932,[],,[]
YISHUN,781,YISHUN RING RD,20,Unmatched,Missing,NoPostalAssertionUnderCurrentNormalization,11942,[],,[]
YISHUN,782,YISHUN RING RD,10,Unmatched,Missing,NoPostalAssertionUnderCurrentNormalization,11950,[],,[]
YISHUN,783,YISHUN RING RD,27,Unmatched,Missing,NoPostalAssertionUnderCurrentNormalization,11959,[],,[]
YISHUN,786,YISHUN RING RD,15,Unmatched,Missing,NoPostalAssertionUnderCurrentNormalization,11980,[],,[]
YISHUN,787,YISHUN RING RD,16,Unmatched,Missing,NoPostalAssertionUnderCurrentNormalization,11988,[],,[]
YISHUN,789,YISHUN AVE 2,6,Unmatched,Missing,NoPostalAssertionUnderCurrentNormalization,12006,[],,[]
YISHUN,792,YISHUN RING RD,14,Unmatched,Missing,NoPostalAssertionUnderCurrentNormalization,12029,[],,[]
YISHUN,793,YISHUN RING RD,4,Unmatched,Missing,NoPostalAssertionUnderCurrentNormalization,12034,[],,[]
YISHUN,794,YISHUN RING RD,19,Unmatched,Missing,NoPostalAssertionUnderCurrentNormalization,12036,[],,[]
YISHUN,795,YISHUN RING RD,19,Unmatched,Missing,NoPostalAssertionUnderCurrentNormalization,12038,[],,[]
YISHUN,795A,YISHUN RING RD,2,Unmatched,Missing,NoPostalAssertionUnderCurrentNormalization,12039,[],,[]
YISHUN,796,YISHUN RING RD,23,Unmatched,Missing,NoPostalAssertionUnderCurrentNormalization,12041,[],,[]
YISHUN,796A,YISHUN RING RD,4,Unmatched,Missing,NoPostalAssertionUnderCurrentNormalization,12043,[],,[]
YISHUN,797,YISHUN RING RD,2,Unmatched,Missing,NoPostalAssertionUnderCurrentNormalization,12045,[],,[]
YISHUN,798,YISHUN RING RD,13,Unmatched,Missing,NoPostalAssertionUnderCurrentNormalization,12047,[],,[]
YISHUN,799,YISHUN RING RD,19,Unmatched,Missing,NoPostalAssertionUnderCurrentNormalization,12049,[],,[]
YISHUN,800,YISHUN RING RD,13,Unmatched,Missing,NoPostalAssertionUnderCurrentNormalization,12109,[],,[]
YISHUN,801,YISHUN RING RD,6,Unmatched,Missing,NoPostalAssertionUnderCurrentNormalization,12115,[],,[]
YISHUN,802,YISHUN RING RD,22,Unmatched,Missing,NoPostalAssertionUnderCurrentNormalization,12126,[],,[]
YISHUN,803,YISHUN RING RD,17,Unmatched,Missing,NoPostalAssertionUnderCurrentNormalization,12135,[],,[]
YISHUN,804,YISHUN RING RD,18,Unmatched,Missing,NoPostalAssertionUnderCurrentNormalization,12146,[],,[]
YISHUN,805,YISHUN RING RD,18,Unmatched,Missing,NoPostalAssertionUnderCurrentNormalization,12155,[],,[]
YISHUN,806,YISHUN RING RD,23,Unmatched,Missing,NoPostalAssertionUnderCurrentNormalization,12165,[],,[]
YISHUN,807,YISHUN RING RD,12,Unmatched,Missing,NoPostalAssertionUnderCurrentNormalization,12171,[],,[]
YISHUN,808,YISHUN RING RD,16,Unmatched,Missing,NoPostalAssertionUnderCurrentNormalization,12182,[],,[]
YISHUN,809,YISHUN RING RD,13,Unmatched,Missing,NoPostalAssertionUnderCurrentNormalization,12195,[],,[]
YISHUN,810,YISHUN RING RD,14,Unmatched,Missing,NoPostalAssertionUnderCurrentNormalization,12216,[],,[]
YISHUN,811,YISHUN RING RD,4,Unmatched,Missing,NoPostalAssertionUnderCurrentNormalization,12224,[],,[]
YISHUN,812,YISHUN RING RD,14,Unmatched,Missing,NoPostalAssertionUnderCurrentNormalization,12230,[],,[]
YISHUN,813A,YISHUN RING RD,25,Unmatched,Missing,NoPostalAssertionUnderCurrentNormalization,12240,[],,[]
YISHUN,813B,YISHUN RING RD,21,Unmatched,Missing,NoPostalAssertionUnderCurrentNormalization,12241,[],,[]
YISHUN,816,YISHUN ST 81,14,Unmatched,Missing,NoPostalAssertionUnderCurrentNormalization,12258,[],,[]
YISHUN,817,YISHUN ST 81,5,Unmatched,Missing,NoPostalAssertionUnderCurrentNormalization,12266,[],,[]
YISHUN,819,YISHUN ST 81,3,Unmatched,Missing,NoPostalAssertionUnderCurrentNormalization,12281,[],,[]
YISHUN,820,YISHUN ST 81,29,Unmatched,Missing,NoPostalAssertionUnderCurrentNormalization,12302,[],,[]
YISHUN,821,YISHUN ST 81,13,Unmatched,Missing,NoPostalAssertionUnderCurrentNormalization,12308,[],,[]
YISHUN,822,YISHUN ST 81,3,Unmatched,Missing,NoPostalAssertionUnderCurrentNormalization,12313,[],,[]
YISHUN,823,YISHUN ST 81,2,Unmatched,Missing,NoPostalAssertionUnderCurrentNormalization,12317,[],,[]
YISHUN,824,YISHUN ST 81,21,Unmatched,Missing,NoPostalAssertionUnderCurrentNormalization,12323,[],,[]
YISHUN,825,YISHUN ST 81,34,Unmatched,Missing,NoPostalAssertionUnderCurrentNormalization,12328,[],,[]
YISHUN,826,YISHUN ST 81,13,Unmatched,Missing,NoPostalAssertionUnderCurrentNormalization,12332,[],,[]
YISHUN,827,YISHUN ST 81,7,Unmatched,Missing,NoPostalAssertionUnderCurrentNormalization,12337,[],,[]
YISHUN,828,YISHUN ST 81,24,Unmatched,Missing,NoPostalAssertionUnderCurrentNormalization,12343,[],,[]
YISHUN,829,YISHUN ST 81,21,Unmatched,Missing,NoPostalAssertionUnderCurrentNormalization,12349,[],,[]
YISHUN,830,YISHUN ST 81,18,Unmatched,Missing,NoPostalAssertionUnderCurrentNormalization,12366,[],,[]
YISHUN,832,YISHUN ST 81,14,Unmatched,Missing,NoPostalAssertionUnderCurrentNormalization,12378,[],,[]
YISHUN,833,YISHUN ST 81,22,Unmatched,Missing,NoPostalAssertionUnderCurrentNormalization,12384,[],,[]
YISHUN,834,YISHUN ST 81,13,Unmatched,Missing,NoPostalAssertionUnderCurrentNormalization,12389,[],,[]
YISHUN,835,YISHUN ST 81,6,Unmatched,Missing,NoPostalAssertionUnderCurrentNormalization,12394,[],,[]
YISHUN,836,YISHUN ST 81,14,Unmatched,Missing,NoPostalAssertionUnderCurrentNormalization,12399,[],,[]
YISHUN,837,YISHUN ST 81,4,Unmatched,Missing,NoPostalAssertionUnderCurrentNormalization,12404,[],,[]
YISHUN,838,YISHUN ST 81,14,Unmatched,Missing,NoPostalAssertionUnderCurrentNormalization,12410,[],,[]
YISHUN,839,YISHUN ST 81,20,Unmatched,Missing,NoPostalAssertionUnderCurrentNormalization,12415,[],,[]
YISHUN,840,YISHUN ST 81,22,Unmatched,Missing,NoPostalAssertionUnderCurrentNormalization,12431,[],,[]
YISHUN,841,YISHUN ST 81,15,Unmatched,Missing,NoPostalAssertionUnderCurrentNormalization,12436,[],,[]
YISHUN,844,YISHUN ST 81,13,Unmatched,Missing,NoPostalAssertionUnderCurrentNormalization,12457,[],,[]
YISHUN,846,YISHUN RING RD,5,Unmatched,Missing,NoPostalAssertionUnderCurrentNormalization,12467,[],,[]
YISHUN,848,YISHUN ST 81,2,Unmatched,Missing,NoPostalAssertionUnderCurrentNormalization,12476,[],,[]
YISHUN,849,YISHUN RING RD,13,Unmatched,Missing,NoPostalAssertionUnderCurrentNormalization,12481,[],,[]
YISHUN,850,YISHUN ST 81,16,Unmatched,Missing,NoPostalAssertionUnderCurrentNormalization,12501,[],,[]
YISHUN,851,YISHUN ST 81,22,Unmatched,Missing,NoPostalAssertionUnderCurrentNormalization,12507,[],,[]
YISHUN,852,YISHUN ST 81,33,Unmatched,Missing,NoPostalAssertionUnderCurrentNormalization,12512,[],,[]
YISHUN,853,YISHUN RING RD,15,Unmatched,Missing,NoPostalAssertionUnderCurrentNormalization,12517,[],,[]
YISHUN,854,YISHUN RING RD,13,Unmatched,Missing,NoPostalAssertionUnderCurrentNormalization,12521,[],,[]
YISHUN,855,YISHUN RING RD,19,Unmatched,Missing,NoPostalAssertionUnderCurrentNormalization,12526,[],,[]
YISHUN,860,YISHUN AVE 4,20,Unmatched,Missing,NoPostalAssertionUnderCurrentNormalization,12576,[],,[]
YISHUN,865,YISHUN ST 81,34,Unmatched,Missing,NoPostalAssertionUnderCurrentNormalization,12607,[],,[]
YISHUN,866,YISHUN ST 81,19,Unmatched,Missing,NoPostalAssertionUnderCurrentNormalization,12612,[],,[]
YISHUN,867,YISHUN ST 81,33,Unmatched,Missing,NoPostalAssertionUnderCurrentNormalization,12617,[],,[]
YISHUN,868,YISHUN ST 81,32,Unmatched,Missing,NoPostalAssertionUnderCurrentNormalization,12621,[],,[]
YISHUN,870,YISHUN ST 81,10,Unmatched,Missing,NoPostalAssertionUnderCurrentNormalization,12642,[],,[]
YISHUN,871,YISHUN ST 81,20,Unmatched,Missing,NoPostalAssertionUnderCurrentNormalization,12648,[],,[]
YISHUN,872,YISHUN ST 81,12,Unmatched,Missing,NoPostalAssertionUnderCurrentNormalization,12654,[],,[]
YISHUN,873,YISHUN ST 81,20,Unmatched,Missing,NoPostalAssertionUnderCurrentNormalization,12660,[],,[]
YISHUN,874,YISHUN ST 81,16,Unmatched,Missing,NoPostalAssertionUnderCurrentNormalization,12665,[],,[]
YISHUN,875,YISHUN ST 81,25,Unmatched,Missing,NoPostalAssertionUnderCurrentNormalization,12673,[],,[]
YISHUN,876,YISHUN ST 81,13,Unmatched,Missing,NoPostalAssertionUnderCurrentNormalization,12678,[],,[]
YISHUN,877,YISHUN ST 81,25,Unmatched,Missing,NoPostalAssertionUnderCurrentNormalization,12684,[],,[]
YISHUN,878,YISHUN ST 81,4,Unmatched,Missing,NoPostalAssertionUnderCurrentNormalization,12687,[],,[]
YISHUN,879,YISHUN ST 81,34,Unmatched,Missing,NoPostalAssertionUnderCurrentNormalization,12693,[],,[]
YISHUN,880,YISHUN ST 81,8,Unmatched,Missing,NoPostalAssertionUnderCurrentNormalization,12715,[],,[]
