Town,Block,Street,Transactions,Before,After,BeforeCoordinates,AfterCoordinates,ReviewClass,PropertyRows,PostalCandidates,Historical,Footprints,Point
ANG MO KIO,588D,ANG MO KIO ST 52,84,Unmatched,NormalizedAddress,Missing,BlockApproximation,HistoricalMarginal,[9569],{},"{""CacheKey"":""ang-mo-kio-588d-ang-mo-kio-st-52"",""SearchValue"":""588D ANG MO KIO ST 52 SINGAPORE"",""Status"":""HistoricalFirstHit"",""Postal"":""564588"",""UpdatedAt"":""2026-05-24T10:26:43.005Z""}","[{""ObjectId"":948069,""EntityId"":6346,""Block"":""588D"",""PostalCode"":""564588""}]","{""Latitude"":1.3717640986,""Longitude"":103.8539628385}"
BEDOK,10D,BEDOK STH AVE 2,12,Unmatched,NormalizedAddress,Missing,BlockApproximation,HistoricalMarginal,[91],{},"{""CacheKey"":""bedok-10d-bedok-sth-ave-2"",""SearchValue"":""10D BEDOK STH AVE 2 SINGAPORE"",""Status"":""HistoricalFirstHit"",""Postal"":""463010"",""UpdatedAt"":""2026-05-24T11:01:57.385Z""}","[{""ObjectId"":945536,""EntityId"":575,""Block"":""10D"",""PostalCode"":""463010""}]","{""Latitude"":1.3217975211,""Longitude"":103.9364600129}"
BEDOK,113,BEDOK NTH ST 2,15,Unmatched,NormalizedAddress,Missing,BlockApproximation,HistoricalMarginal,[619],{},"{""CacheKey"":""bedok-113-bedok-nth-st-2"",""SearchValue"":""113 BEDOK NTH ST 2 SINGAPORE"",""Status"":""HistoricalFirstHit"",""Postal"":""460113"",""UpdatedAt"":""2026-05-24T11:14:33.932Z""}","[{""ObjectId"":941340,""EntityId"":5675,""Block"":""113"",""PostalCode"":""460113""}]","{""Latitude"":1.3303609637,""Longitude"":103.9350785362}"
BEDOK,170,BEDOK STH RD,15,Unmatched,NormalizedAddress,Missing,BlockApproximation,HistoricalMarginal,[2213],{},"{""CacheKey"":""bedok-170-bedok-sth-rd"",""SearchValue"":""170 BEDOK STH RD SINGAPORE"",""Status"":""HistoricalFirstHit"",""Postal"":""460170"",""UpdatedAt"":""2026-05-24T11:08:03.842Z""}","[{""ObjectId"":945064,""EntityId"":3429,""Block"":""170"",""PostalCode"":""460170""}]","{""Latitude"":1.3206797113,""Longitude"":103.9461110644}"
BEDOK,188B,BEDOK NTH ST 4,21,Unmatched,NormalizedAddress,Missing,BlockApproximation,HistoricalMarginal,[2586],{},"{""CacheKey"":""bedok-188b-bedok-nth-st-4"",""SearchValue"":""188B BEDOK NTH ST 4 SINGAPORE"",""Status"":""HistoricalFirstHit"",""Postal"":""462188"",""UpdatedAt"":""2026-05-24T11:31:25.798Z""}","[{""ObjectId"":942680,""EntityId"":10414,""Block"":""188B"",""PostalCode"":""462188""}]","{""Latitude"":1.3319369866,""Longitude"":103.9414206414}"
BEDOK,22,BEDOK STH AVE 1,33,Unmatched,NormalizedAddress,Missing,BlockApproximation,HistoricalMarginal,[3361],{},"{""CacheKey"":""bedok-22-bedok-sth-ave-1"",""SearchValue"":""22 BEDOK STH AVE 1 SINGAPORE"",""Status"":""HistoricalFirstHit"",""Postal"":""460022"",""UpdatedAt"":""2026-05-24T10:51:08.981Z""}","[{""ObjectId"":937304,""EntityId"":5732,""Block"":""22"",""PostalCode"":""460022""}]","{""Latitude"":1.3228211925,""Longitude"":103.9328568751}"
BEDOK,44,BEDOK STH RD,22,Unmatched,NormalizedAddress,Missing,BlockApproximation,HistoricalMarginal,[7373],{},"{""CacheKey"":""bedok-44-bedok-sth-rd"",""SearchValue"":""44 BEDOK STH RD SINGAPORE"",""Status"":""HistoricalFirstHit"",""Postal"":""460044"",""UpdatedAt"":""2026-05-24T10:46:28.437Z""}","[{""ObjectId"":943832,""EntityId"":11286,""Block"":""44"",""PostalCode"":""460044""}]","{""Latitude"":1.3211095509,""Longitude"":103.9416767671}"
BEDOK,545,BEDOK NTH ST 3,51,Unmatched,NormalizedAddress,Missing,BlockApproximation,HistoricalMarginal,[9181],{},"{""CacheKey"":""bedok-545-bedok-nth-st-3"",""SearchValue"":""545 BEDOK NTH ST 3 SINGAPORE"",""Status"":""HistoricalFirstHit"",""Postal"":""460545"",""UpdatedAt"":""2026-05-24T10:33:13.729Z""}","[{""ObjectId"":942105,""EntityId"":9426,""Block"":""545"",""PostalCode"":""460545""}]","{""Latitude"":1.329998151,""Longitude"":103.9241355712}"
BEDOK,620,BEDOK RESERVOIR RD,84,Unmatched,NormalizedAddress,Missing,BlockApproximation,HistoricalMarginal,[10010],{},"{""CacheKey"":""bedok-620-bedok-reservoir-rd"",""SearchValue"":""620 BEDOK RESERVOIR RD SINGAPORE"",""Status"":""HistoricalFirstHit"",""Postal"":""470620"",""UpdatedAt"":""2026-05-24T10:38:15.765Z""}","[{""ObjectId"":943485,""EntityId"":10930,""Block"":""620"",""PostalCode"":""470620""}]","{""Latitude"":1.3338546807,""Longitude"":103.9179246333}"
BEDOK,635,BEDOK RESERVOIR RD,6,Unmatched,NormalizedAddress,Missing,BlockApproximation,HistoricalMarginal,[10262],{},"{""CacheKey"":""bedok-635-bedok-reservoir-rd"",""SearchValue"":""635 BEDOK RESERVOIR RD SINGAPORE"",""Status"":""HistoricalFirstHit"",""Postal"":""410635"",""UpdatedAt"":""2026-05-24T11:26:45.864Z""}","[{""ObjectId"":938106,""EntityId"":7466,""Block"":""635"",""PostalCode"":""410635""}]","{""Latitude"":1.3307327304,""Longitude"":103.9047991066}"
BEDOK,91,BEDOK NTH ST 4,13,Unmatched,NormalizedAddress,Missing,BlockApproximation,HistoricalMarginal,[12889],{},"{""CacheKey"":""bedok-91-bedok-nth-st-4"",""SearchValue"":""91 BEDOK NTH ST 4 SINGAPORE"",""Status"":""HistoricalFirstHit"",""Postal"":""460091"",""UpdatedAt"":""2026-05-24T10:33:13.729Z""}","[{""ObjectId"":945940,""EntityId"":2482,""Block"":""91"",""PostalCode"":""460091""}]","{""Latitude"":1.3325507588,""Longitude"":103.9403713359}"
BEDOK,93,BEDOK NTH AVE 4,22,Unmatched,NormalizedAddress,Missing,BlockApproximation,HistoricalMarginal,[12978],{},"{""CacheKey"":""bedok-93-bedok-nth-ave-4"",""SearchValue"":""93 BEDOK NTH AVE 4 SINGAPORE"",""Status"":""HistoricalFirstHit"",""Postal"":""460093"",""UpdatedAt"":""2026-05-24T10:51:08.981Z""}","[{""ObjectId"":939760,""EntityId"":177,""Block"":""93"",""PostalCode"":""460093""}]","{""Latitude"":1.3328811394,""Longitude"":103.9413107116}"
BEDOK,94C,BEDOK NTH AVE 4,24,Unmatched,NormalizedAddress,Missing,BlockApproximation,HistoricalMarginal,[13049],{},"{""CacheKey"":""bedok-94c-bedok-nth-ave-4"",""SearchValue"":""94C BEDOK NTH AVE 4 SINGAPORE"",""Status"":""HistoricalFirstHit"",""Postal"":""462094"",""UpdatedAt"":""2026-05-24T10:26:43.005Z""}","[{""ObjectId"":938503,""EntityId"":2529,""Block"":""94C"",""PostalCode"":""462094""}]","{""Latitude"":1.333517248,""Longitude"":103.9426282474}"
BEDOK,97,BEDOK NTH AVE 4,23,Unmatched,NormalizedAddress,Missing,BlockApproximation,HistoricalMarginal,[13209],{},"{""CacheKey"":""bedok-97-bedok-nth-ave-4"",""SearchValue"":""97 BEDOK NTH AVE 4 SINGAPORE"",""Status"":""HistoricalFirstHit"",""Postal"":""460097"",""UpdatedAt"":""2026-05-24T11:08:03.842Z""}","[{""ObjectId"":947596,""EntityId"":7370,""Block"":""97"",""PostalCode"":""460097""}]","{""Latitude"":1.3329633557,""Longitude"":103.9399635673}"
BISHAN,102,BISHAN ST 12,17,Unmatched,NormalizedAddress,Missing,BlockApproximation,HistoricalMarginal,[148],{},"{""CacheKey"":""bishan-102-bishan-st-12"",""SearchValue"":""102 BISHAN ST 12 SINGAPORE"",""Status"":""HistoricalFirstHit"",""Postal"":""570102"",""UpdatedAt"":""2026-05-24T11:14:33.932Z""}","[{""ObjectId"":942838,""EntityId"":11055564,""Block"":""102"",""PostalCode"":""570102""}]","{""Latitude"":1.345139822,""Longitude"":103.8479858102}"
BISHAN,103,BISHAN ST 12,24,Unmatched,NormalizedAddress,Missing,BlockApproximation,HistoricalMarginal,[189],{},"{""CacheKey"":""bishan-103-bishan-st-12"",""SearchValue"":""103 BISHAN ST 12 SINGAPORE"",""Status"":""HistoricalFirstHit"",""Postal"":""570103"",""UpdatedAt"":""2026-05-24T10:51:08.981Z""}","[{""ObjectId"":942836,""EntityId"":11055563,""Block"":""103"",""PostalCode"":""570103""}]","{""Latitude"":1.3455089219,""Longitude"":103.8483090501}"
BISHAN,111,BISHAN ST 12,26,Unmatched,NormalizedAddress,Missing,BlockApproximation,HistoricalMarginal,[544],{},"{""CacheKey"":""bishan-111-bishan-st-12"",""SearchValue"":""111 BISHAN ST 12 SINGAPORE"",""Status"":""HistoricalFirstHit"",""Postal"":""570111"",""UpdatedAt"":""2026-05-24T10:26:43.005Z""}","[{""ObjectId"":945820,""EntityId"":11055467,""Block"":""111"",""PostalCode"":""570111""}]","{""Latitude"":1.3470666546,""Longitude"":103.8480581667}"
BISHAN,120,BISHAN ST 12,7,Unmatched,NormalizedAddress,Missing,BlockApproximation,HistoricalMarginal,[930],{},"{""CacheKey"":""bishan-120-bishan-st-12"",""SearchValue"":""120 BISHAN ST 12 SINGAPORE"",""Status"":""HistoricalFirstHit"",""Postal"":""570120"",""UpdatedAt"":""2026-05-24T11:25:10.925Z""}","[{""ObjectId"":943406,""EntityId"":3009,""Block"":""120"",""PostalCode"":""570120""}]","{""Latitude"":1.3472900944,""Longitude"":103.8508483087}"
BISHAN,137,BISHAN ST 12,7,Unmatched,NormalizedAddress,Missing,BlockApproximation,HistoricalMarginal,[1472],{},"{""CacheKey"":""bishan-137-bishan-st-12"",""SearchValue"":""137 BISHAN ST 12 SINGAPORE"",""Status"":""HistoricalFirstHit"",""Postal"":""570137"",""UpdatedAt"":""2026-05-24T11:08:03.842Z""}","[{""ObjectId"":939195,""EntityId"":7728,""Block"":""137"",""PostalCode"":""570137""}]","{""Latitude"":1.3444403001,""Longitude"":103.8517977842}"
BISHAN,148,BISHAN ST 11,16,Unmatched,NormalizedAddress,Missing,BlockApproximation,HistoricalMarginal,[1718],{},"{""CacheKey"":""bishan-148-bishan-st-11"",""SearchValue"":""148 BISHAN ST 11 SINGAPORE"",""Status"":""HistoricalFirstHit"",""Postal"":""570148"",""UpdatedAt"":""2026-05-24T10:46:28.437Z""}","[{""ObjectId"":937703,""EntityId"":9741,""Block"":""148"",""PostalCode"":""570148""}]","{""Latitude"":1.3443550646,""Longitude"":103.8547636331}"
BISHAN,178,BISHAN ST 13,25,Unmatched,NormalizedAddress,Missing,BlockApproximation,HistoricalMarginal,[2358],{},"{""CacheKey"":""bishan-178-bishan-st-13"",""SearchValue"":""178 BISHAN ST 13 SINGAPORE"",""Status"":""HistoricalFirstHit"",""Postal"":""570178"",""UpdatedAt"":""2026-05-24T11:06:29.933Z""}","[{""ObjectId"":939894,""EntityId"":12582,""Block"":""178"",""PostalCode"":""570178""}]","{""Latitude"":1.3481651001,""Longitude"":103.8523731976}"
BISHAN,190,BISHAN ST 13,26,Unmatched,NormalizedAddress,Missing,BlockApproximation,HistoricalMarginal,[2635],{},"{""CacheKey"":""bishan-190-bishan-st-13"",""SearchValue"":""190 BISHAN ST 13 SINGAPORE"",""Status"":""HistoricalFirstHit"",""Postal"":""570190"",""UpdatedAt"":""2026-05-24T10:33:13.729Z""}","[{""ObjectId"":936122,""EntityId"":12606,""Block"":""190"",""PostalCode"":""570190""}]","{""Latitude"":1.350555257,""Longitude"":103.8520436704}"
BISHAN,209,BISHAN ST 23,9,Unmatched,NormalizedAddress,Missing,BlockApproximation,HistoricalMarginal,[3049],{},"{""CacheKey"":""bishan-209-bishan-st-23"",""SearchValue"":""209 BISHAN ST 23 SINGAPORE"",""Status"":""HistoricalFirstHit"",""Postal"":""570209"",""UpdatedAt"":""2026-05-24T11:12:56.744Z""}","[{""ObjectId"":939667,""EntityId"":6584,""Block"":""209"",""PostalCode"":""570209""}]","{""Latitude"":1.3554851223,""Longitude"":103.8486731494}"
BISHAN,22,SIN MING RD,57,Unmatched,NormalizedAddress,Missing,BlockApproximation,HistoricalMarginal,[3376],{},"{""CacheKey"":""bishan-22-sin-ming-rd"",""SearchValue"":""22 SIN MING RD SINGAPORE"",""Status"":""HistoricalFirstHit"",""Postal"":""570022"",""UpdatedAt"":""2026-05-24T10:26:43.005Z""}","[{""ObjectId"":945122,""EntityId"":5615,""Block"":""22"",""PostalCode"":""570022""}]","{""Latitude"":1.3574507826,""Longitude"":103.8391718575}"
BISHAN,222,BISHAN ST 23,17,Unmatched,NormalizedAddress,Missing,BlockApproximation,HistoricalMarginal,[3440],{},"{""CacheKey"":""bishan-222-bishan-st-23"",""SearchValue"":""222 BISHAN ST 23 SINGAPORE"",""Status"":""HistoricalFirstHit"",""Postal"":""570222"",""UpdatedAt"":""2026-05-24T11:04:47.102Z""}","[{""ObjectId"":937660,""EntityId"":4340,""Block"":""222"",""PostalCode"":""570222""}]","{""Latitude"":1.3580276739,""Longitude"":103.8482030587}"
BISHAN,261,BISHAN ST 22,20,Unmatched,NormalizedAddress,Missing,BlockApproximation,HistoricalMarginal,[4238],{},"{""CacheKey"":""bishan-261-bishan-st-22"",""SearchValue"":""261 BISHAN ST 22 SINGAPORE"",""Status"":""HistoricalFirstHit"",""Postal"":""570261"",""UpdatedAt"":""2026-05-24T10:51:08.981Z""}","[{""ObjectId"":939248,""EntityId"":657,""Block"":""261"",""PostalCode"":""570261""}]","{""Latitude"":1.3591922323,""Longitude"":103.8433244193}"
BISHAN,266,BISHAN ST 24,13,Unmatched,NormalizedAddress,Missing,BlockApproximation,HistoricalMarginal,[4319],{},"{""CacheKey"":""bishan-266-bishan-st-24"",""SearchValue"":""266 BISHAN ST 24 SINGAPORE"",""Status"":""HistoricalFirstHit"",""Postal"":""570266"",""UpdatedAt"":""2026-05-24T11:21:34.655Z""}","[{""ObjectId"":938776,""EntityId"":10429,""Block"":""266"",""PostalCode"":""570266""}]","{""Latitude"":1.3579902439,""Longitude"":103.8420880927}"
BISHAN,311,SHUNFU RD,8,Unmatched,NormalizedAddress,Missing,BlockApproximation,HistoricalMarginal,[5227],{},"{""CacheKey"":""bishan-311-shunfu-rd"",""SearchValue"":""311 SHUNFU RD SINGAPORE"",""Status"":""HistoricalFirstHit"",""Postal"":""570311"",""UpdatedAt"":""2026-05-24T11:09:41.329Z""}","[{""ObjectId"":941127,""EntityId"":825,""Block"":""311"",""PostalCode"":""570311""}]","{""Latitude"":1.3509583472,""Longitude"":103.8393396992}"
BISHAN,452,SIN MING AVE,7,Unmatched,NormalizedAddress,Missing,BlockApproximation,HistoricalMarginal,[7657],{},"{""CacheKey"":""bishan-452-sin-ming-ave"",""SearchValue"":""452 SIN MING AVE SINGAPORE"",""Status"":""HistoricalFirstHit"",""Postal"":""570452"",""UpdatedAt"":""2026-05-24T10:55:42.221Z""}","[{""ObjectId"":939021,""EntityId"":6267,""Block"":""452"",""PostalCode"":""570452""}]","{""Latitude"":1.3585552022,""Longitude"":103.8297619888}"
BUKIT BATOK,120,BT BATOK CTRL,28,Unmatched,NormalizedAddress,Missing,BlockApproximation,HistoricalMarginal,[931],{},"{""CacheKey"":""bukit-batok-120-bt-batok-ctrl"",""SearchValue"":""120 BT BATOK CTRL SINGAPORE"",""Status"":""HistoricalFirstHit"",""Postal"":""650120"",""UpdatedAt"":""2026-05-24T10:26:43.005Z""}","[{""ObjectId"":938333,""EntityId"":10725,""Block"":""120"",""PostalCode"":""650120""}]","{""Latitude"":1.3509385797,""Longitude"":103.7475881591}"
BUKIT BATOK,145,BT BATOK ST 11,13,Unmatched,NormalizedAddress,Missing,BlockApproximation,HistoricalMarginal,[1663],{},"{""CacheKey"":""bukit-batok-145-bt-batok-st-11"",""SearchValue"":""145 BT BATOK ST 11 SINGAPORE"",""Status"":""HistoricalFirstHit"",""Postal"":""650145"",""UpdatedAt"":""2026-05-24T10:26:43.005Z""}","[{""ObjectId"":943058,""EntityId"":4220,""Block"":""145"",""PostalCode"":""650145""}]","{""Latitude"":1.3499760905,""Longitude"":103.7437302719}"
BUKIT BATOK,223,BT BATOK EAST AVE 3,27,Unmatched,NormalizedAddress,Missing,BlockApproximation,HistoricalMarginal,[3464],{},"{""CacheKey"":""bukit-batok-223-bt-batok-east-ave-3"",""SearchValue"":""223 BT BATOK EAST AVE 3 SINGAPORE"",""Status"":""HistoricalFirstHit"",""Postal"":""650223"",""UpdatedAt"":""2026-05-24T11:06:29.933Z""}","[{""ObjectId"":946432,""EntityId"":6129,""Block"":""223"",""PostalCode"":""650223""}]","{""Latitude"":1.3479924739,""Longitude"":103.7533866139}"
BUKIT BATOK,244,BT BATOK EAST AVE 5,30,Unmatched,NormalizedAddress,Missing,BlockApproximation,HistoricalMarginal,[3932],{},"{""CacheKey"":""bukit-batok-244-bt-batok-east-ave-5"",""SearchValue"":""244 BT BATOK EAST AVE 5 SINGAPORE"",""Status"":""HistoricalFirstHit"",""Postal"":""650244"",""UpdatedAt"":""2026-05-24T10:26:43.005Z""}","[{""ObjectId"":946282,""EntityId"":8868,""Block"":""244"",""PostalCode"":""650244""}]","{""Latitude"":1.3493443781,""Longitude"":103.7571310039}"
BUKIT BATOK,287,BT BATOK EAST AVE 3,11,Unmatched,NormalizedAddress,Missing,BlockApproximation,HistoricalMarginal,[4692],{},"{""CacheKey"":""bukit-batok-287-bt-batok-east-ave-3"",""SearchValue"":""287 BT BATOK EAST AVE 3 SINGAPORE"",""Status"":""HistoricalFirstHit"",""Postal"":""650287"",""UpdatedAt"":""2026-05-24T11:09:41.329Z""}","[{""ObjectId"":936881,""EntityId"":3023,""Block"":""287"",""PostalCode"":""650287""}]","{""Latitude"":1.3472113803,""Longitude"":103.7584571804}"
BUKIT BATOK,296A,BT BATOK ST 22,83,Unmatched,NormalizedAddress,Missing,BlockApproximation,HistoricalMarginal,[4852],{},"{""CacheKey"":""bukit-batok-296a-bt-batok-st-22"",""SearchValue"":""296A BT BATOK ST 22 SINGAPORE"",""Status"":""HistoricalFirstHit"",""Postal"":""651296"",""UpdatedAt"":""2026-05-24T11:29:58.778Z""}","[{""ObjectId"":938840,""EntityId"":10125,""Block"":""296A"",""PostalCode"":""651296""}]","{""Latitude"":1.3441540757,""Longitude"":103.7465486409}"
BUKIT BATOK,345,BT BATOK ST 34,23,Unmatched,NormalizedAddress,Missing,BlockApproximation,HistoricalMarginal,[5928],{},"{""CacheKey"":""bukit-batok-345-bt-batok-st-34"",""SearchValue"":""345 BT BATOK ST 34 SINGAPORE"",""Status"":""HistoricalFirstHit"",""Postal"":""650345"",""UpdatedAt"":""2026-05-24T10:46:28.437Z""}","[{""ObjectId"":937554,""EntityId"":2061,""Block"":""345"",""PostalCode"":""650345""}]","{""Latitude"":1.3628447413,""Longitude"":103.7508467555}"
BUKIT BATOK,360,BT BATOK ST 31,30,Unmatched,NormalizedAddress,Missing,BlockApproximation,HistoricalMarginal,[6181],{},"{""CacheKey"":""bukit-batok-360-bt-batok-st-31"",""SearchValue"":""360 BT BATOK ST 31 SINGAPORE"",""Status"":""HistoricalFirstHit"",""Postal"":""650360"",""UpdatedAt"":""2026-05-24T10:26:43.005Z""}","[{""ObjectId"":938716,""EntityId"":193,""Block"":""360"",""PostalCode"":""650360""}]","{""Latitude"":1.3610627821,""Longitude"":103.7506254833}"
BUKIT BATOK,389,BT BATOK WEST AVE 5,19,Unmatched,NormalizedAddress,Missing,BlockApproximation,HistoricalMarginal,[6456],{},"{""CacheKey"":""bukit-batok-389-bt-batok-west-ave-5"",""SearchValue"":""389 BT BATOK WEST AVE 5 SINGAPORE"",""Status"":""HistoricalFirstHit"",""Postal"":""650389"",""UpdatedAt"":""2026-05-24T11:08:03.842Z""}","[{""ObjectId"":946394,""EntityId"":9788,""Block"":""389"",""PostalCode"":""650389""}]","{""Latitude"":1.3653457933,""Longitude"":103.7521419338}"
BUKIT BATOK,416,BT BATOK WEST AVE 4,33,Unmatched,NormalizedAddress,Missing,BlockApproximation,HistoricalMarginal,[6920],{},"{""CacheKey"":""bukit-batok-416-bt-batok-west-ave-4"",""SearchValue"":""416 BT BATOK WEST AVE 4 SINGAPORE"",""Status"":""HistoricalFirstHit"",""Postal"":""650416"",""UpdatedAt"":""2026-05-24T10:55:42.221Z""}","[{""ObjectId"":938974,""EntityId"":4737,""Block"":""416"",""PostalCode"":""650416""}]","{""Latitude"":1.3632289836,""Longitude"":103.7459910517}"
BUKIT BATOK,437A,BT BATOK WEST AVE 5,35,Unmatched,NormalizedAddress,Missing,BlockApproximation,HistoricalMarginal,[7336],{},"{""CacheKey"":""bukit-batok-437a-bt-batok-west-ave-5"",""SearchValue"":""437A BT BATOK WEST AVE 5 SINGAPORE"",""Status"":""HistoricalFirstHit"",""Postal"":""651437"",""UpdatedAt"":""2026-05-24T11:32:59.297Z""}","[{""ObjectId"":946241,""EntityId"":11053740,""Block"":""437A"",""PostalCode"":""651437""}]","{""Latitude"":1.3582206757,""Longitude"":103.7392190273}"
BUKIT BATOK,438C,BT BATOK WEST AVE 8,36,Unmatched,NormalizedAddress,Missing,BlockApproximation,HistoricalMarginal,[7355],{},"{""CacheKey"":""bukit-batok-438c-bt-batok-west-ave-8"",""SearchValue"":""438C BT BATOK WEST AVE 8 SINGAPORE"",""Status"":""HistoricalFirstHit"",""Postal"":""653438"",""UpdatedAt"":""2026-05-24T11:32:59.297Z""}","[{""ObjectId"":937185,""EntityId"":11053742,""Block"":""438C"",""PostalCode"":""653438""}]","{""Latitude"":1.3577765026,""Longitude"":103.7395906385}"
BUKIT BATOK,445B,BT BATOK WEST AVE 8,29,Unmatched,NormalizedAddress,Missing,BlockApproximation,HistoricalMarginal,[7511],{},"{""CacheKey"":""bukit-batok-445b-bt-batok-west-ave-8"",""SearchValue"":""445B BT BATOK WEST AVE 8 SINGAPORE"",""Status"":""HistoricalFirstHit"",""Postal"":""652445"",""UpdatedAt"":""2026-05-24T11:29:58.778Z""}","[{""ObjectId"":939561,""EntityId"":11051518,""Block"":""445B"",""PostalCode"":""652445""}]","{""Latitude"":1.3510856929,""Longitude"":103.7386481712}"
BUKIT BATOK,448C,BT BATOK WEST AVE 9,50,Unmatched,NormalizedAddress,Missing,BlockApproximation,HistoricalMarginal,[7572],{},"{""CacheKey"":""bukit-batok-448c-bt-batok-west-ave-9"",""SearchValue"":""448C BT BATOK WEST AVE 9 SINGAPORE"",""Status"":""HistoricalFirstHit"",""Postal"":""653448"",""UpdatedAt"":""2026-05-24T11:29:58.778Z""}","[{""ObjectId"":938525,""EntityId"":11054087,""Block"":""448C"",""PostalCode"":""653448""}]","{""Latitude"":1.3527898679,""Longitude"":103.7410889223}"
BUKIT BATOK,451B,BT BATOK WEST AVE 6,59,Unmatched,NormalizedAddress,Missing,BlockApproximation,HistoricalMarginal,[7646],{},"{""CacheKey"":""bukit-batok-451b-bt-batok-west-ave-6"",""SearchValue"":""451B BT BATOK WEST AVE 6 SINGAPORE"",""Status"":""HistoricalFirstHit"",""Postal"":""652451"",""UpdatedAt"":""2026-05-24T11:31:25.798Z""}","[{""ObjectId"":938142,""EntityId"":10014,""Block"":""451B"",""PostalCode"":""652451""}]","{""Latitude"":1.3525287232,""Longitude"":103.7432514895}"
BUKIT BATOK,463B,BT BATOK ST 41,36,Unmatched,NormalizedAddress,Missing,BlockApproximation,HistoricalMarginal,[7857],{},"{""CacheKey"":""bukit-batok-463b-bt-batok-st-41"",""SearchValue"":""463B BT BATOK ST 41 SINGAPORE"",""Status"":""HistoricalFirstHit"",""Postal"":""652463"",""UpdatedAt"":""2026-05-24T11:32:59.297Z""}","[{""ObjectId"":939458,""EntityId"":11843,""Block"":""463B"",""PostalCode"":""652463""}]","{""Latitude"":1.357045049,""Longitude"":103.74212938}"
BUKIT MERAH,110A,DEPOT RD,41,Unmatched,NormalizedAddress,Missing,BlockApproximation,HistoricalMarginal,[532],{},"{""CacheKey"":""bukit-merah-110a-depot-rd"",""SearchValue"":""110A DEPOT RD SINGAPORE"",""Status"":""HistoricalFirstHit"",""Postal"":""101110"",""UpdatedAt"":""2026-05-24T11:29:58.778Z""}","[{""ObjectId"":940627,""EntityId"":9318,""Block"":""110A"",""PostalCode"":""101110""}]","{""Latitude"":1.2814497982,""Longitude"":103.8091322355}"
BUKIT MERAH,119C,KIM TIAN RD,56,Unmatched,NormalizedAddress,Missing,BlockApproximation,HistoricalMarginal,[891],{},"{""CacheKey"":""bukit-merah-119c-kim-tian-rd"",""SearchValue"":""119C KIM TIAN RD SINGAPORE"",""Status"":""HistoricalFirstHit"",""Postal"":""163119"",""UpdatedAt"":""2026-05-24T10:57:12.989Z""}","[{""ObjectId"":947228,""EntityId"":8324,""Block"":""119C"",""PostalCode"":""163119""}]","{""Latitude"":1.2815175208,""Longitude"":103.8276719516}"
BUKIT MERAH,134,JLN BT MERAH,22,Unmatched,NormalizedAddress,Missing,BlockApproximation,HistoricalMarginal,[1412],{},"{""CacheKey"":""bukit-merah-134-jln-bt-merah"",""SearchValue"":""134 JLN BT MERAH SINGAPORE"",""Status"":""HistoricalFirstHit"",""Postal"":""160134"",""UpdatedAt"":""2026-05-24T10:26:43.005Z""}","[{""ObjectId"":944963,""EntityId"":8870,""Block"":""134"",""PostalCode"":""160134""}]","{""Latitude"":1.2789195224,""Longitude"":103.8277237142}"
BUKIT MERAH,148,SILAT AVE,26,Unmatched,NormalizedAddress,Missing,BlockApproximation,HistoricalMarginal,[1728],{},"{""CacheKey"":""bukit-merah-148-silat-ave"",""SearchValue"":""148 SILAT AVE SINGAPORE"",""Status"":""HistoricalFirstHit"",""Postal"":""160148"",""UpdatedAt"":""2026-05-24T10:40:02.827Z""}","[{""ObjectId"":940112,""EntityId"":8238,""Block"":""148"",""PostalCode"":""160148""}]","{""Latitude"":1.2768859451,""Longitude"":103.8308802633}"
BUKIT MERAH,30,JLN KLINIK,25,Unmatched,NormalizedAddress,Missing,BlockApproximation,HistoricalMarginal,[4943],{},"{""CacheKey"":""bukit-merah-30-jln-klinik"",""SearchValue"":""30 JLN KLINIK SINGAPORE"",""Status"":""HistoricalFirstHit"",""Postal"":""160030"",""UpdatedAt"":""2026-05-24T10:26:43.005Z""}","[{""ObjectId"":943906,""EntityId"":7969,""Block"":""30"",""PostalCode"":""160030""}]","{""Latitude"":1.2876779925,""Longitude"":103.8281968593}"
BUKIT MERAH,36,BEO CRES,27,Unmatched,NormalizedAddress,Missing,BlockApproximation,HistoricalMarginal,[6166],{},"{""CacheKey"":""bukit-merah-36-beo-cres"",""SearchValue"":""36 BEO CRES SINGAPORE"",""Status"":""HistoricalFirstHit"",""Postal"":""160036"",""UpdatedAt"":""2026-05-24T10:26:43.005Z""}","[{""ObjectId"":942187,""EntityId"":3060,""Block"":""36"",""PostalCode"":""160036""}]","{""Latitude"":1.2882999512,""Longitude"":103.8271829129}"
BUKIT MERAH,55,HAVELOCK RD,55,Unmatched,NormalizedAddress,Missing,BlockApproximation,HistoricalMarginal,[9245],{},"{""CacheKey"":""bukit-merah-55-havelock-rd"",""SearchValue"":""55 HAVELOCK RD SINGAPORE"",""Status"":""HistoricalFirstHit"",""Postal"":""161055"",""UpdatedAt"":""2026-05-24T10:40:02.827Z""}","[{""ObjectId"":944745,""EntityId"":3768,""Block"":""55"",""PostalCode"":""161055""}]","{""Latitude"":1.2900598254,""Longitude"":103.8292539579}"
BUKIT MERAH,6B,BOON TIONG RD,42,Unmatched,NormalizedAddress,Missing,BlockApproximation,HistoricalMarginal,[9652],{},"{""CacheKey"":""bukit-merah-6b-boon-tiong-rd"",""SearchValue"":""6B BOON TIONG RD SINGAPORE"",""Status"":""HistoricalFirstHit"",""Postal"":""165006"",""UpdatedAt"":""2026-05-24T10:33:13.729Z""}","[{""ObjectId"":946026,""EntityId"":8208,""Block"":""6B"",""PostalCode"":""165006""}]","{""Latitude"":1.2866253995,""Longitude"":103.8308244799}"
BUKIT MERAH,7,TELOK BLANGAH CRES,88,Unmatched,NormalizedAddress,Missing,BlockApproximation,HistoricalMarginal,[11247],{},"{""CacheKey"":""bukit-merah-7-telok-blangah-cres"",""SearchValue"":""7 TELOK BLANGAH CRES SINGAPORE"",""Status"":""HistoricalFirstHit"",""Postal"":""090007"",""UpdatedAt"":""2026-05-24T10:40:02.827Z""}","[{""ObjectId"":949025,""EntityId"":8385,""Block"":""7"",""PostalCode"":""090007""}]","{""Latitude"":1.2783565841,""Longitude"":103.8193922594}"
BUKIT MERAH,84,TELOK BLANGAH HTS,9,Unmatched,NormalizedAddress,Missing,BlockApproximation,HistoricalMarginal,[12422],{},"{""CacheKey"":""bukit-merah-84-telok-blangah-hts"",""SearchValue"":""84 TELOK BLANGAH HTS SINGAPORE"",""Status"":""HistoricalFirstHit"",""Postal"":""100084"",""UpdatedAt"":""2026-05-24T11:00:32.819Z""}","[{""ObjectId"":945096,""EntityId"":5249,""Block"":""84"",""PostalCode"":""100084""}]","{""Latitude"":1.2768526942,""Longitude"":103.8099486117}"
BUKIT MERAH,95A,HENDERSON RD,45,Unmatched,NormalizedAddress,Missing,BlockApproximation,HistoricalMarginal,[13091],{},"{""CacheKey"":""bukit-merah-95a-henderson-rd"",""SearchValue"":""95A HENDERSON RD SINGAPORE"",""Status"":""HistoricalFirstHit"",""Postal"":""151095"",""UpdatedAt"":""2026-05-24T11:28:22.585Z""}","[{""ObjectId"":944862,""EntityId"":11052251,""Block"":""95A"",""PostalCode"":""151095""}]","{""Latitude"":1.2866543866,""Longitude"":103.8213317251}"
BUKIT PANJANG,149,PETIR RD,27,Unmatched,NormalizedAddress,Missing,BlockApproximation,HistoricalMarginal,[1740],{},"{""CacheKey"":""bukit-panjang-149-petir-rd"",""SearchValue"":""149 PETIR RD SINGAPORE"",""Status"":""HistoricalFirstHit"",""Postal"":""670149"",""UpdatedAt"":""2026-05-24T10:35:02.890Z""}","[{""ObjectId"":940580,""EntityId"":5078,""Block"":""149"",""PostalCode"":""670149""}]","{""Latitude"":1.3767629301,""Longitude"":103.7667203243}"
BUKIT PANJANG,178,LOMPANG RD,41,Unmatched,NormalizedAddress,Missing,BlockApproximation,HistoricalMarginal,[2363],{},"{""CacheKey"":""bukit-panjang-178-lompang-rd"",""SearchValue"":""178 LOMPANG RD SINGAPORE"",""Status"":""HistoricalFirstHit"",""Postal"":""670178"",""UpdatedAt"":""2026-05-24T10:40:02.827Z""}","[{""ObjectId"":937796,""EntityId"":3425,""Block"":""178"",""PostalCode"":""670178""}]","{""Latitude"":1.3803668002,""Longitude"":103.7648154849}"
BUKIT PANJANG,202,PETIR RD,14,Unmatched,NormalizedAddress,Missing,BlockApproximation,HistoricalMarginal,[2863],{},"{""CacheKey"":""bukit-panjang-202-petir-rd"",""SearchValue"":""202 PETIR RD SINGAPORE"",""Status"":""HistoricalFirstHit"",""Postal"":""670202"",""UpdatedAt"":""2026-05-24T11:21:34.655Z""}","[{""ObjectId"":937054,""EntityId"":9507,""Block"":""202"",""PostalCode"":""670202""}]","{""Latitude"":1.3723695687,""Longitude"":103.7750277658}"
BUKIT PANJANG,232,PENDING RD,22,Unmatched,NormalizedAddress,Missing,BlockApproximation,HistoricalMarginal,[3716],{},"{""CacheKey"":""bukit-panjang-232-pending-rd"",""SearchValue"":""232 PENDING RD SINGAPORE"",""Status"":""HistoricalFirstHit"",""Postal"":""670232"",""UpdatedAt"":""2026-05-24T11:14:33.932Z""}","[{""ObjectId"":939406,""EntityId"":9684,""Block"":""232"",""PostalCode"":""670232""}]","{""Latitude"":1.3764549849,""Longitude"":103.7723804354}"
BUKIT PANJANG,277,BANGKIT RD,15,Unmatched,NormalizedAddress,Missing,BlockApproximation,HistoricalMarginal,[4571],{},"{""CacheKey"":""bukit-panjang-277-bangkit-rd"",""SearchValue"":""277 BANGKIT RD SINGAPORE"",""Status"":""HistoricalFirstHit"",""Postal"":""670277"",""UpdatedAt"":""2026-05-24T11:11:16.828Z""}","[{""ObjectId"":944707,""EntityId"":843,""Block"":""277"",""PostalCode"":""670277""}]","{""Latitude"":1.3763185476,""Longitude"":103.774894034}"
BUKIT PANJANG,452,FAJAR RD,16,Unmatched,NormalizedAddress,Missing,BlockApproximation,HistoricalMarginal,[7652],{},"{""CacheKey"":""bukit-panjang-452-fajar-rd"",""SearchValue"":""452 FAJAR RD SINGAPORE"",""Status"":""HistoricalFirstHit"",""Postal"":""670452"",""UpdatedAt"":""2026-05-24T10:52:41.912Z""}","[{""ObjectId"":946266,""EntityId"":9441,""Block"":""452"",""PostalCode"":""670452""}]","{""Latitude"":1.3855337694,""Longitude"":103.7721517265}"
BUKIT PANJANG,454,FAJAR RD,53,Unmatched,NormalizedAddress,Missing,BlockApproximation,HistoricalMarginal,[7686],{},"{""CacheKey"":""bukit-panjang-454-fajar-rd"",""SearchValue"":""454 FAJAR RD SINGAPORE"",""Status"":""HistoricalFirstHit"",""Postal"":""670454"",""UpdatedAt"":""2026-05-24T11:26:45.864Z""}","[{""ObjectId"":942799,""EntityId"":11056173,""Block"":""454"",""PostalCode"":""670454""}]","{""Latitude"":1.3845199457,""Longitude"":103.7715266396}"
BUKIT PANJANG,474,SEGAR RD,36,Unmatched,NormalizedAddress,Missing,BlockApproximation,HistoricalMarginal,[8069],{},"{""CacheKey"":""bukit-panjang-474-segar-rd"",""SearchValue"":""474 SEGAR RD SINGAPORE"",""Status"":""HistoricalFirstHit"",""Postal"":""670474"",""UpdatedAt"":""2026-05-24T11:00:32.819Z""}","[{""ObjectId"":943971,""EntityId"":7083,""Block"":""474"",""PostalCode"":""670474""}]","{""Latitude"":1.3886199036,""Longitude"":103.7723916965}"
BUKIT PANJANG,488,SEGAR RD,54,Unmatched,NormalizedAddress,Missing,BlockApproximation,HistoricalMarginal,[8249],{},"{""CacheKey"":""bukit-panjang-488-segar-rd"",""SearchValue"":""488 SEGAR RD SINGAPORE"",""Status"":""HistoricalFirstHit"",""Postal"":""670488"",""UpdatedAt"":""2026-05-24T11:21:34.655Z""}","[{""ObjectId"":941184,""EntityId"":7749,""Block"":""488"",""PostalCode"":""670488""}]","{""Latitude"":1.3895546571,""Longitude"":103.77127314}"
BUKIT PANJANG,532,JELAPANG RD,33,Unmatched,NormalizedAddress,Missing,BlockApproximation,HistoricalMarginal,[9018],{},"{""CacheKey"":""bukit-panjang-532-jelapang-rd"",""SearchValue"":""532 JELAPANG RD SINGAPORE"",""Status"":""HistoricalFirstHit"",""Postal"":""670532"",""UpdatedAt"":""2026-05-24T11:04:47.102Z""}","[{""ObjectId"":944538,""EntityId"":3760,""Block"":""532"",""PostalCode"":""670532""}]","{""Latitude"":1.3849693955,""Longitude"":103.7646858274}"
BUKIT PANJANG,543,JELAPANG RD,17,Unmatched,NormalizedAddress,Missing,BlockApproximation,HistoricalMarginal,[9165],{},"{""CacheKey"":""bukit-panjang-543-jelapang-rd"",""SearchValue"":""543 JELAPANG RD SINGAPORE"",""Status"":""HistoricalFirstHit"",""Postal"":""670543"",""UpdatedAt"":""2026-05-24T11:12:56.744Z""}","[{""ObjectId"":944967,""EntityId"":3663,""Block"":""543"",""PostalCode"":""670543""}]","{""Latitude"":1.3823883674,""Longitude"":103.7640460286}"
BUKIT PANJANG,607,SENJA RD,31,Unmatched,NormalizedAddress,Missing,BlockApproximation,HistoricalMarginal,[9784],{},"{""CacheKey"":""bukit-panjang-607-senja-rd"",""SearchValue"":""607 SENJA RD SINGAPORE"",""Status"":""HistoricalFirstHit"",""Postal"":""670607"",""UpdatedAt"":""2026-05-24T11:00:32.819Z""}","[{""ObjectId"":944408,""EntityId"":3563,""Block"":""607"",""PostalCode"":""670607""}]","{""Latitude"":1.3824670441,""Longitude"":103.7616687508}"
BUKIT PANJANG,612,SENJA RD,30,Unmatched,NormalizedAddress,Missing,BlockApproximation,HistoricalMarginal,[9873],{},"{""CacheKey"":""bukit-panjang-612-senja-rd"",""SearchValue"":""612 SENJA RD SINGAPORE"",""Status"":""HistoricalFirstHit"",""Postal"":""670612"",""UpdatedAt"":""2026-05-24T10:35:02.890Z""}","[{""ObjectId"":939891,""EntityId"":3457,""Block"":""612"",""PostalCode"":""670612""}]","{""Latitude"":1.3839176539,""Longitude"":103.7611494507}"
BUKIT PANJANG,616,SENJA RD,27,Unmatched,NormalizedAddress,Missing,BlockApproximation,HistoricalMarginal,[9942],{},"{""CacheKey"":""bukit-panjang-616-senja-rd"",""SearchValue"":""616 SENJA RD SINGAPORE"",""Status"":""HistoricalFirstHit"",""Postal"":""670616"",""UpdatedAt"":""2026-05-24T10:57:12.989Z""}","[{""ObjectId"":941885,""EntityId"":3626,""Block"":""616"",""PostalCode"":""670616""}]","{""Latitude"":1.3849438714,""Longitude"":103.7610642713}"
BUKIT PANJANG,636A,SENJA RD,70,Unmatched,NormalizedAddress,Missing,BlockApproximation,HistoricalMarginal,[10297],{},"{""CacheKey"":""bukit-panjang-636a-senja-rd"",""SearchValue"":""636A SENJA RD SINGAPORE"",""Status"":""HistoricalFirstHit"",""Postal"":""671636"",""UpdatedAt"":""2026-05-24T11:26:45.864Z""}","[{""ObjectId"":941678,""EntityId"":362,""Block"":""636A"",""PostalCode"":""671636""}]","{""Latitude"":1.3869436656,""Longitude"":103.7584324109}"
BUKIT TIMAH,1,TOH YI DR,15,Unmatched,NormalizedAddress,Missing,BlockApproximation,HistoricalMarginal,[35],{},"{""CacheKey"":""bukit-timah-1-toh-yi-dr"",""SearchValue"":""1 TOH YI DR SINGAPORE"",""Status"":""HistoricalFirstHit"",""Postal"":""591501"",""UpdatedAt"":""2026-05-24T10:57:12.989Z""}","[{""ObjectId"":935733,""EntityId"":11057157,""Block"":""1"",""PostalCode"":""591501""}]","{""Latitude"":1.33953697,""Longitude"":103.7746786516}"
BUKIT TIMAH,10,TOH YI DR,9,Unmatched,NormalizedAddress,Missing,BlockApproximation,HistoricalMarginal,[75],{},"{""CacheKey"":""bukit-timah-10-toh-yi-dr"",""SearchValue"":""10 TOH YI DR SINGAPORE"",""Status"":""HistoricalFirstHit"",""Postal"":""590010"",""UpdatedAt"":""2026-05-24T11:08:03.842Z""}","[{""ObjectId"":935741,""EntityId"":11057165,""Block"":""10"",""PostalCode"":""590010""}]","{""Latitude"":1.3377110197,""Longitude"":103.7731609097}"
BUKIT TIMAH,11,TOH YI DR,29,Unmatched,NormalizedAddress,Missing,BlockApproximation,HistoricalMarginal,[494],{},"{""CacheKey"":""bukit-timah-11-toh-yi-dr"",""SearchValue"":""11 TOH YI DR SINGAPORE"",""Status"":""HistoricalFirstHit"",""Postal"":""590011"",""UpdatedAt"":""2026-05-24T10:40:02.827Z""}","[{""ObjectId"":935738,""EntityId"":11057162,""Block"":""11"",""PostalCode"":""590011""}]","{""Latitude"":1.3377087683,""Longitude"":103.772604128}"
BUKIT TIMAH,13,TOH YI DR,30,Unmatched,NormalizedAddress,Missing,BlockApproximation,HistoricalMarginal,[1280],{},"{""CacheKey"":""bukit-timah-13-toh-yi-dr"",""SearchValue"":""13 TOH YI DR SINGAPORE"",""Status"":""HistoricalFirstHit"",""Postal"":""590013"",""UpdatedAt"":""2026-05-24T10:46:28.437Z""}","[{""ObjectId"":935729,""EntityId"":11057153,""Block"":""13"",""PostalCode"":""590013""}]","{""Latitude"":1.3387795419,""Longitude"":103.7724387118}"
BUKIT TIMAH,14,TOH YI DR,24,Unmatched,NormalizedAddress,Missing,BlockApproximation,HistoricalMarginal,[1556],{},"{""CacheKey"":""bukit-timah-14-toh-yi-dr"",""SearchValue"":""14 TOH YI DR SINGAPORE"",""Status"":""HistoricalFirstHit"",""Postal"":""590014"",""UpdatedAt"":""2026-05-24T10:57:12.989Z""}","[{""ObjectId"":935730,""EntityId"":11057154,""Block"":""14"",""PostalCode"":""590014""}]","{""Latitude"":1.3390884353,""Longitude"":103.7725699809}"
BUKIT TIMAH,17,TOH YI DR,32,Unmatched,NormalizedAddress,Missing,BlockApproximation,HistoricalMarginal,[2204],{},"{""CacheKey"":""bukit-timah-17-toh-yi-dr"",""SearchValue"":""17 TOH YI DR SINGAPORE"",""Status"":""HistoricalFirstHit"",""Postal"":""590017"",""UpdatedAt"":""2026-05-24T10:33:13.729Z""}","[{""ObjectId"":935728,""EntityId"":11057152,""Block"":""17"",""PostalCode"":""590017""}]","{""Latitude"":1.339729701,""Longitude"":103.7725567255}"
BUKIT TIMAH,2,TOH YI DR,28,Unmatched,NormalizedAddress,Missing,BlockApproximation,HistoricalMarginal,[2753],{},"{""CacheKey"":""bukit-timah-2-toh-yi-dr"",""SearchValue"":""2 TOH YI DR SINGAPORE"",""Status"":""HistoricalFirstHit"",""Postal"":""590002"",""UpdatedAt"":""2026-05-24T10:52:41.912Z""}","[{""ObjectId"":935735,""EntityId"":11057159,""Block"":""2"",""PostalCode"":""590002""}]","{""Latitude"":1.3390778119,""Longitude"":103.7753434544}"
BUKIT TIMAH,3,TOH YI DR,17,Unmatched,NormalizedAddress,Missing,BlockApproximation,HistoricalMarginal,[4922],{},"{""CacheKey"":""bukit-timah-3-toh-yi-dr"",""SearchValue"":""3 TOH YI DR SINGAPORE"",""Status"":""HistoricalFirstHit"",""Postal"":""590003"",""UpdatedAt"":""2026-05-24T10:48:02.033Z""}","[{""ObjectId"":935736,""EntityId"":11057160,""Block"":""3"",""PostalCode"":""590003""}]","{""Latitude"":1.3387884941,""Longitude"":103.7752555585}"
BUKIT TIMAH,4,QUEEN'S RD,50,Unmatched,NormalizedAddress,Missing,BlockApproximation,HistoricalMarginal,[6521],{},"{""CacheKey"":""bukit-timah-4-queen-s-rd"",""SearchValue"":""4 QUEEN'S RD SINGAPORE"",""Status"":""HistoricalFirstHit"",""Postal"":""260004"",""UpdatedAt"":""2026-05-24T10:33:13.729Z""}","[{""ObjectId"":940485,""EntityId"":3962,""Block"":""4"",""PostalCode"":""260004""}]","{""Latitude"":1.3189472817,""Longitude"":103.808371833}"
BUKIT TIMAH,5,TOH YI DR,33,Unmatched,NormalizedAddress,Missing,BlockApproximation,HistoricalMarginal,[8407],{},"{""CacheKey"":""bukit-timah-5-toh-yi-dr"",""SearchValue"":""5 TOH YI DR SINGAPORE"",""Status"":""HistoricalFirstHit"",""Postal"":""590005"",""UpdatedAt"":""2026-05-24T10:35:02.890Z""}","[{""ObjectId"":935743,""EntityId"":11057167,""Block"":""5"",""PostalCode"":""590005""}]","{""Latitude"":1.3381583017,""Longitude"":103.7745222651}"
BUKIT TIMAH,6,FARRER RD,21,Unmatched,NormalizedAddress,Missing,BlockApproximation,HistoricalMarginal,[9628],{},"{""CacheKey"":""bukit-timah-6-farrer-rd"",""SearchValue"":""6 FARRER RD SINGAPORE"",""Status"":""HistoricalFirstHit"",""Postal"":""260006"",""UpdatedAt"":""2026-05-24T10:40:02.827Z""}","[{""ObjectId"":943530,""EntityId"":2841,""Block"":""6"",""PostalCode"":""260006""}]","{""Latitude"":1.317317138,""Longitude"":103.8080663249}"
BUKIT TIMAH,7,TOH YI DR,18,Unmatched,NormalizedAddress,Missing,BlockApproximation,HistoricalMarginal,[11249],{},"{""CacheKey"":""bukit-timah-7-toh-yi-dr"",""SearchValue"":""7 TOH YI DR SINGAPORE"",""Status"":""HistoricalFirstHit"",""Postal"":""590007"",""UpdatedAt"":""2026-05-24T10:33:13.729Z""}","[{""ObjectId"":935745,""EntityId"":11057169,""Block"":""7"",""PostalCode"":""590007""}]","{""Latitude"":1.3374353857,""Longitude"":103.7750435058}"
BUKIT TIMAH,8,EMPRESS RD,41,Unmatched,NormalizedAddress,Missing,BlockApproximation,HistoricalMarginal,[12056],{},"{""CacheKey"":""bukit-timah-8-empress-rd"",""SearchValue"":""8 EMPRESS RD SINGAPORE"",""Status"":""HistoricalFirstHit"",""Postal"":""260008"",""UpdatedAt"":""2026-05-24T10:40:02.827Z""}","[{""ObjectId"":939654,""EntityId"":681,""Block"":""8"",""PostalCode"":""260008""}]","{""Latitude"":1.3163185531,""Longitude"":103.8053738115}"
CENTRAL AREA,10,JLN KUKOH,17,Unmatched,NormalizedAddress,Missing,BlockApproximation,HistoricalMarginal,[62],{},"{""CacheKey"":""central-area-10-jln-kukoh"",""SearchValue"":""10 JLN KUKOH SINGAPORE"",""Status"":""HistoricalFirstHit"",""Postal"":""162010"",""UpdatedAt"":""2026-05-24T10:40:02.827Z""}","[{""ObjectId"":946227,""EntityId"":10426373,""Block"":""10"",""PostalCode"":""162010""}]","{""Latitude"":1.2869675703,""Longitude"":103.8390844185}"
CENTRAL AREA,1B,CANTONMENT RD,80,Unmatched,NormalizedAddress,Missing,BlockApproximation,HistoricalMarginal,[46],{},"{""CacheKey"":""central-area-1b-cantonment-rd"",""SearchValue"":""1B CANTONMENT RD SINGAPORE"",""Status"":""HistoricalFirstHit"",""Postal"":""085201"",""UpdatedAt"":""2026-05-24T10:28:29.339Z""}","[{""ObjectId"":941419,""EntityId"":4536,""Block"":""1B"",""PostalCode"":""085201""}]","{""Latitude"":1.2777971997,""Longitude"":103.8414061004}"
CENTRAL AREA,1C,CANTONMENT RD,99,Unmatched,NormalizedAddress,Missing,BlockApproximation,HistoricalMarginal,[48],{},"{""CacheKey"":""central-area-1c-cantonment-rd"",""SearchValue"":""1C CANTONMENT RD SINGAPORE"",""Status"":""HistoricalFirstHit"",""Postal"":""085301"",""UpdatedAt"":""2026-05-24T10:28:29.339Z""}","[{""ObjectId"":944018,""EntityId"":6544,""Block"":""1C"",""PostalCode"":""085301""}]","{""Latitude"":1.2774460123,""Longitude"":103.8416682803}"
CENTRAL AREA,1G,CANTONMENT RD,89,Unmatched,NormalizedAddress,Missing,BlockApproximation,HistoricalMarginal,[53],{},"{""CacheKey"":""central-area-1g-cantonment-rd"",""SearchValue"":""1G CANTONMENT RD SINGAPORE"",""Status"":""HistoricalFirstHit"",""Postal"":""085701"",""UpdatedAt"":""2026-05-24T10:40:02.827Z""}","[{""ObjectId"":942044,""EntityId"":3083,""Block"":""1G"",""PostalCode"":""085701""}]","{""Latitude"":1.2755302701,""Longitude"":103.8412693573}"
CENTRAL AREA,26,JLN BERSEH,18,Unmatched,NormalizedAddress,Missing,BlockApproximation,HistoricalMarginal,[4201],{},"{""CacheKey"":""central-area-26-jln-berseh"",""SearchValue"":""26 JLN BERSEH SINGAPORE"",""Status"":""HistoricalFirstHit"",""Postal"":""200026"",""UpdatedAt"":""2026-05-24T11:08:03.842Z""}","[{""ObjectId"":943709,""EntityId"":3740,""Block"":""26"",""PostalCode"":""200026""}]","{""Latitude"":1.3061645599,""Longitude"":103.8577719011}"
CENTRAL AREA,269A,QUEEN ST,6,Unmatched,NormalizedAddress,Missing,BlockApproximation,HistoricalMarginal,[4394],{},"{""CacheKey"":""central-area-269a-queen-st"",""SearchValue"":""269A QUEEN ST SINGAPORE"",""Status"":""HistoricalFirstHit"",""Postal"":""181269"",""UpdatedAt"":""2026-05-24T10:57:12.989Z""}","[{""ObjectId"":939009,""EntityId"":5972,""Block"":""269A"",""PostalCode"":""181269""}]","{""Latitude"":1.3005292924,""Longitude"":103.8538261393}"
CENTRAL AREA,34,UPP CROSS ST,50,Unmatched,NormalizedAddress,Missing,BlockApproximation,HistoricalMarginal,[5865],{},"{""CacheKey"":""central-area-34-upp-cross-st"",""SearchValue"":""34 UPP CROSS ST SINGAPORE"",""Status"":""HistoricalFirstHit"",""Postal"":""050034"",""UpdatedAt"":""2026-05-24T10:40:02.827Z""}","[{""ObjectId"":940060,""EntityId"":5630,""Block"":""34"",""PostalCode"":""050034""}]","{""Latitude"":1.2862521965,""Longitude"":103.8423313635}"
CENTRAL AREA,4,TG PAGAR PLAZA,32,Unmatched,NormalizedAddress,Missing,BlockApproximation,HistoricalMarginal,[6525],{},"{""CacheKey"":""central-area-4-tg-pagar-plaza"",""SearchValue"":""4 TG PAGAR PLAZA SINGAPORE"",""Status"":""HistoricalFirstHit"",""Postal"":""081004"",""UpdatedAt"":""2026-05-24T10:35:02.890Z""}","[{""ObjectId"":947025,""EntityId"":7228,""Block"":""4"",""PostalCode"":""081004""}]","{""Latitude"":1.2759061521,""Longitude"":103.8427397586}"
CENTRAL AREA,637,VEERASAMY RD,17,Unmatched,NormalizedAddress,Missing,BlockApproximation,HistoricalMarginal,[10314],{},"{""CacheKey"":""central-area-637-veerasamy-rd"",""SearchValue"":""637 VEERASAMY RD SINGAPORE"",""Status"":""HistoricalFirstHit"",""Postal"":""200637"",""UpdatedAt"":""2026-05-24T10:52:41.912Z""}","[{""ObjectId"":947600,""EntityId"":4255,""Block"":""637"",""PostalCode"":""200637""}]","{""Latitude"":1.3070148782,""Longitude"":103.8556786991}"
CENTRAL AREA,639,ROWELL RD,20,Unmatched,NormalizedAddress,Missing,BlockApproximation,HistoricalMarginal,[10355],{},"{""CacheKey"":""central-area-639-rowell-rd"",""SearchValue"":""639 ROWELL RD SINGAPORE"",""Status"":""HistoricalFirstHit"",""Postal"":""200639"",""UpdatedAt"":""2026-05-24T11:01:57.385Z""}","[{""ObjectId"":943225,""EntityId"":6672,""Block"":""639"",""PostalCode"":""200639""}]","{""Latitude"":1.3077485556,""Longitude"":103.8552047855}"
CENTRAL AREA,8,JLN KUKOH,24,Unmatched,NormalizedAddress,Missing,BlockApproximation,HistoricalMarginal,[12064],{},"{""CacheKey"":""central-area-8-jln-kukoh"",""SearchValue"":""8 JLN KUKOH SINGAPORE"",""Status"":""HistoricalFirstHit"",""Postal"":""162008"",""UpdatedAt"":""2026-05-24T11:08:03.842Z""}","[{""ObjectId"":942043,""EntityId"":10439655,""Block"":""8"",""PostalCode"":""162008""}]","{""Latitude"":1.2873842313,""Longitude"":103.839411317}"
CENTRAL AREA,9,JLN KUKOH,28,Unmatched,NormalizedAddress,Missing,BlockApproximation,HistoricalMarginal,[12831],{},"{""CacheKey"":""central-area-9-jln-kukoh"",""SearchValue"":""9 JLN KUKOH SINGAPORE"",""Status"":""HistoricalFirstHit"",""Postal"":""160009"",""UpdatedAt"":""2026-05-24T10:28:29.339Z""}","[{""ObjectId"":947946,""EntityId"":10452937,""Block"":""9"",""PostalCode"":""160009""}]","{""Latitude"":1.2876741936,""Longitude"":103.8388510272}"
CHOA CHU KANG,10,TECK WHYE AVE,40,Unmatched,NormalizedAddress,Missing,BlockApproximation,HistoricalMarginal,[73],{},"{""CacheKey"":""choa-chu-kang-10-teck-whye-ave"",""SearchValue"":""10 TECK WHYE AVE SINGAPORE"",""Status"":""HistoricalFirstHit"",""Postal"":""680010"",""UpdatedAt"":""2026-05-24T10:40:02.827Z""}","[{""ObjectId"":941430,""EntityId"":10310,""Block"":""10"",""PostalCode"":""680010""}]","{""Latitude"":1.3801946568,""Longitude"":103.7553325759}"
CHOA CHU KANG,166B,TECK WHYE CRES,41,Unmatched,NormalizedAddress,Missing,BlockApproximation,HistoricalMarginal,[2131],{},"{""CacheKey"":""choa-chu-kang-166b-teck-whye-cres"",""SearchValue"":""166B TECK WHYE CRES SINGAPORE"",""Status"":""HistoricalFirstHit"",""Postal"":""682166"",""UpdatedAt"":""2026-05-24T11:25:10.925Z""}","[{""ObjectId"":947218,""EntityId"":10711,""Block"":""166B"",""PostalCode"":""682166""}]","{""Latitude"":1.3831481008,""Longitude"":103.7534912057}"
CHOA CHU KANG,605,CHOA CHU KANG ST 62,8,Unmatched,NormalizedAddress,Missing,BlockApproximation,HistoricalMarginal,[9748],{},"{""CacheKey"":""choa-chu-kang-605-choa-chu-kang-st-62"",""SearchValue"":""605 CHOA CHU KANG ST 62 SINGAPORE"",""Status"":""HistoricalFirstHit"",""Postal"":""680605"",""UpdatedAt"":""2026-05-24T11:25:10.925Z""}","[{""ObjectId"":939112,""EntityId"":11480,""Block"":""605"",""PostalCode"":""680605""}]","{""Latitude"":1.3981909805,""Longitude"":103.7435559156}"
CHOA CHU KANG,673A,CHOA CHU KANG CRES,28,Unmatched,NormalizedAddress,Missing,BlockApproximation,HistoricalMarginal,[10902],{},"{""CacheKey"":""choa-chu-kang-673a-choa-chu-kang-cres"",""SearchValue"":""673A CHOA CHU KANG CRES SINGAPORE"",""Status"":""HistoricalFirstHit"",""Postal"":""681673"",""UpdatedAt"":""2026-05-24T10:40:02.827Z""}","[{""ObjectId"":946915,""EntityId"":11730,""Block"":""673A"",""PostalCode"":""681673""}]","{""Latitude"":1.4011747774,""Longitude"":103.7475241549}"
CHOA CHU KANG,680,CHOA CHU KANG CRES,38,Unmatched,NormalizedAddress,Missing,BlockApproximation,HistoricalMarginal,[11005],{},"{""CacheKey"":""choa-chu-kang-680-choa-chu-kang-cres"",""SearchValue"":""680 CHOA CHU KANG CRES SINGAPORE"",""Status"":""HistoricalFirstHit"",""Postal"":""680680"",""UpdatedAt"":""2026-05-24T10:28:29.339Z""}","[{""ObjectId"":937864,""EntityId"":11731,""Block"":""680"",""PostalCode"":""680680""}]","{""Latitude"":1.4033372673,""Longitude"":103.7449634722}"
CHOA CHU KANG,683A,CHOA CHU KANG CRES,35,Unmatched,NormalizedAddress,Missing,BlockApproximation,HistoricalMarginal,[11046],{},"{""CacheKey"":""choa-chu-kang-683a-choa-chu-kang-cres"",""SearchValue"":""683A CHOA CHU KANG CRES SINGAPORE"",""Status"":""HistoricalFirstHit"",""Postal"":""681683"",""UpdatedAt"":""2026-05-24T10:48:02.033Z""}","[{""ObjectId"":944952,""EntityId"":11529,""Block"":""683A"",""PostalCode"":""681683""}]","{""Latitude"":1.4039386951,""Longitude"":103.7454924997}"
CHOA CHU KANG,761,CHOA CHU KANG NTH 5,10,Unmatched,NormalizedAddress,Missing,BlockApproximation,HistoricalMarginal,[11791],{},"{""CacheKey"":""choa-chu-kang-761-choa-chu-kang-nth-5"",""SearchValue"":""761 CHOA CHU KANG NTH 5 SINGAPORE"",""Status"":""HistoricalFirstHit"",""Postal"":""680761"",""UpdatedAt"":""2026-05-24T11:01:57.385Z""}","[{""ObjectId"":937110,""EntityId"":11626,""Block"":""761"",""PostalCode"":""680761""}]","{""Latitude"":1.3931062262,""Longitude"":103.7477542832}"
CLEMENTI,116,CLEMENTI ST 13,28,Unmatched,NormalizedAddress,Missing,BlockApproximation,HistoricalMarginal,[748],{},"{""CacheKey"":""clementi-116-clementi-st-13"",""SearchValue"":""116 CLEMENTI ST 13 SINGAPORE"",""Status"":""HistoricalFirstHit"",""Postal"":""120116"",""UpdatedAt"":""2026-05-24T10:40:02.827Z""}","[{""ObjectId"":946863,""EntityId"":8402,""Block"":""116"",""PostalCode"":""120116""}]","{""Latitude"":1.3243034418,""Longitude"":103.7720920444}"
CLEMENTI,607,CLEMENTI WEST ST 1,35,Unmatched,NormalizedAddress,Missing,BlockApproximation,HistoricalMarginal,[9780],{},"{""CacheKey"":""clementi-607-clementi-west-st-1"",""SearchValue"":""607 CLEMENTI WEST ST 1 SINGAPORE"",""Status"":""HistoricalFirstHit"",""Postal"":""120607"",""UpdatedAt"":""2026-05-24T10:28:29.339Z""}","[{""ObjectId"":944081,""EntityId"":2124,""Block"":""607"",""PostalCode"":""120607""}]","{""Latitude"":1.3042366775,""Longitude"":103.7678434764}"
CLEMENTI,712,CLEMENTI WEST ST 2,18,Unmatched,NormalizedAddress,Missing,BlockApproximation,HistoricalMarginal,[11402],{},"{""CacheKey"":""clementi-712-clementi-west-st-2"",""SearchValue"":""712 CLEMENTI WEST ST 2 SINGAPORE"",""Status"":""HistoricalFirstHit"",""Postal"":""120712"",""UpdatedAt"":""2026-05-24T10:52:41.912Z""}","[{""ObjectId"":944280,""EntityId"":12221,""Block"":""712"",""PostalCode"":""120712""}]","{""Latitude"":1.304976148,""Longitude"":103.7618688712}"
CLEMENTI,715,CLEMENTI WEST ST 2,52,Unmatched,NormalizedAddress,Missing,BlockApproximation,HistoricalMarginal,[11433],{},"{""CacheKey"":""clementi-715-clementi-west-st-2"",""SearchValue"":""715 CLEMENTI WEST ST 2 SINGAPORE"",""Status"":""HistoricalFirstHit"",""Postal"":""120715"",""UpdatedAt"":""2026-05-24T10:28:29.339Z""}","[{""ObjectId"":945065,""EntityId"":2330,""Block"":""715"",""PostalCode"":""120715""}]","{""Latitude"":1.3029608351,""Longitude"":103.7621195033}"
GEYLANG,109,ALJUNIED CRES,59,Unmatched,NormalizedAddress,Missing,BlockApproximation,HistoricalMarginal,[435],{},"{""CacheKey"":""geylang-109-aljunied-cres"",""SearchValue"":""109 ALJUNIED CRES SINGAPORE"",""Status"":""HistoricalFirstHit"",""Postal"":""380109"",""UpdatedAt"":""2026-05-24T10:52:41.912Z""}","[{""ObjectId"":937869,""EntityId"":6286,""Block"":""109"",""PostalCode"":""380109""}]","{""Latitude"":1.3194007419,""Longitude"":103.8844393791}"
GEYLANG,110,ALJUNIED CRES,16,Unmatched,NormalizedAddress,Missing,BlockApproximation,HistoricalMarginal,[502],{},"{""CacheKey"":""geylang-110-aljunied-cres"",""SearchValue"":""110 ALJUNIED CRES SINGAPORE"",""Status"":""HistoricalFirstHit"",""Postal"":""380110"",""UpdatedAt"":""2026-05-24T10:48:02.033Z""}","[{""ObjectId"":935891,""EntityId"":3634,""Block"":""110"",""PostalCode"":""380110""}]","{""Latitude"":1.3199828316,""Longitude"":103.8844388989}"
GEYLANG,17,EUNOS CRES,29,Unmatched,NormalizedAddress,Missing,BlockApproximation,HistoricalMarginal,[2191],{},"{""CacheKey"":""geylang-17-eunos-cres"",""SearchValue"":""17 EUNOS CRES SINGAPORE"",""Status"":""HistoricalFirstHit"",""Postal"":""400017"",""UpdatedAt"":""2026-05-24T11:01:57.385Z""}","[{""ObjectId"":939207,""EntityId"":2507,""Block"":""17"",""PostalCode"":""400017""}]","{""Latitude"":1.3233682533,""Longitude"":103.9044031502}"
GEYLANG,18D,CIRCUIT RD,55,Unmatched,NormalizedAddress,Missing,BlockApproximation,HistoricalMarginal,[2421],{},"{""CacheKey"":""geylang-18d-circuit-rd"",""SearchValue"":""18D CIRCUIT RD SINGAPORE"",""Status"":""HistoricalFirstHit"",""Postal"":""374018"",""UpdatedAt"":""2026-05-24T11:28:22.585Z""}","[{""ObjectId"":946446,""EntityId"":10119,""Block"":""18D"",""PostalCode"":""374018""}]","{""Latitude"":1.3294973886,""Longitude"":103.8891969815}"
GEYLANG,32,BALAM RD,32,Unmatched,NormalizedAddress,Missing,BlockApproximation,HistoricalMarginal,[5417],{},"{""CacheKey"":""geylang-32-balam-rd"",""SearchValue"":""32 BALAM RD SINGAPORE"",""Status"":""HistoricalFirstHit"",""Postal"":""370032"",""UpdatedAt"":""2026-05-24T11:01:57.385Z""}","[{""ObjectId"":943192,""EntityId"":2875,""Block"":""32"",""PostalCode"":""370032""}]","{""Latitude"":1.3293933049,""Longitude"":103.8869773686}"
GEYLANG,45,JLN TIGA,26,Unmatched,NormalizedAddress,Missing,BlockApproximation,HistoricalMarginal,[7593],{},"{""CacheKey"":""geylang-45-jln-tiga"",""SearchValue"":""45 JLN TIGA SINGAPORE"",""Status"":""HistoricalFirstHit"",""Postal"":""390045"",""UpdatedAt"":""2026-05-24T10:41:44.200Z""}","[{""ObjectId"":939010,""EntityId"":4433,""Block"":""45"",""PostalCode"":""390045""}]","{""Latitude"":1.3086723829,""Longitude"":103.8845375971}"
GEYLANG,53,PIPIT RD,30,Unmatched,NormalizedAddress,Missing,BlockApproximation,HistoricalMarginal,[8975],{},"{""CacheKey"":""geylang-53-pipit-rd"",""SearchValue"":""53 PIPIT RD SINGAPORE"",""Status"":""HistoricalFirstHit"",""Postal"":""370053"",""UpdatedAt"":""2026-05-24T10:35:02.890Z""}","[{""ObjectId"":944242,""EntityId"":11091,""Block"":""53"",""PostalCode"":""370053""}]","{""Latitude"":1.3241734875,""Longitude"":103.8866927228}"
GEYLANG,62,DAKOTA CRES,21,Unmatched,NormalizedAddress,Missing,BlockApproximation,HistoricalMarginal,[9994],{},"{""CacheKey"":""geylang-62-dakota-cres"",""SearchValue"":""62 DAKOTA CRES SINGAPORE"",""Status"":""HistoricalFirstHit"",""Postal"":""390062"",""UpdatedAt"":""2026-05-24T11:03:17.964Z""}","[{""ObjectId"":936655,""EntityId"":8531,""Block"":""62"",""PostalCode"":""390062""}]","{""Latitude"":1.3078700478,""Longitude"":103.8890693671}"
GEYLANG,7,PINE CL,30,Unmatched,NormalizedAddress,Missing,BlockApproximation,HistoricalMarginal,[11243],{},"{""CacheKey"":""geylang-7-pine-cl"",""SearchValue"":""7 PINE CL SINGAPORE"",""Status"":""HistoricalFirstHit"",""Postal"":""391007"",""UpdatedAt"":""2026-05-24T10:57:12.989Z""}","[{""ObjectId"":938266,""EntityId"":8724,""Block"":""7"",""PostalCode"":""391007""}]","{""Latitude"":1.3076491042,""Longitude"":103.8825186677}"
GEYLANG,70,CIRCUIT RD,22,Unmatched,NormalizedAddress,Missing,BlockApproximation,HistoricalMarginal,[11257],{},"{""CacheKey"":""geylang-70-circuit-rd"",""SearchValue"":""70 CIRCUIT RD SINGAPORE"",""Status"":""HistoricalFirstHit"",""Postal"":""370070"",""UpdatedAt"":""2026-05-24T11:21:34.655Z""}","[{""ObjectId"":936794,""EntityId"":3552,""Block"":""70"",""PostalCode"":""370070""}]","{""Latitude"":1.3251959093,""Longitude"":103.8880387603}"
GEYLANG,842,SIMS AVE,16,Unmatched,NormalizedAddress,Missing,BlockApproximation,HistoricalMarginal,[12439],{},"{""CacheKey"":""geylang-842-sims-ave"",""SearchValue"":""842 SIMS AVE SINGAPORE"",""Status"":""HistoricalFirstHit"",""Postal"":""400842"",""UpdatedAt"":""2026-05-24T11:09:41.329Z""}","[{""ObjectId"":939383,""EntityId"":4107,""Block"":""842"",""PostalCode"":""400842""}]","{""Latitude"":1.3181076066,""Longitude"":103.9016099904}"
GEYLANG,846,SIMS AVE,22,Unmatched,NormalizedAddress,Missing,BlockApproximation,HistoricalMarginal,[12464],{},"{""CacheKey"":""geylang-846-sims-ave"",""SearchValue"":""846 SIMS AVE SINGAPORE"",""Status"":""HistoricalFirstHit"",""Postal"":""400846"",""UpdatedAt"":""2026-05-24T11:00:32.819Z""}","[{""ObjectId"":948451,""EntityId"":8688,""Block"":""846"",""PostalCode"":""400846""}]","{""Latitude"":1.317482563,""Longitude"":103.9017072157}"
GEYLANG,98,ALJUNIED CRES,14,Unmatched,NormalizedAddress,Missing,BlockApproximation,HistoricalMarginal,[13248],{},"{""CacheKey"":""geylang-98-aljunied-cres"",""SearchValue"":""98 ALJUNIED CRES SINGAPORE"",""Status"":""HistoricalFirstHit"",""Postal"":""380098"",""UpdatedAt"":""2026-05-24T11:12:56.744Z""}","[{""ObjectId"":939967,""EntityId"":11046,""Block"":""98"",""PostalCode"":""380098""}]","{""Latitude"":1.3208657159,""Longitude"":103.885697748}"
HOUGANG,244,HOUGANG ST 22,32,Unmatched,NormalizedAddress,Missing,BlockApproximation,HistoricalMarginal,[3935],{},"{""CacheKey"":""hougang-244-hougang-st-22"",""SearchValue"":""244 HOUGANG ST 22 SINGAPORE"",""Status"":""HistoricalFirstHit"",""Postal"":""530244"",""UpdatedAt"":""2026-05-24T10:52:41.912Z""}","[{""ObjectId"":944119,""EntityId"":8315,""Block"":""244"",""PostalCode"":""530244""}]","{""Latitude"":1.3582201158,""Longitude"":103.8919468467}"
HOUGANG,245,HOUGANG ST 22,17,Unmatched,NormalizedAddress,Missing,BlockApproximation,HistoricalMarginal,[3951],{},"{""CacheKey"":""hougang-245-hougang-st-22"",""SearchValue"":""245 HOUGANG ST 22 SINGAPORE"",""Status"":""HistoricalFirstHit"",""Postal"":""530245"",""UpdatedAt"":""2026-05-24T11:14:33.932Z""}","[{""ObjectId"":939925,""EntityId"":6293,""Block"":""245"",""PostalCode"":""530245""}]","{""Latitude"":1.3584074629,""Longitude"":103.8917219609}"
HOUGANG,365A,UPP SERANGOON RD,59,Unmatched,NormalizedAddress,Missing,BlockApproximation,HistoricalMarginal,[6242],{},"{""CacheKey"":""hougang-365a-upp-serangoon-rd"",""SearchValue"":""365A UPP SERANGOON RD SINGAPORE"",""Status"":""HistoricalFirstHit"",""Postal"":""531365"",""UpdatedAt"":""2026-05-24T11:29:58.778Z""}","[{""ObjectId"":948830,""EntityId"":11053815,""Block"":""365A"",""PostalCode"":""531365""}]","{""Latitude"":1.3698372316,""Longitude"":103.8975145899}"
HOUGANG,473D,UPP SERANGOON CRES,56,Unmatched,NormalizedAddress,Missing,BlockApproximation,HistoricalMarginal,[8064],{},"{""CacheKey"":""hougang-473d-upp-serangoon-cres"",""SearchValue"":""473D UPP SERANGOON CRES SINGAPORE"",""Status"":""HistoricalFirstHit"",""Postal"":""538473"",""UpdatedAt"":""2026-05-24T11:29:58.778Z""}","[{""ObjectId"":944992,""EntityId"":11051640,""Block"":""473D"",""PostalCode"":""538473""}]","{""Latitude"":1.3767575671,""Longitude"":103.9018153019}"
HOUGANG,563,HOUGANG ST 51,16,Unmatched,NormalizedAddress,Missing,BlockApproximation,HistoricalMarginal,[9386],{},"{""CacheKey"":""hougang-563-hougang-st-51"",""SearchValue"":""563 HOUGANG ST 51 SINGAPORE"",""Status"":""HistoricalFirstHit"",""Postal"":""530563"",""UpdatedAt"":""2026-05-24T10:41:44.200Z""}","[{""ObjectId"":943783,""EntityId"":2450,""Block"":""563"",""PostalCode"":""530563""}]","{""Latitude"":1.3799662274,""Longitude"":103.8887458658}"
HOUGANG,571,HOUGANG ST 51,22,Unmatched,NormalizedAddress,Missing,BlockApproximation,HistoricalMarginal,[9453],{},"{""CacheKey"":""hougang-571-hougang-st-51"",""SearchValue"":""571 HOUGANG ST 51 SINGAPORE"",""Status"":""HistoricalFirstHit"",""Postal"":""530571"",""UpdatedAt"":""2026-05-24T10:48:02.033Z""}","[{""ObjectId"":945659,""EntityId"":6145,""Block"":""571"",""PostalCode"":""530571""}]","{""Latitude"":1.3783989499,""Longitude"":103.8880864909}"
HOUGANG,698C,HOUGANG ST 52,12,Unmatched,NormalizedAddress,Missing,BlockApproximation,HistoricalMarginal,[11216],{},"{""CacheKey"":""hougang-698c-hougang-st-52"",""SearchValue"":""698C HOUGANG ST 52 SINGAPORE"",""Status"":""HistoricalFirstHit"",""Postal"":""533698"",""UpdatedAt"":""2026-05-24T11:04:47.102Z""}","[{""ObjectId"":937242,""EntityId"":7187,""Block"":""698C"",""PostalCode"":""533698""}]","{""Latitude"":1.3753672805,""Longitude"":103.8883104147}"
HOUGANG,939,HOUGANG ST 92,18,Unmatched,NormalizedAddress,Missing,BlockApproximation,HistoricalMarginal,[13035],{},"{""CacheKey"":""hougang-939-hougang-st-92"",""SearchValue"":""939 HOUGANG ST 92 SINGAPORE"",""Status"":""HistoricalFirstHit"",""Postal"":""530939"",""UpdatedAt"":""2026-05-24T11:00:32.819Z""}","[{""ObjectId"":944935,""EntityId"":8221,""Block"":""939"",""PostalCode"":""530939""}]","{""Latitude"":1.3739648892,""Longitude"":103.8797126351}"
HOUGANG,986B,BUANGKOK CRES,58,Unmatched,NormalizedAddress,Missing,BlockApproximation,HistoricalMarginal,[13280],{},"{""CacheKey"":""hougang-986b-buangkok-cres"",""SearchValue"":""986B BUANGKOK CRES SINGAPORE"",""Status"":""HistoricalFirstHit"",""Postal"":""532986"",""UpdatedAt"":""2026-05-24T10:35:02.890Z""}","[{""ObjectId"":946303,""EntityId"":9750,""Block"":""986B"",""PostalCode"":""532986""}]","{""Latitude"":1.3822583412,""Longitude"":103.8801415217}"
JURONG EAST,104,JURONG EAST ST 13,4,Unmatched,NormalizedAddress,Missing,BlockApproximation,HistoricalMarginal,[238],{},"{""CacheKey"":""jurong-east-104-jurong-east-st-13"",""SearchValue"":""104 JURONG EAST ST 13 SINGAPORE"",""Status"":""HistoricalFirstHit"",""Postal"":""600104"",""UpdatedAt"":""2026-05-24T11:17:58.617Z""}","[{""ObjectId"":947920,""EntityId"":6887,""Block"":""104"",""PostalCode"":""600104""}]","{""Latitude"":1.3365812595,""Longitude"":103.7376013557}"
JURONG EAST,210,JURONG EAST ST 21,60,Unmatched,NormalizedAddress,Missing,BlockApproximation,HistoricalMarginal,[3106],{},"{""CacheKey"":""jurong-east-210-jurong-east-st-21"",""SearchValue"":""210 JURONG EAST ST 21 SINGAPORE"",""Status"":""HistoricalFirstHit"",""Postal"":""600210"",""UpdatedAt"":""2026-05-24T10:48:02.033Z""}","[{""ObjectId"":937440,""EntityId"":5847,""Block"":""210"",""PostalCode"":""600210""}]","{""Latitude"":1.3388877318,""Longitude"":103.7388103272}"
JURONG EAST,22,TEBAN GDNS RD,69,Unmatched,NormalizedAddress,Missing,BlockApproximation,HistoricalMarginal,[3378],{},"{""CacheKey"":""jurong-east-22-teban-gdns-rd"",""SearchValue"":""22 TEBAN GDNS RD SINGAPORE"",""Status"":""HistoricalFirstHit"",""Postal"":""600022"",""UpdatedAt"":""2026-05-24T10:28:29.339Z""}","[{""ObjectId"":937812,""EntityId"":7982,""Block"":""22"",""PostalCode"":""600022""}]","{""Latitude"":1.3228042987,""Longitude"":103.7398576402}"
JURONG EAST,220,JURONG EAST ST 21,16,Unmatched,NormalizedAddress,Missing,BlockApproximation,HistoricalMarginal,[3393],{},"{""CacheKey"":""jurong-east-220-jurong-east-st-21"",""SearchValue"":""220 JURONG EAST ST 21 SINGAPORE"",""Status"":""HistoricalFirstHit"",""Postal"":""600220"",""UpdatedAt"":""2026-05-24T11:25:10.925Z""}","[{""ObjectId"":937285,""EntityId"":10977,""Block"":""220"",""PostalCode"":""600220""}]","{""Latitude"":1.3410725446,""Longitude"":103.7374707915}"
JURONG EAST,231,JURONG EAST ST 21,37,Unmatched,NormalizedAddress,Missing,BlockApproximation,HistoricalMarginal,[3690],{},"{""CacheKey"":""jurong-east-231-jurong-east-st-21"",""SearchValue"":""231 JURONG EAST ST 21 SINGAPORE"",""Status"":""HistoricalFirstHit"",""Postal"":""600231"",""UpdatedAt"":""2026-05-24T10:28:29.339Z""}","[{""ObjectId"":943768,""EntityId"":2892,""Block"":""231"",""PostalCode"":""600231""}]","{""Latitude"":1.3411253968,""Longitude"":103.7380896739}"
JURONG EAST,24,TEBAN GDNS RD,18,Unmatched,NormalizedAddress,Missing,BlockApproximation,HistoricalMarginal,[3869],{},"{""CacheKey"":""jurong-east-24-teban-gdns-rd"",""SearchValue"":""24 TEBAN GDNS RD SINGAPORE"",""Status"":""HistoricalFirstHit"",""Postal"":""600024"",""UpdatedAt"":""2026-05-24T10:52:41.912Z""}","[{""ObjectId"":945269,""EntityId"":5808,""Block"":""24"",""PostalCode"":""600024""}]","{""Latitude"":1.3234936886,""Longitude"":103.7378819557}"
JURONG EAST,265,TOH GUAN RD,40,Unmatched,NormalizedAddress,Missing,BlockApproximation,HistoricalMarginal,[4307],{},"{""CacheKey"":""jurong-east-265-toh-guan-rd"",""SearchValue"":""265 TOH GUAN RD SINGAPORE"",""Status"":""HistoricalFirstHit"",""Postal"":""600265"",""UpdatedAt"":""2026-05-24T10:28:29.339Z""}","[{""ObjectId"":942643,""EntityId"":6903,""Block"":""265"",""PostalCode"":""600265""}]","{""Latitude"":1.3406978072,""Longitude"":103.7445801525}"
JURONG EAST,266,TOH GUAN RD,15,Unmatched,NormalizedAddress,Missing,BlockApproximation,HistoricalMarginal,[4328],{},"{""CacheKey"":""jurong-east-266-toh-guan-rd"",""SearchValue"":""266 TOH GUAN RD SINGAPORE"",""Status"":""HistoricalFirstHit"",""Postal"":""600266"",""UpdatedAt"":""2026-05-24T11:00:32.819Z""}","[{""ObjectId"":936770,""EntityId"":5175,""Block"":""266"",""PostalCode"":""600266""}]","{""Latitude"":1.3411509597,""Longitude"":103.7443434482}"
JURONG EAST,285D,TOH GUAN RD,21,Unmatched,NormalizedAddress,Missing,BlockApproximation,HistoricalMarginal,[4675],{},"{""CacheKey"":""jurong-east-285d-toh-guan-rd"",""SearchValue"":""285D TOH GUAN RD SINGAPORE"",""Status"":""HistoricalFirstHit"",""Postal"":""604285"",""UpdatedAt"":""2026-05-24T10:35:02.890Z""}","[{""ObjectId"":948173,""EntityId"":8578,""Block"":""285D"",""PostalCode"":""604285""}]","{""Latitude"":1.3379973617,""Longitude"":103.7459356552}"
JURONG EAST,287C,JURONG EAST ST 21,25,Unmatched,NormalizedAddress,Missing,BlockApproximation,HistoricalMarginal,[4702],{},"{""CacheKey"":""jurong-east-287c-jurong-east-st-21"",""SearchValue"":""287C JURONG EAST ST 21 SINGAPORE"",""Status"":""HistoricalFirstHit"",""Postal"":""603287"",""UpdatedAt"":""2026-05-24T10:35:02.890Z""}","[{""ObjectId"":945132,""EntityId"":8813,""Block"":""287C"",""PostalCode"":""603287""}]","{""Latitude"":1.337988455,""Longitude"":103.7448742394}"
JURONG EAST,288C,JURONG EAST ST 21,17,Unmatched,NormalizedAddress,Missing,BlockApproximation,HistoricalMarginal,[4721],{},"{""CacheKey"":""jurong-east-288c-jurong-east-st-21"",""SearchValue"":""288C JURONG EAST ST 21 SINGAPORE"",""Status"":""HistoricalFirstHit"",""Postal"":""603288"",""UpdatedAt"":""2026-05-24T11:25:10.925Z""}","[{""ObjectId"":939370,""EntityId"":3137,""Block"":""288C"",""PostalCode"":""603288""}]","{""Latitude"":1.3395232766,""Longitude"":103.743478479}"
JURONG EAST,371,JURONG EAST ST 32,67,Unmatched,NormalizedAddress,Missing,BlockApproximation,HistoricalMarginal,[6310],{},"{""CacheKey"":""jurong-east-371-jurong-east-st-32"",""SearchValue"":""371 JURONG EAST ST 32 SINGAPORE"",""Status"":""HistoricalFirstHit"",""Postal"":""600371"",""UpdatedAt"":""2026-05-24T11:12:56.744Z""}","[{""ObjectId"":936834,""EntityId"":9232,""Block"":""371"",""PostalCode"":""600371""}]","{""Latitude"":1.3483306543,""Longitude"":103.7319015466}"
JURONG EAST,372,JURONG EAST ST 32,72,Unmatched,NormalizedAddress,Missing,BlockApproximation,HistoricalMarginal,[6320],{},"{""CacheKey"":""jurong-east-372-jurong-east-st-32"",""SearchValue"":""372 JURONG EAST ST 32 SINGAPORE"",""Status"":""HistoricalFirstHit"",""Postal"":""600372"",""UpdatedAt"":""2026-05-24T11:09:41.329Z""}","[{""ObjectId"":941125,""EntityId"":2902,""Block"":""372"",""PostalCode"":""600372""}]","{""Latitude"":1.348667156,""Longitude"":103.7317931284}"
JURONG WEST,112,HO CHING RD,25,Unmatched,NormalizedAddress,Missing,BlockApproximation,HistoricalMarginal,[588],{},"{""CacheKey"":""jurong-west-112-ho-ching-rd"",""SearchValue"":""112 HO CHING RD SINGAPORE"",""Status"":""HistoricalFirstHit"",""Postal"":""610112"",""UpdatedAt"":""2026-05-24T10:48:02.033Z""}","[{""ObjectId"":936370,""EntityId"":8181,""Block"":""112"",""PostalCode"":""610112""}]","{""Latitude"":1.333885468,""Longitude"":103.7236884529}"
JURONG WEST,150A,CORPORATION DR,62,Unmatched,NormalizedAddress,Missing,BlockApproximation,HistoricalMarginal,[1789],{},"{""CacheKey"":""jurong-west-150a-corporation-dr"",""SearchValue"":""150A CORPORATION DR SINGAPORE"",""Status"":""HistoricalFirstHit"",""Postal"":""611150"",""UpdatedAt"":""2026-05-24T11:31:25.798Z""}","[{""ObjectId"":943908,""EntityId"":11052058,""Block"":""150A"",""PostalCode"":""611150""}]","{""Latitude"":1.3267715479,""Longitude"":103.7221893292}"
JURONG WEST,163,YUNG PING RD,21,Unmatched,NormalizedAddress,Missing,BlockApproximation,HistoricalMarginal,[2067],{},"{""CacheKey"":""jurong-west-163-yung-ping-rd"",""SearchValue"":""163 YUNG PING RD SINGAPORE"",""Status"":""HistoricalFirstHit"",""Postal"":""610163"",""UpdatedAt"":""2026-05-24T11:12:56.744Z""}","[{""ObjectId"":942329,""EntityId"":3550,""Block"":""163"",""PostalCode"":""610163""}]","{""Latitude"":1.3301471166,""Longitude"":103.7226634163}"
JURONG WEST,164A,YUNG KUANG RD,15,Unmatched,NormalizedAddress,Missing,BlockApproximation,HistoricalMarginal,[2091],{},"{""CacheKey"":""jurong-west-164a-yung-kuang-rd"",""SearchValue"":""164A YUNG KUANG RD SINGAPORE"",""Status"":""HistoricalFirstHit"",""Postal"":""611164"",""UpdatedAt"":""2026-05-24T11:29:58.778Z""}","[{""ObjectId"":942208,""EntityId"":11050975,""Block"":""164A"",""PostalCode"":""611164""}]","{""Latitude"":1.3302391365,""Longitude"":103.7218755002}"
JURONG WEST,187,BOON LAY AVE,134,Unmatched,NormalizedAddress,Missing,BlockApproximation,HistoricalMarginal,[2563],{},"{""CacheKey"":""jurong-west-187-boon-lay-ave"",""SearchValue"":""187 BOON LAY AVE SINGAPORE"",""Status"":""HistoricalFirstHit"",""Postal"":""640187"",""UpdatedAt"":""2026-05-24T10:41:44.200Z""}","[{""ObjectId"":947361,""EntityId"":9734,""Block"":""187"",""PostalCode"":""640187""}]","{""Latitude"":1.3451721238,""Longitude"":103.710496782}"
JURONG WEST,332,TAH CHING RD,7,Unmatched,NormalizedAddress,Missing,BlockApproximation,HistoricalMarginal,[5693],{},"{""CacheKey"":""jurong-west-332-tah-ching-rd"",""SearchValue"":""332 TAH CHING RD SINGAPORE"",""Status"":""HistoricalFirstHit"",""Postal"":""610332"",""UpdatedAt"":""2026-05-24T11:17:58.617Z""}","[{""ObjectId"":936490,""EntityId"":6110,""Block"":""332"",""PostalCode"":""610332""}]","{""Latitude"":1.3385480438,""Longitude"":103.723798817}"
JURONG WEST,347,KANG CHING RD,22,Unmatched,NormalizedAddress,Missing,BlockApproximation,HistoricalMarginal,[5952],{},"{""CacheKey"":""jurong-west-347-kang-ching-rd"",""SearchValue"":""347 KANG CHING RD SINGAPORE"",""Status"":""HistoricalFirstHit"",""Postal"":""610347"",""UpdatedAt"":""2026-05-24T11:11:16.828Z""}","[{""ObjectId"":948819,""EntityId"":8106,""Block"":""347"",""PostalCode"":""610347""}]","{""Latitude"":1.3405265271,""Longitude"":103.7202000074}"
JURONG WEST,560A,JURONG WEST ST 42,38,Unmatched,NormalizedAddress,Missing,BlockApproximation,HistoricalMarginal,[9364],{},"{""CacheKey"":""jurong-west-560a-jurong-west-st-42"",""SearchValue"":""560A JURONG WEST ST 42 SINGAPORE"",""Status"":""HistoricalFirstHit"",""Postal"":""641560"",""UpdatedAt"":""2026-05-24T11:29:58.778Z""}","[{""ObjectId"":946291,""EntityId"":11051130,""Block"":""560A"",""PostalCode"":""641560""}]","{""Latitude"":1.3533235751,""Longitude"":103.7198290599}"
JURONG WEST,648C,JURONG WEST ST 61,22,Unmatched,NormalizedAddress,Missing,BlockApproximation,HistoricalMarginal,[10508],{},"{""CacheKey"":""jurong-west-648c-jurong-west-st-61"",""SearchValue"":""648C JURONG WEST ST 61 SINGAPORE"",""Status"":""HistoricalFirstHit"",""Postal"":""643648"",""UpdatedAt"":""2026-05-24T10:52:41.912Z""}","[{""ObjectId"":941459,""EntityId"":169,""Block"":""648C"",""PostalCode"":""643648""}]","{""Latitude"":1.3389905776,""Longitude"":103.697868012}"
JURONG WEST,654B,JURONG WEST ST 61,36,Unmatched,NormalizedAddress,Missing,BlockApproximation,HistoricalMarginal,[10595],{},"{""CacheKey"":""jurong-west-654b-jurong-west-st-61"",""SearchValue"":""654B JURONG WEST ST 61 SINGAPORE"",""Status"":""HistoricalFirstHit"",""Postal"":""642654"",""UpdatedAt"":""2026-05-24T10:54:09.287Z""}","[{""ObjectId"":945195,""EntityId"":3679,""Block"":""654B"",""PostalCode"":""642654""}]","{""Latitude"":1.3361621391,""Longitude"":103.6978156721}"
JURONG WEST,669C,JURONG WEST ST 64,28,Unmatched,NormalizedAddress,Missing,BlockApproximation,HistoricalMarginal,[10838],{},"{""CacheKey"":""jurong-west-669c-jurong-west-st-64"",""SearchValue"":""669C JURONG WEST ST 64 SINGAPORE"",""Status"":""HistoricalFirstHit"",""Postal"":""643669"",""UpdatedAt"":""2026-05-24T10:54:09.287Z""}","[{""ObjectId"":940004,""EntityId"":3547,""Block"":""669C"",""PostalCode"":""643669""}]","{""Latitude"":1.3433961464,""Longitude"":103.7027188902}"
JURONG WEST,990C,JURONG WEST ST 93,13,Unmatched,NormalizedAddress,Missing,BlockApproximation,HistoricalMarginal,[13319],{},"{""CacheKey"":""jurong-west-990c-jurong-west-st-93"",""SearchValue"":""990C JURONG WEST ST 93 SINGAPORE"",""Status"":""HistoricalFirstHit"",""Postal"":""643990"",""UpdatedAt"":""2026-05-24T10:52:41.912Z""}","[{""ObjectId"":943810,""EntityId"":3683,""Block"":""990C"",""PostalCode"":""643990""}]","{""Latitude"":1.335481062,""Longitude"":103.6945473612}"
KALLANG/WHAMPOA,105,JLN RAJAH,25,Unmatched,NormalizedAddress,Missing,BlockApproximation,HistoricalMarginal,[281],{},"{""CacheKey"":""kallang-whampoa-105-jln-rajah"",""SearchValue"":""105 JLN RAJAH SINGAPORE"",""Status"":""HistoricalFirstHit"",""Postal"":""320105"",""UpdatedAt"":""2026-05-24T10:29:59.082Z""}","[{""ObjectId"":940338,""EntityId"":8337,""Block"":""105"",""PostalCode"":""320105""}]","{""Latitude"":1.3283581885,""Longitude"":103.8538658873}"
KALLANG/WHAMPOA,106,TOWNER RD,17,Unmatched,NormalizedAddress,Missing,BlockApproximation,HistoricalMarginal,[335],{},"{""CacheKey"":""kallang-whampoa-106-towner-rd"",""SearchValue"":""106 TOWNER RD SINGAPORE"",""Status"":""HistoricalFirstHit"",""Postal"":""322106"",""UpdatedAt"":""2026-05-24T10:57:12.989Z""}","[{""ObjectId"":947405,""EntityId"":5728,""Block"":""106"",""PostalCode"":""322106""}]","{""Latitude"":1.3210046292,""Longitude"":103.8610162872}"
KALLANG/WHAMPOA,110,MCNAIR RD,28,Unmatched,NormalizedAddress,Missing,BlockApproximation,HistoricalMarginal,[519],{},"{""CacheKey"":""kallang-whampoa-110-mcnair-rd"",""SearchValue"":""110 MCNAIR RD SINGAPORE"",""Status"":""HistoricalFirstHit"",""Postal"":""320110"",""UpdatedAt"":""2026-05-24T10:48:02.033Z""}","[{""ObjectId"":936266,""EntityId"":6006,""Block"":""110"",""PostalCode"":""320110""}]","{""Latitude"":1.321982386,""Longitude"":103.858878819}"
KALLANG/WHAMPOA,116B,JLN TENTERAM,66,Unmatched,NormalizedAddress,Missing,BlockApproximation,HistoricalMarginal,[772],{},"{""CacheKey"":""kallang-whampoa-116b-jln-tenteram"",""SearchValue"":""116B JLN TENTERAM SINGAPORE"",""Status"":""HistoricalFirstHit"",""Postal"":""322116"",""UpdatedAt"":""2026-05-24T11:29:58.778Z""}","[{""ObjectId"":941032,""EntityId"":10912,""Block"":""116B"",""PostalCode"":""322116""}]","{""Latitude"":1.3276357524,""Longitude"":103.860807413}"
KALLANG/WHAMPOA,122,MCNAIR RD,14,Unmatched,NormalizedAddress,Missing,BlockApproximation,HistoricalMarginal,[1023],{},"{""CacheKey"":""kallang-whampoa-122-mcnair-rd"",""SearchValue"":""122 MCNAIR RD SINGAPORE"",""Status"":""HistoricalFirstHit"",""Postal"":""320122"",""UpdatedAt"":""2026-05-24T11:17:58.617Z""}","[{""ObjectId"":941455,""EntityId"":6026,""Block"":""122"",""PostalCode"":""320122""}]","{""Latitude"":1.3187847714,""Longitude"":103.8569901109}"
KALLANG/WHAMPOA,16,UPP BOON KENG RD,45,Unmatched,NormalizedAddress,Missing,BlockApproximation,HistoricalMarginal,[1990],{},"{""CacheKey"":""kallang-whampoa-16-upp-boon-keng-rd"",""SearchValue"":""16 UPP BOON KENG RD SINGAPORE"",""Status"":""HistoricalFirstHit"",""Postal"":""380016"",""UpdatedAt"":""2026-05-24T10:29:59.082Z""}","[{""ObjectId"":946017,""EntityId"":3253,""Block"":""16"",""PostalCode"":""380016""}]","{""Latitude"":1.3154506702,""Longitude"":103.8716515738}"
KALLANG/WHAMPOA,38D,BENDEMEER RD,43,Unmatched,NormalizedAddress,Missing,BlockApproximation,HistoricalMarginal,[6412],{},"{""CacheKey"":""kallang-whampoa-38d-bendemeer-rd"",""SearchValue"":""38D BENDEMEER RD SINGAPORE"",""Status"":""HistoricalFirstHit"",""Postal"":""334038"",""UpdatedAt"":""2026-05-24T10:29:59.082Z""}","[{""ObjectId"":946046,""EntityId"":3130,""Block"":""38D"",""PostalCode"":""334038""}]","{""Latitude"":1.3217534269,""Longitude"":103.8668539295}"
KALLANG/WHAMPOA,3D,UPP BOON KENG RD,33,Unmatched,NormalizedAddress,Missing,BlockApproximation,HistoricalMarginal,[4935],{},"{""CacheKey"":""kallang-whampoa-3d-upp-boon-keng-rd"",""SearchValue"":""3D UPP BOON KENG RD SINGAPORE"",""Status"":""HistoricalFirstHit"",""Postal"":""384003"",""UpdatedAt"":""2026-05-24T10:49:41.736Z""}","[{""ObjectId"":937149,""EntityId"":2873,""Block"":""3D"",""PostalCode"":""384003""}]","{""Latitude"":1.3133695186,""Longitude"":103.8728376492}"
KALLANG/WHAMPOA,48,BENDEMEER RD,18,Unmatched,NormalizedAddress,Missing,BlockApproximation,HistoricalMarginal,[8145],{},"{""CacheKey"":""kallang-whampoa-48-bendemeer-rd"",""SearchValue"":""48 BENDEMEER RD SINGAPORE"",""Status"":""HistoricalFirstHit"",""Postal"":""330048"",""UpdatedAt"":""2026-05-24T11:00:32.819Z""}","[{""ObjectId"":946980,""EntityId"":3379,""Block"":""48"",""PostalCode"":""330048""}]","{""Latitude"":1.3232834689,""Longitude"":103.8663030397}"
KALLANG/WHAMPOA,6,BEACH RD,16,Unmatched,NormalizedAddress,Missing,BlockApproximation,HistoricalMarginal,[9622],{},"{""CacheKey"":""kallang-whampoa-6-beach-rd"",""SearchValue"":""6 BEACH RD SINGAPORE"",""Status"":""HistoricalFirstHit"",""Postal"":""190006"",""UpdatedAt"":""2026-05-24T10:54:09.287Z""}","[{""ObjectId"":944835,""EntityId"":3181,""Block"":""6"",""PostalCode"":""190006""}]","{""Latitude"":1.303993075,""Longitude"":103.8644177188}"
KALLANG/WHAMPOA,7,JLN BATU,26,Unmatched,NormalizedAddress,Missing,BlockApproximation,HistoricalMarginal,[11233],{},"{""CacheKey"":""kallang-whampoa-7-jln-batu"",""SearchValue"":""7 JLN BATU SINGAPORE"",""Status"":""HistoricalFirstHit"",""Postal"":""431007"",""UpdatedAt"":""2026-05-24T10:29:59.082Z""}","[{""ObjectId"":944162,""EntityId"":2679,""Block"":""7"",""PostalCode"":""431007""}]","{""Latitude"":1.3023725375,""Longitude"":103.8836003675}"
KALLANG/WHAMPOA,75,WHAMPOA DR,59,Unmatched,NormalizedAddress,Missing,BlockApproximation,HistoricalMarginal,[11707],{},"{""CacheKey"":""kallang-whampoa-75-whampoa-dr"",""SearchValue"":""75 WHAMPOA DR SINGAPORE"",""Status"":""HistoricalFirstHit"",""Postal"":""320075"",""UpdatedAt"":""2026-05-24T10:41:44.200Z""}","[{""ObjectId"":941987,""EntityId"":4989,""Block"":""75"",""PostalCode"":""320075""}]","{""Latitude"":1.3244285193,""Longitude"":103.858179289}"
KALLANG/WHAMPOA,8,BOON KENG RD,97,Unmatched,NormalizedAddress,Missing,BlockApproximation,HistoricalMarginal,[12054],{},"{""CacheKey"":""kallang-whampoa-8-boon-keng-rd"",""SearchValue"":""8 BOON KENG RD SINGAPORE"",""Status"":""HistoricalFirstHit"",""Postal"":""330008"",""UpdatedAt"":""2026-05-24T10:35:02.890Z""}","[{""ObjectId"":936373,""EntityId"":4409,""Block"":""8"",""PostalCode"":""330008""}]","{""Latitude"":1.3164540268,""Longitude"":103.8615879524}"
KALLANG/WHAMPOA,8,JLN BATU,22,Unmatched,NormalizedAddress,Missing,BlockApproximation,HistoricalMarginal,[12062],{},"{""CacheKey"":""kallang-whampoa-8-jln-batu"",""SearchValue"":""8 JLN BATU SINGAPORE"",""Status"":""HistoricalFirstHit"",""Postal"":""431008"",""UpdatedAt"":""2026-05-24T10:41:44.200Z""}","[{""ObjectId"":947472,""EntityId"":7043,""Block"":""8"",""PostalCode"":""431008""}]","{""Latitude"":1.3026356681,""Longitude"":103.8831798981}"
KALLANG/WHAMPOA,805,KING GEORGE'S AVE,10,Unmatched,NormalizedAddress,Missing,BlockApproximation,HistoricalMarginal,[12152],{},"{""CacheKey"":""kallang-whampoa-805-king-george-s-ave"",""SearchValue"":""805 KING GEORGE'S AVE SINGAPORE"",""Status"":""HistoricalFirstHit"",""Postal"":""200805"",""UpdatedAt"":""2026-05-24T11:25:10.925Z""}","[{""ObjectId"":947351,""EntityId"":12214,""Block"":""805"",""PostalCode"":""200805""}]","{""Latitude"":1.3082750244,""Longitude"":103.8608954846}"
KALLANG/WHAMPOA,9,JLN BATU,27,Unmatched,NormalizedAddress,Missing,BlockApproximation,HistoricalMarginal,[12830],{},"{""CacheKey"":""kallang-whampoa-9-jln-batu"",""SearchValue"":""9 JLN BATU SINGAPORE"",""Status"":""HistoricalFirstHit"",""Postal"":""431009"",""UpdatedAt"":""2026-05-24T10:35:02.890Z""}","[{""ObjectId"":945405,""EntityId"":60,""Block"":""9"",""PostalCode"":""431009""}]","{""Latitude"":1.3028352286,""Longitude"":103.8829778451}"
MARINE PARADE,1,MARINE TER,25,Unmatched,NormalizedAddress,Missing,BlockApproximation,HistoricalMarginal,[23],{},"{""CacheKey"":""marine-parade-1-marine-ter"",""SearchValue"":""1 MARINE TER SINGAPORE"",""Status"":""HistoricalFirstHit"",""Postal"":""440001"",""UpdatedAt"":""2026-05-24T10:54:09.287Z""}","[{""ObjectId"":949024,""EntityId"":2596,""Block"":""1"",""PostalCode"":""440001""}]","{""Latitude"":1.3048281072,""Longitude"":103.9186148784}"
MARINE PARADE,15,MARINE TER,3,Unmatched,NormalizedAddress,Missing,BlockApproximation,HistoricalMarginal,[1762],{},"{""CacheKey"":""marine-parade-15-marine-ter"",""SearchValue"":""15 MARINE TER SINGAPORE"",""Status"":""HistoricalFirstHit"",""Postal"":""440015"",""UpdatedAt"":""2026-05-24T11:28:22.585Z""}","[{""ObjectId"":939512,""EntityId"":2824,""Block"":""15"",""PostalCode"":""440015""}]","{""Latitude"":1.3048855207,""Longitude"":103.9139428952}"
MARINE PARADE,16,MARINE TER,6,Unmatched,NormalizedAddress,Missing,BlockApproximation,HistoricalMarginal,[1983],{},"{""CacheKey"":""marine-parade-16-marine-ter"",""SearchValue"":""16 MARINE TER SINGAPORE"",""Status"":""HistoricalFirstHit"",""Postal"":""440016"",""UpdatedAt"":""2026-05-24T10:49:41.736Z""}","[{""ObjectId"":936459,""EntityId"":5234,""Block"":""16"",""PostalCode"":""440016""}]","{""Latitude"":1.304370452,""Longitude"":103.9140387645}"
MARINE PARADE,2,MARINE TER,20,Unmatched,NormalizedAddress,Missing,BlockApproximation,HistoricalMarginal,[2747],{},"{""CacheKey"":""marine-parade-2-marine-ter"",""SearchValue"":""2 MARINE TER SINGAPORE"",""Status"":""HistoricalFirstHit"",""Postal"":""440002"",""UpdatedAt"":""2026-05-24T10:36:29.742Z""}","[{""ObjectId"":945293,""EntityId"":3313,""Block"":""2"",""PostalCode"":""440002""}]","{""Latitude"":1.3044665707,""Longitude"":103.9181739967}"
MARINE PARADE,20,MARINE TER,32,Unmatched,NormalizedAddress,Missing,BlockApproximation,HistoricalMarginal,[2797],{},"{""CacheKey"":""marine-parade-20-marine-ter"",""SearchValue"":""20 MARINE TER SINGAPORE"",""Status"":""HistoricalFirstHit"",""Postal"":""440020"",""UpdatedAt"":""2026-05-24T10:41:44.200Z""}","[{""ObjectId"":945860,""EntityId"":1092,""Block"":""20"",""PostalCode"":""440020""}]","{""Latitude"":1.3037263893,""Longitude"":103.9149564386}"
MARINE PARADE,31,MARINE CRES,44,Unmatched,NormalizedAddress,Missing,BlockApproximation,HistoricalMarginal,[5189],{},"{""CacheKey"":""marine-parade-31-marine-cres"",""SearchValue"":""31 MARINE CRES SINGAPORE"",""Status"":""HistoricalFirstHit"",""Postal"":""440031"",""UpdatedAt"":""2026-05-24T10:41:44.200Z""}","[{""ObjectId"":945130,""EntityId"":3463,""Block"":""31"",""PostalCode"":""440031""}]","{""Latitude"":1.3037346829,""Longitude"":103.9114447877}"
MARINE PARADE,33,MARINE CRES,48,Unmatched,NormalizedAddress,Missing,BlockApproximation,HistoricalMarginal,[5643],{},"{""CacheKey"":""marine-parade-33-marine-cres"",""SearchValue"":""33 MARINE CRES SINGAPORE"",""Status"":""HistoricalFirstHit"",""Postal"":""440033"",""UpdatedAt"":""2026-05-24T10:41:44.200Z""}","[{""ObjectId"":941601,""EntityId"":3496,""Block"":""33"",""PostalCode"":""440033""}]","{""Latitude"":1.3026781027,""Longitude"":103.9121847848}"
MARINE PARADE,34,MARINE CRES,30,Unmatched,NormalizedAddress,Missing,BlockApproximation,HistoricalMarginal,[5859],{},"{""CacheKey"":""marine-parade-34-marine-cres"",""SearchValue"":""34 MARINE CRES SINGAPORE"",""Status"":""HistoricalFirstHit"",""Postal"":""440034"",""UpdatedAt"":""2026-05-24T10:41:44.200Z""}","[{""ObjectId"":936706,""EntityId"":6905,""Block"":""34"",""PostalCode"":""440034""}]","{""Latitude"":1.3039233628,""Longitude"":103.9122574562}"
MARINE PARADE,35,MARINE CRES,34,Unmatched,NormalizedAddress,Missing,BlockApproximation,HistoricalMarginal,[5992],{},"{""CacheKey"":""marine-parade-35-marine-cres"",""SearchValue"":""35 MARINE CRES SINGAPORE"",""Status"":""HistoricalFirstHit"",""Postal"":""440035"",""UpdatedAt"":""2026-05-24T11:06:29.933Z""}","[{""ObjectId"":938429,""EntityId"":4563,""Block"":""35"",""PostalCode"":""440035""}]","{""Latitude"":1.3031448924,""Longitude"":103.9126573959}"
MARINE PARADE,45,MARINE CRES,39,Unmatched,NormalizedAddress,Missing,BlockApproximation,HistoricalMarginal,[7598],{},"{""CacheKey"":""marine-parade-45-marine-cres"",""SearchValue"":""45 MARINE CRES SINGAPORE"",""Status"":""HistoricalFirstHit"",""Postal"":""440045"",""UpdatedAt"":""2026-05-24T10:35:02.890Z""}","[{""ObjectId"":937192,""EntityId"":12656,""Block"":""45"",""PostalCode"":""440045""}]","{""Latitude"":1.3045477896,""Longitude"":103.912455258}"
MARINE PARADE,64,MARINE DR,29,Unmatched,NormalizedAddress,Missing,BlockApproximation,HistoricalMarginal,[10369],{},"{""CacheKey"":""marine-parade-64-marine-dr"",""SearchValue"":""64 MARINE DR SINGAPORE"",""Status"":""HistoricalFirstHit"",""Postal"":""440064"",""UpdatedAt"":""2026-05-24T10:57:12.989Z""}","[{""ObjectId"":940671,""EntityId"":11052899,""Block"":""64"",""PostalCode"":""440064""}]","{""Latitude"":1.3020224178,""Longitude"":103.9094825992}"
MARINE PARADE,74,MARINE DR,15,Unmatched,NormalizedAddress,Missing,BlockApproximation,HistoricalMarginal,[11631],{},"{""CacheKey"":""marine-parade-74-marine-dr"",""SearchValue"":""74 MARINE DR SINGAPORE"",""Status"":""HistoricalFirstHit"",""Postal"":""440074"",""UpdatedAt"":""2026-05-24T10:49:41.736Z""}","[{""ObjectId"":942280,""EntityId"":3746,""Block"":""74"",""PostalCode"":""440074""}]","{""Latitude"":1.3037088392,""Longitude"":103.9072102206}"
MARINE PARADE,79,MARINE DR,23,Unmatched,NormalizedAddress,Missing,BlockApproximation,HistoricalMarginal,[12012],{},"{""CacheKey"":""marine-parade-79-marine-dr"",""SearchValue"":""79 MARINE DR SINGAPORE"",""Status"":""HistoricalFirstHit"",""Postal"":""440079"",""UpdatedAt"":""2026-05-24T11:14:33.932Z""}","[{""ObjectId"":936831,""EntityId"":4651,""Block"":""79"",""PostalCode"":""440079""}]","{""Latitude"":1.3015325538,""Longitude"":103.9078125933}"
PASIR RIS,1,CHANGI VILLAGE RD,16,Unmatched,NormalizedAddress,Missing,BlockApproximation,HistoricalMarginal,[6],{},"{""CacheKey"":""pasir-ris-1-changi-village-rd"",""SearchValue"":""1 CHANGI VILLAGE RD SINGAPORE"",""Status"":""HistoricalFirstHit"",""Postal"":""500001"",""UpdatedAt"":""2026-05-24T10:57:12.989Z""}","[{""ObjectId"":943675,""EntityId"":12379,""Block"":""1"",""PostalCode"":""500001""}]","{""Latitude"":1.3882653454,""Longitude"":103.9880559335}"
PASIR RIS,102,PASIR RIS ST 12,24,Unmatched,NormalizedAddress,Missing,BlockApproximation,HistoricalMarginal,[162],{},"{""CacheKey"":""pasir-ris-102-pasir-ris-st-12"",""SearchValue"":""102 PASIR RIS ST 12 SINGAPORE"",""Status"":""HistoricalFirstHit"",""Postal"":""510102"",""UpdatedAt"":""2026-05-24T11:12:56.744Z""}","[{""ObjectId"":938807,""EntityId"":4606,""Block"":""102"",""PostalCode"":""510102""}]","{""Latitude"":1.3674093385,""Longitude"":103.9580410515}"
PASIR RIS,107,PASIR RIS ST 12,13,Unmatched,NormalizedAddress,Missing,BlockApproximation,HistoricalMarginal,[368],{},"{""CacheKey"":""pasir-ris-107-pasir-ris-st-12"",""SearchValue"":""107 PASIR RIS ST 12 SINGAPORE"",""Status"":""HistoricalFirstHit"",""Postal"":""510107"",""UpdatedAt"":""2026-05-24T10:54:09.287Z""}","[{""ObjectId"":938733,""EntityId"":7135,""Block"":""107"",""PostalCode"":""510107""}]","{""Latitude"":1.3675653055,""Longitude"":103.957408619}"
PASIR RIS,150,PASIR RIS ST 13,8,Unmatched,NormalizedAddress,Missing,BlockApproximation,HistoricalMarginal,[1778],{},"{""CacheKey"":""pasir-ris-150-pasir-ris-st-13"",""SearchValue"":""150 PASIR RIS ST 13 SINGAPORE"",""Status"":""HistoricalFirstHit"",""Postal"":""510150"",""UpdatedAt"":""2026-05-24T11:03:17.964Z""}","[{""ObjectId"":938476,""EntityId"":7970,""Block"":""150"",""PostalCode"":""510150""}]","{""Latitude"":1.3629522305,""Longitude"":103.9629770551}"
PASIR RIS,227,PASIR RIS ST 21,23,Unmatched,NormalizedAddress,Missing,BlockApproximation,HistoricalMarginal,[3573],{},"{""CacheKey"":""pasir-ris-227-pasir-ris-st-21"",""SearchValue"":""227 PASIR RIS ST 21 SINGAPORE"",""Status"":""HistoricalFirstHit"",""Postal"":""510227"",""UpdatedAt"":""2026-05-24T10:41:44.200Z""}","[{""ObjectId"":942541,""EntityId"":4341,""Block"":""227"",""PostalCode"":""510227""}]","{""Latitude"":1.3716058751,""Longitude"":103.9615566493}"
PASIR RIS,459,PASIR RIS DR 4,16,Unmatched,NormalizedAddress,Missing,BlockApproximation,HistoricalMarginal,[7759],{},"{""CacheKey"":""pasir-ris-459-pasir-ris-dr-4"",""SearchValue"":""459 PASIR RIS DR 4 SINGAPORE"",""Status"":""HistoricalFirstHit"",""Postal"":""510459"",""UpdatedAt"":""2026-05-24T11:03:17.964Z""}","[{""ObjectId"":942479,""EntityId"":11055400,""Block"":""459"",""PostalCode"":""510459""}]","{""Latitude"":1.3709694793,""Longitude"":103.9597814373}"
PASIR RIS,526D,PASIR RIS ST 51,61,Unmatched,NormalizedAddress,Missing,BlockApproximation,HistoricalMarginal,[8924],{},"{""CacheKey"":""pasir-ris-526d-pasir-ris-st-51"",""SearchValue"":""526D PASIR RIS ST 51 SINGAPORE"",""Status"":""HistoricalFirstHit"",""Postal"":""514526"",""UpdatedAt"":""2026-05-24T11:26:45.864Z""}","[{""ObjectId"":935985,""EntityId"":11055892,""Block"":""526D"",""PostalCode"":""514526""}]","{""Latitude"":1.3687942033,""Longitude"":103.9472677249}"
PASIR RIS,527B,PASIR RIS ST 51,38,Unmatched,NormalizedAddress,Missing,BlockApproximation,HistoricalMarginal,[8938],{},"{""CacheKey"":""pasir-ris-527b-pasir-ris-st-51"",""SearchValue"":""527B PASIR RIS ST 51 SINGAPORE"",""Status"":""HistoricalFirstHit"",""Postal"":""512527"",""UpdatedAt"":""2026-05-24T11:25:10.925Z""}","[{""ObjectId"":946792,""EntityId"":11055893,""Block"":""527B"",""PostalCode"":""512527""}]","{""Latitude"":1.369072793,""Longitude"":103.9477198703}"
PASIR RIS,527C,PASIR RIS ST 51,32,Unmatched,NormalizedAddress,Missing,BlockApproximation,HistoricalMarginal,[8939],{},"{""CacheKey"":""pasir-ris-527c-pasir-ris-st-51"",""SearchValue"":""527C PASIR RIS ST 51 SINGAPORE"",""Status"":""HistoricalFirstHit"",""Postal"":""513527"",""UpdatedAt"":""2026-05-24T11:26:45.864Z""}","[{""ObjectId"":943164,""EntityId"":11055894,""Block"":""527C"",""PostalCode"":""513527""}]","{""Latitude"":1.3694411487,""Longitude"":103.9478418839}"
PASIR RIS,528A,PASIR RIS ST 51,47,Unmatched,NormalizedAddress,Missing,BlockApproximation,HistoricalMarginal,[8951],{},"{""CacheKey"":""pasir-ris-528a-pasir-ris-st-51"",""SearchValue"":""528A PASIR RIS ST 51 SINGAPORE"",""Status"":""HistoricalFirstHit"",""Postal"":""511528"",""UpdatedAt"":""2026-05-24T11:26:45.864Z""}","[{""ObjectId"":943759,""EntityId"":11055899,""Block"":""528A"",""PostalCode"":""511528""}]","{""Latitude"":1.3702358155,""Longitude"":103.9479910808}"
PASIR RIS,535,PASIR RIS DR 1,8,Unmatched,NormalizedAddress,Missing,BlockApproximation,HistoricalMarginal,[9058],{},"{""CacheKey"":""pasir-ris-535-pasir-ris-dr-1"",""SearchValue"":""535 PASIR RIS DR 1 SINGAPORE"",""Status"":""HistoricalFirstHit"",""Postal"":""510535"",""UpdatedAt"":""2026-05-24T11:21:34.655Z""}","[{""ObjectId"":945309,""EntityId"":11052688,""Block"":""535"",""PostalCode"":""510535""}]","{""Latitude"":1.3705269448,""Longitude"":103.9501856455}"
PASIR RIS,601,ELIAS RD,14,Unmatched,NormalizedAddress,Missing,BlockApproximation,HistoricalMarginal,[9675],{},"{""CacheKey"":""pasir-ris-601-elias-rd"",""SearchValue"":""601 ELIAS RD SINGAPORE"",""Status"":""HistoricalFirstHit"",""Postal"":""510601"",""UpdatedAt"":""2026-05-24T11:03:17.964Z""}","[{""ObjectId"":940768,""EntityId"":8401,""Block"":""601"",""PostalCode"":""510601""}]","{""Latitude"":1.3777707978,""Longitude"":103.943506215}"
PASIR RIS,760,PASIR RIS ST 71,26,Unmatched,NormalizedAddress,Missing,BlockApproximation,HistoricalMarginal,[11784],{},"{""CacheKey"":""pasir-ris-760-pasir-ris-st-71"",""SearchValue"":""760 PASIR RIS ST 71 SINGAPORE"",""Status"":""HistoricalFirstHit"",""Postal"":""510760"",""UpdatedAt"":""2026-05-24T10:35:02.890Z""}","[{""ObjectId"":946470,""EntityId"":6072,""Block"":""760"",""PostalCode"":""510760""}]","{""Latitude"":1.3764700109,""Longitude"":103.9335397927}"
PASIR RIS,767,PASIR RIS ST 71,19,Unmatched,NormalizedAddress,Missing,BlockApproximation,HistoricalMarginal,[11839],{},"{""CacheKey"":""pasir-ris-767-pasir-ris-st-71"",""SearchValue"":""767 PASIR RIS ST 71 SINGAPORE"",""Status"":""HistoricalFirstHit"",""Postal"":""510767"",""UpdatedAt"":""2026-05-24T10:54:09.287Z""}","[{""ObjectId"":944183,""EntityId"":6460,""Block"":""767"",""PostalCode"":""510767""}]","{""Latitude"":1.3755949894,""Longitude"":103.9358638439}"
PUNGGOL,208A,PUNGGOL PL,39,Unmatched,NormalizedAddress,Missing,BlockApproximation,HistoricalMarginal,[3036],{},"{""CacheKey"":""punggol-208a-punggol-pl"",""SearchValue"":""208A PUNGGOL PL SINGAPORE"",""Status"":""HistoricalFirstHit"",""Postal"":""821208"",""UpdatedAt"":""2026-05-24T11:12:56.744Z""}","[{""ObjectId"":946935,""EntityId"":9285,""Block"":""208A"",""PostalCode"":""821208""}]","{""Latitude"":1.4014674342,""Longitude"":103.9007609482}"
PUNGGOL,408A,NORTHSHORE DR,17,Unmatched,NormalizedAddress,Missing,BlockApproximation,HistoricalMarginal,[6739],{},"{""CacheKey"":""punggol-408a-northshore-dr"",""SearchValue"":""408A NORTHSHORE DR SINGAPORE"",""Status"":""HistoricalFirstHit"",""Postal"":""821408"",""UpdatedAt"":""2026-05-24T11:32:59.297Z""}","[{""ObjectId"":943977,""EntityId"":11852,""Block"":""408A"",""PostalCode"":""821408""}]","{""Latitude"":1.4170114112,""Longitude"":103.902802098}"
PUNGGOL,421C,NORTHSHORE DR,9,Unmatched,NormalizedAddress,Missing,BlockApproximation,HistoricalMarginal,[7047],{},"{""CacheKey"":""punggol-421c-northshore-dr"",""SearchValue"":""421C NORTHSHORE DR SINGAPORE"",""Status"":""HistoricalFirstHit"",""Postal"":""823421"",""UpdatedAt"":""2026-07-24T19:31:05.327Z""}","[{""ObjectId"":945518,""EntityId"":1584,""Block"":""421C"",""PostalCode"":""823421""}]","{""Latitude"":1.4192817208,""Longitude"":103.9051678278}"
PUNGGOL,602C,PUNGGOL CTRL,42,Unmatched,NormalizedAddress,Missing,BlockApproximation,HistoricalMarginal,[9709],{},"{""CacheKey"":""punggol-602c-punggol-ctrl"",""SearchValue"":""602C PUNGGOL CTRL SINGAPORE"",""Status"":""HistoricalFirstHit"",""Postal"":""823602"",""UpdatedAt"":""2026-05-24T10:57:12.989Z""}","[{""ObjectId"":946674,""EntityId"":10375,""Block"":""602C"",""PostalCode"":""823602""}]","{""Latitude"":1.4027728418,""Longitude"":103.9071760982}"
PUNGGOL,613B,PUNGGOL DR,42,Unmatched,NormalizedAddress,Missing,BlockApproximation,HistoricalMarginal,[9903],{},"{""CacheKey"":""punggol-613b-punggol-dr"",""SearchValue"":""613B PUNGGOL DR SINGAPORE"",""Status"":""HistoricalFirstHit"",""Postal"":""822613"",""UpdatedAt"":""2026-05-24T10:43:26.957Z""}","[{""ObjectId"":945908,""EntityId"":9843,""Block"":""613B"",""PostalCode"":""822613""}]","{""Latitude"":1.4042818536,""Longitude"":103.9082877794}"
PUNGGOL,613D,PUNGGOL DR,46,Unmatched,NormalizedAddress,Missing,BlockApproximation,HistoricalMarginal,[9907],{},"{""CacheKey"":""punggol-613d-punggol-dr"",""SearchValue"":""613D PUNGGOL DR SINGAPORE"",""Status"":""HistoricalFirstHit"",""Postal"":""824613"",""UpdatedAt"":""2026-05-24T10:29:59.082Z""}","[{""ObjectId"":946885,""EntityId"":9931,""Block"":""613D"",""PostalCode"":""824613""}]","{""Latitude"":1.4038249886,""Longitude"":103.9089090529}"
QUEENSTOWN,1,DOVER RD,25,Unmatched,NormalizedAddress,Missing,BlockApproximation,HistoricalMarginal,[8],{},"{""CacheKey"":""queenstown-1-dover-rd"",""SearchValue"":""1 DOVER RD SINGAPORE"",""Status"":""HistoricalFirstHit"",""Postal"":""130001"",""UpdatedAt"":""2026-05-24T10:29:59.082Z""}","[{""ObjectId"":939763,""EntityId"":3116,""Block"":""1"",""PostalCode"":""130001""}]","{""Latitude"":1.3025310727,""Longitude"":103.7832702814}"
QUEENSTOWN,147,MEI LING ST,8,Unmatched,NormalizedAddress,Missing,BlockApproximation,HistoricalMarginal,[1704],{},"{""CacheKey"":""queenstown-147-mei-ling-st"",""SearchValue"":""147 MEI LING ST SINGAPORE"",""Status"":""HistoricalFirstHit"",""Postal"":""140147"",""UpdatedAt"":""2026-05-24T10:43:26.957Z""}","[{""ObjectId"":945564,""EntityId"":10066,""Block"":""147"",""PostalCode"":""140147""}]","{""Latitude"":1.2944781736,""Longitude"":103.8049318438}"
QUEENSTOWN,148,MEI LING ST,22,Unmatched,NormalizedAddress,Missing,BlockApproximation,HistoricalMarginal,[1722],{},"{""CacheKey"":""queenstown-148-mei-ling-st"",""SearchValue"":""148 MEI LING ST SINGAPORE"",""Status"":""HistoricalFirstHit"",""Postal"":""140148"",""UpdatedAt"":""2026-05-24T11:00:32.819Z""}","[{""ObjectId"":941497,""EntityId"":10067,""Block"":""148"",""PostalCode"":""140148""}]","{""Latitude"":1.294409501,""Longitude"":103.8044662237}"
QUEENSTOWN,150,MEI LING ST,18,Unmatched,NormalizedAddress,Missing,BlockApproximation,HistoricalMarginal,[1777],{},"{""CacheKey"":""queenstown-150-mei-ling-st"",""SearchValue"":""150 MEI LING ST SINGAPORE"",""Status"":""HistoricalFirstHit"",""Postal"":""141150"",""UpdatedAt"":""2026-05-24T10:36:29.742Z""}","[{""ObjectId"":943288,""EntityId"":10074,""Block"":""150"",""PostalCode"":""141150""}]","{""Latitude"":1.2949869502,""Longitude"":103.8036992976}"
QUEENSTOWN,164,STIRLING RD,26,Unmatched,NormalizedAddress,Missing,BlockApproximation,HistoricalMarginal,[2085],{},"{""CacheKey"":""queenstown-164-stirling-rd"",""SearchValue"":""164 STIRLING RD SINGAPORE"",""Status"":""HistoricalFirstHit"",""Postal"":""140164"",""UpdatedAt"":""2026-05-24T10:43:26.957Z""}","[{""ObjectId"":944292,""EntityId"":165,""Block"":""164"",""PostalCode"":""140164""}]","{""Latitude"":1.2915325597,""Longitude"":103.8025111472}"
QUEENSTOWN,2,GHIM MOH RD,54,Unmatched,NormalizedAddress,Missing,BlockApproximation,HistoricalMarginal,[2734],{},"{""CacheKey"":""queenstown-2-ghim-moh-rd"",""SearchValue"":""2 GHIM MOH RD SINGAPORE"",""Status"":""HistoricalFirstHit"",""Postal"":""270002"",""UpdatedAt"":""2026-05-24T10:49:41.736Z""}","[{""ObjectId"":936691,""EntityId"":5375,""Block"":""2"",""PostalCode"":""270002""}]","{""Latitude"":1.312372157,""Longitude"":103.7869681105}"
QUEENSTOWN,48,STRATHMORE AVE,57,Unmatched,NormalizedAddress,Missing,BlockApproximation,HistoricalMarginal,[8155],{},"{""CacheKey"":""queenstown-48-strathmore-ave"",""SearchValue"":""48 STRATHMORE AVE SINGAPORE"",""Status"":""HistoricalFirstHit"",""Postal"":""140048"",""UpdatedAt"":""2026-05-24T11:00:32.819Z""}","[{""ObjectId"":937220,""EntityId"":8695,""Block"":""48"",""PostalCode"":""140048""}]","{""Latitude"":1.2938050668,""Longitude"":103.8077943185}"
QUEENSTOWN,50,STRATHMORE AVE,49,Unmatched,NormalizedAddress,Missing,BlockApproximation,HistoricalMarginal,[8430],{},"{""CacheKey"":""queenstown-50-strathmore-ave"",""SearchValue"":""50 STRATHMORE AVE SINGAPORE"",""Status"":""HistoricalFirstHit"",""Postal"":""140050"",""UpdatedAt"":""2026-05-24T10:49:41.736Z""}","[{""ObjectId"":936355,""EntityId"":4186,""Block"":""50"",""PostalCode"":""140050""}]","{""Latitude"":1.2938477401,""Longitude"":103.8087344685}"
QUEENSTOWN,51,STRATHMORE AVE,52,Unmatched,NormalizedAddress,Missing,BlockApproximation,HistoricalMarginal,[8648],{},"{""CacheKey"":""queenstown-51-strathmore-ave"",""SearchValue"":""51 STRATHMORE AVE SINGAPORE"",""Status"":""HistoricalFirstHit"",""Postal"":""140051"",""UpdatedAt"":""2026-05-24T10:49:41.736Z""}","[{""ObjectId"":942110,""EntityId"":6344,""Block"":""51"",""PostalCode"":""140051""}]","{""Latitude"":1.2933561309,""Longitude"":103.8087930552}"
QUEENSTOWN,86,DAWSON RD,141,Unmatched,NormalizedAddress,Missing,BlockApproximation,HistoricalMarginal,[12565],{},"{""CacheKey"":""queenstown-86-dawson-rd"",""SearchValue"":""86 DAWSON RD SINGAPORE"",""Status"":""HistoricalFirstHit"",""Postal"":""141086"",""UpdatedAt"":""2026-05-24T11:26:45.864Z""}","[{""ObjectId"":945743,""EntityId"":9207,""Block"":""86"",""PostalCode"":""141086""}]","{""Latitude"":1.2957445822,""Longitude"":103.8103595599}"
QUEENSTOWN,93,DAWSON RD,60,Unmatched,NormalizedAddress,Missing,BlockApproximation,HistoricalMarginal,[12980],{},"{""CacheKey"":""queenstown-93-dawson-rd"",""SearchValue"":""93 DAWSON RD SINGAPORE"",""Status"":""HistoricalFirstHit"",""Postal"":""142093"",""UpdatedAt"":""2026-05-24T11:28:22.585Z""}","[{""ObjectId"":942931,""EntityId"":12092,""Block"":""93"",""PostalCode"":""142093""}]","{""Latitude"":1.2950598531,""Longitude"":103.8116588908}"
SEMBAWANG,128B,CANBERRA ST,76,Unmatched,NormalizedAddress,Missing,BlockApproximation,HistoricalMarginal,[1227],{},"{""CacheKey"":""sembawang-128b-canberra-st"",""SearchValue"":""128B CANBERRA ST SINGAPORE"",""Status"":""HistoricalFirstHit"",""Postal"":""752128"",""UpdatedAt"":""2026-05-24T11:31:25.798Z""}","[{""ObjectId"":937858,""EntityId"":11050832,""Block"":""128B"",""PostalCode"":""752128""}]","{""Latitude"":1.4451676123,""Longitude"":103.8337755281}"
SEMBAWANG,130A,CANBERRA CRES,47,Unmatched,NormalizedAddress,Missing,BlockApproximation,HistoricalMarginal,[1310],{},"{""CacheKey"":""sembawang-130a-canberra-cres"",""SearchValue"":""130A CANBERRA CRES SINGAPORE"",""Status"":""HistoricalFirstHit"",""Postal"":""751130"",""UpdatedAt"":""2026-05-24T11:31:25.798Z""}","[{""ObjectId"":936492,""EntityId"":11050839,""Block"":""130A"",""PostalCode"":""751130""}]","{""Latitude"":1.4447577926,""Longitude"":103.8318758551}"
SEMBAWANG,303,CANBERRA RD,24,Unmatched,NormalizedAddress,Missing,BlockApproximation,HistoricalMarginal,[5018],{},"{""CacheKey"":""sembawang-303-canberra-rd"",""SearchValue"":""303 CANBERRA RD SINGAPORE"",""Status"":""HistoricalFirstHit"",""Postal"":""750303"",""UpdatedAt"":""2026-05-24T10:29:59.082Z""}","[{""ObjectId"":936473,""EntityId"":818,""Block"":""303"",""PostalCode"":""750303""}]","{""Latitude"":1.4447027879,""Longitude"":103.8223311534}"
SEMBAWANG,341B,SEMBAWANG CL,28,Unmatched,NormalizedAddress,Missing,BlockApproximation,HistoricalMarginal,[5895],{},"{""CacheKey"":""sembawang-341b-sembawang-cl"",""SearchValue"":""341B SEMBAWANG CL SINGAPORE"",""Status"":""HistoricalFirstHit"",""Postal"":""752341"",""UpdatedAt"":""2026-05-24T11:14:33.932Z""}","[{""ObjectId"":942423,""EntityId"":372,""Block"":""341B"",""PostalCode"":""752341""}]","{""Latitude"":1.4479833244,""Longitude"":103.8183911823}"
SEMBAWANG,354A,ADMIRALTY DR,23,Unmatched,NormalizedAddress,Missing,BlockApproximation,HistoricalMarginal,[6085],{},"{""CacheKey"":""sembawang-354a-admiralty-dr"",""SearchValue"":""354A ADMIRALTY DR SINGAPORE"",""Status"":""HistoricalFirstHit"",""Postal"":""751354"",""UpdatedAt"":""2026-05-24T10:43:26.957Z""}","[{""ObjectId"":944668,""EntityId"":1224,""Block"":""354A"",""PostalCode"":""751354""}]","{""Latitude"":1.4500623987,""Longitude"":103.8188910544}"
SEMBAWANG,362C,SEMBAWANG CRES,53,Unmatched,NormalizedAddress,Missing,BlockApproximation,HistoricalMarginal,[6208],{},"{""CacheKey"":""sembawang-362c-sembawang-cres"",""SearchValue"":""362C SEMBAWANG CRES SINGAPORE"",""Status"":""HistoricalFirstHit"",""Postal"":""753362"",""UpdatedAt"":""2026-05-24T11:31:25.798Z""}","[{""ObjectId"":939819,""EntityId"":11054732,""Block"":""362C"",""PostalCode"":""753362""}]","{""Latitude"":1.4464670867,""Longitude"":103.8131018277}"
SEMBAWANG,412,SEMBAWANG DR,21,Unmatched,NormalizedAddress,Missing,BlockApproximation,HistoricalMarginal,[6842],{},"{""CacheKey"":""sembawang-412-sembawang-dr"",""SearchValue"":""412 SEMBAWANG DR SINGAPORE"",""Status"":""HistoricalFirstHit"",""Postal"":""750412"",""UpdatedAt"":""2026-05-24T10:36:29.742Z""}","[{""ObjectId"":948404,""EntityId"":431,""Block"":""412"",""PostalCode"":""750412""}]","{""Latitude"":1.4520220794,""Longitude"":103.8182756528}"
SEMBAWANG,463A,SEMBAWANG DR,63,Unmatched,NormalizedAddress,Missing,BlockApproximation,HistoricalMarginal,[7855],{},"{""CacheKey"":""sembawang-463a-sembawang-dr"",""SearchValue"":""463A SEMBAWANG DR SINGAPORE"",""Status"":""HistoricalFirstHit"",""Postal"":""751463"",""UpdatedAt"":""2026-05-24T11:21:34.655Z""}","[{""ObjectId"":943913,""EntityId"":11056084,""Block"":""463A"",""PostalCode"":""751463""}]","{""Latitude"":1.4555192908,""Longitude"":103.814131058}"
SEMBAWANG,463B,SEMBAWANG DR,74,Unmatched,NormalizedAddress,Missing,BlockApproximation,HistoricalMarginal,[7859],{},"{""CacheKey"":""sembawang-463b-sembawang-dr"",""SearchValue"":""463B SEMBAWANG DR SINGAPORE"",""Status"":""HistoricalFirstHit"",""Postal"":""752463"",""UpdatedAt"":""2026-05-24T11:21:34.655Z""}","[{""ObjectId"":944970,""EntityId"":11056082,""Block"":""463B"",""PostalCode"":""752463""}]","{""Latitude"":1.4561038533,""Longitude"":103.8140409547}"
SEMBAWANG,466C,SEMBAWANG DR,34,Unmatched,NormalizedAddress,Missing,BlockApproximation,HistoricalMarginal,[7917],{},"{""CacheKey"":""sembawang-466c-sembawang-dr"",""SearchValue"":""466C SEMBAWANG DR SINGAPORE"",""Status"":""HistoricalFirstHit"",""Postal"":""753466"",""UpdatedAt"":""2026-05-24T10:43:26.957Z""}","[{""ObjectId"":939518,""EntityId"":722,""Block"":""466C"",""PostalCode"":""753466""}]","{""Latitude"":1.455897112,""Longitude"":103.8131605436}"
SEMBAWANG,469B,ADMIRALTY DR,43,Unmatched,NormalizedAddress,Missing,BlockApproximation,HistoricalMarginal,[7976],{},"{""CacheKey"":""sembawang-469b-admiralty-dr"",""SearchValue"":""469B ADMIRALTY DR SINGAPORE"",""Status"":""HistoricalFirstHit"",""Postal"":""752469"",""UpdatedAt"":""2026-05-24T10:49:41.736Z""}","[{""ObjectId"":938877,""EntityId"":748,""Block"":""469B"",""PostalCode"":""752469""}]","{""Latitude"":1.4486602509,""Longitude"":103.8133483603}"
SEMBAWANG,478,SEMBAWANG DR,21,Unmatched,NormalizedAddress,Missing,BlockApproximation,HistoricalMarginal,[8129],{},"{""CacheKey"":""sembawang-478-sembawang-dr"",""SearchValue"":""478 SEMBAWANG DR SINGAPORE"",""Status"":""HistoricalFirstHit"",""Postal"":""750478"",""UpdatedAt"":""2026-05-24T10:54:09.287Z""}","[{""ObjectId"":938350,""EntityId"":449,""Block"":""478"",""PostalCode"":""750478""}]","{""Latitude"":1.4525498364,""Longitude"":103.8162726518}"
SENGKANG,123D,RIVERVALE DR,15,Unmatched,NormalizedAddress,Missing,BlockApproximation,HistoricalMarginal,[1075],{},"{""CacheKey"":""sengkang-123d-rivervale-dr"",""SearchValue"":""123D RIVERVALE DR SINGAPORE"",""Status"":""HistoricalFirstHit"",""Postal"":""544123"",""UpdatedAt"":""2026-05-24T10:31:37.119Z""}","[{""ObjectId"":944933,""EntityId"":4456,""Block"":""123D"",""PostalCode"":""544123""}]","{""Latitude"":1.3869479135,""Longitude"":103.9021921087}"
SENGKANG,180A,RIVERVALE CRES,67,Unmatched,NormalizedAddress,Missing,BlockApproximation,HistoricalMarginal,[2439],{},"{""CacheKey"":""sengkang-180a-rivervale-cres"",""SearchValue"":""180A RIVERVALE CRES SINGAPORE"",""Status"":""HistoricalFirstHit"",""Postal"":""541180"",""UpdatedAt"":""2026-05-24T11:12:56.744Z""}","[{""ObjectId"":940628,""EntityId"":9370,""Block"":""180A"",""PostalCode"":""541180""}]","{""Latitude"":1.390323501,""Longitude"":103.9096249324}"
SENGKANG,189A,RIVERVALE DR,22,Unmatched,NormalizedAddress,Missing,BlockApproximation,HistoricalMarginal,[2601],{},"{""CacheKey"":""sengkang-189a-rivervale-dr"",""SearchValue"":""189A RIVERVALE DR SINGAPORE"",""Status"":""HistoricalFirstHit"",""Postal"":""541189"",""UpdatedAt"":""2026-05-24T10:36:29.742Z""}","[{""ObjectId"":936118,""EntityId"":5112,""Block"":""189A"",""PostalCode"":""541189""}]","{""Latitude"":1.3955629473,""Longitude"":103.9040228006}"
SENGKANG,250B,COMPASSVALE ST,14,Unmatched,NormalizedAddress,Missing,BlockApproximation,HistoricalMarginal,[4045],{},"{""CacheKey"":""sengkang-250b-compassvale-st"",""SearchValue"":""250B COMPASSVALE ST SINGAPORE"",""Status"":""HistoricalFirstHit"",""Postal"":""542250"",""UpdatedAt"":""2026-05-24T10:31:37.119Z""}","[{""ObjectId"":936561,""EntityId"":4199,""Block"":""250B"",""PostalCode"":""542250""}]","{""Latitude"":1.392184943,""Longitude"":103.8998974418}"
SENGKANG,282A,SENGKANG EAST AVE,57,Unmatched,NormalizedAddress,Missing,BlockApproximation,HistoricalMarginal,[4650],{},"{""CacheKey"":""sengkang-282a-sengkang-east-ave"",""SearchValue"":""282A SENGKANG EAST AVE SINGAPORE"",""Status"":""HistoricalFirstHit"",""Postal"":""541282"",""UpdatedAt"":""2026-05-24T11:25:10.925Z""}","[{""ObjectId"":940319,""EntityId"":11054272,""Block"":""282A"",""PostalCode"":""541282""}]","{""Latitude"":1.385289601,""Longitude"":103.8920314908}"
SENGKANG,307B,ANCHORVALE RD,31,Unmatched,NormalizedAddress,Missing,BlockApproximation,HistoricalMarginal,[5126],{},"{""CacheKey"":""sengkang-307b-anchorvale-rd"",""SearchValue"":""307B ANCHORVALE RD SINGAPORE"",""Status"":""HistoricalFirstHit"",""Postal"":""542307"",""UpdatedAt"":""2026-05-24T10:31:37.119Z""}","[{""ObjectId"":936495,""EntityId"":6862,""Block"":""307B"",""PostalCode"":""542307""}]","{""Latitude"":1.3896610702,""Longitude"":103.8874435205}"
SENGKANG,313A,ANCHORVALE RD,27,Unmatched,NormalizedAddress,Missing,BlockApproximation,HistoricalMarginal,[5276],{},"{""CacheKey"":""sengkang-313a-anchorvale-rd"",""SearchValue"":""313A ANCHORVALE RD SINGAPORE"",""Status"":""HistoricalFirstHit"",""Postal"":""541313"",""UpdatedAt"":""2026-05-24T10:43:26.957Z""}","[{""ObjectId"":940382,""EntityId"":8507,""Block"":""313A"",""PostalCode"":""541313""}]","{""Latitude"":1.3916995089,""Longitude"":103.8875199365}"
SENGKANG,334B,ANCHORVALE CRES,46,Unmatched,NormalizedAddress,Missing,BlockApproximation,HistoricalMarginal,[5739],{},"{""CacheKey"":""sengkang-334b-anchorvale-cres"",""SearchValue"":""334B ANCHORVALE CRES SINGAPORE"",""Status"":""HistoricalFirstHit"",""Postal"":""542334"",""UpdatedAt"":""2026-05-24T11:25:10.925Z""}","[{""ObjectId"":941074,""EntityId"":9620,""Block"":""334B"",""PostalCode"":""542334""}]","{""Latitude"":1.3984843838,""Longitude"":103.8899692154}"
SENGKANG,408A,FERNVALE RD,39,Unmatched,NormalizedAddress,Missing,BlockApproximation,HistoricalMarginal,[6738],{},"{""CacheKey"":""sengkang-408a-fernvale-rd"",""SearchValue"":""408A FERNVALE RD SINGAPORE"",""Status"":""HistoricalFirstHit"",""Postal"":""791408"",""UpdatedAt"":""2026-05-24T10:36:29.742Z""}","[{""ObjectId"":937736,""EntityId"":6518,""Block"":""408A"",""PostalCode"":""791408""}]","{""Latitude"":1.3887630023,""Longitude"":103.876208327}"
SENGKANG,443B,FERNVALE RD,58,Unmatched,NormalizedAddress,Missing,BlockApproximation,HistoricalMarginal,[7479],{},"{""CacheKey"":""sengkang-443b-fernvale-rd"",""SearchValue"":""443B FERNVALE RD SINGAPORE"",""Status"":""HistoricalFirstHit"",""Postal"":""792443"",""UpdatedAt"":""2026-05-24T10:43:26.957Z""}","[{""ObjectId"":948780,""EntityId"":124,""Block"":""443B"",""PostalCode"":""792443""}]","{""Latitude"":1.3912786367,""Longitude"":103.8739460811}"
SENGKANG,447A,JLN KAYU,53,Unmatched,NormalizedAddress,Missing,BlockApproximation,HistoricalMarginal,[7549],{},"{""CacheKey"":""sengkang-447a-jln-kayu"",""SearchValue"":""447A JLN KAYU SINGAPORE"",""Status"":""HistoricalFirstHit"",""Postal"":""791447"",""UpdatedAt"":""2026-05-24T10:43:26.957Z""}","[{""ObjectId"":936936,""EntityId"":10357,""Block"":""447A"",""PostalCode"":""791447""}]","{""Latitude"":1.3922503219,""Longitude"":103.8726120457}"
SENGKANG,457B,SENGKANG WEST RD,24,Unmatched,NormalizedAddress,Missing,BlockApproximation,HistoricalMarginal,[7738],{},"{""CacheKey"":""sengkang-457b-sengkang-west-rd"",""SearchValue"":""457B SENGKANG WEST RD SINGAPORE"",""Status"":""HistoricalFirstHit"",""Postal"":""792457"",""UpdatedAt"":""2026-05-24T11:32:59.297Z""}","[{""ObjectId"":945945,""EntityId"":11054914,""Block"":""457B"",""PostalCode"":""792457""}]","{""Latitude"":1.3923473584,""Longitude"":103.8709242853}"
SERANGOON,114,SERANGOON NTH AVE 1,22,Unmatched,NormalizedAddress,Missing,BlockApproximation,HistoricalMarginal,[682],{},"{""CacheKey"":""serangoon-114-serangoon-nth-ave-1"",""SearchValue"":""114 SERANGOON NTH AVE 1 SINGAPORE"",""Status"":""HistoricalFirstHit"",""Postal"":""550114"",""UpdatedAt"":""2026-05-24T11:08:03.842Z""}","[{""ObjectId"":938622,""EntityId"":11056856,""Block"":""114"",""PostalCode"":""550114""}]","{""Latitude"":1.368862371,""Longitude"":103.8714917299}"
SERANGOON,205,SERANGOON CTRL,22,Unmatched,NormalizedAddress,Missing,BlockApproximation,HistoricalMarginal,[2943],{},"{""CacheKey"":""serangoon-205-serangoon-ctrl"",""SearchValue"":""205 SERANGOON CTRL SINGAPORE"",""Status"":""HistoricalFirstHit"",""Postal"":""550205"",""UpdatedAt"":""2026-05-24T11:08:03.842Z""}","[{""ObjectId"":940893,""EntityId"":5934,""Block"":""205"",""PostalCode"":""550205""}]","{""Latitude"":1.3529313438,""Longitude"":103.8734467195}"
SERANGOON,258,SERANGOON CTRL DR,22,Unmatched,NormalizedAddress,Missing,BlockApproximation,HistoricalMarginal,[4167],{},"{""CacheKey"":""serangoon-258-serangoon-ctrl-dr"",""SearchValue"":""258 SERANGOON CTRL DR SINGAPORE"",""Status"":""HistoricalFirstHit"",""Postal"":""550258"",""UpdatedAt"":""2026-05-24T10:49:41.736Z""}","[{""ObjectId"":942752,""EntityId"":6119,""Block"":""258"",""PostalCode"":""550258""}]","{""Latitude"":1.3551707174,""Longitude"":103.8727072941}"
SERANGOON,420,SERANGOON CTRL,18,Unmatched,NormalizedAddress,Missing,BlockApproximation,HistoricalMarginal,[7021],{},"{""CacheKey"":""serangoon-420-serangoon-ctrl"",""SearchValue"":""420 SERANGOON CTRL SINGAPORE"",""Status"":""HistoricalFirstHit"",""Postal"":""550420"",""UpdatedAt"":""2026-05-24T10:31:37.119Z""}","[{""ObjectId"":946929,""EntityId"":406,""Block"":""420"",""PostalCode"":""550420""}]","{""Latitude"":1.3492478213,""Longitude"":103.8751170442}"
SERANGOON,424,SERANGOON CTRL,26,Unmatched,NormalizedAddress,Missing,BlockApproximation,HistoricalMarginal,[7092],{},"{""CacheKey"":""serangoon-424-serangoon-ctrl"",""SearchValue"":""424 SERANGOON CTRL SINGAPORE"",""Status"":""HistoricalFirstHit"",""Postal"":""550424"",""UpdatedAt"":""2026-05-24T11:17:58.617Z""}","[{""ObjectId"":948737,""EntityId"":3342,""Block"":""424"",""PostalCode"":""550424""}]","{""Latitude"":1.3481786598,""Longitude"":103.8755687381}"
SERANGOON,8,LOR LEW LIAN,19,Unmatched,NormalizedAddress,Missing,BlockApproximation,HistoricalMarginal,[12069],{},"{""CacheKey"":""serangoon-8-lor-lew-lian"",""SearchValue"":""8 LOR LEW LIAN SINGAPORE"",""Status"":""HistoricalFirstHit"",""Postal"":""531008"",""UpdatedAt"":""2026-05-24T11:11:16.828Z""}","[{""ObjectId"":944316,""EntityId"":194,""Block"":""8"",""PostalCode"":""531008""}]","{""Latitude"":1.3489029982,""Longitude"":103.8767170928}"
TAMPINES,109,TAMPINES ST 11,41,Unmatched,NormalizedAddress,Missing,BlockApproximation,HistoricalMarginal,[460],{},"{""CacheKey"":""tampines-109-tampines-st-11"",""SearchValue"":""109 TAMPINES ST 11 SINGAPORE"",""Status"":""HistoricalFirstHit"",""Postal"":""521109"",""UpdatedAt"":""2026-05-24T10:36:29.742Z""}","[{""ObjectId"":946739,""EntityId"":7952,""Block"":""109"",""PostalCode"":""521109""}]","{""Latitude"":1.3472488228,""Longitude"":103.948811821}"
TAMPINES,159,SIMEI RD,9,Unmatched,NormalizedAddress,Missing,BlockApproximation,HistoricalMarginal,[1967],{},"{""CacheKey"":""tampines-159-simei-rd"",""SearchValue"":""159 SIMEI RD SINGAPORE"",""Status"":""HistoricalFirstHit"",""Postal"":""520159"",""UpdatedAt"":""2026-05-24T11:25:10.925Z""}","[{""ObjectId"":940313,""EntityId"":10660,""Block"":""159"",""PostalCode"":""520159""}]","{""Latitude"":1.3449588405,""Longitude"":103.9598615808}"
TAMPINES,266,TAMPINES ST 21,28,Unmatched,NormalizedAddress,Missing,BlockApproximation,HistoricalMarginal,[4327],{},"{""CacheKey"":""tampines-266-tampines-st-21"",""SearchValue"":""266 TAMPINES ST 21 SINGAPORE"",""Status"":""HistoricalFirstHit"",""Postal"":""520266"",""UpdatedAt"":""2026-05-24T10:58:49.924Z""}","[{""ObjectId"":944523,""EntityId"":6743,""Block"":""266"",""PostalCode"":""520266""}]","{""Latitude"":1.3520884816,""Longitude"":103.950237724}"
TAMPINES,270,TAMPINES ST 21,56,Unmatched,NormalizedAddress,Missing,BlockApproximation,HistoricalMarginal,[4430],{},"{""CacheKey"":""tampines-270-tampines-st-21"",""SearchValue"":""270 TAMPINES ST 21 SINGAPORE"",""Status"":""HistoricalFirstHit"",""Postal"":""520270"",""UpdatedAt"":""2026-05-24T10:31:37.119Z""}","[{""ObjectId"":942873,""EntityId"":11056261,""Block"":""270"",""PostalCode"":""520270""}]","{""Latitude"":1.3499176244,""Longitude"":103.948634051}"
TAMPINES,460,TAMPINES ST 42,15,Unmatched,NormalizedAddress,Missing,BlockApproximation,HistoricalMarginal,[7792],{},"{""CacheKey"":""tampines-460-tampines-st-42"",""SearchValue"":""460 TAMPINES ST 42 SINGAPORE"",""Status"":""HistoricalFirstHit"",""Postal"":""520460"",""UpdatedAt"":""2026-05-24T11:09:41.329Z""}","[{""ObjectId"":941144,""EntityId"":11056287,""Block"":""460"",""PostalCode"":""520460""}]","{""Latitude"":1.3581472371,""Longitude"":103.9550047498}"
TAMPINES,612B,TAMPINES NTH DR 1,32,Unmatched,NormalizedAddress,Missing,BlockApproximation,HistoricalMarginal,[9879],{},"{""CacheKey"":""tampines-612b-tampines-nth-dr-1"",""SearchValue"":""612B TAMPINES NTH DR 1 SINGAPORE"",""Status"":""HistoricalFirstHit"",""Postal"":""522612"",""UpdatedAt"":""2026-05-24T11:32:59.297Z""}","[{""ObjectId"":942990,""EntityId"":11054175,""Block"":""612B"",""PostalCode"":""522612""}]","{""Latitude"":1.3654190821,""Longitude"":103.9356491397}"
TAMPINES,817,TAMPINES ST 81,24,Unmatched,NormalizedAddress,Missing,BlockApproximation,HistoricalMarginal,[12264],{},"{""CacheKey"":""tampines-817-tampines-st-81"",""SearchValue"":""817 TAMPINES ST 81 SINGAPORE"",""Status"":""HistoricalFirstHit"",""Postal"":""520817"",""UpdatedAt"":""2026-05-24T10:58:49.924Z""}","[{""ObjectId"":940590,""EntityId"":9206,""Block"":""817"",""PostalCode"":""520817""}]","{""Latitude"":1.3476271716,""Longitude"":103.9366922523}"
TAMPINES,828,TAMPINES ST 81,12,Unmatched,NormalizedAddress,Missing,BlockApproximation,HistoricalMarginal,[12341],{},"{""CacheKey"":""tampines-828-tampines-st-81"",""SearchValue"":""828 TAMPINES ST 81 SINGAPORE"",""Status"":""HistoricalFirstHit"",""Postal"":""520828"",""UpdatedAt"":""2026-05-24T10:31:37.119Z""}","[{""ObjectId"":937759,""EntityId"":894,""Block"":""828"",""PostalCode"":""520828""}]","{""Latitude"":1.3489590457,""Longitude"":103.9348336049}"
TAMPINES,867A,TAMPINES ST 83,24,Unmatched,NormalizedAddress,Missing,BlockApproximation,HistoricalMarginal,[12618],{},"{""CacheKey"":""tampines-867a-tampines-st-83"",""SearchValue"":""867A TAMPINES ST 83 SINGAPORE"",""Status"":""HistoricalFirstHit"",""Postal"":""521867"",""UpdatedAt"":""2026-05-24T11:09:41.329Z""}","[{""ObjectId"":941955,""EntityId"":10425,""Block"":""867A"",""PostalCode"":""521867""}]","{""Latitude"":1.3555783233,""Longitude"":103.9337534697}"
TOA PAYOH,115C,ALKAFF CRES,23,Unmatched,NormalizedAddress,Missing,BlockApproximation,HistoricalMarginal,[735],{},"{""CacheKey"":""toa-payoh-115c-alkaff-cres"",""SearchValue"":""115C ALKAFF CRES SINGAPORE"",""Status"":""HistoricalFirstHit"",""Postal"":""343115"",""UpdatedAt"":""2026-05-24T11:32:59.297Z""}","[{""ObjectId"":939537,""EntityId"":11051313,""Block"":""115C"",""PostalCode"":""343115""}]","{""Latitude"":1.3372056451,""Longitude"":103.8728866337}"
TOA PAYOH,116,LOR 2 TOA PAYOH,69,Unmatched,NormalizedAddress,Missing,BlockApproximation,HistoricalMarginal,[756],{},"{""CacheKey"":""toa-payoh-116-lor-2-toa-payoh"",""SearchValue"":""116 LOR 2 TOA PAYOH SINGAPORE"",""Status"":""HistoricalFirstHit"",""Postal"":""310116"",""UpdatedAt"":""2026-05-24T10:45:01.808Z""}","[{""ObjectId"":942279,""EntityId"":4282,""Block"":""116"",""PostalCode"":""310116""}]","{""Latitude"":1.3404769434,""Longitude"":103.8461363144}"
TOA PAYOH,120,LOR 2 TOA PAYOH,54,Unmatched,NormalizedAddress,Missing,BlockApproximation,HistoricalMarginal,[940],{},"{""CacheKey"":""toa-payoh-120-lor-2-toa-payoh"",""SearchValue"":""120 LOR 2 TOA PAYOH SINGAPORE"",""Status"":""HistoricalFirstHit"",""Postal"":""310120"",""UpdatedAt"":""2026-05-24T10:58:49.924Z""}","[{""ObjectId"":938497,""EntityId"":2645,""Block"":""120"",""PostalCode"":""310120""}]","{""Latitude"":1.3391716355,""Longitude"":103.8455837207}"
TOA PAYOH,138C,LOR 1A TOA PAYOH,119,Unmatched,NormalizedAddress,Missing,BlockApproximation,HistoricalMarginal,[1515],{},"{""CacheKey"":""toa-payoh-138c-lor-1a-toa-payoh"",""SearchValue"":""138C LOR 1A TOA PAYOH SINGAPORE"",""Status"":""HistoricalFirstHit"",""Postal"":""313138"",""UpdatedAt"":""2026-05-24T11:01:57.385Z""}","[{""ObjectId"":947092,""EntityId"":6443,""Block"":""138C"",""PostalCode"":""313138""}]","{""Latitude"":1.3362662673,""Longitude"":103.8447859597}"
TOA PAYOH,139B,LOR 1A TOA PAYOH,116,Unmatched,NormalizedAddress,Missing,BlockApproximation,HistoricalMarginal,[1538],{},"{""CacheKey"":""toa-payoh-139b-lor-1a-toa-payoh"",""SearchValue"":""139B LOR 1A TOA PAYOH SINGAPORE"",""Status"":""HistoricalFirstHit"",""Postal"":""312139"",""UpdatedAt"":""2026-05-24T11:01:57.385Z""}","[{""ObjectId"":941305,""EntityId"":4937,""Block"":""139B"",""PostalCode"":""312139""}]","{""Latitude"":1.3367089636,""Longitude"":103.8439996092}"
TOA PAYOH,145,LOR 2 TOA PAYOH,61,Unmatched,NormalizedAddress,Missing,BlockApproximation,HistoricalMarginal,[1665],{},"{""CacheKey"":""toa-payoh-145-lor-2-toa-payoh"",""SearchValue"":""145 LOR 2 TOA PAYOH SINGAPORE"",""Status"":""HistoricalFirstHit"",""Postal"":""310145"",""UpdatedAt"":""2026-05-24T10:31:37.119Z""}","[{""ObjectId"":948128,""EntityId"":5095,""Block"":""145"",""PostalCode"":""310145""}]","{""Latitude"":1.335212002,""Longitude"":103.8461694874}"
TOA PAYOH,20,JOO SENG RD,12,Unmatched,NormalizedAddress,Missing,BlockApproximation,HistoricalMarginal,[2793],{},"{""CacheKey"":""toa-payoh-20-joo-seng-rd"",""SearchValue"":""20 JOO SENG RD SINGAPORE"",""Status"":""HistoricalFirstHit"",""Postal"":""360020"",""UpdatedAt"":""2026-05-24T11:11:16.828Z""}","[{""ObjectId"":942772,""EntityId"":3115,""Block"":""20"",""PostalCode"":""360020""}]","{""Latitude"":1.3342498135,""Longitude"":103.8813661854}"
TOA PAYOH,21,JOO SENG RD,14,Unmatched,NormalizedAddress,Missing,BlockApproximation,HistoricalMarginal,[3084],{},"{""CacheKey"":""toa-payoh-21-joo-seng-rd"",""SearchValue"":""21 JOO SENG RD SINGAPORE"",""Status"":""HistoricalFirstHit"",""Postal"":""360021"",""UpdatedAt"":""2026-05-24T11:08:03.842Z""}","[{""ObjectId"":940210,""EntityId"":5670,""Block"":""21"",""PostalCode"":""360021""}]","{""Latitude"":1.3341645856,""Longitude"":103.8807188099}"
TOA PAYOH,256,KIM KEAT AVE,21,Unmatched,NormalizedAddress,Missing,BlockApproximation,HistoricalMarginal,[4123],{},"{""CacheKey"":""toa-payoh-256-kim-keat-ave"",""SearchValue"":""256 KIM KEAT AVE SINGAPORE"",""Status"":""HistoricalFirstHit"",""Postal"":""310256"",""UpdatedAt"":""2026-05-24T10:51:08.981Z""}","[{""ObjectId"":942917,""EntityId"":5353,""Block"":""256"",""PostalCode"":""310256""}]","{""Latitude"":1.3321269647,""Longitude"":103.8582619315}"
TOA PAYOH,56,LOR 4 TOA PAYOH,24,Unmatched,NormalizedAddress,Missing,BlockApproximation,HistoricalMarginal,[9349],{},"{""CacheKey"":""toa-payoh-56-lor-4-toa-payoh"",""SearchValue"":""56 LOR 4 TOA PAYOH SINGAPORE"",""Status"":""HistoricalFirstHit"",""Postal"":""310056"",""UpdatedAt"":""2026-05-24T11:09:41.329Z""}","[{""ObjectId"":935875,""EntityId"":4271,""Block"":""56"",""PostalCode"":""310056""}]","{""Latitude"":1.3370275595,""Longitude"":103.8503766399}"
TOA PAYOH,79C,TOA PAYOH CTRL,40,Unmatched,NormalizedAddress,Missing,BlockApproximation,HistoricalMarginal,[12018],{},"{""CacheKey"":""toa-payoh-79c-toa-payoh-ctrl"",""SearchValue"":""79C TOA PAYOH CTRL SINGAPORE"",""Status"":""HistoricalFirstHit"",""Postal"":""313079"",""UpdatedAt"":""2026-05-24T10:31:37.119Z""}","[{""ObjectId"":948081,""EntityId"":6894,""Block"":""79C"",""PostalCode"":""313079""}]","{""Latitude"":1.3346413611,""Longitude"":103.8485777649}"
TOA PAYOH,98,LOR 1 TOA PAYOH,38,Unmatched,NormalizedAddress,Missing,BlockApproximation,HistoricalMarginal,[13251],{},"{""CacheKey"":""toa-payoh-98-lor-1-toa-payoh"",""SearchValue"":""98 LOR 1 TOA PAYOH SINGAPORE"",""Status"":""HistoricalFirstHit"",""Postal"":""310098"",""UpdatedAt"":""2026-05-24T10:51:08.981Z""}","[{""ObjectId"":941367,""EntityId"":4245,""Block"":""98"",""PostalCode"":""310098""}]","{""Latitude"":1.3391796733,""Longitude"":103.8483800745}"
WOODLANDS,145,WOODLANDS ST 13,30,Unmatched,NormalizedAddress,Missing,BlockApproximation,HistoricalMarginal,[1676],{},"{""CacheKey"":""woodlands-145-woodlands-st-13"",""SearchValue"":""145 WOODLANDS ST 13 SINGAPORE"",""Status"":""HistoricalFirstHit"",""Postal"":""730145"",""UpdatedAt"":""2026-05-24T11:12:56.744Z""}","[{""ObjectId"":936447,""EntityId"":9657,""Block"":""145"",""PostalCode"":""730145""}]","{""Latitude"":1.436112852,""Longitude"":103.7732459402}"
WOODLANDS,182A,WOODLANDS ST 13,36,Unmatched,NormalizedAddress,Missing,BlockApproximation,HistoricalMarginal,[2481],{},"{""CacheKey"":""woodlands-182a-woodlands-st-13"",""SearchValue"":""182A WOODLANDS ST 13 SINGAPORE"",""Status"":""HistoricalFirstHit"",""Postal"":""731182"",""UpdatedAt"":""2026-05-24T11:32:59.297Z""}","[{""ObjectId"":940739,""EntityId"":11054960,""Block"":""182A"",""PostalCode"":""731182""}]","{""Latitude"":1.4357211886,""Longitude"":103.7756219231}"
WOODLANDS,2,MARSILING DR,58,Unmatched,NormalizedAddress,Missing,BlockApproximation,HistoricalMarginal,[2748],{},"{""CacheKey"":""woodlands-2-marsiling-dr"",""SearchValue"":""2 MARSILING DR SINGAPORE"",""Status"":""HistoricalFirstHit"",""Postal"":""730002"",""UpdatedAt"":""2026-05-24T10:45:01.808Z""}","[{""ObjectId"":937645,""EntityId"":287,""Block"":""2"",""PostalCode"":""730002""}]","{""Latitude"":1.4399198203,""Longitude"":103.7766947503}"
WOODLANDS,325,WOODLANDS ST 32,29,Unmatched,NormalizedAddress,Missing,BlockApproximation,HistoricalMarginal,[5554],{},"{""CacheKey"":""woodlands-325-woodlands-st-32"",""SearchValue"":""325 WOODLANDS ST 32 SINGAPORE"",""Status"":""HistoricalFirstHit"",""Postal"":""730325"",""UpdatedAt"":""2026-05-24T11:12:56.744Z""}","[{""ObjectId"":936615,""EntityId"":3057,""Block"":""325"",""PostalCode"":""730325""}]","{""Latitude"":1.4308505776,""Longitude"":103.7795177203}"
WOODLANDS,587,WOODLANDS DR 16,49,Unmatched,NormalizedAddress,Missing,BlockApproximation,HistoricalMarginal,[9552],{},"{""CacheKey"":""woodlands-587-woodlands-dr-16"",""SearchValue"":""587 WOODLANDS DR 16 SINGAPORE"",""Status"":""HistoricalFirstHit"",""Postal"":""730587"",""UpdatedAt"":""2026-05-24T10:31:37.119Z""}","[{""ObjectId"":942297,""EntityId"":2137,""Block"":""587"",""PostalCode"":""730587""}]","{""Latitude"":1.4286165166,""Longitude"":103.7953996663}"
WOODLANDS,636,WOODLANDS RING RD,27,Unmatched,NormalizedAddress,Missing,BlockApproximation,HistoricalMarginal,[10293],{},"{""CacheKey"":""woodlands-636-woodlands-ring-rd"",""SearchValue"":""636 WOODLANDS RING RD SINGAPORE"",""Status"":""HistoricalFirstHit"",""Postal"":""730636"",""UpdatedAt"":""2026-05-24T11:01:57.385Z""}","[{""ObjectId"":947481,""EntityId"":1963,""Block"":""636"",""PostalCode"":""730636""}]","{""Latitude"":1.4369302412,""Longitude"":103.8027012583}"
WOODLANDS,650,WOODLANDS RING RD,30,Unmatched,NormalizedAddress,Missing,BlockApproximation,HistoricalMarginal,[10544],{},"{""CacheKey"":""woodlands-650-woodlands-ring-rd"",""SearchValue"":""650 WOODLANDS RING RD SINGAPORE"",""Status"":""HistoricalFirstHit"",""Postal"":""730650"",""UpdatedAt"":""2026-05-24T10:31:37.119Z""}","[{""ObjectId"":946816,""EntityId"":5296,""Block"":""650"",""PostalCode"":""730650""}]","{""Latitude"":1.4383740366,""Longitude"":103.8006462716}"
WOODLANDS,685B,WOODLANDS DR 73,24,Unmatched,NormalizedAddress,Missing,BlockApproximation,HistoricalMarginal,[11089],{},"{""CacheKey"":""woodlands-685b-woodlands-dr-73"",""SearchValue"":""685B WOODLANDS DR 73 SINGAPORE"",""Status"":""HistoricalFirstHit"",""Postal"":""732685"",""UpdatedAt"":""2026-05-24T10:38:15.765Z""}","[{""ObjectId"":944351,""EntityId"":2068,""Block"":""685B"",""PostalCode"":""732685""}]","{""Latitude"":1.4414043906,""Longitude"":103.8061361641}"
WOODLANDS,780A,WOODLANDS CRES,68,Unmatched,NormalizedAddress,Missing,BlockApproximation,HistoricalMarginal,[11933],{},"{""CacheKey"":""woodlands-780a-woodlands-cres"",""SearchValue"":""780A WOODLANDS CRES SINGAPORE"",""Status"":""HistoricalFirstHit"",""Postal"":""731780"",""UpdatedAt"":""2026-05-24T11:25:10.925Z""}","[{""ObjectId"":936359,""EntityId"":9244,""Block"":""780A"",""PostalCode"":""731780""}]","{""Latitude"":1.4488097834,""Longitude"":103.8007708166}"
WOODLANDS,782D,WOODLANDS CRES,73,Unmatched,NormalizedAddress,Missing,BlockApproximation,HistoricalMarginal,[11955],{},"{""CacheKey"":""woodlands-782d-woodlands-cres"",""SearchValue"":""782D WOODLANDS CRES SINGAPORE"",""Status"":""HistoricalFirstHit"",""Postal"":""734782"",""UpdatedAt"":""2026-05-24T11:21:34.655Z""}","[{""ObjectId"":940247,""EntityId"":1823,""Block"":""782D"",""PostalCode"":""734782""}]","{""Latitude"":1.4482340361,""Longitude"":103.8030354442}"
WOODLANDS,788E,WOODLANDS CRES,18,Unmatched,NormalizedAddress,Missing,BlockApproximation,HistoricalMarginal,[12003],{},"{""CacheKey"":""woodlands-788e-woodlands-cres"",""SearchValue"":""788E WOODLANDS CRES SINGAPORE"",""Status"":""HistoricalFirstHit"",""Postal"":""735788"",""UpdatedAt"":""2026-05-24T10:58:49.924Z""}","[{""ObjectId"":941274,""EntityId"":2028,""Block"":""788E"",""PostalCode"":""735788""}]","{""Latitude"":1.4444007651,""Longitude"":103.8024532736}"
WOODLANDS,853,WOODLANDS ST 83,25,Unmatched,NormalizedAddress,Missing,BlockApproximation,HistoricalMarginal,[12516],{},"{""CacheKey"":""woodlands-853-woodlands-st-83"",""SearchValue"":""853 WOODLANDS ST 83 SINGAPORE"",""Status"":""HistoricalFirstHit"",""Postal"":""730853"",""UpdatedAt"":""2026-05-24T10:58:49.924Z""}","[{""ObjectId"":947818,""EntityId"":12794,""Block"":""853"",""PostalCode"":""730853""}]","{""Latitude"":1.4394285465,""Longitude"":103.7930991667}"
WOODLANDS,861,WOODLANDS ST 83,18,Unmatched,NormalizedAddress,Missing,BlockApproximation,HistoricalMarginal,[12583],{},"{""CacheKey"":""woodlands-861-woodlands-st-83"",""SearchValue"":""861 WOODLANDS ST 83 SINGAPORE"",""Status"":""HistoricalFirstHit"",""Postal"":""730861"",""UpdatedAt"":""2026-05-24T11:06:29.933Z""}","[{""ObjectId"":947875,""EntityId"":12795,""Block"":""861"",""PostalCode"":""730861""}]","{""Latitude"":1.4396474504,""Longitude"":103.7950744704}"
YISHUN,160,YISHUN ST 11,26,Unmatched,NormalizedAddress,Missing,BlockApproximation,HistoricalMarginal,[2008],{},"{""CacheKey"":""yishun-160-yishun-st-11"",""SearchValue"":""160 YISHUN ST 11 SINGAPORE"",""Status"":""HistoricalFirstHit"",""Postal"":""760160"",""UpdatedAt"":""2026-05-24T10:33:13.729Z""}","[{""ObjectId"":947613,""EntityId"":1324,""Block"":""160"",""PostalCode"":""760160""}]","{""Latitude"":1.4324174766,""Longitude"":103.8333412207}"
YISHUN,223,YISHUN ST 21,30,Unmatched,NormalizedAddress,Missing,BlockApproximation,HistoricalMarginal,[3474],{},"{""CacheKey"":""yishun-223-yishun-st-21"",""SearchValue"":""223 YISHUN ST 21 SINGAPORE"",""Status"":""HistoricalFirstHit"",""Postal"":""760223"",""UpdatedAt"":""2026-05-24T11:04:47.102Z""}","[{""ObjectId"":943658,""EntityId"":11052677,""Block"":""223"",""PostalCode"":""760223""}]","{""Latitude"":1.4343834474,""Longitude"":103.8355993917}"
YISHUN,233,YISHUN ST 21,12,Unmatched,NormalizedAddress,Missing,BlockApproximation,HistoricalMarginal,[3742],{},"{""CacheKey"":""yishun-233-yishun-st-21"",""SearchValue"":""233 YISHUN ST 21 SINGAPORE"",""Status"":""HistoricalFirstHit"",""Postal"":""760233"",""UpdatedAt"":""2026-05-24T10:45:01.808Z""}","[{""ObjectId"":937640,""EntityId"":1149,""Block"":""233"",""PostalCode"":""760233""}]","{""Latitude"":1.4349331095,""Longitude"":103.8381451502}"
YISHUN,243,YISHUN RING RD,26,Unmatched,NormalizedAddress,Missing,BlockApproximation,HistoricalMarginal,[3927],{},"{""CacheKey"":""yishun-243-yishun-ring-rd"",""SearchValue"":""243 YISHUN RING RD SINGAPORE"",""Status"":""HistoricalFirstHit"",""Postal"":""760243"",""UpdatedAt"":""2026-05-24T10:55:42.221Z""}","[{""ObjectId"":936252,""EntityId"":1308,""Block"":""243"",""PostalCode"":""760243""}]","{""Latitude"":1.4336344663,""Longitude"":103.8406271487}"
YISHUN,312,YISHUN RING RD,26,Unmatched,NormalizedAddress,Missing,BlockApproximation,HistoricalMarginal,[5254],{},"{""CacheKey"":""yishun-312-yishun-ring-rd"",""SearchValue"":""312 YISHUN RING RD SINGAPORE"",""Status"":""HistoricalFirstHit"",""Postal"":""760312"",""UpdatedAt"":""2026-05-24T10:51:08.981Z""}","[{""ObjectId"":944097,""EntityId"":1656,""Block"":""312"",""PostalCode"":""760312""}]","{""Latitude"":1.4316075105,""Longitude"":103.841244385}"
YISHUN,449,YISHUN RING RD,50,Unmatched,NormalizedAddress,Missing,BlockApproximation,HistoricalMarginal,[7584],{},"{""CacheKey"":""yishun-449-yishun-ring-rd"",""SearchValue"":""449 YISHUN RING RD SINGAPORE"",""Status"":""HistoricalFirstHit"",""Postal"":""760449"",""UpdatedAt"":""2026-05-24T10:33:13.729Z""}","[{""ObjectId"":942311,""EntityId"":6123,""Block"":""449"",""PostalCode"":""760449""}]","{""Latitude"":1.4226846191,""Longitude"":103.8442477017}"
YISHUN,633,YISHUN ST 61,18,Unmatched,NormalizedAddress,Missing,BlockApproximation,HistoricalMarginal,[10232],{},"{""CacheKey"":""yishun-633-yishun-st-61"",""SearchValue"":""633 YISHUN ST 61 SINGAPORE"",""Status"":""HistoricalFirstHit"",""Postal"":""760633"",""UpdatedAt"":""2026-05-24T11:06:29.933Z""}","[{""ObjectId"":938243,""EntityId"":1995,""Block"":""633"",""PostalCode"":""760633""}]","{""Latitude"":1.418768483,""Longitude"":103.839692384}"
YISHUN,677A,YISHUN RING RD,32,Unmatched,NormalizedAddress,Missing,BlockApproximation,HistoricalMarginal,[10963],{},"{""CacheKey"":""yishun-677a-yishun-ring-rd"",""SearchValue"":""677A YISHUN RING RD SINGAPORE"",""Status"":""HistoricalFirstHit"",""Postal"":""761677"",""UpdatedAt"":""2026-05-24T11:31:25.798Z""}","[{""ObjectId"":943151,""EntityId"":11052834,""Block"":""677A"",""PostalCode"":""761677""}]","{""Latitude"":1.4220699709,""Longitude"":103.8433173449}"
YISHUN,829,YISHUN ST 81,21,Unmatched,NormalizedAddress,Missing,BlockApproximation,HistoricalMarginal,[12349],{},"{""CacheKey"":""yishun-829-yishun-st-81"",""SearchValue"":""829 YISHUN ST 81 SINGAPORE"",""Status"":""HistoricalFirstHit"",""Postal"":""760829"",""UpdatedAt"":""2026-05-24T10:45:01.808Z""}","[{""ObjectId"":946728,""EntityId"":1898,""Block"":""829"",""PostalCode"":""760829""}]","{""Latitude"":1.4146343181,""Longitude"":103.8331250309}"
YISHUN,836,YISHUN ST 81,14,Unmatched,NormalizedAddress,Missing,BlockApproximation,HistoricalMarginal,[12399],{},"{""CacheKey"":""yishun-836-yishun-st-81"",""SearchValue"":""836 YISHUN ST 81 SINGAPORE"",""Status"":""HistoricalFirstHit"",""Postal"":""760836"",""UpdatedAt"":""2026-05-24T10:33:13.729Z""}","[{""ObjectId"":938561,""EntityId"":1929,""Block"":""836"",""PostalCode"":""760836""}]","{""Latitude"":1.4155109407,""Longitude"":103.8330910961}"
