Town,Block,Street,Transactions,Before,After,BeforeCoordinates,AfterCoordinates,ReviewClass,PropertyRows,PostalCandidates,Historical,Footprints,Point
ANG MO KIO,106,ANG MO KIO AVE 4,19,NormalizedAddress,NormalizedAddress,BlockApproximation,BlockApproximation,AgreeingProvenanceAddition,[307],"{""560106"":{""d_8575e84912df3c28995b8e6e0e05205a"":[94092,109705,131884,160382,169807],""d_3a3807c023c61ddfba947dc069eb53f2"":[81541,81916],""d_c0650f23e94c42e7a20921f4c5b75c24"":[74827,76025,119121,121042,125803,127860],""d_124a9bd407c7a25f8335b93b86e50fdd"":[17786,45246,75757,82161],""d_4526d47d6714d3b052eed4a30b8b1ed6"":[36546,63948],""d_fa2ed456cf2b8597bb7e064b08fc3c7c"":[22850,45719,45720,48269,49568,86705],""d_478f45a9c541cbe679ca55d1cd2b970b"":[29108,54243,55475,59196],""d_5573b0db0575db32190a2ad27919a7aa"":[14360,68827],""d_a2141adf93ec2a3c2ec2837b78d6d46e"":[42440,44381,44921,86396],""d_9af9317c646a1c881bb5591c91817cc6"":[65579,101609,109929],""d_67e99e6eabc4aad9b5d48663b579746a"":[19764],""d_181005ca270b45408b4cdfc954980ca2"":[51141,52568,88165],""d_df7d2d661c0c11a7c367c9ee4bf896c1"":[52589,190390,190513,202421],""d_72f37e5c5d192951ddc5513c2b134482"":[24716,128362],""d_31af23fdb79119ed185c256f03cb5773"":[17898,25906],""d_4e3db8955fdcda6f9944097bef3d2724"":[16786]}}",,"[{""ObjectId"":947570,""EntityId"":9707,""Block"":""106"",""PostalCode"":""560106""}]","{""Latitude"":1.3719405655,""Longitude"":103.8374778297}"
ANG MO KIO,108,ANG MO KIO AVE 4,29,NormalizedAddress,NormalizedAddress,BlockApproximation,BlockApproximation,AgreeingProvenanceAddition,[394],"{""560108"":{""d_8575e84912df3c28995b8e6e0e05205a"":[105958,158638],""d_3a3807c023c61ddfba947dc069eb53f2"":[21951,48438,62517,75608,80198,80348],""d_c0650f23e94c42e7a20921f4c5b75c24"":[23260,88435,115243,115535,117395,122466,135629],""d_acbc938ec77af18f94cecc4a7c9ec720"":[4553,35085,41601,63848],""d_4526d47d6714d3b052eed4a30b8b1ed6"":[42570],""d_b58303c68e9cf0d2ae93b73ffdbfbfa1"":[15194,48337,55670,67941,68093,75421],""d_fa2ed456cf2b8597bb7e064b08fc3c7c"":[720,6388,7245,7838,21320,77167,88543],""d_85518d970b8178975850457f60f1e738"":[52509],""d_478f45a9c541cbe679ca55d1cd2b970b"":[28267,30761,38225,38334,52422,55500,59493],""d_5573b0db0575db32190a2ad27919a7aa"":[11302,18827,46840,55209,57080,58054,59994,62126],""d_a2141adf93ec2a3c2ec2837b78d6d46e"":[54193,59865,70357,89284,90490],""d_9af9317c646a1c881bb5591c91817cc6"":[48877,61696,62030,68456],""d_67e99e6eabc4aad9b5d48663b579746a"":[10199,46577],""d_5c4ef48b025fdfbc80056401f06e3df9"":[37017],""d_300ddc8da4e8f7bdc1bfc62d0d99e2e7"":[7819,14785],""d_181005ca270b45408b4cdfc954980ca2"":[51321,58372,67571],""d_4130f1d9d365d9f1633536e959f62bb7"":[1851,7581,10793],""d_2b8c54b2a490d2fa36b925289e5d9572"":[39535,43901,61961,63468],""d_df7d2d661c0c11a7c367c9ee4bf896c1"":[1205,37585,72342,118802,123384,128267,131068,141689,166779,169498,185552,186769,197075,199739,208985],""d_72f37e5c5d192951ddc5513c2b134482"":[25713,39650,83169,87172,101742,106175,106550,107459],""d_0cc5f52a1f298b916f317800251057f3"":[20728],""d_e97e8e7fc55b85a38babf66b0fa46b73"":[33665],""d_af2042c77ffaf0db5d75561ce9ef5688"":[9108,13119,45323,50415,52434],""d_1cd970d8351b42be4a308d628a6dd9d3"":[7823,8618],""d_31af23fdb79119ed185c256f03cb5773"":[3359,37055],""d_4e3db8955fdcda6f9944097bef3d2724"":[12512]}}",,"[{""ObjectId"":947039,""EntityId"":3216,""Block"":""108"",""PostalCode"":""560108""}]","{""Latitude"":1.3709639688,""Longitude"":103.838202356}"
ANG MO KIO,230,ANG MO KIO AVE 3,21,NormalizedAddress,NormalizedAddress,BlockApproximation,BlockApproximation,AgreeingProvenanceAddition,[3657],"{""560230"":{""d_8575e84912df3c28995b8e6e0e05205a"":[152595],""d_3a3807c023c61ddfba947dc069eb53f2"":[79551],""d_c0650f23e94c42e7a20921f4c5b75c24"":[74229,112507,129033],""d_b58303c68e9cf0d2ae93b73ffdbfbfa1"":[32962,68304,72028],""d_fa2ed456cf2b8597bb7e064b08fc3c7c"":[78855,79257],""d_478f45a9c541cbe679ca55d1cd2b970b"":[48544,51523,53593],""d_5573b0db0575db32190a2ad27919a7aa"":[18758,62602,65632],""d_a2141adf93ec2a3c2ec2837b78d6d46e"":[72393,79197],""d_9af9317c646a1c881bb5591c91817cc6"":[11785,101915,110673],""d_67e99e6eabc4aad9b5d48663b579746a"":[51071],""d_5c4ef48b025fdfbc80056401f06e3df9"":[24074],""d_300ddc8da4e8f7bdc1bfc62d0d99e2e7"":[19265],""d_2b8c54b2a490d2fa36b925289e5d9572"":[55676,56365],""d_df7d2d661c0c11a7c367c9ee4bf896c1"":[125578,127136,178385,198776],""d_72f37e5c5d192951ddc5513c2b134482"":[84891,105618,109404,115478],""d_0cc5f52a1f298b916f317800251057f3"":[20060],""d_e97e8e7fc55b85a38babf66b0fa46b73"":[8449],""d_af2042c77ffaf0db5d75561ce9ef5688"":[54859],""d_31af23fdb79119ed185c256f03cb5773"":[33003]}}",,"[{""ObjectId"":938898,""EntityId"":11053642,""Block"":""230"",""PostalCode"":""560230""}]","{""Latitude"":1.3688451135,""Longitude"":103.8378931236}"
ANG MO KIO,326,ANG MO KIO AVE 3,22,NormalizedAddress,NormalizedAddress,BlockApproximation,BlockApproximation,AgreeingProvenanceAddition,[5565],"{""560326"":{""d_8575e84912df3c28995b8e6e0e05205a"":[39881,172746],""d_3a3807c023c61ddfba947dc069eb53f2"":[51210],""d_c0650f23e94c42e7a20921f4c5b75c24"":[54986,57598,71245],""d_acbc938ec77af18f94cecc4a7c9ec720"":[62987],""d_124a9bd407c7a25f8335b93b86e50fdd"":[46477],""d_4526d47d6714d3b052eed4a30b8b1ed6"":[15294,17015,52371,56752,67607],""d_b58303c68e9cf0d2ae93b73ffdbfbfa1"":[22849,29281,70445,76499,83674],""d_fa2ed456cf2b8597bb7e064b08fc3c7c"":[11758,43052],""d_85518d970b8178975850457f60f1e738"":[474,54878,57042],""d_a2141adf93ec2a3c2ec2837b78d6d46e"":[83257],""d_9af9317c646a1c881bb5591c91817cc6"":[29703,44155,103757,104558,116885],""d_67e99e6eabc4aad9b5d48663b579746a"":[2736],""d_5c4ef48b025fdfbc80056401f06e3df9"":[6205,41331],""d_181005ca270b45408b4cdfc954980ca2"":[5582,51503,84056],""d_4130f1d9d365d9f1633536e959f62bb7"":[11135],""d_2b8c54b2a490d2fa36b925289e5d9572"":[16244,36359,61826,69967],""d_df7d2d661c0c11a7c367c9ee4bf896c1"":[68578,87513,92896,190693,224035],""d_72f37e5c5d192951ddc5513c2b134482"":[2307,34665],""d_0cc5f52a1f298b916f317800251057f3"":[22252],""d_af2042c77ffaf0db5d75561ce9ef5688"":[6715,30711,45344]}}",,"[{""ObjectId"":936546,""EntityId"":4305,""Block"":""326"",""PostalCode"":""560326""}]","{""Latitude"":1.3670828681,""Longitude"":103.8479000366}"
ANG MO KIO,336,ANG MO KIO AVE 1,17,Unmatched,NormalizedAddress,Missing,BlockApproximation,NewLocatedPublic,[5767],"{""560336"":{""d_8575e84912df3c28995b8e6e0e05205a"":[163143,174162],""d_c0650f23e94c42e7a20921f4c5b75c24"":[14221,74080],""d_acbc938ec77af18f94cecc4a7c9ec720"":[68236],""d_124a9bd407c7a25f8335b93b86e50fdd"":[22289],""d_b58303c68e9cf0d2ae93b73ffdbfbfa1"":[34787],""d_fa2ed456cf2b8597bb7e064b08fc3c7c"":[80213],""d_478f45a9c541cbe679ca55d1cd2b970b"":[15184,56840],""d_5573b0db0575db32190a2ad27919a7aa"":[61951,74961],""d_a2141adf93ec2a3c2ec2837b78d6d46e"":[68212,84091],""d_9af9317c646a1c881bb5591c91817cc6"":[31325,97827,120757],""d_67e99e6eabc4aad9b5d48663b579746a"":[732],""d_5c4ef48b025fdfbc80056401f06e3df9"":[23668,37637],""d_df7d2d661c0c11a7c367c9ee4bf896c1"":[33010,85604,126478,184658,194813,196417,227474,228678],""d_72f37e5c5d192951ddc5513c2b134482"":[116324,136867],""d_e97e8e7fc55b85a38babf66b0fa46b73"":[30078],""d_af2042c77ffaf0db5d75561ce9ef5688"":[47599],""d_1cd970d8351b42be4a308d628a6dd9d3"":[11675],""d_4e3db8955fdcda6f9944097bef3d2724"":[13514]}}",,"[{""ObjectId"":944050,""EntityId"":6409,""Block"":""336"",""PostalCode"":""560336""}]","{""Latitude"":1.3635717992,""Longitude"":103.8518750838}"
ANG MO KIO,543,ANG MO KIO AVE 10,9,Unmatched,NormalizedAddress,Missing,BlockApproximation,NewLocatedPublic,[9161],"{""560543"":{""d_8575e84912df3c28995b8e6e0e05205a"":[21160,71995,94829],""d_c0650f23e94c42e7a20921f4c5b75c24"":[73965,109530,110070,116995],""d_acbc938ec77af18f94cecc4a7c9ec720"":[67022],""d_4526d47d6714d3b052eed4a30b8b1ed6"":[51883,62935],""d_fa2ed456cf2b8597bb7e064b08fc3c7c"":[73062],""d_478f45a9c541cbe679ca55d1cd2b970b"":[29206],""d_5573b0db0575db32190a2ad27919a7aa"":[1221,39601],""d_a2141adf93ec2a3c2ec2837b78d6d46e"":[45992,52758,74898,76176],""d_9af9317c646a1c881bb5591c91817cc6"":[65573,103962],""d_300ddc8da4e8f7bdc1bfc62d0d99e2e7"":[19971,20784],""d_181005ca270b45408b4cdfc954980ca2"":[54204,77642,83129,99274],""d_df7d2d661c0c11a7c367c9ee4bf896c1"":[80630,129332],""d_72f37e5c5d192951ddc5513c2b134482"":[119415],""d_31af23fdb79119ed185c256f03cb5773"":[18183],""d_4e3db8955fdcda6f9944097bef3d2724"":[14985]}}","{""CacheKey"":""ang-mo-kio-543-ang-mo-kio-ave-10"",""SearchValue"":""543 ANG MO KIO AVE 10 SINGAPORE"",""Status"":""HistoricalFirstHit"",""Postal"":""560543"",""UpdatedAt"":""2026-05-24T10:33:13.729Z""}","[{""ObjectId"":937501,""EntityId"":8648,""Block"":""543"",""PostalCode"":""560543""}]","{""Latitude"":1.3743059738,""Longitude"":103.8562240857}"
ANG MO KIO,588D,ANG MO KIO ST 52,84,Unmatched,NormalizedAddress,Missing,BlockApproximation,NewLocatedHistorical,[9569],{},"{""CacheKey"":""ang-mo-kio-588d-ang-mo-kio-st-52"",""SearchValue"":""588D ANG MO KIO ST 52 SINGAPORE"",""Status"":""HistoricalFirstHit"",""Postal"":""564588"",""UpdatedAt"":""2026-05-24T10:26:43.005Z""}","[{""ObjectId"":948069,""EntityId"":6346,""Block"":""588D"",""PostalCode"":""564588""}]","{""Latitude"":1.3717640986,""Longitude"":103.8539628385}"
ANG MO KIO,606,ANG MO KIO AVE 5,30,Unmatched,NormalizedAddress,Missing,BlockApproximation,NewLocatedPublic,[9762],"{""560606"":{""d_8575e84912df3c28995b8e6e0e05205a"":[94337,148817],""d_c0650f23e94c42e7a20921f4c5b75c24"":[130724],""d_124a9bd407c7a25f8335b93b86e50fdd"":[69492,69542],""d_4526d47d6714d3b052eed4a30b8b1ed6"":[18931,56884,63969,69561],""d_b58303c68e9cf0d2ae93b73ffdbfbfa1"":[72066],""d_fa2ed456cf2b8597bb7e064b08fc3c7c"":[41757,44344,71610,79421],""d_478f45a9c541cbe679ca55d1cd2b970b"":[53340],""d_5573b0db0575db32190a2ad27919a7aa"":[39104],""d_a2141adf93ec2a3c2ec2837b78d6d46e"":[74489,79766,80264],""d_9af9317c646a1c881bb5591c91817cc6"":[30343,99197,103765],""d_5c4ef48b025fdfbc80056401f06e3df9"":[32837,36112],""d_300ddc8da4e8f7bdc1bfc62d0d99e2e7"":[5569],""d_df7d2d661c0c11a7c367c9ee4bf896c1"":[127898,154426,172675,203835],""d_72f37e5c5d192951ddc5513c2b134482"":[28515,129600,131695],""d_e97e8e7fc55b85a38babf66b0fa46b73"":[28381,30991],""d_4e3db8955fdcda6f9944097bef3d2724"":[12807]}}",,"[{""ObjectId"":937951,""EntityId"":8219,""Block"":""606"",""PostalCode"":""560606""}]","{""Latitude"":1.3793244363,""Longitude"":103.8367473306}"
ANG MO KIO,619,ANG MO KIO AVE 4,14,Unmatched,NormalizedAddress,Missing,BlockApproximation,NewLocatedPublic,[9977],"{""560619"":{""d_8575e84912df3c28995b8e6e0e05205a"":[144403,149205,163485],""d_c0650f23e94c42e7a20921f4c5b75c24"":[104632],""d_acbc938ec77af18f94cecc4a7c9ec720"":[30635,65735],""d_4526d47d6714d3b052eed4a30b8b1ed6"":[56335],""d_fa2ed456cf2b8597bb7e064b08fc3c7c"":[84774,89004],""d_5573b0db0575db32190a2ad27919a7aa"":[7863,12968,15973],""d_a2141adf93ec2a3c2ec2837b78d6d46e"":[85766],""d_9af9317c646a1c881bb5591c91817cc6"":[43310,91508,106866],""d_67e99e6eabc4aad9b5d48663b579746a"":[16990],""d_300ddc8da4e8f7bdc1bfc62d0d99e2e7"":[19743],""d_181005ca270b45408b4cdfc954980ca2"":[86850,91231],""d_df7d2d661c0c11a7c367c9ee4bf896c1"":[189998,205205,216884,220774],""d_72f37e5c5d192951ddc5513c2b134482"":[63273,64422,126766,134310],""d_31af23fdb79119ed185c256f03cb5773"":[23558,25957]}}",,"[{""ObjectId"":947753,""EntityId"":4743,""Block"":""619"",""PostalCode"":""560619""}]","{""Latitude"":1.3785296105,""Longitude"":103.8386396991}"
BEDOK,105,LENGKONG TIGA,1,Unmatched,ExactAddress,Missing,BlockApproximation,NewLocatedPublic,[284],"{""410105"":{""d_4526d47d6714d3b052eed4a30b8b1ed6"":[66506],""d_9af9317c646a1c881bb5591c91817cc6"":[62320],""d_2b8c54b2a490d2fa36b925289e5d9572"":[62185]}}",,"[{""ObjectId"":938288,""EntityId"":2744,""Block"":""105"",""PostalCode"":""410105""}]","{""Latitude"":1.3256155757,""Longitude"":103.910112178}"
BEDOK,106,LENGKONG TIGA,12,ExactAddress,ExactAddress,BlockApproximation,BlockApproximation,AgreeingProvenanceAddition,[324],"{""410106"":{""d_8575e84912df3c28995b8e6e0e05205a"":[79099,129287,153219,158937,163088],""d_3a3807c023c61ddfba947dc069eb53f2"":[79872,93021],""d_c0650f23e94c42e7a20921f4c5b75c24"":[49806,50723,51726,52782,55159,57035,119512,122818],""d_124a9bd407c7a25f8335b93b86e50fdd"":[32217,48873],""d_b58303c68e9cf0d2ae93b73ffdbfbfa1"":[73025,73212],""d_85518d970b8178975850457f60f1e738"":[51885],""d_5573b0db0575db32190a2ad27919a7aa"":[43346],""d_a2141adf93ec2a3c2ec2837b78d6d46e"":[28334,80032],""d_9af9317c646a1c881bb5591c91817cc6"":[101091],""d_67e99e6eabc4aad9b5d48663b579746a"":[37423],""d_5c4ef48b025fdfbc80056401f06e3df9"":[35860],""d_181005ca270b45408b4cdfc954980ca2"":[45713],""d_df7d2d661c0c11a7c367c9ee4bf896c1"":[50265,76463,77625,79956,177768,196303,200747,207619],""d_72f37e5c5d192951ddc5513c2b134482"":[126561,127113],""d_0cc5f52a1f298b916f317800251057f3"":[24270],""d_af2042c77ffaf0db5d75561ce9ef5688"":[7648,49249],""d_1cd970d8351b42be4a308d628a6dd9d3"":[9585],""d_31af23fdb79119ed185c256f03cb5773"":[31043,32312,33722]}}",,"[{""ObjectId"":943276,""EntityId"":7577,""Block"":""106"",""PostalCode"":""410106""}]","{""Latitude"":1.3252179271,""Longitude"":103.9100087777}"
BEDOK,107,LENGKONG TIGA,2,Unmatched,ExactAddress,Missing,BlockApproximation,NewLocatedPublic,[366],"{""410107"":{""d_124a9bd407c7a25f8335b93b86e50fdd"":[23910],""d_9af9317c646a1c881bb5591c91817cc6"":[48203],""d_67e99e6eabc4aad9b5d48663b579746a"":[60550],""d_31af23fdb79119ed185c256f03cb5773"":[11572]}}",,"[{""ObjectId"":937265,""EntityId"":2996,""Block"":""107"",""PostalCode"":""410107""}]","{""Latitude"":1.3249517262,""Longitude"":103.9101720446}"
BEDOK,10D,BEDOK STH AVE 2,12,Unmatched,NormalizedAddress,Missing,BlockApproximation,NewLocatedHistorical,[91],{},"{""CacheKey"":""bedok-10d-bedok-sth-ave-2"",""SearchValue"":""10D BEDOK STH AVE 2 SINGAPORE"",""Status"":""HistoricalFirstHit"",""Postal"":""463010"",""UpdatedAt"":""2026-05-24T11:01:57.385Z""}","[{""ObjectId"":945536,""EntityId"":575,""Block"":""10D"",""PostalCode"":""463010""}]","{""Latitude"":1.3217975211,""Longitude"":103.9364600129}"
BEDOK,116,LENGKONG TIGA,21,Unmatched,ExactAddress,Missing,BlockApproximation,NewLocatedPublic,[755],"{""410116"":{""d_c0650f23e94c42e7a20921f4c5b75c24"":[33512,34729,114070,114166,117374,120252,126383,133300],""d_b58303c68e9cf0d2ae93b73ffdbfbfa1"":[68384],""d_fa2ed456cf2b8597bb7e064b08fc3c7c"":[71039,85753],""d_478f45a9c541cbe679ca55d1cd2b970b"":[67604],""d_5573b0db0575db32190a2ad27919a7aa"":[15766,68415],""d_a2141adf93ec2a3c2ec2837b78d6d46e"":[74081],""d_9af9317c646a1c881bb5591c91817cc6"":[69407,92465,104562,111054],""d_67e99e6eabc4aad9b5d48663b579746a"":[50534],""d_5c4ef48b025fdfbc80056401f06e3df9"":[33767],""d_181005ca270b45408b4cdfc954980ca2"":[36900],""d_df7d2d661c0c11a7c367c9ee4bf896c1"":[65524],""d_72f37e5c5d192951ddc5513c2b134482"":[23030,111771,120104],""d_0cc5f52a1f298b916f317800251057f3"":[13275],""d_af2042c77ffaf0db5d75561ce9ef5688"":[50937]}}",,"[{""ObjectId"":941204,""EntityId"":6666,""Block"":""116"",""PostalCode"":""410116""}]","{""Latitude"":1.3228647349,""Longitude"":103.9118630157}"
BEDOK,170,BEDOK STH RD,15,Unmatched,NormalizedAddress,Missing,BlockApproximation,NewLocatedHistorical,[2213],{},"{""CacheKey"":""bedok-170-bedok-sth-rd"",""SearchValue"":""170 BEDOK STH RD SINGAPORE"",""Status"":""HistoricalFirstHit"",""Postal"":""460170"",""UpdatedAt"":""2026-05-24T11:08:03.842Z""}","[{""ObjectId"":945064,""EntityId"":3429,""Block"":""170"",""PostalCode"":""460170""}]","{""Latitude"":1.3206797113,""Longitude"":103.9461110644}"
BEDOK,620,BEDOK RESERVOIR RD,84,Unmatched,NormalizedAddress,Missing,BlockApproximation,NewLocatedHistorical,[10010],{},"{""CacheKey"":""bedok-620-bedok-reservoir-rd"",""SearchValue"":""620 BEDOK RESERVOIR RD SINGAPORE"",""Status"":""HistoricalFirstHit"",""Postal"":""470620"",""UpdatedAt"":""2026-05-24T10:38:15.765Z""}","[{""ObjectId"":943485,""EntityId"":10930,""Block"":""620"",""PostalCode"":""470620""}]","{""Latitude"":1.3338546807,""Longitude"":103.9179246333}"
BEDOK,769,BEDOK RESERVOIR VIEW,54,ExactAddress,ExactAddress,BlockApproximation,BlockApproximation,AgreeingProvenanceAddition,[11848],"{""470769"":{""d_8575e84912df3c28995b8e6e0e05205a"":[99802,148698,155356,157587,161582,164954,167631,170202],""d_3a3807c023c61ddfba947dc069eb53f2"":[16448,42547,78731,83182,86439,87984,88041,91638],""d_c0650f23e94c42e7a20921f4c5b75c24"":[65347,129292,132978],""d_acbc938ec77af18f94cecc4a7c9ec720"":[54909,58527,58748,62193],""d_124a9bd407c7a25f8335b93b86e50fdd"":[25984,74730],""d_4526d47d6714d3b052eed4a30b8b1ed6"":[56513,57048,64538],""d_b58303c68e9cf0d2ae93b73ffdbfbfa1"":[70196],""d_fa2ed456cf2b8597bb7e064b08fc3c7c"":[8785,18483,25149,83776,84193],""d_85518d970b8178975850457f60f1e738"":[29296,30693,46274,49353,51333],""d_478f45a9c541cbe679ca55d1cd2b970b"":[54816],""d_5573b0db0575db32190a2ad27919a7aa"":[63541,65981,67828,69136],""d_a2141adf93ec2a3c2ec2837b78d6d46e"":[14829,23496,84940,86933,86969,88659,88660],""d_67e99e6eabc4aad9b5d48663b579746a"":[43992,57269],""d_5c4ef48b025fdfbc80056401f06e3df9"":[27555],""d_300ddc8da4e8f7bdc1bfc62d0d99e2e7"":[17649],""d_181005ca270b45408b4cdfc954980ca2"":[18387,84000],""d_2b8c54b2a490d2fa36b925289e5d9572"":[58464],""d_df7d2d661c0c11a7c367c9ee4bf896c1"":[117850,178424,197235,208263,221346],""d_72f37e5c5d192951ddc5513c2b134482"":[104757,114208,115899,129172],""d_0cc5f52a1f298b916f317800251057f3"":[20745,21599],""d_e97e8e7fc55b85a38babf66b0fa46b73"":[22214,34773],""d_af2042c77ffaf0db5d75561ce9ef5688"":[47639,48506,51782],""d_1cd970d8351b42be4a308d628a6dd9d3"":[12059],""d_31af23fdb79119ed185c256f03cb5773"":[29798,37203],""d_4e3db8955fdcda6f9944097bef3d2724"":[13988]}}",,"[{""ObjectId"":945136,""EntityId"":7384,""Block"":""769"",""PostalCode"":""470769""}]","{""Latitude"":1.3358642597,""Longitude"":103.9377929173}"
BEDOK,771,BEDOK RESERVOIR VIEW,42,ExactAddress,ExactAddress,BlockApproximation,BlockApproximation,AgreeingProvenanceAddition,[11871],"{""470771"":{""d_8575e84912df3c28995b8e6e0e05205a"":[23061,39056,60774,135587,164791,170297],""d_3a3807c023c61ddfba947dc069eb53f2"":[19797,77875],""d_c0650f23e94c42e7a20921f4c5b75c24"":[39209,67289,118103,118173,125018],""d_acbc938ec77af18f94cecc4a7c9ec720"":[29256,34074,69236],""d_124a9bd407c7a25f8335b93b86e50fdd"":[8653,18349,37932,76987],""d_4526d47d6714d3b052eed4a30b8b1ed6"":[20971,61833,66233,67916],""d_b58303c68e9cf0d2ae93b73ffdbfbfa1"":[79561],""d_fa2ed456cf2b8597bb7e064b08fc3c7c"":[10144,32071,39402,79543],""d_478f45a9c541cbe679ca55d1cd2b970b"":[61733],""d_5573b0db0575db32190a2ad27919a7aa"":[11066,63932,67026,76560],""d_a2141adf93ec2a3c2ec2837b78d6d46e"":[83439,85406,86113,92821],""d_9af9317c646a1c881bb5591c91817cc6"":[59379,103246,117448],""d_67e99e6eabc4aad9b5d48663b579746a"":[31384,54496],""d_5c4ef48b025fdfbc80056401f06e3df9"":[39533],""d_181005ca270b45408b4cdfc954980ca2"":[31054,83412,93691],""d_4130f1d9d365d9f1633536e959f62bb7"":[9083],""d_df7d2d661c0c11a7c367c9ee4bf896c1"":[14734,26817,35525,42068,65105,99859,117854,183746,197003,220233],""d_72f37e5c5d192951ddc5513c2b134482"":[103879,116273],""d_e97e8e7fc55b85a38babf66b0fa46b73"":[20151],""d_af2042c77ffaf0db5d75561ce9ef5688"":[51954],""d_1cd970d8351b42be4a308d628a6dd9d3"":[13078],""d_4e3db8955fdcda6f9944097bef3d2724"":[12322,13008]}}",,"[{""ObjectId"":939898,""EntityId"":7851,""Block"":""771"",""PostalCode"":""470771""}]","{""Latitude"":1.3359517844,""Longitude"":103.9388662639}"
BEDOK,774,BEDOK RESERVOIR VIEW,46,ExactAddress,ExactAddress,BlockApproximation,BlockApproximation,AgreeingProvenanceAddition,[11888],"{""470774"":{""d_8575e84912df3c28995b8e6e0e05205a"":[73065,150099,153255],""d_3a3807c023c61ddfba947dc069eb53f2"":[47548,74085,82048],""d_c0650f23e94c42e7a20921f4c5b75c24"":[124929],""d_acbc938ec77af18f94cecc4a7c9ec720"":[12005,66988,69588],""d_124a9bd407c7a25f8335b93b86e50fdd"":[5724,21884,65108],""d_4526d47d6714d3b052eed4a30b8b1ed6"":[14079,18922,30387],""d_b58303c68e9cf0d2ae93b73ffdbfbfa1"":[559,36270,60946,75893,77118],""d_fa2ed456cf2b8597bb7e064b08fc3c7c"":[83425,85299,85324],""d_478f45a9c541cbe679ca55d1cd2b970b"":[50878,59010],""d_5573b0db0575db32190a2ad27919a7aa"":[60346,62938],""d_a2141adf93ec2a3c2ec2837b78d6d46e"":[79712,79776,80499,86303,91248,92807],""d_9af9317c646a1c881bb5591c91817cc6"":[27202,108855,109055,114489],""d_5c4ef48b025fdfbc80056401f06e3df9"":[30294,41305],""d_300ddc8da4e8f7bdc1bfc62d0d99e2e7"":[17216],""d_181005ca270b45408b4cdfc954980ca2"":[50455,89504,91749,92166,93447],""d_4130f1d9d365d9f1633536e959f62bb7"":[12095],""d_2b8c54b2a490d2fa36b925289e5d9572"":[14114],""d_df7d2d661c0c11a7c367c9ee4bf896c1"":[180671,182804,211900],""d_1cd970d8351b42be4a308d628a6dd9d3"":[11938],""d_31af23fdb79119ed185c256f03cb5773"":[29038,32040]}}",,"[{""ObjectId"":937092,""EntityId"":6111,""Block"":""774"",""PostalCode"":""470774""}]","{""Latitude"":1.3365444321,""Longitude"":103.9368273184}"
BEDOK,97,BEDOK NTH AVE 4,23,Unmatched,NormalizedAddress,Missing,BlockApproximation,NewLocatedHistorical,[13209],{},"{""CacheKey"":""bedok-97-bedok-nth-ave-4"",""SearchValue"":""97 BEDOK NTH AVE 4 SINGAPORE"",""Status"":""HistoricalFirstHit"",""Postal"":""460097"",""UpdatedAt"":""2026-05-24T11:08:03.842Z""}","[{""ObjectId"":947596,""EntityId"":7370,""Block"":""97"",""PostalCode"":""460097""}]","{""Latitude"":1.3329633557,""Longitude"":103.9399635673}"
BISHAN,103,BISHAN ST 12,24,Unmatched,NormalizedAddress,Missing,BlockApproximation,NewLocatedHistorical,[189],{},"{""CacheKey"":""bishan-103-bishan-st-12"",""SearchValue"":""103 BISHAN ST 12 SINGAPORE"",""Status"":""HistoricalFirstHit"",""Postal"":""570103"",""UpdatedAt"":""2026-05-24T10:51:08.981Z""}","[{""ObjectId"":942836,""EntityId"":11055563,""Block"":""103"",""PostalCode"":""570103""}]","{""Latitude"":1.3455089219,""Longitude"":103.8483090501}"
BISHAN,111,BISHAN ST 12,26,Unmatched,NormalizedAddress,Missing,BlockApproximation,NewLocatedHistorical,[544],{},"{""CacheKey"":""bishan-111-bishan-st-12"",""SearchValue"":""111 BISHAN ST 12 SINGAPORE"",""Status"":""HistoricalFirstHit"",""Postal"":""570111"",""UpdatedAt"":""2026-05-24T10:26:43.005Z""}","[{""ObjectId"":945820,""EntityId"":11055467,""Block"":""111"",""PostalCode"":""570111""}]","{""Latitude"":1.3470666546,""Longitude"":103.8480581667}"
BISHAN,311,SHUNFU RD,8,Unmatched,NormalizedAddress,Missing,BlockApproximation,NewLocatedHistorical,[5227],{},"{""CacheKey"":""bishan-311-shunfu-rd"",""SearchValue"":""311 SHUNFU RD SINGAPORE"",""Status"":""HistoricalFirstHit"",""Postal"":""570311"",""UpdatedAt"":""2026-05-24T11:09:41.329Z""}","[{""ObjectId"":941127,""EntityId"":825,""Block"":""311"",""PostalCode"":""570311""}]","{""Latitude"":1.3509583472,""Longitude"":103.8393396992}"
BISHAN,452,SIN MING AVE,7,Unmatched,NormalizedAddress,Missing,BlockApproximation,NewLocatedHistorical,[7657],{},"{""CacheKey"":""bishan-452-sin-ming-ave"",""SearchValue"":""452 SIN MING AVE SINGAPORE"",""Status"":""HistoricalFirstHit"",""Postal"":""570452"",""UpdatedAt"":""2026-05-24T10:55:42.221Z""}","[{""ObjectId"":939021,""EntityId"":6267,""Block"":""452"",""PostalCode"":""570452""}]","{""Latitude"":1.3585552022,""Longitude"":103.8297619888}"
BUKIT BATOK,120,BT BATOK CTRL,28,Unmatched,NormalizedAddress,Missing,BlockApproximation,NewLocatedHistorical,[931],{},"{""CacheKey"":""bukit-batok-120-bt-batok-ctrl"",""SearchValue"":""120 BT BATOK CTRL SINGAPORE"",""Status"":""HistoricalFirstHit"",""Postal"":""650120"",""UpdatedAt"":""2026-05-24T10:26:43.005Z""}","[{""ObjectId"":938333,""EntityId"":10725,""Block"":""120"",""PostalCode"":""650120""}]","{""Latitude"":1.3509385797,""Longitude"":103.7475881591}"
BUKIT BATOK,223,BT BATOK EAST AVE 3,27,Unmatched,NormalizedAddress,Missing,BlockApproximation,NewLocatedHistorical,[3464],{},"{""CacheKey"":""bukit-batok-223-bt-batok-east-ave-3"",""SearchValue"":""223 BT BATOK EAST AVE 3 SINGAPORE"",""Status"":""HistoricalFirstHit"",""Postal"":""650223"",""UpdatedAt"":""2026-05-24T11:06:29.933Z""}","[{""ObjectId"":946432,""EntityId"":6129,""Block"":""223"",""PostalCode"":""650223""}]","{""Latitude"":1.3479924739,""Longitude"":103.7533866139}"
BUKIT BATOK,287,BT BATOK EAST AVE 3,11,Unmatched,NormalizedAddress,Missing,BlockApproximation,NewLocatedHistorical,[4692],{},"{""CacheKey"":""bukit-batok-287-bt-batok-east-ave-3"",""SearchValue"":""287 BT BATOK EAST AVE 3 SINGAPORE"",""Status"":""HistoricalFirstHit"",""Postal"":""650287"",""UpdatedAt"":""2026-05-24T11:09:41.329Z""}","[{""ObjectId"":936881,""EntityId"":3023,""Block"":""287"",""PostalCode"":""650287""}]","{""Latitude"":1.3472113803,""Longitude"":103.7584571804}"
BUKIT BATOK,416,BT BATOK WEST AVE 4,33,Unmatched,NormalizedAddress,Missing,BlockApproximation,NewLocatedHistorical,[6920],{},"{""CacheKey"":""bukit-batok-416-bt-batok-west-ave-4"",""SearchValue"":""416 BT BATOK WEST AVE 4 SINGAPORE"",""Status"":""HistoricalFirstHit"",""Postal"":""650416"",""UpdatedAt"":""2026-05-24T10:55:42.221Z""}","[{""ObjectId"":938974,""EntityId"":4737,""Block"":""416"",""PostalCode"":""650416""}]","{""Latitude"":1.3632289836,""Longitude"":103.7459910517}"
BUKIT MERAH,134,JLN BT MERAH,22,Unmatched,NormalizedAddress,Missing,BlockApproximation,NewLocatedHistorical,[1412],{},"{""CacheKey"":""bukit-merah-134-jln-bt-merah"",""SearchValue"":""134 JLN BT MERAH SINGAPORE"",""Status"":""HistoricalFirstHit"",""Postal"":""160134"",""UpdatedAt"":""2026-05-24T10:26:43.005Z""}","[{""ObjectId"":944963,""EntityId"":8870,""Block"":""134"",""PostalCode"":""160134""}]","{""Latitude"":1.2789195224,""Longitude"":103.8277237142}"
BUKIT MERAH,18,TAMAN HO SWEE,10,ExactAddress,ExactAddress,BlockApproximation,BlockApproximation,AgreeingProvenanceAddition,[2405],"{""162018"":{""d_8575e84912df3c28995b8e6e0e05205a"":[129349],""d_3a3807c023c61ddfba947dc069eb53f2"":[50499],""d_c0650f23e94c42e7a20921f4c5b75c24"":[110190],""d_4526d47d6714d3b052eed4a30b8b1ed6"":[13914],""d_478f45a9c541cbe679ca55d1cd2b970b"":[58854,59952],""d_a2141adf93ec2a3c2ec2837b78d6d46e"":[740,63315,69550,81588],""d_4130f1d9d365d9f1633536e959f62bb7"":[6863],""d_2b8c54b2a490d2fa36b925289e5d9572"":[58114],""d_df7d2d661c0c11a7c367c9ee4bf896c1"":[127515]}}",,"[{""ObjectId"":940910,""EntityId"":7641,""Block"":""18"",""PostalCode"":""162018""}]","{""Latitude"":1.2880972811,""Longitude"":103.8310365605}"
BUKIT MERAH,27,TELOK BLANGAH WAY,22,Unmatched,ExactAddress,Missing,BlockApproximation,NewLocatedPublic,[4418],"{""090027"":{""d_8575e84912df3c28995b8e6e0e05205a"":[85188,85648,155045,167508],""d_c0650f23e94c42e7a20921f4c5b75c24"":[74506,74630,104006,109834,135449],""d_acbc938ec77af18f94cecc4a7c9ec720"":[36373,71278],""d_4526d47d6714d3b052eed4a30b8b1ed6"":[35943,36061],""d_478f45a9c541cbe679ca55d1cd2b970b"":[63043],""d_5573b0db0575db32190a2ad27919a7aa"":[38321,67881,67978],""d_9af9317c646a1c881bb5591c91817cc6"":[84208,113824],""d_67e99e6eabc4aad9b5d48663b579746a"":[964,35902,47950,52466,58594],""d_5c4ef48b025fdfbc80056401f06e3df9"":[33239,36038],""d_181005ca270b45408b4cdfc954980ca2"":[27715,88525],""d_4130f1d9d365d9f1633536e959f62bb7"":[9309,11873],""d_2b8c54b2a490d2fa36b925289e5d9572"":[62683],""d_df7d2d661c0c11a7c367c9ee4bf896c1"":[483,522,109670,125634,129981,209904,219335],""d_72f37e5c5d192951ddc5513c2b134482"":[2345,130546,141653],""d_0cc5f52a1f298b916f317800251057f3"":[19881,20563],""d_af2042c77ffaf0db5d75561ce9ef5688"":[44180]}}",,"[{""ObjectId"":947942,""EntityId"":1082,""Block"":""27"",""PostalCode"":""090027""}]","{""Latitude"":1.274189433,""Longitude"":103.8214740886}"
BUKIT MERAH,36,BEO CRES,27,Unmatched,NormalizedAddress,Missing,BlockApproximation,NewLocatedHistorical,[6166],{},"{""CacheKey"":""bukit-merah-36-beo-cres"",""SearchValue"":""36 BEO CRES SINGAPORE"",""Status"":""HistoricalFirstHit"",""Postal"":""160036"",""UpdatedAt"":""2026-05-24T10:26:43.005Z""}","[{""ObjectId"":942187,""EntityId"":3060,""Block"":""36"",""PostalCode"":""160036""}]","{""Latitude"":1.2882999512,""Longitude"":103.8271829129}"
BUKIT MERAH,43,LENGKOK BAHRU,7,Unmatched,ExactAddress,Missing,BlockApproximation,NewLocatedPublic,[7187],"{""150043"":{""d_8575e84912df3c28995b8e6e0e05205a"":[93564],""d_c0650f23e94c42e7a20921f4c5b75c24"":[139479],""d_acbc938ec77af18f94cecc4a7c9ec720"":[63603],""d_124a9bd407c7a25f8335b93b86e50fdd"":[15424],""d_478f45a9c541cbe679ca55d1cd2b970b"":[41387],""d_9af9317c646a1c881bb5591c91817cc6"":[103612],""d_181005ca270b45408b4cdfc954980ca2"":[82973],""d_df7d2d661c0c11a7c367c9ee4bf896c1"":[184056,221227,222528],""d_72f37e5c5d192951ddc5513c2b134482"":[94416,114959,117937,133447],""d_e97e8e7fc55b85a38babf66b0fa46b73"":[31611],""d_31af23fdb79119ed185c256f03cb5773"":[14379]}}",,"[{""ObjectId"":943650,""EntityId"":875,""Block"":""43"",""PostalCode"":""150043""}]","{""Latitude"":1.2869566277,""Longitude"":103.8109994467}"
BUKIT MERAH,44,LENGKOK BAHRU,5,Unmatched,ExactAddress,Missing,BlockApproximation,NewLocatedPublic,[7380],"{""150044"":{""d_8575e84912df3c28995b8e6e0e05205a"":[73729,121020,133955,137498],""d_a2141adf93ec2a3c2ec2837b78d6d46e"":[61482],""d_df7d2d661c0c11a7c367c9ee4bf896c1"":[93585],""d_72f37e5c5d192951ddc5513c2b134482"":[19390,54166]}}",,"[{""ObjectId"":935842,""EntityId"":876,""Block"":""44"",""PostalCode"":""150044""}]","{""Latitude"":1.2868418674,""Longitude"":103.8117098619}"
BUKIT MERAH,63B,LENGKOK BAHRU,36,ExactAddress,ExactAddress,BlockApproximation,BlockApproximation,AgreeingProvenanceAddition,[10172],"{""152063"":{""d_8575e84912df3c28995b8e6e0e05205a"":[28377,76962,121825,124955,129754,134540,139211,171380,173518],""d_3a3807c023c61ddfba947dc069eb53f2"":[66473,67426,82234],""d_c0650f23e94c42e7a20921f4c5b75c24"":[38896,114678],""d_acbc938ec77af18f94cecc4a7c9ec720"":[61128],""d_124a9bd407c7a25f8335b93b86e50fdd"":[42914,58757,68913,74547],""d_4526d47d6714d3b052eed4a30b8b1ed6"":[148,56295,58654],""d_b58303c68e9cf0d2ae93b73ffdbfbfa1"":[52170,72905],""d_85518d970b8178975850457f60f1e738"":[44557,48267],""d_478f45a9c541cbe679ca55d1cd2b970b"":[10556,17029,53491,55089],""d_5573b0db0575db32190a2ad27919a7aa"":[58215,71127,74727,75508],""d_a2141adf93ec2a3c2ec2837b78d6d46e"":[86531],""d_9af9317c646a1c881bb5591c91817cc6"":[92094,119197],""d_67e99e6eabc4aad9b5d48663b579746a"":[4076,12339],""d_5c4ef48b025fdfbc80056401f06e3df9"":[9588,36260,38870],""d_300ddc8da4e8f7bdc1bfc62d0d99e2e7"":[11199,13339,16319],""d_181005ca270b45408b4cdfc954980ca2"":[77224,78892,96622],""d_2b8c54b2a490d2fa36b925289e5d9572"":[48087,50788],""d_df7d2d661c0c11a7c367c9ee4bf896c1"":[79999,100089,180926,188592],""d_72f37e5c5d192951ddc5513c2b134482"":[851,1305,97084],""d_31af23fdb79119ed185c256f03cb5773"":[6530]}}",,"[{""ObjectId"":947498,""EntityId"":7110,""Block"":""63B"",""PostalCode"":""152063""}]","{""Latitude"":1.289249245,""Longitude"":103.8154543667}"
BUKIT MERAH,6B,BOON TIONG RD,42,Unmatched,NormalizedAddress,Missing,BlockApproximation,NewLocatedHistorical,[9652],{},"{""CacheKey"":""bukit-merah-6b-boon-tiong-rd"",""SearchValue"":""6B BOON TIONG RD SINGAPORE"",""Status"":""HistoricalFirstHit"",""Postal"":""165006"",""UpdatedAt"":""2026-05-24T10:33:13.729Z""}","[{""ObjectId"":946026,""EntityId"":8208,""Block"":""6B"",""PostalCode"":""165006""}]","{""Latitude"":1.2866253995,""Longitude"":103.8308244799}"
BUKIT MERAH,82,REDHILL LANE,13,ExactAddress,ExactAddress,BlockApproximation,BlockApproximation,AgreeingProvenanceAddition,[12288],"{""150082"":{""d_8575e84912df3c28995b8e6e0e05205a"":[158515,171317],""d_3a3807c023c61ddfba947dc069eb53f2"":[73089,92852],""d_c0650f23e94c42e7a20921f4c5b75c24"":[37408,123277,123574,125145,127411],""d_acbc938ec77af18f94cecc4a7c9ec720"":[19937,20975,64609],""d_124a9bd407c7a25f8335b93b86e50fdd"":[83714],""d_4526d47d6714d3b052eed4a30b8b1ed6"":[32104,67072],""d_b58303c68e9cf0d2ae93b73ffdbfbfa1"":[22167],""d_fa2ed456cf2b8597bb7e064b08fc3c7c"":[89116],""d_478f45a9c541cbe679ca55d1cd2b970b"":[41418],""d_a2141adf93ec2a3c2ec2837b78d6d46e"":[81320],""d_9af9317c646a1c881bb5591c91817cc6"":[113676],""d_67e99e6eabc4aad9b5d48663b579746a"":[59040],""d_2b8c54b2a490d2fa36b925289e5d9572"":[57052,70040],""d_df7d2d661c0c11a7c367c9ee4bf896c1"":[223279],""d_72f37e5c5d192951ddc5513c2b134482"":[26927,30130,104504,114922],""d_e97e8e7fc55b85a38babf66b0fa46b73"":[132],""d_1cd970d8351b42be4a308d628a6dd9d3"":[13098]}}",,"[{""ObjectId"":946336,""EntityId"":6283,""Block"":""82"",""PostalCode"":""150082""}]","{""Latitude"":1.2873667168,""Longitude"":103.8194747712}"
BUKIT MERAH,83,REDHILL LANE,17,ExactAddress,ExactAddress,BlockApproximation,BlockApproximation,AgreeingProvenanceAddition,[12355],"{""150083"":{""d_8575e84912df3c28995b8e6e0e05205a"":[85713,149787],""d_3a3807c023c61ddfba947dc069eb53f2"":[70320],""d_acbc938ec77af18f94cecc4a7c9ec720"":[33371,46861,63424,71061],""d_4526d47d6714d3b052eed4a30b8b1ed6"":[57430,59925],""d_b58303c68e9cf0d2ae93b73ffdbfbfa1"":[79825],""d_fa2ed456cf2b8597bb7e064b08fc3c7c"":[78375],""d_5573b0db0575db32190a2ad27919a7aa"":[71950],""d_a2141adf93ec2a3c2ec2837b78d6d46e"":[80550,81807,84772],""d_9af9317c646a1c881bb5591c91817cc6"":[22264],""d_67e99e6eabc4aad9b5d48663b579746a"":[6774],""d_5c4ef48b025fdfbc80056401f06e3df9"":[37109],""d_300ddc8da4e8f7bdc1bfc62d0d99e2e7"":[16856,19972],""d_181005ca270b45408b4cdfc954980ca2"":[12631,16836,70473],""d_2b8c54b2a490d2fa36b925289e5d9572"":[63398,65931],""d_df7d2d661c0c11a7c367c9ee4bf896c1"":[95307,206173],""d_72f37e5c5d192951ddc5513c2b134482"":[125341,128393,140014],""d_e97e8e7fc55b85a38babf66b0fa46b73"":[27587],""d_af2042c77ffaf0db5d75561ce9ef5688"":[50685,50971],""d_31af23fdb79119ed185c256f03cb5773"":[30506],""d_4e3db8955fdcda6f9944097bef3d2724"":[8358,10933]}}",,"[{""ObjectId"":936184,""EntityId"":5674,""Block"":""83"",""PostalCode"":""150083""}]","{""Latitude"":1.2867703477,""Longitude"":103.8194358581}"
BUKIT PANJANG,452,FAJAR RD,16,Unmatched,NormalizedAddress,Missing,BlockApproximation,NewLocatedHistorical,[7652],{},"{""CacheKey"":""bukit-panjang-452-fajar-rd"",""SearchValue"":""452 FAJAR RD SINGAPORE"",""Status"":""HistoricalFirstHit"",""Postal"":""670452"",""UpdatedAt"":""2026-05-24T10:52:41.912Z""}","[{""ObjectId"":946266,""EntityId"":9441,""Block"":""452"",""PostalCode"":""670452""}]","{""Latitude"":1.3855337694,""Longitude"":103.7721517265}"
BUKIT PANJANG,454,FAJAR RD,53,Unmatched,NormalizedAddress,Missing,BlockApproximation,NewLocatedHistorical,[7686],{},"{""CacheKey"":""bukit-panjang-454-fajar-rd"",""SearchValue"":""454 FAJAR RD SINGAPORE"",""Status"":""HistoricalFirstHit"",""Postal"":""670454"",""UpdatedAt"":""2026-05-24T11:26:45.864Z""}","[{""ObjectId"":942799,""EntityId"":11056173,""Block"":""454"",""PostalCode"":""670454""}]","{""Latitude"":1.3845199457,""Longitude"":103.7715266396}"
BUKIT PANJANG,607,SENJA RD,31,Unmatched,NormalizedAddress,Missing,BlockApproximation,NewLocatedHistorical,[9784],{},"{""CacheKey"":""bukit-panjang-607-senja-rd"",""SearchValue"":""607 SENJA RD SINGAPORE"",""Status"":""HistoricalFirstHit"",""Postal"":""670607"",""UpdatedAt"":""2026-05-24T11:00:32.819Z""}","[{""ObjectId"":944408,""EntityId"":3563,""Block"":""607"",""PostalCode"":""670607""}]","{""Latitude"":1.3824670441,""Longitude"":103.7616687508}"
BUKIT PANJANG,650,SENJA LINK,24,Unmatched,ExactAddress,Missing,BlockApproximation,NewLocatedPublic,[10543],"{""670650"":{""d_8575e84912df3c28995b8e6e0e05205a"":[142635,151008],""d_c0650f23e94c42e7a20921f4c5b75c24"":[107486,127764],""d_acbc938ec77af18f94cecc4a7c9ec720"":[32625],""d_124a9bd407c7a25f8335b93b86e50fdd"":[32082,74726],""d_4526d47d6714d3b052eed4a30b8b1ed6"":[10130,50925],""d_fa2ed456cf2b8597bb7e064b08fc3c7c"":[85908],""d_85518d970b8178975850457f60f1e738"":[46852],""d_478f45a9c541cbe679ca55d1cd2b970b"":[57143,65235],""d_5573b0db0575db32190a2ad27919a7aa"":[62968,69244],""d_a2141adf93ec2a3c2ec2837b78d6d46e"":[66657,85747],""d_9af9317c646a1c881bb5591c91817cc6"":[56886],""d_67e99e6eabc4aad9b5d48663b579746a"":[55514],""d_181005ca270b45408b4cdfc954980ca2"":[80851,85122],""d_4130f1d9d365d9f1633536e959f62bb7"":[9606],""d_2b8c54b2a490d2fa36b925289e5d9572"":[31859,58643],""d_df7d2d661c0c11a7c367c9ee4bf896c1"":[41272,174361,190288,233313],""d_0cc5f52a1f298b916f317800251057f3"":[20809,22629],""d_e97e8e7fc55b85a38babf66b0fa46b73"":[6927,21132,32066],""d_af2042c77ffaf0db5d75561ce9ef5688"":[52594],""d_1cd970d8351b42be4a308d628a6dd9d3"":[10606]}}",,"[{""ObjectId"":943732,""EntityId"":342,""Block"":""650"",""PostalCode"":""670650""}]","{""Latitude"":1.3869999591,""Longitude"":103.7634062424}"
BUKIT PANJANG,652,SENJA LINK,28,ExactAddress,ExactAddress,BlockApproximation,BlockApproximation,AgreeingProvenanceAddition,[10569],"{""670652"":{""d_8575e84912df3c28995b8e6e0e05205a"":[34443,37151,78889,141820,155850,172528],""d_3a3807c023c61ddfba947dc069eb53f2"":[22984],""d_c0650f23e94c42e7a20921f4c5b75c24"":[31839,110267],""d_acbc938ec77af18f94cecc4a7c9ec720"":[19438,70979],""d_124a9bd407c7a25f8335b93b86e50fdd"":[78183],""d_b58303c68e9cf0d2ae93b73ffdbfbfa1"":[13122,82991,83759,84607],""d_478f45a9c541cbe679ca55d1cd2b970b"":[32472,58548],""d_5573b0db0575db32190a2ad27919a7aa"":[43453,65462,73479],""d_a2141adf93ec2a3c2ec2837b78d6d46e"":[21146],""d_67e99e6eabc4aad9b5d48663b579746a"":[12837],""d_5c4ef48b025fdfbc80056401f06e3df9"":[23017,37673],""d_181005ca270b45408b4cdfc954980ca2"":[4443,72663,75883,80586,86281],""d_2b8c54b2a490d2fa36b925289e5d9572"":[56031,59114],""d_df7d2d661c0c11a7c367c9ee4bf896c1"":[69472,198279,213668,222634],""d_72f37e5c5d192951ddc5513c2b134482"":[110093,130256,131700],""d_0cc5f52a1f298b916f317800251057f3"":[20696],""d_e97e8e7fc55b85a38babf66b0fa46b73"":[32674,33620],""d_af2042c77ffaf0db5d75561ce9ef5688"":[50343,50513],""d_31af23fdb79119ed185c256f03cb5773"":[36380]}}",,"[{""ObjectId"":943080,""EntityId"":315,""Block"":""652"",""PostalCode"":""670652""}]","{""Latitude"":1.387359369,""Longitude"":103.7637511922}"
BUKIT PANJANG,653,SENJA LINK,18,Unmatched,ExactAddress,Missing,BlockApproximation,NewLocatedPublic,[10578],"{""670653"":{""d_8575e84912df3c28995b8e6e0e05205a"":[74029,152078,155847,168252],""d_c0650f23e94c42e7a20921f4c5b75c24"":[64011,113866],""d_acbc938ec77af18f94cecc4a7c9ec720"":[64475],""d_124a9bd407c7a25f8335b93b86e50fdd"":[72720],""d_b58303c68e9cf0d2ae93b73ffdbfbfa1"":[73613],""d_fa2ed456cf2b8597bb7e064b08fc3c7c"":[83387,89902],""d_85518d970b8178975850457f60f1e738"":[6610,55917],""d_478f45a9c541cbe679ca55d1cd2b970b"":[59540],""d_a2141adf93ec2a3c2ec2837b78d6d46e"":[80573],""d_9af9317c646a1c881bb5591c91817cc6"":[101673],""d_300ddc8da4e8f7bdc1bfc62d0d99e2e7"":[15554],""d_181005ca270b45408b4cdfc954980ca2"":[39282,75016,89709],""d_4130f1d9d365d9f1633536e959f62bb7"":[2231,2309],""d_2b8c54b2a490d2fa36b925289e5d9572"":[5813,30791,48620,50654,67108],""d_df7d2d661c0c11a7c367c9ee4bf896c1"":[194446,207185],""d_72f37e5c5d192951ddc5513c2b134482"":[93602,124702],""d_e97e8e7fc55b85a38babf66b0fa46b73"":[4658]}}",,"[{""ObjectId"":937125,""EntityId"":328,""Block"":""653"",""PostalCode"":""670653""}]","{""Latitude"":1.3869218465,""Longitude"":103.7639417795}"
BUKIT TIMAH,11,TOH YI DR,29,Unmatched,NormalizedAddress,Missing,BlockApproximation,NewLocatedHistorical,[494],{},"{""CacheKey"":""bukit-timah-11-toh-yi-dr"",""SearchValue"":""11 TOH YI DR SINGAPORE"",""Status"":""HistoricalFirstHit"",""Postal"":""590011"",""UpdatedAt"":""2026-05-24T10:40:02.827Z""}","[{""ObjectId"":935738,""EntityId"":11057162,""Block"":""11"",""PostalCode"":""590011""}]","{""Latitude"":1.3377087683,""Longitude"":103.772604128}"
BUKIT TIMAH,17,TOH YI DR,32,Unmatched,NormalizedAddress,Missing,BlockApproximation,NewLocatedHistorical,[2204],{},"{""CacheKey"":""bukit-timah-17-toh-yi-dr"",""SearchValue"":""17 TOH YI DR SINGAPORE"",""Status"":""HistoricalFirstHit"",""Postal"":""590017"",""UpdatedAt"":""2026-05-24T10:33:13.729Z""}","[{""ObjectId"":935728,""EntityId"":11057152,""Block"":""17"",""PostalCode"":""590017""}]","{""Latitude"":1.339729701,""Longitude"":103.7725567255}"
BUKIT TIMAH,8,EMPRESS RD,41,Unmatched,NormalizedAddress,Missing,BlockApproximation,NewLocatedHistorical,[12056],{},"{""CacheKey"":""bukit-timah-8-empress-rd"",""SearchValue"":""8 EMPRESS RD SINGAPORE"",""Status"":""HistoricalFirstHit"",""Postal"":""260008"",""UpdatedAt"":""2026-05-24T10:40:02.827Z""}","[{""ObjectId"":939654,""EntityId"":681,""Block"":""8"",""PostalCode"":""260008""}]","{""Latitude"":1.3163185531,""Longitude"":103.8053738115}"
CENTRAL AREA,26,JLN BERSEH,18,Unmatched,NormalizedAddress,Missing,BlockApproximation,NewLocatedHistorical,[4201],{},"{""CacheKey"":""central-area-26-jln-berseh"",""SearchValue"":""26 JLN BERSEH SINGAPORE"",""Status"":""HistoricalFirstHit"",""Postal"":""200026"",""UpdatedAt"":""2026-05-24T11:08:03.842Z""}","[{""ObjectId"":943709,""EntityId"":3740,""Block"":""26"",""PostalCode"":""200026""}]","{""Latitude"":1.3061645599,""Longitude"":103.8577719011}"
CENTRAL AREA,34,UPP CROSS ST,50,Unmatched,NormalizedAddress,Missing,BlockApproximation,NewLocatedHistorical,[5865],{},"{""CacheKey"":""central-area-34-upp-cross-st"",""SearchValue"":""34 UPP CROSS ST SINGAPORE"",""Status"":""HistoricalFirstHit"",""Postal"":""050034"",""UpdatedAt"":""2026-05-24T10:40:02.827Z""}","[{""ObjectId"":940060,""EntityId"":5630,""Block"":""34"",""PostalCode"":""050034""}]","{""Latitude"":1.2862521965,""Longitude"":103.8423313635}"
CENTRAL AREA,4,SAGO LANE,44,ExactAddress,ExactAddress,BlockApproximation,BlockApproximation,AgreeingProvenanceAddition,[6522],"{""050004"":{""d_8575e84912df3c28995b8e6e0e05205a"":[127770,141358,154793,156766,165120,172483,173340],""d_3a3807c023c61ddfba947dc069eb53f2"":[11582,38023,77807,83079,88358],""d_c0650f23e94c42e7a20921f4c5b75c24"":[1006,32700,96111,96566,102099,110493,112289,124060,134217],""d_acbc938ec77af18f94cecc4a7c9ec720"":[59431,59836],""d_124a9bd407c7a25f8335b93b86e50fdd"":[19093,23697,26271,32718,69339,74722,83442,86267],""d_4526d47d6714d3b052eed4a30b8b1ed6"":[17466,39697,53747,61955,67105],""d_b58303c68e9cf0d2ae93b73ffdbfbfa1"":[14237,24081,43670,67754,71149],""d_fa2ed456cf2b8597bb7e064b08fc3c7c"":[805,2135,3625,34033,36485,40961,46201,52873,60567,73228,75532,78272,79061,82552,84184,91438,94295],""d_85518d970b8178975850457f60f1e738"":[37375,38582,52154,55926,58187,60278],""d_478f45a9c541cbe679ca55d1cd2b970b"":[47249,52070,57166],""d_5573b0db0575db32190a2ad27919a7aa"":[1959,22357,33391,45283,64214,66195,67359,69310],""d_a2141adf93ec2a3c2ec2837b78d6d46e"":[58126,64293,68550,68804,83289],""d_9af9317c646a1c881bb5591c91817cc6"":[155,15626,28211,36000,91838,93646,93650,95790,109985],""d_67e99e6eabc4aad9b5d48663b579746a"":[30639,48884,48909,54835,57117],""d_5c4ef48b025fdfbc80056401f06e3df9"":[15312,23178,35185],""d_300ddc8da4e8f7bdc1bfc62d0d99e2e7"":[3540,13285,17432,20507],""d_181005ca270b45408b4cdfc954980ca2"":[120,15998,77701],""d_2b8c54b2a490d2fa36b925289e5d9572"":[16888,54876,55213,66251],""d_df7d2d661c0c11a7c367c9ee4bf896c1"":[2235,62737,96780,134400,140322,176216,195761,202845,204180,209560,213629,225675,228603],""d_72f37e5c5d192951ddc5513c2b134482"":[225,54664,56600,68199,110901,115218,128461,133087],""d_0cc5f52a1f298b916f317800251057f3"":[21658],""d_af2042c77ffaf0db5d75561ce9ef5688"":[27224,27615,46709,46975,48213],""d_1cd970d8351b42be4a308d628a6dd9d3"":[9305,11234],""d_31af23fdb79119ed185c256f03cb5773"":[18438,18685,28678,34254,34268],""d_4e3db8955fdcda6f9944097bef3d2724"":[1209,9219,15748]}}",,"[{""ObjectId"":942587,""EntityId"":1129,""Block"":""4"",""PostalCode"":""050004""}]","{""Latitude"":1.2818003035,""Longitude"":103.8429079182}"
CENTRAL AREA,4,TG PAGAR PLAZA,32,Unmatched,NormalizedAddress,Missing,BlockApproximation,NewLocatedHistorical,[6525],{},"{""CacheKey"":""central-area-4-tg-pagar-plaza"",""SearchValue"":""4 TG PAGAR PLAZA SINGAPORE"",""Status"":""HistoricalFirstHit"",""Postal"":""081004"",""UpdatedAt"":""2026-05-24T10:35:02.890Z""}","[{""ObjectId"":947025,""EntityId"":7228,""Block"":""4"",""PostalCode"":""081004""}]","{""Latitude"":1.2759061521,""Longitude"":103.8427397586}"
CENTRAL AREA,637,VEERASAMY RD,17,Unmatched,NormalizedAddress,Missing,BlockApproximation,NewLocatedHistorical,[10314],{},"{""CacheKey"":""central-area-637-veerasamy-rd"",""SearchValue"":""637 VEERASAMY RD SINGAPORE"",""Status"":""HistoricalFirstHit"",""Postal"":""200637"",""UpdatedAt"":""2026-05-24T10:52:41.912Z""}","[{""ObjectId"":947600,""EntityId"":4255,""Block"":""637"",""PostalCode"":""200637""}]","{""Latitude"":1.3070148782,""Longitude"":103.8556786991}"
CENTRAL AREA,671B,KLANG LANE,24,ExactAddress,ExactAddress,BlockApproximation,BlockApproximation,AgreeingProvenanceAddition,[10873],"{""212671"":{""d_8575e84912df3c28995b8e6e0e05205a"":[50291,135790,154818,168119],""d_3a3807c023c61ddfba947dc069eb53f2"":[33092,72439,77327,82045,82821,83918,83960,90876],""d_c0650f23e94c42e7a20921f4c5b75c24"":[117835,120354],""d_124a9bd407c7a25f8335b93b86e50fdd"":[66386,77985],""d_4526d47d6714d3b052eed4a30b8b1ed6"":[14285,61898,66170],""d_b58303c68e9cf0d2ae93b73ffdbfbfa1"":[71158],""d_fa2ed456cf2b8597bb7e064b08fc3c7c"":[18158,31611,43385],""d_85518d970b8178975850457f60f1e738"":[56802],""d_478f45a9c541cbe679ca55d1cd2b970b"":[14670],""d_5573b0db0575db32190a2ad27919a7aa"":[31328],""d_a2141adf93ec2a3c2ec2837b78d6d46e"":[21283,72756,84889],""d_9af9317c646a1c881bb5591c91817cc6"":[32960,87343,90672,94106,96191,101897],""d_67e99e6eabc4aad9b5d48663b579746a"":[58456],""d_181005ca270b45408b4cdfc954980ca2"":[85089,89122],""d_2b8c54b2a490d2fa36b925289e5d9572"":[56566,61536],""d_df7d2d661c0c11a7c367c9ee4bf896c1"":[40995,103604,178742,185089,187516,203947],""d_72f37e5c5d192951ddc5513c2b134482"":[24070,41336,116752,119361,122035,126446],""d_af2042c77ffaf0db5d75561ce9ef5688"":[45252,54430,54669],""d_4e3db8955fdcda6f9944097bef3d2724"":[16813]}}","{""CacheKey"":""central-area-671b-klang-lane"",""SearchValue"":""671B KLANG LANE SINGAPORE"",""Status"":""HistoricalFirstHit"",""Postal"":""212671"",""UpdatedAt"":""2026-05-24T11:00:32.819Z""}","[{""ObjectId"":947679,""EntityId"":7570,""Block"":""671B"",""PostalCode"":""212671""}]","{""Latitude"":1.3092762417,""Longitude"":103.8524803401}"
CENTRAL AREA,672B,KLANG LANE,36,Unmatched,ExactAddress,Missing,BlockApproximation,NewLocatedPublic,[10891],"{""212672"":{""d_8575e84912df3c28995b8e6e0e05205a"":[144181,148429,151012,151073],""d_c0650f23e94c42e7a20921f4c5b75c24"":[88966,118483,124516,124543],""d_acbc938ec77af18f94cecc4a7c9ec720"":[63451,64187,67628],""d_124a9bd407c7a25f8335b93b86e50fdd"":[56203,70630,78517,82040],""d_b58303c68e9cf0d2ae93b73ffdbfbfa1"":[16270],""d_fa2ed456cf2b8597bb7e064b08fc3c7c"":[76892,77783,84057],""d_85518d970b8178975850457f60f1e738"":[50328,53132],""d_478f45a9c541cbe679ca55d1cd2b970b"":[48973,52289],""d_5573b0db0575db32190a2ad27919a7aa"":[60903],""d_a2141adf93ec2a3c2ec2837b78d6d46e"":[36513,86485,87455,87525,91762],""d_9af9317c646a1c881bb5591c91817cc6"":[99529,104675,110052],""d_67e99e6eabc4aad9b5d48663b579746a"":[56389],""d_5c4ef48b025fdfbc80056401f06e3df9"":[21336],""d_181005ca270b45408b4cdfc954980ca2"":[36462,79578],""d_2b8c54b2a490d2fa36b925289e5d9572"":[55820,61006],""d_df7d2d661c0c11a7c367c9ee4bf896c1"":[168341,169249,176231,182337,211120,214879,217145],""d_72f37e5c5d192951ddc5513c2b134482"":[24829,26899,34674,114189,123974],""d_0cc5f52a1f298b916f317800251057f3"":[8013,22446],""d_e97e8e7fc55b85a38babf66b0fa46b73"":[20249,26918,33578,36585,36787],""d_af2042c77ffaf0db5d75561ce9ef5688"":[44345],""d_31af23fdb79119ed185c256f03cb5773"":[14589,29485]}}","{""CacheKey"":""central-area-672b-klang-lane"",""SearchValue"":""672B KLANG LANE SINGAPORE"",""Status"":""HistoricalFirstHit"",""Postal"":""212672"",""UpdatedAt"":""2026-05-24T11:12:56.744Z""}","[{""ObjectId"":943060,""EntityId"":9400,""Block"":""672B"",""PostalCode"":""212672""}]","{""Latitude"":1.3088695269,""Longitude"":103.8529698147}"
CHOA CHU KANG,108,TECK WHYE LANE,30,ExactAddress,ExactAddress,BlockApproximation,BlockApproximation,AgreeingProvenanceAddition,[420],"{""680108"":{""d_8575e84912df3c28995b8e6e0e05205a"":[120375],""d_3a3807c023c61ddfba947dc069eb53f2"":[68314,85174],""d_c0650f23e94c42e7a20921f4c5b75c24"":[119177,126356,133590,136003],""d_acbc938ec77af18f94cecc4a7c9ec720"":[33133],""d_124a9bd407c7a25f8335b93b86e50fdd"":[69384],""d_4526d47d6714d3b052eed4a30b8b1ed6"":[10443],""d_fa2ed456cf2b8597bb7e064b08fc3c7c"":[26967,79624],""d_5573b0db0575db32190a2ad27919a7aa"":[57558,63265],""d_a2141adf93ec2a3c2ec2837b78d6d46e"":[17825,77054],""d_9af9317c646a1c881bb5591c91817cc6"":[69594,83336],""d_5c4ef48b025fdfbc80056401f06e3df9"":[37895],""d_300ddc8da4e8f7bdc1bfc62d0d99e2e7"":[1249,14677,20022],""d_2b8c54b2a490d2fa36b925289e5d9572"":[11835,34261,55024],""d_df7d2d661c0c11a7c367c9ee4bf896c1"":[195540,202663,206979,226637,230475],""d_72f37e5c5d192951ddc5513c2b134482"":[38796,128833,133181],""d_af2042c77ffaf0db5d75561ce9ef5688"":[20758],""d_31af23fdb79119ed185c256f03cb5773"":[9398]}}",,"[{""ObjectId"":945200,""EntityId"":10407,""Block"":""108"",""PostalCode"":""680108""}]","{""Latitude"":1.3783097314,""Longitude"":103.7529507509}"
CHOA CHU KANG,166B,TECK WHYE CRES,41,Unmatched,NormalizedAddress,Missing,BlockApproximation,NewLocatedHistorical,[2131],{},"{""CacheKey"":""choa-chu-kang-166b-teck-whye-cres"",""SearchValue"":""166B TECK WHYE CRES SINGAPORE"",""Status"":""HistoricalFirstHit"",""Postal"":""682166"",""UpdatedAt"":""2026-05-24T11:25:10.925Z""}","[{""ObjectId"":947218,""EntityId"":10711,""Block"":""166B"",""PostalCode"":""682166""}]","{""Latitude"":1.3831481008,""Longitude"":103.7534912057}"
CHOA CHU KANG,285,CHOA CHU KANG AVE 3,15,Unmatched,NormalizedAddress,Missing,BlockApproximation,NewLocatedPublic,[4668],"{""680285"":{""d_c0650f23e94c42e7a20921f4c5b75c24"":[109974,113428,114188],""d_acbc938ec77af18f94cecc4a7c9ec720"":[52177,64470],""d_124a9bd407c7a25f8335b93b86e50fdd"":[76381],""d_4526d47d6714d3b052eed4a30b8b1ed6"":[66858],""d_b58303c68e9cf0d2ae93b73ffdbfbfa1"":[27658,76405],""d_85518d970b8178975850457f60f1e738"":[36242],""d_478f45a9c541cbe679ca55d1cd2b970b"":[48153,61759,66188],""d_5573b0db0575db32190a2ad27919a7aa"":[29420,42452,61263,71328],""d_a2141adf93ec2a3c2ec2837b78d6d46e"":[79687,80910],""d_9af9317c646a1c881bb5591c91817cc6"":[43468,93212,97207],""d_67e99e6eabc4aad9b5d48663b579746a"":[17692],""d_181005ca270b45408b4cdfc954980ca2"":[18553,71377,96744],""d_df7d2d661c0c11a7c367c9ee4bf896c1"":[71272,196433,209720,219431],""d_72f37e5c5d192951ddc5513c2b134482"":[102316,105988,129299,135862],""d_af2042c77ffaf0db5d75561ce9ef5688"":[45900]}}",,"[{""ObjectId"":943626,""EntityId"":11489,""Block"":""285"",""PostalCode"":""680285""}]","{""Latitude"":1.3801022744,""Longitude"":103.7418857053}"
CHOA CHU KANG,290,CHOA CHU KANG AVE 3,17,Unmatched,NormalizedAddress,Missing,BlockApproximation,NewLocatedPublic,[4774],"{""680290"":{""d_8575e84912df3c28995b8e6e0e05205a"":[155307],""d_acbc938ec77af18f94cecc4a7c9ec720"":[61026],""d_124a9bd407c7a25f8335b93b86e50fdd"":[68350,68540,68730],""d_b58303c68e9cf0d2ae93b73ffdbfbfa1"":[65404],""d_fa2ed456cf2b8597bb7e064b08fc3c7c"":[92452],""d_85518d970b8178975850457f60f1e738"":[53407],""d_5573b0db0575db32190a2ad27919a7aa"":[59492],""d_9af9317c646a1c881bb5591c91817cc6"":[90935,90987,120751],""d_5c4ef48b025fdfbc80056401f06e3df9"":[38644],""d_300ddc8da4e8f7bdc1bfc62d0d99e2e7"":[1222],""d_181005ca270b45408b4cdfc954980ca2"":[79519],""d_2b8c54b2a490d2fa36b925289e5d9572"":[54148,63778],""d_df7d2d661c0c11a7c367c9ee4bf896c1"":[144067,180513,187399,208722,210791,219443],""d_72f37e5c5d192951ddc5513c2b134482"":[36846,110487]}}",,"[{""ObjectId"":946371,""EntityId"":11313,""Block"":""290"",""PostalCode"":""680290""}]","{""Latitude"":1.3789796459,""Longitude"":103.7404169586}"
CHOA CHU KANG,308,CHOA CHU KANG AVE 4,1,Unmatched,NormalizedAddress,Missing,BlockApproximation,NewLocatedPublic,[5136],"{""680308"":{""d_8575e84912df3c28995b8e6e0e05205a"":[155105],""d_c0650f23e94c42e7a20921f4c5b75c24"":[106930,118696,132188],""d_181005ca270b45408b4cdfc954980ca2"":[90320],""d_df7d2d661c0c11a7c367c9ee4bf896c1"":[40828,198132,204634],""d_72f37e5c5d192951ddc5513c2b134482"":[42705,109802]}}",,"[{""ObjectId"":939260,""EntityId"":11364,""Block"":""308"",""PostalCode"":""680308""}]","{""Latitude"":1.3855787984,""Longitude"":103.7427792465}"
CHOA CHU KANG,341,CHOA CHU KANG LOOP,8,Unmatched,ExactAddress,Missing,BlockApproximation,NewLocatedPublic,[5886],"{""680341"":{""d_8575e84912df3c28995b8e6e0e05205a"":[145854,147811,151706,157462,159073],""d_acbc938ec77af18f94cecc4a7c9ec720"":[63591],""d_478f45a9c541cbe679ca55d1cd2b970b"":[16604,53932,67029],""d_5573b0db0575db32190a2ad27919a7aa"":[23640,70591,74698],""d_a2141adf93ec2a3c2ec2837b78d6d46e"":[81363],""d_9af9317c646a1c881bb5591c91817cc6"":[103401],""d_181005ca270b45408b4cdfc954980ca2"":[84454],""d_df7d2d661c0c11a7c367c9ee4bf896c1"":[25897,105548,185784,194787,199979,204863],""d_72f37e5c5d192951ddc5513c2b134482"":[75411,99787,111890],""d_e97e8e7fc55b85a38babf66b0fa46b73"":[37954]}}",,"[{""ObjectId"":943630,""EntityId"":10691,""Block"":""341"",""PostalCode"":""680341""}]","{""Latitude"":1.3844030551,""Longitude"":103.7460218149}"
CHOA CHU KANG,449,CHOA CHU KANG AVE 4,11,NormalizedAddress,NormalizedAddress,BlockApproximation,BlockApproximation,AgreeingProvenanceAddition,[7576],"{""680449"":{""d_8575e84912df3c28995b8e6e0e05205a"":[40556,116815,134300,169773],""d_3a3807c023c61ddfba947dc069eb53f2"":[89959],""d_c0650f23e94c42e7a20921f4c5b75c24"":[117513],""d_124a9bd407c7a25f8335b93b86e50fdd"":[72053],""d_b58303c68e9cf0d2ae93b73ffdbfbfa1"":[73431,75098],""d_fa2ed456cf2b8597bb7e064b08fc3c7c"":[81612],""d_85518d970b8178975850457f60f1e738"":[30874],""d_5573b0db0575db32190a2ad27919a7aa"":[72859],""d_a2141adf93ec2a3c2ec2837b78d6d46e"":[61099,76483,79005,87888],""d_67e99e6eabc4aad9b5d48663b579746a"":[25628],""d_2b8c54b2a490d2fa36b925289e5d9572"":[32286,56838],""d_df7d2d661c0c11a7c367c9ee4bf896c1"":[195366,211206],""d_0cc5f52a1f298b916f317800251057f3"":[18338],""d_e97e8e7fc55b85a38babf66b0fa46b73"":[29655],""d_af2042c77ffaf0db5d75561ce9ef5688"":[46763]}}",,"[{""ObjectId"":940220,""EntityId"":11311,""Block"":""449"",""PostalCode"":""680449""}]","{""Latitude"":1.3791695854,""Longitude"":103.7363139281}"
CHOA CHU KANG,484A,CHOA CHU KANG AVE 5,35,NormalizedAddress,NormalizedAddress,BlockApproximation,BlockApproximation,AgreeingProvenanceAddition,[8208],"{""681484"":{""d_8575e84912df3c28995b8e6e0e05205a"":[138573,146210,156611,157368,161390,164017,172300],""d_3a3807c023c61ddfba947dc069eb53f2"":[60856],""d_c0650f23e94c42e7a20921f4c5b75c24"":[67801,125034],""d_acbc938ec77af18f94cecc4a7c9ec720"":[30450,65919,69704],""d_124a9bd407c7a25f8335b93b86e50fdd"":[71342,72958],""d_b58303c68e9cf0d2ae93b73ffdbfbfa1"":[36659,73242],""d_fa2ed456cf2b8597bb7e064b08fc3c7c"":[86668],""d_478f45a9c541cbe679ca55d1cd2b970b"":[42530,46773,63290],""d_5573b0db0575db32190a2ad27919a7aa"":[70291],""d_a2141adf93ec2a3c2ec2837b78d6d46e"":[67771,70878,79521,89452,90587],""d_9af9317c646a1c881bb5591c91817cc6"":[36643,94241,95996],""d_67e99e6eabc4aad9b5d48663b579746a"":[53294,54400,54724],""d_5c4ef48b025fdfbc80056401f06e3df9"":[32962],""d_300ddc8da4e8f7bdc1bfc62d0d99e2e7"":[16046,16311,21097],""d_181005ca270b45408b4cdfc954980ca2"":[91206],""d_2b8c54b2a490d2fa36b925289e5d9572"":[53843],""d_df7d2d661c0c11a7c367c9ee4bf896c1"":[54243,70822,212690,213525,220901],""d_72f37e5c5d192951ddc5513c2b134482"":[123160],""d_e97e8e7fc55b85a38babf66b0fa46b73"":[7069,33893],""d_af2042c77ffaf0db5d75561ce9ef5688"":[14747],""d_31af23fdb79119ed185c256f03cb5773"":[21669]}}",,"[{""ObjectId"":936894,""EntityId"":11402,""Block"":""484A"",""PostalCode"":""681484""}]","{""Latitude"":1.3766111418,""Longitude"":103.736817874}"
CHOA CHU KANG,490A,CHOA CHU KANG AVE 5,29,NormalizedAddress,NormalizedAddress,BlockApproximation,BlockApproximation,AgreeingProvenanceAddition,[8287],"{""681490"":{""d_3a3807c023c61ddfba947dc069eb53f2"":[83061],""d_c0650f23e94c42e7a20921f4c5b75c24"":[127450],""d_acbc938ec77af18f94cecc4a7c9ec720"":[62766],""d_124a9bd407c7a25f8335b93b86e50fdd"":[25823],""d_b58303c68e9cf0d2ae93b73ffdbfbfa1"":[30749,79008],""d_fa2ed456cf2b8597bb7e064b08fc3c7c"":[77866],""d_a2141adf93ec2a3c2ec2837b78d6d46e"":[82543,82859],""d_5c4ef48b025fdfbc80056401f06e3df9"":[21673],""d_300ddc8da4e8f7bdc1bfc62d0d99e2e7"":[17997,18039,18953],""d_2b8c54b2a490d2fa36b925289e5d9572"":[32750,63286],""d_72f37e5c5d192951ddc5513c2b134482"":[128766],""d_af2042c77ffaf0db5d75561ce9ef5688"":[53165,54531],""d_1cd970d8351b42be4a308d628a6dd9d3"":[12435,12887,12903],""d_31af23fdb79119ed185c256f03cb5773"":[33471,35229]}}",,"[{""ObjectId"":945231,""EntityId"":11055803,""Block"":""490A"",""PostalCode"":""681490""}]","{""Latitude"":1.3751977746,""Longitude"":103.7415556113}"
CHOA CHU KANG,605,CHOA CHU KANG ST 62,8,Unmatched,NormalizedAddress,Missing,BlockApproximation,NewLocatedHistorical,[9748],{},"{""CacheKey"":""choa-chu-kang-605-choa-chu-kang-st-62"",""SearchValue"":""605 CHOA CHU KANG ST 62 SINGAPORE"",""Status"":""HistoricalFirstHit"",""Postal"":""680605"",""UpdatedAt"":""2026-05-24T11:25:10.925Z""}","[{""ObjectId"":939112,""EntityId"":11480,""Block"":""605"",""PostalCode"":""680605""}]","{""Latitude"":1.3981909805,""Longitude"":103.7435559156}"
CHOA CHU KANG,683A,CHOA CHU KANG CRES,35,Unmatched,NormalizedAddress,Missing,BlockApproximation,NewLocatedHistorical,[11046],{},"{""CacheKey"":""choa-chu-kang-683a-choa-chu-kang-cres"",""SearchValue"":""683A CHOA CHU KANG CRES SINGAPORE"",""Status"":""HistoricalFirstHit"",""Postal"":""681683"",""UpdatedAt"":""2026-05-24T10:48:02.033Z""}","[{""ObjectId"":944952,""EntityId"":11529,""Block"":""683A"",""PostalCode"":""681683""}]","{""Latitude"":1.4039386951,""Longitude"":103.7454924997}"
CLEMENTI,324,CLEMENTI AVE 5,19,Unmatched,NormalizedAddress,Missing,BlockApproximation,NewLocatedPublic,[5521],"{""120324"":{""d_8575e84912df3c28995b8e6e0e05205a"":[160989,163170,166379],""d_c0650f23e94c42e7a20921f4c5b75c24"":[23352,70462,130449],""d_acbc938ec77af18f94cecc4a7c9ec720"":[11133,13381,51057,52375,71944],""d_124a9bd407c7a25f8335b93b86e50fdd"":[45195,68579,71277,76051,81361],""d_4526d47d6714d3b052eed4a30b8b1ed6"":[58497,68321],""d_b58303c68e9cf0d2ae93b73ffdbfbfa1"":[54667],""d_fa2ed456cf2b8597bb7e064b08fc3c7c"":[80926,93031],""d_85518d970b8178975850457f60f1e738"":[12229,20881],""d_478f45a9c541cbe679ca55d1cd2b970b"":[14298,24095],""d_5573b0db0575db32190a2ad27919a7aa"":[41406,56394],""d_a2141adf93ec2a3c2ec2837b78d6d46e"":[51266,71532],""d_9af9317c646a1c881bb5591c91817cc6"":[14924,91028,92774],""d_67e99e6eabc4aad9b5d48663b579746a"":[47483],""d_181005ca270b45408b4cdfc954980ca2"":[54099,91353],""d_2b8c54b2a490d2fa36b925289e5d9572"":[48457,51301,60957,64514,67827],""d_df7d2d661c0c11a7c367c9ee4bf896c1"":[134742,192356,199358,201147,205147,210693],""d_72f37e5c5d192951ddc5513c2b134482"":[110739,130775,132178],""d_e97e8e7fc55b85a38babf66b0fa46b73"":[21875,36399]}}",,"[{""ObjectId"":941787,""EntityId"":244,""Block"":""324"",""PostalCode"":""120324""}]","{""Latitude"":1.3151258422,""Longitude"":103.766055701}"
CLEMENTI,355,CLEMENTI AVE 2,17,Unmatched,NormalizedAddress,Missing,BlockApproximation,NewLocatedPublic,[6094],"{""120355"":{""d_8575e84912df3c28995b8e6e0e05205a"":[11370,136803,148635],""d_acbc938ec77af18f94cecc4a7c9ec720"":[69880],""d_124a9bd407c7a25f8335b93b86e50fdd"":[20489,54034,67977],""d_b58303c68e9cf0d2ae93b73ffdbfbfa1"":[58655],""d_fa2ed456cf2b8597bb7e064b08fc3c7c"":[16809,58568,83282],""d_85518d970b8178975850457f60f1e738"":[12911],""d_478f45a9c541cbe679ca55d1cd2b970b"":[33085],""d_5573b0db0575db32190a2ad27919a7aa"":[2469,40228,66479],""d_a2141adf93ec2a3c2ec2837b78d6d46e"":[15084,30960,57042,79428],""d_9af9317c646a1c881bb5591c91817cc6"":[527,71364],""d_67e99e6eabc4aad9b5d48663b579746a"":[37071],""d_300ddc8da4e8f7bdc1bfc62d0d99e2e7"":[19411],""d_181005ca270b45408b4cdfc954980ca2"":[21143,52373,74308,75854],""d_2b8c54b2a490d2fa36b925289e5d9572"":[64512],""d_df7d2d661c0c11a7c367c9ee4bf896c1"":[113917,182274,186200,224292,225600],""d_af2042c77ffaf0db5d75561ce9ef5688"":[5824,22605,35612],""d_31af23fdb79119ed185c256f03cb5773"":[17351,24144]}}",,"[{""ObjectId"":948883,""EntityId"":4213,""Block"":""355"",""PostalCode"":""120355""}]","{""Latitude"":1.3144519027,""Longitude"":103.7695644231}"
CLEMENTI,367,CLEMENTI AVE 2,13,NormalizedAddress,NormalizedAddress,BlockApproximation,BlockApproximation,AgreeingProvenanceAddition,[6260],"{""120367"":{""d_8575e84912df3c28995b8e6e0e05205a"":[45290,130142,146404,173951],""d_3a3807c023c61ddfba947dc069eb53f2"":[22635],""d_c0650f23e94c42e7a20921f4c5b75c24"":[134579],""d_fa2ed456cf2b8597bb7e064b08fc3c7c"":[81769,84232,85119,92396],""d_478f45a9c541cbe679ca55d1cd2b970b"":[50693],""d_5573b0db0575db32190a2ad27919a7aa"":[65940],""d_9af9317c646a1c881bb5591c91817cc6"":[109960],""d_67e99e6eabc4aad9b5d48663b579746a"":[19076,59263],""d_2b8c54b2a490d2fa36b925289e5d9572"":[25749],""d_df7d2d661c0c11a7c367c9ee4bf896c1"":[194937,203877,214507],""d_72f37e5c5d192951ddc5513c2b134482"":[137094],""d_4e3db8955fdcda6f9944097bef3d2724"":[16902]}}",,"[{""ObjectId"":940727,""EntityId"":8584,""Block"":""367"",""PostalCode"":""120367""}]","{""Latitude"":1.3129391617,""Longitude"":103.7716565002}"
CLEMENTI,372,CLEMENTI AVE 4,16,Unmatched,NormalizedAddress,Missing,BlockApproximation,NewLocatedPublic,[6318],"{""120372"":{""d_8575e84912df3c28995b8e6e0e05205a"":[129142,173811],""d_c0650f23e94c42e7a20921f4c5b75c24"":[58386,137888],""d_acbc938ec77af18f94cecc4a7c9ec720"":[54994],""d_4526d47d6714d3b052eed4a30b8b1ed6"":[31695,59381],""d_b58303c68e9cf0d2ae93b73ffdbfbfa1"":[77121],""d_fa2ed456cf2b8597bb7e064b08fc3c7c"":[3552],""d_478f45a9c541cbe679ca55d1cd2b970b"":[47297],""d_5573b0db0575db32190a2ad27919a7aa"":[58131,65813],""d_9af9317c646a1c881bb5591c91817cc6"":[97445,102486,103813],""d_67e99e6eabc4aad9b5d48663b579746a"":[6641,22578,51305,54038],""d_300ddc8da4e8f7bdc1bfc62d0d99e2e7"":[17420],""d_df7d2d661c0c11a7c367c9ee4bf896c1"":[93375,175917,182554,202150],""d_72f37e5c5d192951ddc5513c2b134482"":[119333,128148],""d_af2042c77ffaf0db5d75561ce9ef5688"":[45281,53248,57610],""d_31af23fdb79119ed185c256f03cb5773"":[5010]}}",,"[{""ObjectId"":936416,""EntityId"":4355,""Block"":""372"",""PostalCode"":""120372""}]","{""Latitude"":1.3197931541,""Longitude"":103.7677888344}"
CLEMENTI,375,CLEMENTI AVE 4,34,NormalizedAddress,NormalizedAddress,BlockApproximation,BlockApproximation,AgreeingProvenanceAddition,[6352],"{""120375"":{""d_8575e84912df3c28995b8e6e0e05205a"":[135110,160032],""d_3a3807c023c61ddfba947dc069eb53f2"":[69822],""d_c0650f23e94c42e7a20921f4c5b75c24"":[70396],""d_124a9bd407c7a25f8335b93b86e50fdd"":[14217,72427],""d_4526d47d6714d3b052eed4a30b8b1ed6"":[14217,35968],""d_b58303c68e9cf0d2ae93b73ffdbfbfa1"":[76164],""d_fa2ed456cf2b8597bb7e064b08fc3c7c"":[87936],""d_478f45a9c541cbe679ca55d1cd2b970b"":[65424],""d_a2141adf93ec2a3c2ec2837b78d6d46e"":[67195,71417],""d_9af9317c646a1c881bb5591c91817cc6"":[72949,118531],""d_67e99e6eabc4aad9b5d48663b579746a"":[52970],""d_5c4ef48b025fdfbc80056401f06e3df9"":[23869,38181],""d_181005ca270b45408b4cdfc954980ca2"":[70726,89658,91654],""d_2b8c54b2a490d2fa36b925289e5d9572"":[44674,54528],""d_df7d2d661c0c11a7c367c9ee4bf896c1"":[79707,178625,216701,217941],""d_72f37e5c5d192951ddc5513c2b134482"":[107657,126247],""d_af2042c77ffaf0db5d75561ce9ef5688"":[13047,37759,46779],""d_31af23fdb79119ed185c256f03cb5773"":[460,14747,29013,29548]}}",,"[{""ObjectId"":943529,""EntityId"":3098,""Block"":""375"",""PostalCode"":""120375""}]","{""Latitude"":1.3184995636,""Longitude"":103.7666968152}"
CLEMENTI,441B,CLEMENTI AVE 3,41,NormalizedAddress,NormalizedAddress,BlockApproximation,BlockApproximation,AgreeingProvenanceAddition,[7434],"{""122441"":{""d_8575e84912df3c28995b8e6e0e05205a"":[31062,44298,133514,147031,153465,156678],""d_3a3807c023c61ddfba947dc069eb53f2"":[17719,17849,74787,76019,83862],""d_c0650f23e94c42e7a20921f4c5b75c24"":[33854,49518,55008,59656,120755,125085],""d_acbc938ec77af18f94cecc4a7c9ec720"":[20832,61594],""d_124a9bd407c7a25f8335b93b86e50fdd"":[36182,52182,80710,84403],""d_4526d47d6714d3b052eed4a30b8b1ed6"":[63564],""d_b58303c68e9cf0d2ae93b73ffdbfbfa1"":[38149,70508],""d_85518d970b8178975850457f60f1e738"":[16701,42697],""d_478f45a9c541cbe679ca55d1cd2b970b"":[47746],""d_5573b0db0575db32190a2ad27919a7aa"":[73564],""d_a2141adf93ec2a3c2ec2837b78d6d46e"":[18809,85437,87318],""d_9af9317c646a1c881bb5591c91817cc6"":[30576,105806,107207,113854],""d_67e99e6eabc4aad9b5d48663b579746a"":[16259,27892,52984,54631],""d_181005ca270b45408b4cdfc954980ca2"":[72888],""d_2b8c54b2a490d2fa36b925289e5d9572"":[67678],""d_df7d2d661c0c11a7c367c9ee4bf896c1"":[46794,97200,103414,166303,201588],""d_72f37e5c5d192951ddc5513c2b134482"":[74850,116693],""d_31af23fdb79119ed185c256f03cb5773"":[36663]}}",,"[{""ObjectId"":946810,""EntityId"":3786,""Block"":""441B"",""PostalCode"":""122441""}]","{""Latitude"":1.3147327079,""Longitude"":103.7643449042}"
CLEMENTI,445A,CLEMENTI AVE 3,39,NormalizedAddress,NormalizedAddress,BlockApproximation,BlockApproximation,AgreeingProvenanceAddition,[7507],"{""121445"":{""d_8575e84912df3c28995b8e6e0e05205a"":[50081,125726,170247,174275],""d_3a3807c023c61ddfba947dc069eb53f2"":[25690,25691],""d_c0650f23e94c42e7a20921f4c5b75c24"":[58480,136820,139231],""d_acbc938ec77af18f94cecc4a7c9ec720"":[70111,70347],""d_124a9bd407c7a25f8335b93b86e50fdd"":[35158,38143],""d_4526d47d6714d3b052eed4a30b8b1ed6"":[17976,62723,67440],""d_b58303c68e9cf0d2ae93b73ffdbfbfa1"":[60831],""d_fa2ed456cf2b8597bb7e064b08fc3c7c"":[23990],""d_85518d970b8178975850457f60f1e738"":[31822],""d_478f45a9c541cbe679ca55d1cd2b970b"":[65586],""d_5573b0db0575db32190a2ad27919a7aa"":[60568,71786],""d_9af9317c646a1c881bb5591c91817cc6"":[55933,118159],""d_67e99e6eabc4aad9b5d48663b579746a"":[57921],""d_181005ca270b45408b4cdfc954980ca2"":[45245],""d_2b8c54b2a490d2fa36b925289e5d9572"":[67069],""d_df7d2d661c0c11a7c367c9ee4bf896c1"":[74032,220658],""d_72f37e5c5d192951ddc5513c2b134482"":[133286,136738],""d_af2042c77ffaf0db5d75561ce9ef5688"":[25391,57388],""d_1cd970d8351b42be4a308d628a6dd9d3"":[3875],""d_31af23fdb79119ed185c256f03cb5773"":[35482]}}",,"[{""ObjectId"":938337,""EntityId"":11054871,""Block"":""445A"",""PostalCode"":""121445""}]","{""Latitude"":1.3128562482,""Longitude"":103.7641582649}"
CLEMENTI,607,CLEMENTI WEST ST 1,35,Unmatched,NormalizedAddress,Missing,BlockApproximation,NewLocatedHistorical,[9780],{},"{""CacheKey"":""clementi-607-clementi-west-st-1"",""SearchValue"":""607 CLEMENTI WEST ST 1 SINGAPORE"",""Status"":""HistoricalFirstHit"",""Postal"":""120607"",""UpdatedAt"":""2026-05-24T10:28:29.339Z""}","[{""ObjectId"":944081,""EntityId"":2124,""Block"":""607"",""PostalCode"":""120607""}]","{""Latitude"":1.3042366775,""Longitude"":103.7678434764}"
CLEMENTI,712,CLEMENTI WEST ST 2,18,Unmatched,NormalizedAddress,Missing,BlockApproximation,NewLocatedHistorical,[11402],{},"{""CacheKey"":""clementi-712-clementi-west-st-2"",""SearchValue"":""712 CLEMENTI WEST ST 2 SINGAPORE"",""Status"":""HistoricalFirstHit"",""Postal"":""120712"",""UpdatedAt"":""2026-05-24T10:52:41.912Z""}","[{""ObjectId"":944280,""EntityId"":12221,""Block"":""712"",""PostalCode"":""120712""}]","{""Latitude"":1.304976148,""Longitude"":103.7618688712}"
CLEMENTI,715,CLEMENTI WEST ST 2,52,Unmatched,NormalizedAddress,Missing,BlockApproximation,NewLocatedHistorical,[11433],{},"{""CacheKey"":""clementi-715-clementi-west-st-2"",""SearchValue"":""715 CLEMENTI WEST ST 2 SINGAPORE"",""Status"":""HistoricalFirstHit"",""Postal"":""120715"",""UpdatedAt"":""2026-05-24T10:28:29.339Z""}","[{""ObjectId"":945065,""EntityId"":2330,""Block"":""715"",""PostalCode"":""120715""}]","{""Latitude"":1.3029608351,""Longitude"":103.7621195033}"
GEYLANG,109,ALJUNIED CRES,59,Unmatched,NormalizedAddress,Missing,BlockApproximation,NewLocatedHistorical,[435],{},"{""CacheKey"":""geylang-109-aljunied-cres"",""SearchValue"":""109 ALJUNIED CRES SINGAPORE"",""Status"":""HistoricalFirstHit"",""Postal"":""380109"",""UpdatedAt"":""2026-05-24T10:52:41.912Z""}","[{""ObjectId"":937869,""EntityId"":6286,""Block"":""109"",""PostalCode"":""380109""}]","{""Latitude"":1.3194007419,""Longitude"":103.8844393791}"
GEYLANG,121,PAYA LEBAR WAY,66,ExactAddress,ExactAddress,BlockApproximation,BlockApproximation,AgreeingProvenanceAddition,[985],"{""381121"":{""d_8575e84912df3c28995b8e6e0e05205a"":[49813,57535,62440,96946,97428,101267,108519,156698,158016,169386,173468],""d_3a3807c023c61ddfba947dc069eb53f2"":[81115,85952,88715,90610,90616],""d_c0650f23e94c42e7a20921f4c5b75c24"":[2770,29397,60928,108634,126274,130473,133361,133997],""d_acbc938ec77af18f94cecc4a7c9ec720"":[7946,36394,50357,61235,65629,67789,72456,72472],""d_124a9bd407c7a25f8335b93b86e50fdd"":[18628,46106,75722,80262],""d_b58303c68e9cf0d2ae93b73ffdbfbfa1"":[916,67636,68332,70933,73669,75516],""d_fa2ed456cf2b8597bb7e064b08fc3c7c"":[17,34395,45553,47112,56925,82217,83959,86834],""d_85518d970b8178975850457f60f1e738"":[53879,56923],""d_478f45a9c541cbe679ca55d1cd2b970b"":[48987,52784,56233],""d_5573b0db0575db32190a2ad27919a7aa"":[29737,65618,67642,68892,73790],""d_a2141adf93ec2a3c2ec2837b78d6d46e"":[1024,20834,23107,69287,71154,73994,74539,80858,80987,82619,85650,87795],""d_9af9317c646a1c881bb5591c91817cc6"":[18748,20724,49082,60129,63787,65185,107964,109805],""d_67e99e6eabc4aad9b5d48663b579746a"":[33070,51569],""d_300ddc8da4e8f7bdc1bfc62d0d99e2e7"":[15589],""d_181005ca270b45408b4cdfc954980ca2"":[29414,48417,52934,54299,93728],""d_4130f1d9d365d9f1633536e959f62bb7"":[10590],""d_2b8c54b2a490d2fa36b925289e5d9572"":[57819],""d_df7d2d661c0c11a7c367c9ee4bf896c1"":[44650,59094,62227,76288,88144,98736,123837,125580,126998,184997,196366,199002,200487,203990,208533,211567],""d_72f37e5c5d192951ddc5513c2b134482"":[52518,68248,72067,89343,103327,110520,119723,121806,122724,123826,132919,133942,135383],""d_0cc5f52a1f298b916f317800251057f3"":[19461],""d_e97e8e7fc55b85a38babf66b0fa46b73"":[34736],""d_af2042c77ffaf0db5d75561ce9ef5688"":[49348],""d_1cd970d8351b42be4a308d628a6dd9d3"":[9957],""d_31af23fdb79119ed185c256f03cb5773"":[6968,13016,31947],""d_4e3db8955fdcda6f9944097bef3d2724"":[14646,16239]}}",,"[{""ObjectId"":937702,""EntityId"":5907,""Block"":""121"",""PostalCode"":""381121""}]","{""Latitude"":1.3221869824,""Longitude"":103.8828603642}"
GEYLANG,2B,GEYLANG SERAI,37,ExactAddress,ExactAddress,BlockApproximation,BlockApproximation,AgreeingProvenanceAddition,[2770],"{""404002"":{""d_8575e84912df3c28995b8e6e0e05205a"":[46630,142668],""d_3a3807c023c61ddfba947dc069eb53f2"":[80359,86497],""d_c0650f23e94c42e7a20921f4c5b75c24"":[24244,24729],""d_acbc938ec77af18f94cecc4a7c9ec720"":[62756,62890,64510],""d_124a9bd407c7a25f8335b93b86e50fdd"":[74574],""d_fa2ed456cf2b8597bb7e064b08fc3c7c"":[75668,86895,90369],""d_85518d970b8178975850457f60f1e738"":[32393],""d_478f45a9c541cbe679ca55d1cd2b970b"":[54668,56225,57969],""d_5573b0db0575db32190a2ad27919a7aa"":[29248,73983],""d_a2141adf93ec2a3c2ec2837b78d6d46e"":[19110,36793],""d_9af9317c646a1c881bb5591c91817cc6"":[99574,101262,112657],""d_67e99e6eabc4aad9b5d48663b579746a"":[58954],""d_5c4ef48b025fdfbc80056401f06e3df9"":[9412,17073,38270],""d_df7d2d661c0c11a7c367c9ee4bf896c1"":[194630,205975,212881,232833],""d_72f37e5c5d192951ddc5513c2b134482"":[65202],""d_0cc5f52a1f298b916f317800251057f3"":[12068],""d_af2042c77ffaf0db5d75561ce9ef5688"":[47507]}}",,"[{""ObjectId"":948563,""EntityId"":9966,""Block"":""2B"",""PostalCode"":""404002""}]","{""Latitude"":1.3173890043,""Longitude"":103.8976676624}"
GEYLANG,2C,GEYLANG SERAI,38,Unmatched,ExactAddress,Missing,BlockApproximation,NewLocatedPublic,[2775],"{""405002"":{""d_c0650f23e94c42e7a20921f4c5b75c24"":[135049],""d_acbc938ec77af18f94cecc4a7c9ec720"":[19775,51159],""d_124a9bd407c7a25f8335b93b86e50fdd"":[2956,40689],""d_4526d47d6714d3b052eed4a30b8b1ed6"":[57497,61741],""d_85518d970b8178975850457f60f1e738"":[60244],""d_5573b0db0575db32190a2ad27919a7aa"":[10712],""d_a2141adf93ec2a3c2ec2837b78d6d46e"":[78809,90281,93023],""d_9af9317c646a1c881bb5591c91817cc6"":[116080],""d_67e99e6eabc4aad9b5d48663b579746a"":[15002],""d_300ddc8da4e8f7bdc1bfc62d0d99e2e7"":[4028,18683],""d_df7d2d661c0c11a7c367c9ee4bf896c1"":[217815]}}",,"[{""ObjectId"":937560,""EntityId"":9958,""Block"":""2C"",""PostalCode"":""405002""}]","{""Latitude"":1.3174738171,""Longitude"":103.8980933588}"
GEYLANG,2D,GEYLANG SERAI,36,Unmatched,ExactAddress,Missing,BlockApproximation,NewLocatedPublic,[2778],"{""406002"":{""d_8575e84912df3c28995b8e6e0e05205a"":[55180,56365,146097,146445,151278,151296,172701],""d_c0650f23e94c42e7a20921f4c5b75c24"":[119866,128460],""d_4526d47d6714d3b052eed4a30b8b1ed6"":[56952,69082],""d_b58303c68e9cf0d2ae93b73ffdbfbfa1"":[28347,79619,81959],""d_478f45a9c541cbe679ca55d1cd2b970b"":[15058,67270],""d_9af9317c646a1c881bb5591c91817cc6"":[26868,100719],""d_67e99e6eabc4aad9b5d48663b579746a"":[54192],""d_181005ca270b45408b4cdfc954980ca2"":[94139],""d_df7d2d661c0c11a7c367c9ee4bf896c1"":[68809,196317,212858,220420]}}",,"[{""ObjectId"":946754,""EntityId"":9957,""Block"":""2D"",""PostalCode"":""406002""}]","{""Latitude"":1.3175627785,""Longitude"":103.8985408519}"
GEYLANG,311,UBI AVE 1,14,NormalizedAddress,NormalizedAddress,BlockApproximation,BlockApproximation,AgreeingProvenanceAddition,[5229],"{""400311"":{""d_8575e84912df3c28995b8e6e0e05205a"":[31658,148354,160827],""d_3a3807c023c61ddfba947dc069eb53f2"":[66677,68535],""d_c0650f23e94c42e7a20921f4c5b75c24"":[16315],""d_acbc938ec77af18f94cecc4a7c9ec720"":[57139,61533],""d_124a9bd407c7a25f8335b93b86e50fdd"":[18430],""d_4526d47d6714d3b052eed4a30b8b1ed6"":[11475],""d_fa2ed456cf2b8597bb7e064b08fc3c7c"":[69525,71904],""d_85518d970b8178975850457f60f1e738"":[53126],""d_478f45a9c541cbe679ca55d1cd2b970b"":[59186],""d_5573b0db0575db32190a2ad27919a7aa"":[49066],""d_a2141adf93ec2a3c2ec2837b78d6d46e"":[81491,83467],""d_67e99e6eabc4aad9b5d48663b579746a"":[46092,55280,57381],""d_181005ca270b45408b4cdfc954980ca2"":[78812,83217,92420,95356],""d_df7d2d661c0c11a7c367c9ee4bf896c1"":[21292,58109,112338,194447],""d_e97e8e7fc55b85a38babf66b0fa46b73"":[3597],""d_af2042c77ffaf0db5d75561ce9ef5688"":[27896],""d_4e3db8955fdcda6f9944097bef3d2724"":[5319]}}",,"[{""ObjectId"":944330,""EntityId"":8708,""Block"":""311"",""PostalCode"":""400311""}]","{""Latitude"":1.3298516773,""Longitude"":103.9033014416}"
GEYLANG,32,BALAM RD,32,Unmatched,NormalizedAddress,Missing,BlockApproximation,NewLocatedHistorical,[5417],{},"{""CacheKey"":""geylang-32-balam-rd"",""SearchValue"":""32 BALAM RD SINGAPORE"",""Status"":""HistoricalFirstHit"",""Postal"":""370032"",""UpdatedAt"":""2026-05-24T11:01:57.385Z""}","[{""ObjectId"":943192,""EntityId"":2875,""Block"":""32"",""PostalCode"":""370032""}]","{""Latitude"":1.3293933049,""Longitude"":103.8869773686}"
GEYLANG,320,UBI AVE 1,20,NormalizedAddress,NormalizedAddress,BlockApproximation,BlockApproximation,AgreeingProvenanceAddition,[5447],"{""400320"":{""d_8575e84912df3c28995b8e6e0e05205a"":[123998,159721,163146,168562,168700],""d_3a3807c023c61ddfba947dc069eb53f2"":[42365,83321,90040],""d_c0650f23e94c42e7a20921f4c5b75c24"":[47071,67319,123438],""d_acbc938ec77af18f94cecc4a7c9ec720"":[52467,61048,61058],""d_124a9bd407c7a25f8335b93b86e50fdd"":[78289,81889],""d_4526d47d6714d3b052eed4a30b8b1ed6"":[2565,61497,63331],""d_b58303c68e9cf0d2ae93b73ffdbfbfa1"":[14141,59098,84272],""d_fa2ed456cf2b8597bb7e064b08fc3c7c"":[73755,86738,91392,94526],""d_85518d970b8178975850457f60f1e738"":[19278,38279,49042],""d_478f45a9c541cbe679ca55d1cd2b970b"":[51779],""d_5573b0db0575db32190a2ad27919a7aa"":[69760,71178],""d_9af9317c646a1c881bb5591c91817cc6"":[100173],""d_67e99e6eabc4aad9b5d48663b579746a"":[15996],""d_5c4ef48b025fdfbc80056401f06e3df9"":[22617,37804],""d_2b8c54b2a490d2fa36b925289e5d9572"":[54640,61518,61953,62114],""d_df7d2d661c0c11a7c367c9ee4bf896c1"":[187896,203274,216477,223520,232343,232919],""d_72f37e5c5d192951ddc5513c2b134482"":[108947,123104],""d_e97e8e7fc55b85a38babf66b0fa46b73"":[16654],""d_af2042c77ffaf0db5d75561ce9ef5688"":[55103]}}",,"[{""ObjectId"":936767,""EntityId"":996,""Block"":""320"",""PostalCode"":""400320""}]","{""Latitude"":1.3287338799,""Longitude"":103.9042804537}"
GEYLANG,340,UBI AVE 1,2,Unmatched,NormalizedAddress,Missing,BlockApproximation,NewLocatedPublic,[5879],"{""400340"":{""d_b58303c68e9cf0d2ae93b73ffdbfbfa1"":[77525],""d_85518d970b8178975850457f60f1e738"":[52277],""d_4130f1d9d365d9f1633536e959f62bb7"":[11086],""d_df7d2d661c0c11a7c367c9ee4bf896c1"":[215355]}}",,"[{""ObjectId"":939254,""EntityId"":6165,""Block"":""340"",""PostalCode"":""400340""}]","{""Latitude"":1.3263798204,""Longitude"":103.9014231669}"
GEYLANG,53,PIPIT RD,30,Unmatched,NormalizedAddress,Missing,BlockApproximation,NewLocatedHistorical,[8975],{},"{""CacheKey"":""geylang-53-pipit-rd"",""SearchValue"":""53 PIPIT RD SINGAPORE"",""Status"":""HistoricalFirstHit"",""Postal"":""370053"",""UpdatedAt"":""2026-05-24T10:35:02.890Z""}","[{""ObjectId"":944242,""EntityId"":11091,""Block"":""53"",""PostalCode"":""370053""}]","{""Latitude"":1.3241734875,""Longitude"":103.8866927228}"
GEYLANG,842,SIMS AVE,16,Unmatched,NormalizedAddress,Missing,BlockApproximation,NewLocatedHistorical,[12439],{},"{""CacheKey"":""geylang-842-sims-ave"",""SearchValue"":""842 SIMS AVE SINGAPORE"",""Status"":""HistoricalFirstHit"",""Postal"":""400842"",""UpdatedAt"":""2026-05-24T11:09:41.329Z""}","[{""ObjectId"":939383,""EntityId"":4107,""Block"":""842"",""PostalCode"":""400842""}]","{""Latitude"":1.3181076066,""Longitude"":103.9016099904}"
HOUGANG,244,HOUGANG ST 22,32,Unmatched,NormalizedAddress,Missing,BlockApproximation,NewLocatedHistorical,[3935],{},"{""CacheKey"":""hougang-244-hougang-st-22"",""SearchValue"":""244 HOUGANG ST 22 SINGAPORE"",""Status"":""HistoricalFirstHit"",""Postal"":""530244"",""UpdatedAt"":""2026-05-24T10:52:41.912Z""}","[{""ObjectId"":944119,""EntityId"":8315,""Block"":""244"",""PostalCode"":""530244""}]","{""Latitude"":1.3582201158,""Longitude"":103.8919468467}"
HOUGANG,245,HOUGANG ST 22,17,Unmatched,NormalizedAddress,Missing,BlockApproximation,NewLocatedHistorical,[3951],{},"{""CacheKey"":""hougang-245-hougang-st-22"",""SearchValue"":""245 HOUGANG ST 22 SINGAPORE"",""Status"":""HistoricalFirstHit"",""Postal"":""530245"",""UpdatedAt"":""2026-05-24T11:14:33.932Z""}","[{""ObjectId"":939925,""EntityId"":6293,""Block"":""245"",""PostalCode"":""530245""}]","{""Latitude"":1.3584074629,""Longitude"":103.8917219609}"
HOUGANG,414,HOUGANG AVE 10,16,Unmatched,NormalizedAddress,Missing,BlockApproximation,NewLocatedPublic,[6881],"{""530414"":{""d_8575e84912df3c28995b8e6e0e05205a"":[22579,131381],""d_c0650f23e94c42e7a20921f4c5b75c24"":[27753,103294,131111],""d_acbc938ec77af18f94cecc4a7c9ec720"":[53717],""d_4526d47d6714d3b052eed4a30b8b1ed6"":[64522],""d_fa2ed456cf2b8597bb7e064b08fc3c7c"":[73817],""d_478f45a9c541cbe679ca55d1cd2b970b"":[53046,59206,63087,64854],""d_a2141adf93ec2a3c2ec2837b78d6d46e"":[19140,73180,80821,91399],""d_9af9317c646a1c881bb5591c91817cc6"":[34870,87009,97606,102479],""d_67e99e6eabc4aad9b5d48663b579746a"":[58825],""d_181005ca270b45408b4cdfc954980ca2"":[87080,93753],""d_df7d2d661c0c11a7c367c9ee4bf896c1"":[61916,62036,198302,199522,217390],""d_72f37e5c5d192951ddc5513c2b134482"":[140931],""d_0cc5f52a1f298b916f317800251057f3"":[11994,23373],""d_af2042c77ffaf0db5d75561ce9ef5688"":[47953,52437]}}",,"[{""ObjectId"":940631,""EntityId"":11054205,""Block"":""414"",""PostalCode"":""530414""}]","{""Latitude"":1.3749139653,""Longitude"":103.896000119}"
HOUGANG,510,HOUGANG AVE 10,4,Unmatched,NormalizedAddress,Missing,BlockApproximation,NewLocatedPublic,[8657],"{""530510"":{""d_8575e84912df3c28995b8e6e0e05205a"":[147224,153622,167602],""d_acbc938ec77af18f94cecc4a7c9ec720"":[64794],""d_124a9bd407c7a25f8335b93b86e50fdd"":[22573],""d_478f45a9c541cbe679ca55d1cd2b970b"":[62750],""d_df7d2d661c0c11a7c367c9ee4bf896c1"":[219336],""d_72f37e5c5d192951ddc5513c2b134482"":[56237,98486],""d_31af23fdb79119ed185c256f03cb5773"":[29377]}}",,"[{""ObjectId"":940963,""EntityId"":9768,""Block"":""510"",""PostalCode"":""530510""}]","{""Latitude"":1.372574434,""Longitude"":103.8884499168}"
HOUGANG,661,HOUGANG AVE 4,29,Unmatched,NormalizedAddress,Missing,BlockApproximation,NewLocatedPublic,[10701],"{""530661"":{""d_8575e84912df3c28995b8e6e0e05205a"":[34639,131569,135164,168169],""d_c0650f23e94c42e7a20921f4c5b75c24"":[125996,139580],""d_acbc938ec77af18f94cecc4a7c9ec720"":[55845],""d_124a9bd407c7a25f8335b93b86e50fdd"":[62045,76005,83668,85998],""d_4526d47d6714d3b052eed4a30b8b1ed6"":[56532,65484],""d_b58303c68e9cf0d2ae93b73ffdbfbfa1"":[72800,75376],""d_fa2ed456cf2b8597bb7e064b08fc3c7c"":[79906],""d_85518d970b8178975850457f60f1e738"":[50784],""d_478f45a9c541cbe679ca55d1cd2b970b"":[56323,60299],""d_9af9317c646a1c881bb5591c91817cc6"":[74641,115240],""d_67e99e6eabc4aad9b5d48663b579746a"":[44564,52969,57249],""d_181005ca270b45408b4cdfc954980ca2"":[81775],""d_2b8c54b2a490d2fa36b925289e5d9572"":[61777],""d_df7d2d661c0c11a7c367c9ee4bf896c1"":[138904,206851,214565],""d_0cc5f52a1f298b916f317800251057f3"":[21144],""d_e97e8e7fc55b85a38babf66b0fa46b73"":[30227],""d_af2042c77ffaf0db5d75561ce9ef5688"":[36180],""d_1cd970d8351b42be4a308d628a6dd9d3"":[11034]}}",,"[{""ObjectId"":944218,""EntityId"":1086,""Block"":""661"",""PostalCode"":""530661""}]","{""Latitude"":1.3740816354,""Longitude"":103.8825686634}"
HOUGANG,671,HOUGANG AVE 8,18,NormalizedAddress,NormalizedAddress,BlockApproximation,BlockApproximation,AgreeingProvenanceAddition,[10859],"{""530671"":{""d_8575e84912df3c28995b8e6e0e05205a"":[141583,163762,164465,164824],""d_3a3807c023c61ddfba947dc069eb53f2"":[94577],""d_fa2ed456cf2b8597bb7e064b08fc3c7c"":[41900,54188],""d_85518d970b8178975850457f60f1e738"":[48956],""d_478f45a9c541cbe679ca55d1cd2b970b"":[23144],""d_9af9317c646a1c881bb5591c91817cc6"":[16370,57655],""d_67e99e6eabc4aad9b5d48663b579746a"":[56656],""d_5c4ef48b025fdfbc80056401f06e3df9"":[40898],""d_181005ca270b45408b4cdfc954980ca2"":[73590],""d_df7d2d661c0c11a7c367c9ee4bf896c1"":[112059],""d_72f37e5c5d192951ddc5513c2b134482"":[25394,111867,122981],""d_0cc5f52a1f298b916f317800251057f3"":[23296],""d_af2042c77ffaf0db5d75561ce9ef5688"":[47257],""d_1cd970d8351b42be4a308d628a6dd9d3"":[12422],""d_4e3db8955fdcda6f9944097bef3d2724"":[6849]}}",,"[{""ObjectId"":936717,""EntityId"":10620,""Block"":""671"",""PostalCode"":""530671""}]","{""Latitude"":1.3730723196,""Longitude"":103.8838166022}"
HOUGANG,679,HOUGANG AVE 8,6,Unmatched,NormalizedAddress,Missing,BlockApproximation,NewLocatedPublic,[10988],"{""530679"":{""d_b58303c68e9cf0d2ae93b73ffdbfbfa1"":[65080],""d_478f45a9c541cbe679ca55d1cd2b970b"":[54572],""d_a2141adf93ec2a3c2ec2837b78d6d46e"":[73947,75338,89022]}}",,"[{""ObjectId"":937593,""EntityId"":10631,""Block"":""679"",""PostalCode"":""530679""}]","{""Latitude"":1.371485665,""Longitude"":103.8847445744}"
HOUGANG,698C,HOUGANG ST 52,12,Unmatched,NormalizedAddress,Missing,BlockApproximation,NewLocatedHistorical,[11216],{},"{""CacheKey"":""hougang-698c-hougang-st-52"",""SearchValue"":""698C HOUGANG ST 52 SINGAPORE"",""Status"":""HistoricalFirstHit"",""Postal"":""533698"",""UpdatedAt"":""2026-05-24T11:04:47.102Z""}","[{""ObjectId"":937242,""EntityId"":7187,""Block"":""698C"",""PostalCode"":""533698""}]","{""Latitude"":1.3753672805,""Longitude"":103.8883104147}"
HOUGANG,704,HOUGANG AVE 2,24,NormalizedAddress,NormalizedAddress,BlockApproximation,BlockApproximation,AgreeingProvenanceAddition,[11313],"{""530704"":{""d_8575e84912df3c28995b8e6e0e05205a"":[37498,125692,162144,164992],""d_3a3807c023c61ddfba947dc069eb53f2"":[10687,69253,73051,80511,83654,86553,87598,91451],""d_c0650f23e94c42e7a20921f4c5b75c24"":[132893],""d_acbc938ec77af18f94cecc4a7c9ec720"":[65986],""d_124a9bd407c7a25f8335b93b86e50fdd"":[21311,61138,69500,72058,81813],""d_fa2ed456cf2b8597bb7e064b08fc3c7c"":[28947],""d_85518d970b8178975850457f60f1e738"":[16346,24123,50962,52347],""d_478f45a9c541cbe679ca55d1cd2b970b"":[20171,49683,65802],""d_5573b0db0575db32190a2ad27919a7aa"":[21018,73002],""d_a2141adf93ec2a3c2ec2837b78d6d46e"":[70305,83131],""d_9af9317c646a1c881bb5591c91817cc6"":[113476],""d_67e99e6eabc4aad9b5d48663b579746a"":[14370,53388],""d_300ddc8da4e8f7bdc1bfc62d0d99e2e7"":[16358],""d_181005ca270b45408b4cdfc954980ca2"":[83140,86467,92547],""d_4130f1d9d365d9f1633536e959f62bb7"":[10983,11216],""d_2b8c54b2a490d2fa36b925289e5d9572"":[59154,64540],""d_df7d2d661c0c11a7c367c9ee4bf896c1"":[107190,203633,217778,226372],""d_72f37e5c5d192951ddc5513c2b134482"":[120005,128638,132377],""d_0cc5f52a1f298b916f317800251057f3"":[23041],""d_e97e8e7fc55b85a38babf66b0fa46b73"":[32955],""d_af2042c77ffaf0db5d75561ce9ef5688"":[9782,46300],""d_1cd970d8351b42be4a308d628a6dd9d3"":[9059],""d_31af23fdb79119ed185c256f03cb5773"":[33348]}}",,"[{""ObjectId"":948852,""EntityId"":11183,""Block"":""704"",""PostalCode"":""530704""}]","{""Latitude"":1.3652255694,""Longitude"":103.8893795425}"
HOUGANG,986B,BUANGKOK CRES,58,Unmatched,NormalizedAddress,Missing,BlockApproximation,NewLocatedHistorical,[13280],{},"{""CacheKey"":""hougang-986b-buangkok-cres"",""SearchValue"":""986B BUANGKOK CRES SINGAPORE"",""Status"":""HistoricalFirstHit"",""Postal"":""532986"",""UpdatedAt"":""2026-05-24T10:35:02.890Z""}","[{""ObjectId"":946303,""EntityId"":9750,""Block"":""986B"",""PostalCode"":""532986""}]","{""Latitude"":1.3822583412,""Longitude"":103.8801415217}"
HOUGANG,991B,BUANGKOK LINK,40,ExactAddress,ExactAddress,BlockApproximation,BlockApproximation,AgreeingProvenanceAddition,[13324],"{""532991"":{""d_8575e84912df3c28995b8e6e0e05205a"":[37506,159824,166474,170114,174795],""d_3a3807c023c61ddfba947dc069eb53f2"":[43733,86529,88976],""d_c0650f23e94c42e7a20921f4c5b75c24"":[136389],""d_acbc938ec77af18f94cecc4a7c9ec720"":[30090,67880,68740],""d_4526d47d6714d3b052eed4a30b8b1ed6"":[61354,67433],""d_fa2ed456cf2b8597bb7e064b08fc3c7c"":[87339],""d_85518d970b8178975850457f60f1e738"":[56585],""d_478f45a9c541cbe679ca55d1cd2b970b"":[59051,60731],""d_5573b0db0575db32190a2ad27919a7aa"":[75092],""d_a2141adf93ec2a3c2ec2837b78d6d46e"":[30775,84626,86407,92490],""d_9af9317c646a1c881bb5591c91817cc6"":[110083,113369,117801,120588],""d_300ddc8da4e8f7bdc1bfc62d0d99e2e7"":[20481],""d_181005ca270b45408b4cdfc954980ca2"":[10421],""d_df7d2d661c0c11a7c367c9ee4bf896c1"":[101995,210822],""d_72f37e5c5d192951ddc5513c2b134482"":[44592,129624],""d_31af23fdb79119ed185c256f03cb5773"":[30017]}}",,"[{""ObjectId"":939835,""EntityId"":11054683,""Block"":""991B"",""PostalCode"":""532991""}]","{""Latitude"":1.3840097855,""Longitude"":103.8824662423}"
JURONG EAST,231,JURONG EAST ST 21,37,Unmatched,NormalizedAddress,Missing,BlockApproximation,NewLocatedHistorical,[3690],{},"{""CacheKey"":""jurong-east-231-jurong-east-st-21"",""SearchValue"":""231 JURONG EAST ST 21 SINGAPORE"",""Status"":""HistoricalFirstHit"",""Postal"":""600231"",""UpdatedAt"":""2026-05-24T10:28:29.339Z""}","[{""ObjectId"":943768,""EntityId"":2892,""Block"":""231"",""PostalCode"":""600231""}]","{""Latitude"":1.3411253968,""Longitude"":103.7380896739}"
JURONG EAST,24,TEBAN GDNS RD,18,Unmatched,NormalizedAddress,Missing,BlockApproximation,NewLocatedHistorical,[3869],{},"{""CacheKey"":""jurong-east-24-teban-gdns-rd"",""SearchValue"":""24 TEBAN GDNS RD SINGAPORE"",""Status"":""HistoricalFirstHit"",""Postal"":""600024"",""UpdatedAt"":""2026-05-24T10:52:41.912Z""}","[{""ObjectId"":945269,""EntityId"":5808,""Block"":""24"",""PostalCode"":""600024""}]","{""Latitude"":1.3234936886,""Longitude"":103.7378819557}"
JURONG EAST,240A,JURONG EAST AVE 1,15,Unmatched,NormalizedAddress,Missing,BlockApproximation,NewLocatedPublic,[3885],"{""601240"":{""d_8575e84912df3c28995b8e6e0e05205a"":[161644],""d_124a9bd407c7a25f8335b93b86e50fdd"":[81900],""d_4526d47d6714d3b052eed4a30b8b1ed6"":[63405,64535],""d_a2141adf93ec2a3c2ec2837b78d6d46e"":[23977,90274],""d_5c4ef48b025fdfbc80056401f06e3df9"":[19033],""d_181005ca270b45408b4cdfc954980ca2"":[92859],""d_df7d2d661c0c11a7c367c9ee4bf896c1"":[203605],""d_72f37e5c5d192951ddc5513c2b134482"":[135615],""d_e97e8e7fc55b85a38babf66b0fa46b73"":[36448,36758],""d_af2042c77ffaf0db5d75561ce9ef5688"":[53519]}}",,"[{""ObjectId"":936185,""EntityId"":11054132,""Block"":""240A"",""PostalCode"":""601240""}]","{""Latitude"":1.341011808,""Longitude"":103.7423678196}"
JURONG EAST,285D,TOH GUAN RD,21,Unmatched,NormalizedAddress,Missing,BlockApproximation,NewLocatedHistorical,[4675],{},"{""CacheKey"":""jurong-east-285d-toh-guan-rd"",""SearchValue"":""285D TOH GUAN RD SINGAPORE"",""Status"":""HistoricalFirstHit"",""Postal"":""604285"",""UpdatedAt"":""2026-05-24T10:35:02.890Z""}","[{""ObjectId"":948173,""EntityId"":8578,""Block"":""285D"",""PostalCode"":""604285""}]","{""Latitude"":1.3379973617,""Longitude"":103.7459356552}"
JURONG EAST,329,JURONG EAST AVE 1,29,NormalizedAddress,NormalizedAddress,BlockApproximation,BlockApproximation,AgreeingProvenanceAddition,[5623],"{""600329"":{""d_8575e84912df3c28995b8e6e0e05205a"":[95493],""d_3a3807c023c61ddfba947dc069eb53f2"":[57355,74306],""d_c0650f23e94c42e7a20921f4c5b75c24"":[118099],""d_acbc938ec77af18f94cecc4a7c9ec720"":[61094],""d_b58303c68e9cf0d2ae93b73ffdbfbfa1"":[82161],""d_5573b0db0575db32190a2ad27919a7aa"":[39927,63967],""d_a2141adf93ec2a3c2ec2837b78d6d46e"":[43045],""d_9af9317c646a1c881bb5591c91817cc6"":[117859,119548],""d_67e99e6eabc4aad9b5d48663b579746a"":[31855,41651,59196],""d_300ddc8da4e8f7bdc1bfc62d0d99e2e7"":[18286],""d_181005ca270b45408b4cdfc954980ca2"":[84600],""d_2b8c54b2a490d2fa36b925289e5d9572"":[62520],""d_df7d2d661c0c11a7c367c9ee4bf896c1"":[170924,186662,192090,193879,221998],""d_72f37e5c5d192951ddc5513c2b134482"":[34803,137537],""d_0cc5f52a1f298b916f317800251057f3"":[8726],""d_e97e8e7fc55b85a38babf66b0fa46b73"":[36233],""d_af2042c77ffaf0db5d75561ce9ef5688"":[10751],""d_31af23fdb79119ed185c256f03cb5773"":[27813]}}",,"[{""ObjectId"":945791,""EntityId"":2195,""Block"":""329"",""PostalCode"":""600329""}]","{""Latitude"":1.350150701,""Longitude"":103.7299418895}"
JURONG EAST,332,JURONG EAST AVE 1,26,NormalizedAddress,NormalizedAddress,BlockApproximation,BlockApproximation,AgreeingProvenanceAddition,[5689],"{""600332"":{""d_8575e84912df3c28995b8e6e0e05205a"":[133610,135471,150673,153482],""d_3a3807c023c61ddfba947dc069eb53f2"":[19805,47908],""d_c0650f23e94c42e7a20921f4c5b75c24"":[16524,108340,126753],""d_acbc938ec77af18f94cecc4a7c9ec720"":[32667],""d_124a9bd407c7a25f8335b93b86e50fdd"":[15570,41899,80941,82711],""d_4526d47d6714d3b052eed4a30b8b1ed6"":[59898,61828],""d_b58303c68e9cf0d2ae93b73ffdbfbfa1"":[35547,76217,77133],""d_fa2ed456cf2b8597bb7e064b08fc3c7c"":[40512],""d_85518d970b8178975850457f60f1e738"":[7799,58265],""d_5573b0db0575db32190a2ad27919a7aa"":[64041,67669,72297],""d_a2141adf93ec2a3c2ec2837b78d6d46e"":[22695,71785],""d_9af9317c646a1c881bb5591c91817cc6"":[95920,103514,105633,106439,118559,120813],""d_67e99e6eabc4aad9b5d48663b579746a"":[41231,57768],""d_300ddc8da4e8f7bdc1bfc62d0d99e2e7"":[20084],""d_181005ca270b45408b4cdfc954980ca2"":[19904,24130,85280],""d_2b8c54b2a490d2fa36b925289e5d9572"":[36298],""d_df7d2d661c0c11a7c367c9ee4bf896c1"":[219605,223640],""d_72f37e5c5d192951ddc5513c2b134482"":[103040,116476],""d_e97e8e7fc55b85a38babf66b0fa46b73"":[9356,37953],""d_af2042c77ffaf0db5d75561ce9ef5688"":[49622],""d_4e3db8955fdcda6f9944097bef3d2724"":[15230]}}",,"[{""ObjectId"":941470,""EntityId"":10747,""Block"":""332"",""PostalCode"":""600332""}]","{""Latitude"":1.3514171472,""Longitude"":103.7301960608}"
JURONG EAST,333,JURONG EAST AVE 1,5,Unmatched,NormalizedAddress,Missing,BlockApproximation,NewLocatedPublic,[5705],"{""600333"":{""d_c0650f23e94c42e7a20921f4c5b75c24"":[125783],""d_85518d970b8178975850457f60f1e738"":[46112],""d_67e99e6eabc4aad9b5d48663b579746a"":[45064],""d_300ddc8da4e8f7bdc1bfc62d0d99e2e7"":[18590],""d_2b8c54b2a490d2fa36b925289e5d9572"":[40648,62376]}}",,"[{""ObjectId"":948789,""EntityId"":10748,""Block"":""333"",""PostalCode"":""600333""}]","{""Latitude"":1.351281245,""Longitude"":103.7309614305}"
JURONG EAST,336,JURONG EAST AVE 1,31,Unmatched,NormalizedAddress,Missing,BlockApproximation,NewLocatedPublic,[5771],"{""600336"":{""d_8575e84912df3c28995b8e6e0e05205a"":[129983,131630,147914,148969,168925],""d_c0650f23e94c42e7a20921f4c5b75c24"":[28082,79937,92013,136584],""d_acbc938ec77af18f94cecc4a7c9ec720"":[18754,68526],""d_4526d47d6714d3b052eed4a30b8b1ed6"":[59086,60071],""d_b58303c68e9cf0d2ae93b73ffdbfbfa1"":[13654,69091,81594],""d_478f45a9c541cbe679ca55d1cd2b970b"":[42549,57303,63381],""d_a2141adf93ec2a3c2ec2837b78d6d46e"":[56752,73203,77283],""d_9af9317c646a1c881bb5591c91817cc6"":[106267,108285],""d_181005ca270b45408b4cdfc954980ca2"":[26255],""d_4130f1d9d365d9f1633536e959f62bb7"":[2981],""d_df7d2d661c0c11a7c367c9ee4bf896c1"":[174556,198682,199925,215405,220503,231644],""d_72f37e5c5d192951ddc5513c2b134482"":[34644,118340,139810],""d_af2042c77ffaf0db5d75561ce9ef5688"":[43920],""d_1cd970d8351b42be4a308d628a6dd9d3"":[11955]}}","{""CacheKey"":""jurong-east-336-jurong-east-ave-1"",""SearchValue"":""336 JURONG EAST AVE 1 SINGAPORE"",""Status"":""HistoricalFirstHit"",""Postal"":""600336"",""UpdatedAt"":""2026-05-24T10:57:12.989Z""}","[{""ObjectId"":942676,""EntityId"":2227,""Block"":""336"",""PostalCode"":""600336""}]","{""Latitude"":1.3505635991,""Longitude"":103.7312879831}"
JURONG EAST,338,JURONG EAST AVE 1,4,NormalizedAddress,NormalizedAddress,BlockApproximation,BlockApproximation,AgreeingProvenanceAddition,[5812],"{""600338"":{""d_8575e84912df3c28995b8e6e0e05205a"":[88316,108015,129777,130826],""d_3a3807c023c61ddfba947dc069eb53f2"":[51458,70964],""d_c0650f23e94c42e7a20921f4c5b75c24"":[64761,76840,77305,90668,98298],""d_124a9bd407c7a25f8335b93b86e50fdd"":[71884],""d_b58303c68e9cf0d2ae93b73ffdbfbfa1"":[56582],""d_fa2ed456cf2b8597bb7e064b08fc3c7c"":[60195,60930,62118],""d_478f45a9c541cbe679ca55d1cd2b970b"":[32625,33214,33845,34398,48919],""d_5573b0db0575db32190a2ad27919a7aa"":[42617,46019,54785],""d_a2141adf93ec2a3c2ec2837b78d6d46e"":[68570,71126,71253],""d_67e99e6eabc4aad9b5d48663b579746a"":[36279],""d_300ddc8da4e8f7bdc1bfc62d0d99e2e7"":[15018],""d_2b8c54b2a490d2fa36b925289e5d9572"":[6466,22414,24884,29243,29907,70987],""d_df7d2d661c0c11a7c367c9ee4bf896c1"":[64267,105166,136269,139767,139982,147625,156896,183703],""d_72f37e5c5d192951ddc5513c2b134482"":[1346,67923,137485],""d_af2042c77ffaf0db5d75561ce9ef5688"":[44544],""d_1cd970d8351b42be4a308d628a6dd9d3"":[9456,10254],""d_31af23fdb79119ed185c256f03cb5773"":[24998,28109]}}",,"[{""ObjectId"":937617,""EntityId"":2201,""Block"":""338"",""PostalCode"":""600338""}]","{""Latitude"":1.3502107915,""Longitude"":103.7312486168}"
JURONG EAST,371,JURONG EAST ST 32,67,Unmatched,NormalizedAddress,Missing,BlockApproximation,NewLocatedHistorical,[6310],{},"{""CacheKey"":""jurong-east-371-jurong-east-st-32"",""SearchValue"":""371 JURONG EAST ST 32 SINGAPORE"",""Status"":""HistoricalFirstHit"",""Postal"":""600371"",""UpdatedAt"":""2026-05-24T11:12:56.744Z""}","[{""ObjectId"":936834,""EntityId"":9232,""Block"":""371"",""PostalCode"":""600371""}]","{""Latitude"":1.3483306543,""Longitude"":103.7319015466}"
JURONG WEST,163,YUNG PING RD,21,Unmatched,NormalizedAddress,Missing,BlockApproximation,NewLocatedHistorical,[2067],{},"{""CacheKey"":""jurong-west-163-yung-ping-rd"",""SearchValue"":""163 YUNG PING RD SINGAPORE"",""Status"":""HistoricalFirstHit"",""Postal"":""610163"",""UpdatedAt"":""2026-05-24T11:12:56.744Z""}","[{""ObjectId"":942329,""EntityId"":3550,""Block"":""163"",""PostalCode"":""610163""}]","{""Latitude"":1.3301471166,""Longitude"":103.7226634163}"
JURONG WEST,164A,YUNG KUANG RD,15,Unmatched,NormalizedAddress,Missing,BlockApproximation,NewLocatedHistorical,[2091],{},"{""CacheKey"":""jurong-west-164a-yung-kuang-rd"",""SearchValue"":""164A YUNG KUANG RD SINGAPORE"",""Status"":""HistoricalFirstHit"",""Postal"":""611164"",""UpdatedAt"":""2026-05-24T11:29:58.778Z""}","[{""ObjectId"":942208,""EntityId"":11050975,""Block"":""164A"",""PostalCode"":""611164""}]","{""Latitude"":1.3302391365,""Longitude"":103.7218755002}"
JURONG WEST,424,JURONG WEST AVE 1,2,NormalizedAddress,NormalizedAddress,BlockApproximation,BlockApproximation,AgreeingProvenanceAddition,[7090],"{""640424"":{""d_3a3807c023c61ddfba947dc069eb53f2"":[79271],""d_acbc938ec77af18f94cecc4a7c9ec720"":[48902],""d_b58303c68e9cf0d2ae93b73ffdbfbfa1"":[60075],""d_a2141adf93ec2a3c2ec2837b78d6d46e"":[84319],""d_181005ca270b45408b4cdfc954980ca2"":[90114],""d_2b8c54b2a490d2fa36b925289e5d9572"":[60209],""d_df7d2d661c0c11a7c367c9ee4bf896c1"":[222392],""d_31af23fdb79119ed185c256f03cb5773"":[17066]}}",,"[{""ObjectId"":948016,""EntityId"":11054297,""Block"":""424"",""PostalCode"":""640424""}]","{""Latitude"":1.3510384859,""Longitude"":103.7248358413}"
JURONG WEST,437,JURONG WEST AVE 1,29,Unmatched,NormalizedAddress,Missing,BlockApproximation,NewLocatedPublic,[7332],"{""640437"":{""d_8575e84912df3c28995b8e6e0e05205a"":[147028,159548,166971,169833],""d_c0650f23e94c42e7a20921f4c5b75c24"":[127861,132131],""d_acbc938ec77af18f94cecc4a7c9ec720"":[54022,55745],""d_124a9bd407c7a25f8335b93b86e50fdd"":[75402,78747,81704],""d_4526d47d6714d3b052eed4a30b8b1ed6"":[47128,52964,61517,61553],""d_b58303c68e9cf0d2ae93b73ffdbfbfa1"":[65624],""d_fa2ed456cf2b8597bb7e064b08fc3c7c"":[47822],""d_478f45a9c541cbe679ca55d1cd2b970b"":[12730,46639,50378,56435],""d_5573b0db0575db32190a2ad27919a7aa"":[63527],""d_a2141adf93ec2a3c2ec2837b78d6d46e"":[26360,88706],""d_9af9317c646a1c881bb5591c91817cc6"":[56630,106998],""d_67e99e6eabc4aad9b5d48663b579746a"":[7423,53803,54264,56678],""d_300ddc8da4e8f7bdc1bfc62d0d99e2e7"":[19999],""d_181005ca270b45408b4cdfc954980ca2"":[44538,46822],""d_df7d2d661c0c11a7c367c9ee4bf896c1"":[179054,182001,189573,218984,228012],""d_0cc5f52a1f298b916f317800251057f3"":[22788],""d_1cd970d8351b42be4a308d628a6dd9d3"":[9707,10598],""d_31af23fdb79119ed185c256f03cb5773"":[18102,31747]}}",,"[{""ObjectId"":947324,""EntityId"":11054306,""Block"":""437"",""PostalCode"":""640437""}]","{""Latitude"":1.3517093398,""Longitude"":103.723799535}"
JURONG WEST,669C,JURONG WEST ST 64,28,Unmatched,NormalizedAddress,Missing,BlockApproximation,NewLocatedHistorical,[10838],{},"{""CacheKey"":""jurong-west-669c-jurong-west-st-64"",""SearchValue"":""669C JURONG WEST ST 64 SINGAPORE"",""Status"":""HistoricalFirstHit"",""Postal"":""643669"",""UpdatedAt"":""2026-05-24T10:54:09.287Z""}","[{""ObjectId"":940004,""EntityId"":3547,""Block"":""669C"",""PostalCode"":""643669""}]","{""Latitude"":1.3433961464,""Longitude"":103.7027188902}"
JURONG WEST,679A,JURONG WEST CTRL 1,12,NormalizedAddress,NormalizedAddress,BlockApproximation,BlockApproximation,AgreeingProvenanceAddition,[10991],"{""641679"":{""d_3a3807c023c61ddfba947dc069eb53f2"":[91757],""d_c0650f23e94c42e7a20921f4c5b75c24"":[112547,131468,133230,135118],""d_acbc938ec77af18f94cecc4a7c9ec720"":[16041,52602,57182],""d_124a9bd407c7a25f8335b93b86e50fdd"":[68424],""d_4526d47d6714d3b052eed4a30b8b1ed6"":[30625,63867,64063],""d_b58303c68e9cf0d2ae93b73ffdbfbfa1"":[15522],""d_fa2ed456cf2b8597bb7e064b08fc3c7c"":[90147],""d_85518d970b8178975850457f60f1e738"":[12385,49483],""d_478f45a9c541cbe679ca55d1cd2b970b"":[32741],""d_5573b0db0575db32190a2ad27919a7aa"":[46417,57950,76195],""d_a2141adf93ec2a3c2ec2837b78d6d46e"":[78777],""d_9af9317c646a1c881bb5591c91817cc6"":[34484],""d_5c4ef48b025fdfbc80056401f06e3df9"":[6287],""d_181005ca270b45408b4cdfc954980ca2"":[80797],""d_2b8c54b2a490d2fa36b925289e5d9572"":[63087],""d_df7d2d661c0c11a7c367c9ee4bf896c1"":[194597,214871,223550,224579,228370],""d_72f37e5c5d192951ddc5513c2b134482"":[17610],""d_e97e8e7fc55b85a38babf66b0fa46b73"":[28682],""d_4e3db8955fdcda6f9944097bef3d2724"":[14791]}}",,"[{""ObjectId"":944246,""EntityId"":2353,""Block"":""679A"",""PostalCode"":""641679""}]","{""Latitude"":1.3442721359,""Longitude"":103.7058444251}"
JURONG WEST,680A,JURONG WEST CTRL 1,19,Unmatched,NormalizedAddress,Missing,BlockApproximation,NewLocatedPublic,[11009],"{""641680"":{""d_8575e84912df3c28995b8e6e0e05205a"":[48576],""d_c0650f23e94c42e7a20921f4c5b75c24"":[110181],""d_acbc938ec77af18f94cecc4a7c9ec720"":[57022],""d_124a9bd407c7a25f8335b93b86e50fdd"":[363,75201,77165,78260],""d_4526d47d6714d3b052eed4a30b8b1ed6"":[47556,54599],""d_85518d970b8178975850457f60f1e738"":[56398],""d_478f45a9c541cbe679ca55d1cd2b970b"":[46247,51580],""d_5573b0db0575db32190a2ad27919a7aa"":[56419],""d_300ddc8da4e8f7bdc1bfc62d0d99e2e7"":[17430],""d_181005ca270b45408b4cdfc954980ca2"":[94153],""d_4130f1d9d365d9f1633536e959f62bb7"":[9245],""d_df7d2d661c0c11a7c367c9ee4bf896c1"":[53497,140840,192276,228271],""d_72f37e5c5d192951ddc5513c2b134482"":[128503],""d_0cc5f52a1f298b916f317800251057f3"":[11328],""d_e97e8e7fc55b85a38babf66b0fa46b73"":[33803],""d_af2042c77ffaf0db5d75561ce9ef5688"":[48404],""d_31af23fdb79119ed185c256f03cb5773"":[29400],""d_4e3db8955fdcda6f9944097bef3d2724"":[5348,14392,15258]}}",,"[{""ObjectId"":935938,""EntityId"":2426,""Block"":""680A"",""PostalCode"":""641680""}]","{""Latitude"":1.344621597,""Longitude"":103.7055620924}"
JURONG WEST,690,JURONG WEST CTRL 1,24,NormalizedAddress,NormalizedAddress,BlockApproximation,BlockApproximation,AgreeingProvenanceAddition,[11154],"{""640690"":{""d_8575e84912df3c28995b8e6e0e05205a"":[130636,150064,156013,164574],""d_3a3807c023c61ddfba947dc069eb53f2"":[28921],""d_c0650f23e94c42e7a20921f4c5b75c24"":[59131,113691],""d_acbc938ec77af18f94cecc4a7c9ec720"":[12865,15949,53461],""d_4526d47d6714d3b052eed4a30b8b1ed6"":[13075],""d_b58303c68e9cf0d2ae93b73ffdbfbfa1"":[17838,84642],""d_fa2ed456cf2b8597bb7e064b08fc3c7c"":[48797],""d_85518d970b8178975850457f60f1e738"":[4992,36396,51347],""d_478f45a9c541cbe679ca55d1cd2b970b"":[10593,45569],""d_5573b0db0575db32190a2ad27919a7aa"":[22069,64443,66308,70929],""d_a2141adf93ec2a3c2ec2837b78d6d46e"":[67448,73376,83842,83852],""d_9af9317c646a1c881bb5591c91817cc6"":[95221,96443,110448],""d_5c4ef48b025fdfbc80056401f06e3df9"":[35180],""d_181005ca270b45408b4cdfc954980ca2"":[85081,90652,95572],""d_df7d2d661c0c11a7c367c9ee4bf896c1"":[81616,214102,224784,225767],""d_72f37e5c5d192951ddc5513c2b134482"":[29068,120193,124304,125179,125435,132903,140853,141220,141269,141416],""d_0cc5f52a1f298b916f317800251057f3"":[3486],""d_31af23fdb79119ed185c256f03cb5773"":[33734]}}",,"[{""ObjectId"":940102,""EntityId"":2685,""Block"":""690"",""PostalCode"":""640690""}]","{""Latitude"":1.34132438,""Longitude"":103.7067100084}"
JURONG WEST,697B,JURONG WEST CTRL 3,24,Unmatched,NormalizedAddress,Missing,BlockApproximation,NewLocatedPublic,[11208],"{""642697"":{""d_8575e84912df3c28995b8e6e0e05205a"":[147402],""d_c0650f23e94c42e7a20921f4c5b75c24"":[49197,126125,136925],""d_85518d970b8178975850457f60f1e738"":[27072],""d_478f45a9c541cbe679ca55d1cd2b970b"":[58822],""d_9af9317c646a1c881bb5591c91817cc6"":[116741],""d_300ddc8da4e8f7bdc1bfc62d0d99e2e7"":[20122],""d_2b8c54b2a490d2fa36b925289e5d9572"":[62474],""d_df7d2d661c0c11a7c367c9ee4bf896c1"":[20756],""d_72f37e5c5d192951ddc5513c2b134482"":[66300],""d_af2042c77ffaf0db5d75561ce9ef5688"":[55082]}}",,"[{""ObjectId"":940897,""EntityId"":11051261,""Block"":""697B"",""PostalCode"":""642697""}]","{""Latitude"":1.3407186307,""Longitude"":103.7085490407}"
JURONG WEST,698A,JURONG WEST CTRL 3,26,NormalizedAddress,NormalizedAddress,BlockApproximation,BlockApproximation,AgreeingProvenanceAddition,[11213],"{""641698"":{""d_8575e84912df3c28995b8e6e0e05205a"":[30286,163109,164691],""d_3a3807c023c61ddfba947dc069eb53f2"":[89267],""d_c0650f23e94c42e7a20921f4c5b75c24"":[124292,134437],""d_124a9bd407c7a25f8335b93b86e50fdd"":[1423,79127,81575],""d_85518d970b8178975850457f60f1e738"":[55153,56707],""d_5573b0db0575db32190a2ad27919a7aa"":[70892]}}","{""CacheKey"":""jurong-west-698a-jurong-west-ctrl-3"",""SearchValue"":""698A JURONG WEST CTRL 3 SINGAPORE"",""Status"":""HistoricalFirstHit"",""Postal"":""641698"",""UpdatedAt"":""2026-05-24T11:29:58.778Z""}","[{""ObjectId"":940927,""EntityId"":11051255,""Block"":""698A"",""PostalCode"":""641698""}]","{""Latitude"":1.3411431764,""Longitude"":103.7079003801}"
JURONG WEST,719,JURONG WEST AVE 5,8,Unmatched,NormalizedAddress,Missing,BlockApproximation,NewLocatedPublic,[11467],"{""640719"":{""d_8575e84912df3c28995b8e6e0e05205a"":[133120],""d_c0650f23e94c42e7a20921f4c5b75c24"":[124225],""d_df7d2d661c0c11a7c367c9ee4bf896c1"":[217278],""d_31af23fdb79119ed185c256f03cb5773"":[7308]}}",,"[{""ObjectId"":937154,""EntityId"":9115,""Block"":""719"",""PostalCode"":""640719""}]","{""Latitude"":1.3445969197,""Longitude"":103.6969861971}"
JURONG WEST,990C,JURONG WEST ST 93,13,Unmatched,NormalizedAddress,Missing,BlockApproximation,NewLocatedHistorical,[13319],{},"{""CacheKey"":""jurong-west-990c-jurong-west-st-93"",""SearchValue"":""990C JURONG WEST ST 93 SINGAPORE"",""Status"":""HistoricalFirstHit"",""Postal"":""643990"",""UpdatedAt"":""2026-05-24T10:52:41.912Z""}","[{""ObjectId"":943810,""EntityId"":3683,""Block"":""990C"",""PostalCode"":""643990""}]","{""Latitude"":1.335481062,""Longitude"":103.6945473612}"
KALLANG/WHAMPOA,105,JLN RAJAH,25,Unmatched,NormalizedAddress,Missing,BlockApproximation,NewLocatedHistorical,[281],{},"{""CacheKey"":""kallang-whampoa-105-jln-rajah"",""SearchValue"":""105 JLN RAJAH SINGAPORE"",""Status"":""HistoricalFirstHit"",""Postal"":""320105"",""UpdatedAt"":""2026-05-24T10:29:59.082Z""}","[{""ObjectId"":940338,""EntityId"":8337,""Block"":""105"",""PostalCode"":""320105""}]","{""Latitude"":1.3283581885,""Longitude"":103.8538658873}"
KALLANG/WHAMPOA,116B,JLN TENTERAM,66,Unmatched,NormalizedAddress,Missing,BlockApproximation,NewLocatedHistorical,[772],{},"{""CacheKey"":""kallang-whampoa-116b-jln-tenteram"",""SearchValue"":""116B JLN TENTERAM SINGAPORE"",""Status"":""HistoricalFirstHit"",""Postal"":""322116"",""UpdatedAt"":""2026-05-24T11:29:58.778Z""}","[{""ObjectId"":941032,""EntityId"":10912,""Block"":""116B"",""PostalCode"":""322116""}]","{""Latitude"":1.3276357524,""Longitude"":103.860807413}"
KALLANG/WHAMPOA,3D,UPP BOON KENG RD,33,Unmatched,NormalizedAddress,Missing,BlockApproximation,NewLocatedHistorical,[4935],{},"{""CacheKey"":""kallang-whampoa-3d-upp-boon-keng-rd"",""SearchValue"":""3D UPP BOON KENG RD SINGAPORE"",""Status"":""HistoricalFirstHit"",""Postal"":""384003"",""UpdatedAt"":""2026-05-24T10:49:41.736Z""}","[{""ObjectId"":937149,""EntityId"":2873,""Block"":""3D"",""PostalCode"":""384003""}]","{""Latitude"":1.3133695186,""Longitude"":103.8728376492}"
KALLANG/WHAMPOA,463,CRAWFORD LANE,23,ExactAddress,ExactAddress,BlockApproximation,BlockApproximation,AgreeingProvenanceAddition,[7847],"{""190463"":{""d_8575e84912df3c28995b8e6e0e05205a"":[10802,11325,95360,97914,112324,113867,131500,133300,138746,143118,143947,145617,156888,161607,165345,168205,168670,170229,171829,171831,174123],""d_3a3807c023c61ddfba947dc069eb53f2"":[13981,53949,66676,76766,83214,94063],""d_c0650f23e94c42e7a20921f4c5b75c24"":[24470,57751,57907,58611,79020,80252,89435,94096,123349,124364,135242,138248,138523],""d_acbc938ec77af18f94cecc4a7c9ec720"":[7879,18765,36242,36946,44031,53451,55287,70237],""d_124a9bd407c7a25f8335b93b86e50fdd"":[44195,46003,50337,55204,64278,68706,78651,79120],""d_4526d47d6714d3b052eed4a30b8b1ed6"":[31704,33741,38616,41005,41023,42637,48387,53515,57789,61703,62186,62233,63471,68996],""d_b58303c68e9cf0d2ae93b73ffdbfbfa1"":[23309,24824,40349,51902,57823,73915,78160],""d_fa2ed456cf2b8597bb7e064b08fc3c7c"":[25478,34769,49979,70151,80521,84611,87338,88095,89398,93728],""d_85518d970b8178975850457f60f1e738"":[11904,16204,19232,22670,46685,49610,51898],""d_478f45a9c541cbe679ca55d1cd2b970b"":[9998,26402,27634,54151,63895],""d_5573b0db0575db32190a2ad27919a7aa"":[12167,38195,39978,46506,46818,74200],""d_a2141adf93ec2a3c2ec2837b78d6d46e"":[15750,25462,26459,37483,44068,52258,59580,74814,75075,76637,86479],""d_9af9317c646a1c881bb5591c91817cc6"":[27013,44316,101765,104854,123844],""d_67e99e6eabc4aad9b5d48663b579746a"":[5382,6187,31900,32662,40763,41856,42242,49607,51154],""d_5c4ef48b025fdfbc80056401f06e3df9"":[35118,35368],""d_300ddc8da4e8f7bdc1bfc62d0d99e2e7"":[11311],""d_181005ca270b45408b4cdfc954980ca2"":[17483,66167,75858,79405,82999],""d_4130f1d9d365d9f1633536e959f62bb7"":[12056,12107],""d_2b8c54b2a490d2fa36b925289e5d9572"":[15253,40267,51993,52747,54034,55875,61322],""d_df7d2d661c0c11a7c367c9ee4bf896c1"":[8599,31214,39531,42537,58468,63557,71858,79106,118903,128870,130321,141366,145654,154744,164057,172949,174190,177924,183272,190614,193483,194499,195262,195715,201418,205015,215493,225503,226660,227178,227916],""d_72f37e5c5d192951ddc5513c2b134482"":[18452,23050,37633,41606,59357,67782,86270,87101,122037,133341,135520,135899,136023,141270],""d_0cc5f52a1f298b916f317800251057f3"":[3310,18004,18961,21162,21238],""d_e97e8e7fc55b85a38babf66b0fa46b73"":[26448,37106,37686],""d_af2042c77ffaf0db5d75561ce9ef5688"":[9345,55382,55765],""d_1cd970d8351b42be4a308d628a6dd9d3"":[11482],""d_31af23fdb79119ed185c256f03cb5773"":[12824,15870,21040,35477,36615,36672,37262,37302],""d_4e3db8955fdcda6f9944097bef3d2724"":[2890,9478,16859,18059]}}",,"[{""ObjectId"":939420,""EntityId"":7321,""Block"":""463"",""PostalCode"":""190463""}]","{""Latitude"":1.3050542239,""Longitude"":103.862062232}"
KALLANG/WHAMPOA,55,GEYLANG BAHRU,21,Unmatched,ExactAddress,Missing,BlockApproximation,NewLocatedPublic,[9244],"{""330055"":{""d_8575e84912df3c28995b8e6e0e05205a"":[10008,22577,40519,58527,96994,136113,139323],""d_c0650f23e94c42e7a20921f4c5b75c24"":[17775,40655,72069,119839],""d_acbc938ec77af18f94cecc4a7c9ec720"":[184,4730,44899],""d_124a9bd407c7a25f8335b93b86e50fdd"":[69922],""d_4526d47d6714d3b052eed4a30b8b1ed6"":[16716],""d_b58303c68e9cf0d2ae93b73ffdbfbfa1"":[2714,24124,38197,80304,84417],""d_fa2ed456cf2b8597bb7e064b08fc3c7c"":[16791,25711,78895,79326,79713],""d_85518d970b8178975850457f60f1e738"":[20503,56150],""d_478f45a9c541cbe679ca55d1cd2b970b"":[29147,51682,53978],""d_5573b0db0575db32190a2ad27919a7aa"":[5890,7450,14273,18767,20646,20871,65042],""d_a2141adf93ec2a3c2ec2837b78d6d46e"":[19527,45265,77897,79486,90398],""d_9af9317c646a1c881bb5591c91817cc6"":[33234,37198,37199],""d_67e99e6eabc4aad9b5d48663b579746a"":[11465,49911],""d_300ddc8da4e8f7bdc1bfc62d0d99e2e7"":[3435],""d_181005ca270b45408b4cdfc954980ca2"":[80762,88474],""d_2b8c54b2a490d2fa36b925289e5d9572"":[11508,25353,27290,29217,36632,60578],""d_df7d2d661c0c11a7c367c9ee4bf896c1"":[31627,50651,60413,69681,117470,180529,194661,221584,231980],""d_72f37e5c5d192951ddc5513c2b134482"":[31216,36877,131184],""d_e97e8e7fc55b85a38babf66b0fa46b73"":[6888,28543],""d_af2042c77ffaf0db5d75561ce9ef5688"":[3775,13700,53977],""d_1cd970d8351b42be4a308d628a6dd9d3"":[8703],""d_31af23fdb79119ed185c256f03cb5773"":[17405]}}",,"[{""ObjectId"":945055,""EntityId"":8095,""Block"":""55"",""PostalCode"":""330055""}]","{""Latitude"":1.3240837133,""Longitude"":103.8685906665}"
KALLANG/WHAMPOA,66,KALLANG BAHRU,11,ExactAddress,ExactAddress,BlockApproximation,BlockApproximation,AgreeingProvenanceAddition,[10673],"{""330066"":{""d_8575e84912df3c28995b8e6e0e05205a"":[29131,33002,124293,138234,140697,166342,166440],""d_3a3807c023c61ddfba947dc069eb53f2"":[49582,62475,77983,78443,86000],""d_c0650f23e94c42e7a20921f4c5b75c24"":[560,2977,61395,71834,72611,85262,87490,94699,99325,101375,121000,132718],""d_acbc938ec77af18f94cecc4a7c9ec720"":[33722,35030,35245,55586,67617],""d_124a9bd407c7a25f8335b93b86e50fdd"":[37467,39491,42827,52803,64472,81659],""d_4526d47d6714d3b052eed4a30b8b1ed6"":[448,20626,50704,52055,55544,59919,67427],""d_b58303c68e9cf0d2ae93b73ffdbfbfa1"":[863,30404,33034,41180,50940,60100,72363,78532],""d_fa2ed456cf2b8597bb7e064b08fc3c7c"":[46312,63972,70851,72670,83476,83877,88235,89161,91049],""d_85518d970b8178975850457f60f1e738"":[55193],""d_478f45a9c541cbe679ca55d1cd2b970b"":[333,27695,42859],""d_5573b0db0575db32190a2ad27919a7aa"":[16337,19737,36499,36510,41580,69176],""d_a2141adf93ec2a3c2ec2837b78d6d46e"":[373,1231,11446,52691,53303,54887,58140,59301,61386,62605,62866,68441,73801,87964,89121],""d_9af9317c646a1c881bb5591c91817cc6"":[865,11931,50861,62670,64213,74805,83418,110782],""d_67e99e6eabc4aad9b5d48663b579746a"":[30336,32433,44809,44866,47476,49971],""d_5c4ef48b025fdfbc80056401f06e3df9"":[23615,26267,26854,28593],""d_300ddc8da4e8f7bdc1bfc62d0d99e2e7"":[4350,9171,20943],""d_181005ca270b45408b4cdfc954980ca2"":[22044,48890,82141,85489,93727],""d_4130f1d9d365d9f1633536e959f62bb7"":[2518,5551,8920],""d_2b8c54b2a490d2fa36b925289e5d9572"":[7819,47963,55222,58649,62335],""d_df7d2d661c0c11a7c367c9ee4bf896c1"":[36261,96953,114174,122100,126470,147128,154564,173457,175815,196489,210750],""d_72f37e5c5d192951ddc5513c2b134482"":[2110,2207,11976,27500,27502,27503,27504,27505,63082,63094,68528,86460,93109,116197,123379],""d_0cc5f52a1f298b916f317800251057f3"":[12966,19242,21752,24239],""d_e97e8e7fc55b85a38babf66b0fa46b73"":[28938,34772],""d_af2042c77ffaf0db5d75561ce9ef5688"":[9736,20504,28186,33217,34486,40351,51227,57822],""d_1cd970d8351b42be4a308d628a6dd9d3"":[7369,9380],""d_31af23fdb79119ed185c256f03cb5773"":[372,377,957,5204,15842,16132,18911,36474],""d_4e3db8955fdcda6f9944097bef3d2724"":[9839]}}",,"[{""ObjectId"":947782,""EntityId"":7647,""Block"":""66"",""PostalCode"":""330066""}]","{""Latitude"":1.3208160601,""Longitude"":103.8696953418}"
KALLANG/WHAMPOA,7,ST. GEORGE'S LANE,41,Unmatched,ExactAddress,Missing,BlockApproximation,NewLocatedPublic,[11245],"{""320007"":{""d_8575e84912df3c28995b8e6e0e05205a"":[38938,51396,113315,136415],""d_c0650f23e94c42e7a20921f4c5b75c24"":[72587,75848,121576],""d_acbc938ec77af18f94cecc4a7c9ec720"":[27775,57803,60303],""d_124a9bd407c7a25f8335b93b86e50fdd"":[45234],""d_4526d47d6714d3b052eed4a30b8b1ed6"":[35963,57001],""d_b58303c68e9cf0d2ae93b73ffdbfbfa1"":[79814],""d_85518d970b8178975850457f60f1e738"":[30411,42972],""d_478f45a9c541cbe679ca55d1cd2b970b"":[65869],""d_5573b0db0575db32190a2ad27919a7aa"":[25644],""d_9af9317c646a1c881bb5591c91817cc6"":[108168],""d_67e99e6eabc4aad9b5d48663b579746a"":[46085,50522],""d_5c4ef48b025fdfbc80056401f06e3df9"":[36468,41239],""d_181005ca270b45408b4cdfc954980ca2"":[37072],""d_df7d2d661c0c11a7c367c9ee4bf896c1"":[92133,115887,115888,193121],""d_72f37e5c5d192951ddc5513c2b134482"":[45462,110204,119617,134139],""d_0cc5f52a1f298b916f317800251057f3"":[31],""d_e97e8e7fc55b85a38babf66b0fa46b73"":[36706],""d_af2042c77ffaf0db5d75561ce9ef5688"":[50688,54407],""d_4e3db8955fdcda6f9944097bef3d2724"":[8709,14462]}}",,"[{""ObjectId"":938284,""EntityId"":4130,""Block"":""7"",""PostalCode"":""320007""}]","{""Latitude"":1.3236440713,""Longitude"":103.8590568727}"
KALLANG/WHAMPOA,73,GEYLANG BAHRU,39,ExactAddress,ExactAddress,BlockApproximation,BlockApproximation,AgreeingProvenanceAddition,[11560],"{""330073"":{""d_8575e84912df3c28995b8e6e0e05205a"":[48955,163112,166227,174673],""d_3a3807c023c61ddfba947dc069eb53f2"":[78054],""d_c0650f23e94c42e7a20921f4c5b75c24"":[34887,64435,110280,120849,125439,131719],""d_acbc938ec77af18f94cecc4a7c9ec720"":[13461,15456,58183,69109],""d_124a9bd407c7a25f8335b93b86e50fdd"":[41677],""d_4526d47d6714d3b052eed4a30b8b1ed6"":[57764,66137],""d_b58303c68e9cf0d2ae93b73ffdbfbfa1"":[80715],""d_fa2ed456cf2b8597bb7e064b08fc3c7c"":[11070,47343,72076],""d_478f45a9c541cbe679ca55d1cd2b970b"":[9050,28397,29034,47415,54661],""d_5573b0db0575db32190a2ad27919a7aa"":[23830,36945,38724,59480,62589],""d_a2141adf93ec2a3c2ec2837b78d6d46e"":[78805],""d_9af9317c646a1c881bb5591c91817cc6"":[51300,101680],""d_67e99e6eabc4aad9b5d48663b579746a"":[58672],""d_5c4ef48b025fdfbc80056401f06e3df9"":[38127],""d_300ddc8da4e8f7bdc1bfc62d0d99e2e7"":[20477],""d_181005ca270b45408b4cdfc954980ca2"":[49571,84644],""d_2b8c54b2a490d2fa36b925289e5d9572"":[52579,66339],""d_df7d2d661c0c11a7c367c9ee4bf896c1"":[70461,193184,209529],""d_72f37e5c5d192951ddc5513c2b134482"":[35017,70429,123407,132048],""d_0cc5f52a1f298b916f317800251057f3"":[19130],""d_e97e8e7fc55b85a38babf66b0fa46b73"":[34149,35275,35931]}}",,"[{""ObjectId"":947309,""EntityId"":1015,""Block"":""73"",""PostalCode"":""330073""}]","{""Latitude"":1.3226382773,""Longitude"":103.8706020915}"
KALLANG/WHAMPOA,75,WHAMPOA DR,59,Unmatched,NormalizedAddress,Missing,BlockApproximation,NewLocatedHistorical,[11707],{},"{""CacheKey"":""kallang-whampoa-75-whampoa-dr"",""SearchValue"":""75 WHAMPOA DR SINGAPORE"",""Status"":""HistoricalFirstHit"",""Postal"":""320075"",""UpdatedAt"":""2026-05-24T10:41:44.200Z""}","[{""ObjectId"":941987,""EntityId"":4989,""Block"":""75"",""PostalCode"":""320075""}]","{""Latitude"":1.3244285193,""Longitude"":103.858179289}"
KALLANG/WHAMPOA,93,GEYLANG BAHRU,18,Unmatched,ExactAddress,Missing,BlockApproximation,NewLocatedPublic,[12981],"{""330093"":{""d_8575e84912df3c28995b8e6e0e05205a"":[49567,51291,51499,59286,150470],""d_c0650f23e94c42e7a20921f4c5b75c24"":[117482,132372],""d_acbc938ec77af18f94cecc4a7c9ec720"":[35508],""d_124a9bd407c7a25f8335b93b86e50fdd"":[66184,70325,75608],""d_4526d47d6714d3b052eed4a30b8b1ed6"":[19272,19384],""d_b58303c68e9cf0d2ae93b73ffdbfbfa1"":[38218],""d_fa2ed456cf2b8597bb7e064b08fc3c7c"":[83346,90246],""d_85518d970b8178975850457f60f1e738"":[52003,52004,52006],""d_478f45a9c541cbe679ca55d1cd2b970b"":[11167],""d_a2141adf93ec2a3c2ec2837b78d6d46e"":[43262,73951,75015],""d_9af9317c646a1c881bb5591c91817cc6"":[80803],""d_5c4ef48b025fdfbc80056401f06e3df9"":[23593],""d_300ddc8da4e8f7bdc1bfc62d0d99e2e7"":[13963],""d_181005ca270b45408b4cdfc954980ca2"":[78804,84074],""d_4130f1d9d365d9f1633536e959f62bb7"":[1077],""d_2b8c54b2a490d2fa36b925289e5d9572"":[68294],""d_df7d2d661c0c11a7c367c9ee4bf896c1"":[175298,194556,199952,221101,224239],""d_72f37e5c5d192951ddc5513c2b134482"":[71884,72545,104959,115158,118310,122580,141107],""d_e97e8e7fc55b85a38babf66b0fa46b73"":[12954],""d_af2042c77ffaf0db5d75561ce9ef5688"":[55438],""d_31af23fdb79119ed185c256f03cb5773"":[32549],""d_4e3db8955fdcda6f9944097bef3d2724"":[15558]}}",,"[{""ObjectId"":941423,""EntityId"":1014,""Block"":""93"",""PostalCode"":""330093""}]","{""Latitude"":1.3221861107,""Longitude"":103.8715995597}"
KALLANG/WHAMPOA,94,GEYLANG BAHRU,24,ExactAddress,ExactAddress,BlockApproximation,BlockApproximation,AgreeingProvenanceAddition,[13040],"{""330094"":{""d_8575e84912df3c28995b8e6e0e05205a"":[9281,44714,70769,78607,151177,162122],""d_3a3807c023c61ddfba947dc069eb53f2"":[13410,83229],""d_c0650f23e94c42e7a20921f4c5b75c24"":[121466],""d_acbc938ec77af18f94cecc4a7c9ec720"":[22648],""d_124a9bd407c7a25f8335b93b86e50fdd"":[72949],""d_b58303c68e9cf0d2ae93b73ffdbfbfa1"":[75160,79874],""d_fa2ed456cf2b8597bb7e064b08fc3c7c"":[12421,19201],""d_478f45a9c541cbe679ca55d1cd2b970b"":[30252],""d_5573b0db0575db32190a2ad27919a7aa"":[29702,61299,64879],""d_a2141adf93ec2a3c2ec2837b78d6d46e"":[7927,17632,87583],""d_9af9317c646a1c881bb5591c91817cc6"":[98416,115360],""d_67e99e6eabc4aad9b5d48663b579746a"":[58064],""d_5c4ef48b025fdfbc80056401f06e3df9"":[7032],""d_300ddc8da4e8f7bdc1bfc62d0d99e2e7"":[9980,20873],""d_181005ca270b45408b4cdfc954980ca2"":[16347,52869],""d_2b8c54b2a490d2fa36b925289e5d9572"":[53674],""d_df7d2d661c0c11a7c367c9ee4bf896c1"":[75268,129965,193430,217864],""d_72f37e5c5d192951ddc5513c2b134482"":[31881,72994],""d_e97e8e7fc55b85a38babf66b0fa46b73"":[30083,33259,33606],""d_af2042c77ffaf0db5d75561ce9ef5688"":[29830,45316,48778],""d_4e3db8955fdcda6f9944097bef3d2724"":[14279]}}",,"[{""ObjectId"":936462,""EntityId"":1009,""Block"":""94"",""PostalCode"":""330094""}]","{""Latitude"":1.3226557476,""Longitude"":103.8713224932}"
MARINE PARADE,16,MARINE TER,6,Unmatched,NormalizedAddress,Missing,BlockApproximation,NewLocatedHistorical,[1983],{},"{""CacheKey"":""marine-parade-16-marine-ter"",""SearchValue"":""16 MARINE TER SINGAPORE"",""Status"":""HistoricalFirstHit"",""Postal"":""440016"",""UpdatedAt"":""2026-05-24T10:49:41.736Z""}","[{""ObjectId"":936459,""EntityId"":5234,""Block"":""16"",""PostalCode"":""440016""}]","{""Latitude"":1.304370452,""Longitude"":103.9140387645}"
MARINE PARADE,20,MARINE TER,32,Unmatched,NormalizedAddress,Missing,BlockApproximation,NewLocatedHistorical,[2797],{},"{""CacheKey"":""marine-parade-20-marine-ter"",""SearchValue"":""20 MARINE TER SINGAPORE"",""Status"":""HistoricalFirstHit"",""Postal"":""440020"",""UpdatedAt"":""2026-05-24T10:41:44.200Z""}","[{""ObjectId"":945860,""EntityId"":1092,""Block"":""20"",""PostalCode"":""440020""}]","{""Latitude"":1.3037263893,""Longitude"":103.9149564386}"
MARINE PARADE,74,MARINE DR,15,Unmatched,NormalizedAddress,Missing,BlockApproximation,NewLocatedHistorical,[11631],{},"{""CacheKey"":""marine-parade-74-marine-dr"",""SearchValue"":""74 MARINE DR SINGAPORE"",""Status"":""HistoricalFirstHit"",""Postal"":""440074"",""UpdatedAt"":""2026-05-24T10:49:41.736Z""}","[{""ObjectId"":942280,""EntityId"":3746,""Block"":""74"",""PostalCode"":""440074""}]","{""Latitude"":1.3037088392,""Longitude"":103.9072102206}"
MARINE PARADE,79,MARINE DR,23,Unmatched,NormalizedAddress,Missing,BlockApproximation,NewLocatedHistorical,[12012],{},"{""CacheKey"":""marine-parade-79-marine-dr"",""SearchValue"":""79 MARINE DR SINGAPORE"",""Status"":""HistoricalFirstHit"",""Postal"":""440079"",""UpdatedAt"":""2026-05-24T11:14:33.932Z""}","[{""ObjectId"":936831,""EntityId"":4651,""Block"":""79"",""PostalCode"":""440079""}]","{""Latitude"":1.3015325538,""Longitude"":103.9078125933}"
PASIR RIS,102,PASIR RIS ST 12,24,Unmatched,NormalizedAddress,Missing,BlockApproximation,NewLocatedHistorical,[162],{},"{""CacheKey"":""pasir-ris-102-pasir-ris-st-12"",""SearchValue"":""102 PASIR RIS ST 12 SINGAPORE"",""Status"":""HistoricalFirstHit"",""Postal"":""510102"",""UpdatedAt"":""2026-05-24T11:12:56.744Z""}","[{""ObjectId"":938807,""EntityId"":4606,""Block"":""102"",""PostalCode"":""510102""}]","{""Latitude"":1.3674093385,""Longitude"":103.9580410515}"
PASIR RIS,150,PASIR RIS ST 13,8,Unmatched,NormalizedAddress,Missing,BlockApproximation,NewLocatedHistorical,[1778],{},"{""CacheKey"":""pasir-ris-150-pasir-ris-st-13"",""SearchValue"":""150 PASIR RIS ST 13 SINGAPORE"",""Status"":""HistoricalFirstHit"",""Postal"":""510150"",""UpdatedAt"":""2026-05-24T11:03:17.964Z""}","[{""ObjectId"":938476,""EntityId"":7970,""Block"":""150"",""PostalCode"":""510150""}]","{""Latitude"":1.3629522305,""Longitude"":103.9629770551}"
PASIR RIS,227,PASIR RIS ST 21,23,Unmatched,NormalizedAddress,Missing,BlockApproximation,NewLocatedHistorical,[3573],{},"{""CacheKey"":""pasir-ris-227-pasir-ris-st-21"",""SearchValue"":""227 PASIR RIS ST 21 SINGAPORE"",""Status"":""HistoricalFirstHit"",""Postal"":""510227"",""UpdatedAt"":""2026-05-24T10:41:44.200Z""}","[{""ObjectId"":942541,""EntityId"":4341,""Block"":""227"",""PostalCode"":""510227""}]","{""Latitude"":1.3716058751,""Longitude"":103.9615566493}"
PASIR RIS,601,ELIAS RD,14,Unmatched,NormalizedAddress,Missing,BlockApproximation,NewLocatedHistorical,[9675],{},"{""CacheKey"":""pasir-ris-601-elias-rd"",""SearchValue"":""601 ELIAS RD SINGAPORE"",""Status"":""HistoricalFirstHit"",""Postal"":""510601"",""UpdatedAt"":""2026-05-24T11:03:17.964Z""}","[{""ObjectId"":940768,""EntityId"":8401,""Block"":""601"",""PostalCode"":""510601""}]","{""Latitude"":1.3777707978,""Longitude"":103.943506215}"
PUNGGOL,173A,PUNGGOL FIELD,53,ExactAddress,ExactAddress,BlockApproximation,BlockApproximation,AgreeingProvenanceAddition,[2281],"{""821173"":{""d_8575e84912df3c28995b8e6e0e05205a"":[36234,50197,81628],""d_3a3807c023c61ddfba947dc069eb53f2"":[27278,46209,73507,80062,94775],""d_c0650f23e94c42e7a20921f4c5b75c24"":[35597,35843,43484,106161,109313,120799,122437],""d_acbc938ec77af18f94cecc4a7c9ec720"":[60060],""d_124a9bd407c7a25f8335b93b86e50fdd"":[10560,76038,82014,82639],""d_4526d47d6714d3b052eed4a30b8b1ed6"":[22426,62031],""d_b58303c68e9cf0d2ae93b73ffdbfbfa1"":[24236,68518,77332,82603],""d_fa2ed456cf2b8597bb7e064b08fc3c7c"":[70640,80016],""d_478f45a9c541cbe679ca55d1cd2b970b"":[4548,19201,66049,67778],""d_5573b0db0575db32190a2ad27919a7aa"":[19664,26492,57972,64641],""d_a2141adf93ec2a3c2ec2837b78d6d46e"":[66481,71875,76737,76981],""d_9af9317c646a1c881bb5591c91817cc6"":[42575,99642,111238,122751],""d_67e99e6eabc4aad9b5d48663b579746a"":[7014,45796],""d_300ddc8da4e8f7bdc1bfc62d0d99e2e7"":[13789],""d_181005ca270b45408b4cdfc954980ca2"":[44653,78245],""d_4130f1d9d365d9f1633536e959f62bb7"":[9842,12060],""d_2b8c54b2a490d2fa36b925289e5d9572"":[54526],""d_df7d2d661c0c11a7c367c9ee4bf896c1"":[177803,204286,224794,225107,232688],""d_72f37e5c5d192951ddc5513c2b134482"":[38264,55414,56925,108364,135049],""d_0cc5f52a1f298b916f317800251057f3"":[19400,23469],""d_e97e8e7fc55b85a38babf66b0fa46b73"":[3852,30312],""d_af2042c77ffaf0db5d75561ce9ef5688"":[32621,44463,55874],""d_1cd970d8351b42be4a308d628a6dd9d3"":[10814]}}",,"[{""ObjectId"":941779,""EntityId"":2470,""Block"":""173A"",""PostalCode"":""821173""}]","{""Latitude"":1.3970004166,""Longitude"":103.9095150238}"
PUNGGOL,183,EDGEFIELD PLAINS,33,ExactAddress,ExactAddress,BlockApproximation,BlockApproximation,AgreeingProvenanceAddition,[2489],"{""820183"":{""d_8575e84912df3c28995b8e6e0e05205a"":[49889,55947,67422,152019,153019],""d_3a3807c023c61ddfba947dc069eb53f2"":[30578,31660,85788],""d_c0650f23e94c42e7a20921f4c5b75c24"":[46699,106175,126477,126763],""d_acbc938ec77af18f94cecc4a7c9ec720"":[17347],""d_4526d47d6714d3b052eed4a30b8b1ed6"":[55878],""d_b58303c68e9cf0d2ae93b73ffdbfbfa1"":[73873],""d_fa2ed456cf2b8597bb7e064b08fc3c7c"":[63725,83917],""d_85518d970b8178975850457f60f1e738"":[53036],""d_5573b0db0575db32190a2ad27919a7aa"":[56965,71166],""d_a2141adf93ec2a3c2ec2837b78d6d46e"":[16824,87878],""d_67e99e6eabc4aad9b5d48663b579746a"":[20757],""d_181005ca270b45408b4cdfc954980ca2"":[32046,75708],""d_df7d2d661c0c11a7c367c9ee4bf896c1"":[67663,223358,231776],""d_72f37e5c5d192951ddc5513c2b134482"":[122224],""d_31af23fdb79119ed185c256f03cb5773"":[30015],""d_4e3db8955fdcda6f9944097bef3d2724"":[16940]}}",,"[{""ObjectId"":947947,""EntityId"":4560,""Block"":""183"",""PostalCode"":""820183""}]","{""Latitude"":1.3987634062,""Longitude"":103.909732597}"
PUNGGOL,201A,PUNGGOL FIELD,14,ExactAddress,ExactAddress,BlockApproximation,BlockApproximation,AgreeingProvenanceAddition,[2836],"{""821201"":{""d_8575e84912df3c28995b8e6e0e05205a"":[30621],""d_3a3807c023c61ddfba947dc069eb53f2"":[38745],""d_acbc938ec77af18f94cecc4a7c9ec720"":[54221,55528],""d_4526d47d6714d3b052eed4a30b8b1ed6"":[17698,63536],""d_b58303c68e9cf0d2ae93b73ffdbfbfa1"":[79987],""d_fa2ed456cf2b8597bb7e064b08fc3c7c"":[80173],""d_85518d970b8178975850457f60f1e738"":[22317,56959],""d_5573b0db0575db32190a2ad27919a7aa"":[25099],""d_a2141adf93ec2a3c2ec2837b78d6d46e"":[32137,87813],""d_9af9317c646a1c881bb5591c91817cc6"":[115209,122748],""d_181005ca270b45408b4cdfc954980ca2"":[80063,85881],""d_2b8c54b2a490d2fa36b925289e5d9572"":[40139,53912,60679],""d_df7d2d661c0c11a7c367c9ee4bf896c1"":[207347,211004],""d_72f37e5c5d192951ddc5513c2b134482"":[110775,120336,125367,132247,132750],""d_af2042c77ffaf0db5d75561ce9ef5688"":[53670],""d_31af23fdb79119ed185c256f03cb5773"":[31308],""d_4e3db8955fdcda6f9944097bef3d2724"":[14752]}}",,"[{""ObjectId"":944649,""EntityId"":5061,""Block"":""201A"",""PostalCode"":""821201""}]","{""Latitude"":1.4001857745,""Longitude"":103.9035355934}"
PUNGGOL,203B,PUNGGOL FIELD,39,ExactAddress,ExactAddress,BlockApproximation,BlockApproximation,AgreeingProvenanceAddition,[2899],"{""822203"":{""d_3a3807c023c61ddfba947dc069eb53f2"":[86009],""d_c0650f23e94c42e7a20921f4c5b75c24"":[119185],""d_acbc938ec77af18f94cecc4a7c9ec720"":[65007],""d_4526d47d6714d3b052eed4a30b8b1ed6"":[1576,65658],""d_b58303c68e9cf0d2ae93b73ffdbfbfa1"":[75359,81311],""d_fa2ed456cf2b8597bb7e064b08fc3c7c"":[76425,86875],""d_478f45a9c541cbe679ca55d1cd2b970b"":[24622,58372,62833,64956],""d_5573b0db0575db32190a2ad27919a7aa"":[58878],""d_a2141adf93ec2a3c2ec2837b78d6d46e"":[83265,86686],""d_67e99e6eabc4aad9b5d48663b579746a"":[41124],""d_5c4ef48b025fdfbc80056401f06e3df9"":[19748],""d_181005ca270b45408b4cdfc954980ca2"":[4431],""d_4130f1d9d365d9f1633536e959f62bb7"":[10560],""d_df7d2d661c0c11a7c367c9ee4bf896c1"":[88917,105708,208792],""d_72f37e5c5d192951ddc5513c2b134482"":[126419],""d_0cc5f52a1f298b916f317800251057f3"":[20781],""d_e97e8e7fc55b85a38babf66b0fa46b73"":[31668]}}",,"[{""ObjectId"":945794,""EntityId"":6357,""Block"":""203B"",""PostalCode"":""822203""}]","{""Latitude"":1.3981111185,""Longitude"":103.9036008674}"
PUNGGOL,208A,PUNGGOL PL,39,Unmatched,NormalizedAddress,Missing,BlockApproximation,NewLocatedHistorical,[3036],{},"{""CacheKey"":""punggol-208a-punggol-pl"",""SearchValue"":""208A PUNGGOL PL SINGAPORE"",""Status"":""HistoricalFirstHit"",""Postal"":""821208"",""UpdatedAt"":""2026-05-24T11:12:56.744Z""}","[{""ObjectId"":946935,""EntityId"":9285,""Block"":""208A"",""PostalCode"":""821208""}]","{""Latitude"":1.4014674342,""Longitude"":103.9007609482}"
PUNGGOL,211B,PUNGGOL WALK,55,Unmatched,ExactAddress,Missing,BlockApproximation,NewLocatedPublic,[3150],"{""822211"":{""d_8575e84912df3c28995b8e6e0e05205a"":[145951,174881],""d_acbc938ec77af18f94cecc4a7c9ec720"":[66185],""d_124a9bd407c7a25f8335b93b86e50fdd"":[75556,77637],""d_4526d47d6714d3b052eed4a30b8b1ed6"":[59250,59829],""d_85518d970b8178975850457f60f1e738"":[27804],""d_a2141adf93ec2a3c2ec2837b78d6d46e"":[39061,84345],""d_9af9317c646a1c881bb5591c91817cc6"":[107428],""d_5c4ef48b025fdfbc80056401f06e3df9"":[37281],""d_181005ca270b45408b4cdfc954980ca2"":[7227],""d_df7d2d661c0c11a7c367c9ee4bf896c1"":[69021,210322,226101,231656],""d_72f37e5c5d192951ddc5513c2b134482"":[122974],""d_e97e8e7fc55b85a38babf66b0fa46b73"":[36120],""d_af2042c77ffaf0db5d75561ce9ef5688"":[12575],""d_1cd970d8351b42be4a308d628a6dd9d3"":[10986]}}",,"[{""ObjectId"":945424,""EntityId"":9359,""Block"":""211B"",""PostalCode"":""822211""}]","{""Latitude"":1.4012230027,""Longitude"":103.8998048001}"
PUNGGOL,231A,SUMANG LANE,29,Unmatched,ExactAddress,Missing,BlockApproximation,NewLocatedPublic,[3702],"{""821231"":{""d_8575e84912df3c28995b8e6e0e05205a"":[68033],""d_c0650f23e94c42e7a20921f4c5b75c24"":[42619,120010],""d_124a9bd407c7a25f8335b93b86e50fdd"":[43714],""d_b58303c68e9cf0d2ae93b73ffdbfbfa1"":[77547],""d_67e99e6eabc4aad9b5d48663b579746a"":[41551],""d_300ddc8da4e8f7bdc1bfc62d0d99e2e7"":[17528],""d_2b8c54b2a490d2fa36b925289e5d9572"":[66637],""d_72f37e5c5d192951ddc5513c2b134482"":[63634,136019],""d_31af23fdb79119ed185c256f03cb5773"":[26466,36369],""d_4e3db8955fdcda6f9944097bef3d2724"":[16648]}}",,"[{""ObjectId"":943862,""EntityId"":11051458,""Block"":""231A"",""PostalCode"":""821231""}]","{""Latitude"":1.4021712691,""Longitude"":103.8918774658}"
PUNGGOL,234A,SUMANG LANE,15,Unmatched,ExactAddress,Missing,BlockApproximation,NewLocatedPublic,[3769],"{""821234"":{""d_8575e84912df3c28995b8e6e0e05205a"":[75741],""d_c0650f23e94c42e7a20921f4c5b75c24"":[131237],""d_acbc938ec77af18f94cecc4a7c9ec720"":[61434,68933],""d_124a9bd407c7a25f8335b93b86e50fdd"":[79512,81078],""d_4526d47d6714d3b052eed4a30b8b1ed6"":[34169],""d_b58303c68e9cf0d2ae93b73ffdbfbfa1"":[82766],""d_85518d970b8178975850457f60f1e738"":[24637,57650,58335],""d_5573b0db0575db32190a2ad27919a7aa"":[60353,67295],""d_a2141adf93ec2a3c2ec2837b78d6d46e"":[30491],""d_9af9317c646a1c881bb5591c91817cc6"":[45424],""d_5c4ef48b025fdfbc80056401f06e3df9"":[37823],""d_181005ca270b45408b4cdfc954980ca2"":[96182],""d_2b8c54b2a490d2fa36b925289e5d9572"":[21885],""d_df7d2d661c0c11a7c367c9ee4bf896c1"":[75010,83660,226468],""d_72f37e5c5d192951ddc5513c2b134482"":[126632],""d_e97e8e7fc55b85a38babf66b0fa46b73"":[36207],""d_af2042c77ffaf0db5d75561ce9ef5688"":[27099],""d_31af23fdb79119ed185c256f03cb5773"":[35759]}}",,"[{""ObjectId"":941209,""EntityId"":11051453,""Block"":""234A"",""PostalCode"":""821234""}]","{""Latitude"":1.4015925837,""Longitude"":103.8919860554}"
PUNGGOL,421C,NORTHSHORE DR,9,Unmatched,NormalizedAddress,Missing,BlockApproximation,NewLocatedHistorical,[7047],{},"{""CacheKey"":""punggol-421c-northshore-dr"",""SearchValue"":""421C NORTHSHORE DR SINGAPORE"",""Status"":""HistoricalFirstHit"",""Postal"":""823421"",""UpdatedAt"":""2026-07-24T19:31:05.327Z""}","[{""ObjectId"":945518,""EntityId"":1584,""Block"":""421C"",""PostalCode"":""823421""}]","{""Latitude"":1.4192817208,""Longitude"":103.9051678278}"
PUNGGOL,615A,EDGEFIELD PLAINS,55,Unmatched,ExactAddress,Missing,BlockApproximation,NewLocatedPublic,[9934],"{""821615"":{""d_8575e84912df3c28995b8e6e0e05205a"":[91304],""d_c0650f23e94c42e7a20921f4c5b75c24"":[47779],""d_acbc938ec77af18f94cecc4a7c9ec720"":[24379],""d_124a9bd407c7a25f8335b93b86e50fdd"":[72337],""d_4526d47d6714d3b052eed4a30b8b1ed6"":[67547],""d_b58303c68e9cf0d2ae93b73ffdbfbfa1"":[19953],""d_fa2ed456cf2b8597bb7e064b08fc3c7c"":[77188],""d_478f45a9c541cbe679ca55d1cd2b970b"":[59596],""d_5573b0db0575db32190a2ad27919a7aa"":[23505,67397],""d_a2141adf93ec2a3c2ec2837b78d6d46e"":[25044,78540,88551,91965],""d_9af9317c646a1c881bb5591c91817cc6"":[14975,99020,122454],""d_67e99e6eabc4aad9b5d48663b579746a"":[58311],""d_5c4ef48b025fdfbc80056401f06e3df9"":[36915],""d_300ddc8da4e8f7bdc1bfc62d0d99e2e7"":[5814],""d_181005ca270b45408b4cdfc954980ca2"":[90382],""d_df7d2d661c0c11a7c367c9ee4bf896c1"":[42242,90619,101870,210980,218248,219375,221768,234023],""d_72f37e5c5d192951ddc5513c2b134482"":[31594,114654],""d_0cc5f52a1f298b916f317800251057f3"":[22743],""d_e97e8e7fc55b85a38babf66b0fa46b73"":[36813],""d_af2042c77ffaf0db5d75561ce9ef5688"":[52786]}}",,"[{""ObjectId"":936750,""EntityId"":10346,""Block"":""615A"",""PostalCode"":""821615""}]","{""Latitude"":1.4039850199,""Longitude"":103.9095410163}"
QUEENSTOWN,1,DOVER RD,25,Unmatched,NormalizedAddress,Missing,BlockApproximation,NewLocatedHistorical,[8],{},"{""CacheKey"":""queenstown-1-dover-rd"",""SearchValue"":""1 DOVER RD SINGAPORE"",""Status"":""HistoricalFirstHit"",""Postal"":""130001"",""UpdatedAt"":""2026-05-24T10:29:59.082Z""}","[{""ObjectId"":939763,""EntityId"":3116,""Block"":""1"",""PostalCode"":""130001""}]","{""Latitude"":1.3025310727,""Longitude"":103.7832702814}"
QUEENSTOWN,148,MEI LING ST,22,Unmatched,NormalizedAddress,Missing,BlockApproximation,NewLocatedHistorical,[1722],{},"{""CacheKey"":""queenstown-148-mei-ling-st"",""SearchValue"":""148 MEI LING ST SINGAPORE"",""Status"":""HistoricalFirstHit"",""Postal"":""140148"",""UpdatedAt"":""2026-05-24T11:00:32.819Z""}","[{""ObjectId"":941497,""EntityId"":10067,""Block"":""148"",""PostalCode"":""140148""}]","{""Latitude"":1.294409501,""Longitude"":103.8044662237}"
QUEENSTOWN,150,MEI LING ST,18,Unmatched,NormalizedAddress,Missing,BlockApproximation,NewLocatedHistorical,[1777],{},"{""CacheKey"":""queenstown-150-mei-ling-st"",""SearchValue"":""150 MEI LING ST SINGAPORE"",""Status"":""HistoricalFirstHit"",""Postal"":""141150"",""UpdatedAt"":""2026-05-24T10:36:29.742Z""}","[{""ObjectId"":943288,""EntityId"":10074,""Block"":""150"",""PostalCode"":""141150""}]","{""Latitude"":1.2949869502,""Longitude"":103.8036992976}"
QUEENSTOWN,168A,QUEENSWAY,41,ExactAddress,ExactAddress,BlockApproximation,BlockApproximation,AgreeingProvenanceAddition,[2165],"{""140168"":{""d_8575e84912df3c28995b8e6e0e05205a"":[68202,87029,96882,98932,129558,141968,152296,169231,169397],""d_3a3807c023c61ddfba947dc069eb53f2"":[72289,78811],""d_c0650f23e94c42e7a20921f4c5b75c24"":[64788,73134,101514,115353,122973],""d_acbc938ec77af18f94cecc4a7c9ec720"":[11448,51371,53123],""d_124a9bd407c7a25f8335b93b86e50fdd"":[13322,66112,71507,71516],""d_4526d47d6714d3b052eed4a30b8b1ed6"":[57563,66491],""d_b58303c68e9cf0d2ae93b73ffdbfbfa1"":[46546,72350,72702],""d_fa2ed456cf2b8597bb7e064b08fc3c7c"":[82580],""d_85518d970b8178975850457f60f1e738"":[54241,57349],""d_5573b0db0575db32190a2ad27919a7aa"":[23005],""d_9af9317c646a1c881bb5591c91817cc6"":[102680,103119,113974],""d_67e99e6eabc4aad9b5d48663b579746a"":[7135,14694,17579,46018,51097,60293],""d_5c4ef48b025fdfbc80056401f06e3df9"":[39657],""d_300ddc8da4e8f7bdc1bfc62d0d99e2e7"":[9522],""d_181005ca270b45408b4cdfc954980ca2"":[89234,95274],""d_2b8c54b2a490d2fa36b925289e5d9572"":[12325,36931,59290],""d_df7d2d661c0c11a7c367c9ee4bf896c1"":[96273,99516,115114,162130,174256,196352,198089,206572,217558,223836],""d_72f37e5c5d192951ddc5513c2b134482"":[16562,49771,57235,74785,84627,112566,114625,115070,115403,117208],""d_e97e8e7fc55b85a38babf66b0fa46b73"":[21514,32569,33404,34326],""d_af2042c77ffaf0db5d75561ce9ef5688"":[29032,44209,52143]}}",,"[{""ObjectId"":947466,""EntityId"":1784,""Block"":""168A"",""PostalCode"":""140168""}]","{""Latitude"":1.2891043959,""Longitude"":103.8035395064}"
QUEENSTOWN,26,GHIM MOH LINK,65,ExactAddress,ExactAddress,BlockApproximation,BlockApproximation,AgreeingProvenanceAddition,[4200],"{""270026"":{""d_8575e84912df3c28995b8e6e0e05205a"":[136121],""d_3a3807c023c61ddfba947dc069eb53f2"":[22919,81257,90488],""d_124a9bd407c7a25f8335b93b86e50fdd"":[27218],""d_4526d47d6714d3b052eed4a30b8b1ed6"":[59760],""d_fa2ed456cf2b8597bb7e064b08fc3c7c"":[41270],""d_478f45a9c541cbe679ca55d1cd2b970b"":[2122,9008,57610],""d_a2141adf93ec2a3c2ec2837b78d6d46e"":[61347],""d_9af9317c646a1c881bb5591c91817cc6"":[10667,105466],""d_300ddc8da4e8f7bdc1bfc62d0d99e2e7"":[18406],""d_181005ca270b45408b4cdfc954980ca2"":[89542],""d_4130f1d9d365d9f1633536e959f62bb7"":[10517],""d_2b8c54b2a490d2fa36b925289e5d9572"":[68590,68669],""d_df7d2d661c0c11a7c367c9ee4bf896c1"":[225585,231196],""d_72f37e5c5d192951ddc5513c2b134482"":[123555,123833,136653,140274],""d_e97e8e7fc55b85a38babf66b0fa46b73"":[36752],""d_af2042c77ffaf0db5d75561ce9ef5688"":[15745],""d_31af23fdb79119ed185c256f03cb5773"":[37134]}}",,"[{""ObjectId"":939636,""EntityId"":11050650,""Block"":""26"",""PostalCode"":""270026""}]","{""Latitude"":1.3082980161,""Longitude"":103.7856571977}"
QUEENSTOWN,27,GHIM MOH LINK,88,ExactAddress,ExactAddress,BlockApproximation,BlockApproximation,AgreeingProvenanceAddition,[4410],"{""270027"":{""d_8575e84912df3c28995b8e6e0e05205a"":[41107,49011,89027,174877],""d_3a3807c023c61ddfba947dc069eb53f2"":[79549,82454],""d_c0650f23e94c42e7a20921f4c5b75c24"":[122375,125002],""d_acbc938ec77af18f94cecc4a7c9ec720"":[59527],""d_124a9bd407c7a25f8335b93b86e50fdd"":[38400],""d_4526d47d6714d3b052eed4a30b8b1ed6"":[67003],""d_b58303c68e9cf0d2ae93b73ffdbfbfa1"":[78705,82230],""d_fa2ed456cf2b8597bb7e064b08fc3c7c"":[18854,82380,86609,88935],""d_478f45a9c541cbe679ca55d1cd2b970b"":[49974,55177,61716,63712,64078],""d_5573b0db0575db32190a2ad27919a7aa"":[19312,65326,66515,68459],""d_a2141adf93ec2a3c2ec2837b78d6d46e"":[82582,84423,90564],""d_9af9317c646a1c881bb5591c91817cc6"":[26515,29312,120682,123216],""d_67e99e6eabc4aad9b5d48663b579746a"":[52843],""d_181005ca270b45408b4cdfc954980ca2"":[34181,89389,95849],""d_2b8c54b2a490d2fa36b925289e5d9572"":[63316,65159],""d_df7d2d661c0c11a7c367c9ee4bf896c1"":[61689,71464,111939,202509],""d_72f37e5c5d192951ddc5513c2b134482"":[34969,119051,123979],""d_0cc5f52a1f298b916f317800251057f3"":[20403]}}","{""CacheKey"":""queenstown-27-ghim-moh-link"",""SearchValue"":""27 GHIM MOH LINK SINGAPORE"",""Status"":""HistoricalFirstHit"",""Postal"":""270027"",""UpdatedAt"":""2026-05-24T10:58:49.924Z""}","[{""ObjectId"":939230,""EntityId"":11050647,""Block"":""27"",""PostalCode"":""270027""}]","{""Latitude"":1.3083573293,""Longitude"":103.7851190698}"
QUEENSTOWN,28,GHIM MOH LINK,71,Unmatched,ExactAddress,Missing,BlockApproximation,NewLocatedPublic,[4607],"{""270028"":{""d_8575e84912df3c28995b8e6e0e05205a"":[73440,80698,89789,124568,144647,145728,156032,166085],""d_c0650f23e94c42e7a20921f4c5b75c24"":[39162,52442,125327],""d_acbc938ec77af18f94cecc4a7c9ec720"":[20937,29515,63711,66348],""d_124a9bd407c7a25f8335b93b86e50fdd"":[35988,37945,73032,85502],""d_b58303c68e9cf0d2ae93b73ffdbfbfa1"":[80609],""d_fa2ed456cf2b8597bb7e064b08fc3c7c"":[26288,89950],""d_85518d970b8178975850457f60f1e738"":[60119],""d_478f45a9c541cbe679ca55d1cd2b970b"":[37259,51901,66856],""d_5573b0db0575db32190a2ad27919a7aa"":[31356,69297],""d_a2141adf93ec2a3c2ec2837b78d6d46e"":[80763,92282],""d_9af9317c646a1c881bb5591c91817cc6"":[115475],""d_67e99e6eabc4aad9b5d48663b579746a"":[54737],""d_5c4ef48b025fdfbc80056401f06e3df9"":[25716,40445],""d_300ddc8da4e8f7bdc1bfc62d0d99e2e7"":[5195],""d_181005ca270b45408b4cdfc954980ca2"":[47315,91861,95349],""d_4130f1d9d365d9f1633536e959f62bb7"":[2320],""d_df7d2d661c0c11a7c367c9ee4bf896c1"":[7654,67199,228286],""d_72f37e5c5d192951ddc5513c2b134482"":[100898,123409,131950,132528],""d_e97e8e7fc55b85a38babf66b0fa46b73"":[33027],""d_af2042c77ffaf0db5d75561ce9ef5688"":[53990],""d_31af23fdb79119ed185c256f03cb5773"":[36358],""d_4e3db8955fdcda6f9944097bef3d2724"":[4413]}}",,"[{""ObjectId"":942363,""EntityId"":11050651,""Block"":""28"",""PostalCode"":""270028""}]","{""Latitude"":1.3089441631,""Longitude"":103.7849367475}"
QUEENSTOWN,31,GHIM MOH LINK,51,ExactAddress,ExactAddress,BlockApproximation,BlockApproximation,AgreeingProvenanceAddition,[5185],"{""271031"":{""d_8575e84912df3c28995b8e6e0e05205a"":[42030],""d_3a3807c023c61ddfba947dc069eb53f2"":[88360],""d_acbc938ec77af18f94cecc4a7c9ec720"":[72945],""d_124a9bd407c7a25f8335b93b86e50fdd"":[16285,83240],""d_fa2ed456cf2b8597bb7e064b08fc3c7c"":[40646,54462],""d_478f45a9c541cbe679ca55d1cd2b970b"":[47482,53795],""d_a2141adf93ec2a3c2ec2837b78d6d46e"":[85434],""d_9af9317c646a1c881bb5591c91817cc6"":[119573],""d_300ddc8da4e8f7bdc1bfc62d0d99e2e7"":[22157,22167],""d_181005ca270b45408b4cdfc954980ca2"":[48165],""d_4130f1d9d365d9f1633536e959f62bb7"":[5306],""d_2b8c54b2a490d2fa36b925289e5d9572"":[67765],""d_df7d2d661c0c11a7c367c9ee4bf896c1"":[75728,110997,213129,215419,219537,220064,228646],""d_72f37e5c5d192951ddc5513c2b134482"":[126779],""d_0cc5f52a1f298b916f317800251057f3"":[12482],""d_af2042c77ffaf0db5d75561ce9ef5688"":[52467]}}",,"[{""ObjectId"":941820,""EntityId"":10351,""Block"":""31"",""PostalCode"":""271031""}]","{""Latitude"":1.3096034965,""Longitude"":103.7840215237}"
QUEENSTOWN,32,GHIM MOH LINK,61,Unmatched,ExactAddress,Missing,BlockApproximation,NewLocatedPublic,[5423],"{""271032"":{""d_8575e84912df3c28995b8e6e0e05205a"":[160074],""d_c0650f23e94c42e7a20921f4c5b75c24"":[131266,135396],""d_acbc938ec77af18f94cecc4a7c9ec720"":[67655,68905],""d_124a9bd407c7a25f8335b93b86e50fdd"":[77133,81046],""d_4526d47d6714d3b052eed4a30b8b1ed6"":[55080,62970],""d_b58303c68e9cf0d2ae93b73ffdbfbfa1"":[21717,43151],""d_fa2ed456cf2b8597bb7e064b08fc3c7c"":[90810,90860],""d_478f45a9c541cbe679ca55d1cd2b970b"":[64583],""d_a2141adf93ec2a3c2ec2837b78d6d46e"":[87231,87673,88378],""d_5c4ef48b025fdfbc80056401f06e3df9"":[27200],""d_181005ca270b45408b4cdfc954980ca2"":[90880,93804,96941],""d_2b8c54b2a490d2fa36b925289e5d9572"":[69728],""d_df7d2d661c0c11a7c367c9ee4bf896c1"":[78655,91831],""d_72f37e5c5d192951ddc5513c2b134482"":[34739,135741],""d_0cc5f52a1f298b916f317800251057f3"":[22652],""d_e97e8e7fc55b85a38babf66b0fa46b73"":[13514,20237],""d_af2042c77ffaf0db5d75561ce9ef5688"":[51426,51577,53767,56252],""d_1cd970d8351b42be4a308d628a6dd9d3"":[12366],""d_31af23fdb79119ed185c256f03cb5773"":[36904]}}",,"[{""ObjectId"":943536,""EntityId"":10327,""Block"":""32"",""PostalCode"":""271032""}]","{""Latitude"":1.3100632605,""Longitude"":103.7844963374}"
QUEENSTOWN,33,GHIM MOH LINK,60,Unmatched,ExactAddress,Missing,BlockApproximation,NewLocatedPublic,[5639],"{""270033"":{""d_8575e84912df3c28995b8e6e0e05205a"":[65084,65128,155176,173310],""d_124a9bd407c7a25f8335b93b86e50fdd"":[79889,85117],""d_b58303c68e9cf0d2ae93b73ffdbfbfa1"":[30105,32065],""d_fa2ed456cf2b8597bb7e064b08fc3c7c"":[27358,40496,89434],""d_5573b0db0575db32190a2ad27919a7aa"":[71167],""d_a2141adf93ec2a3c2ec2837b78d6d46e"":[90578],""d_5c4ef48b025fdfbc80056401f06e3df9"":[37569],""d_181005ca270b45408b4cdfc954980ca2"":[43253,43996],""d_df7d2d661c0c11a7c367c9ee4bf896c1"":[89476],""d_72f37e5c5d192951ddc5513c2b134482"":[134919],""d_e97e8e7fc55b85a38babf66b0fa46b73"":[20172,37244],""d_af2042c77ffaf0db5d75561ce9ef5688"":[57461]}}",,"[{""ObjectId"":941206,""EntityId"":10141,""Block"":""33"",""PostalCode"":""270033""}]","{""Latitude"":1.3098359026,""Longitude"":103.784820501}"
SEMBAWANG,128B,CANBERRA ST,76,Unmatched,NormalizedAddress,Missing,BlockApproximation,NewLocatedHistorical,[1227],{},"{""CacheKey"":""sembawang-128b-canberra-st"",""SearchValue"":""128B CANBERRA ST SINGAPORE"",""Status"":""HistoricalFirstHit"",""Postal"":""752128"",""UpdatedAt"":""2026-05-24T11:31:25.798Z""}","[{""ObjectId"":937858,""EntityId"":11050832,""Block"":""128B"",""PostalCode"":""752128""}]","{""Latitude"":1.4451676123,""Longitude"":103.8337755281}"
SEMBAWANG,317,SEMBAWANG VISTA,27,ExactAddress,ExactAddress,BlockApproximation,BlockApproximation,AgreeingProvenanceAddition,[5360],"{""750317"":{""d_8575e84912df3c28995b8e6e0e05205a"":[157765,159085],""d_3a3807c023c61ddfba947dc069eb53f2"":[80559,91088],""d_c0650f23e94c42e7a20921f4c5b75c24"":[32532,100372],""d_acbc938ec77af18f94cecc4a7c9ec720"":[11218,52316,57421],""d_124a9bd407c7a25f8335b93b86e50fdd"":[9139,20294,36215,70242,74435,74983,77970],""d_4526d47d6714d3b052eed4a30b8b1ed6"":[51865,55677,59771],""d_b58303c68e9cf0d2ae93b73ffdbfbfa1"":[77992,81219],""d_fa2ed456cf2b8597bb7e064b08fc3c7c"":[75843],""d_85518d970b8178975850457f60f1e738"":[22593,45290],""d_478f45a9c541cbe679ca55d1cd2b970b"":[38887,55161],""d_a2141adf93ec2a3c2ec2837b78d6d46e"":[15369,15668,70783],""d_9af9317c646a1c881bb5591c91817cc6"":[92398,107271],""d_5c4ef48b025fdfbc80056401f06e3df9"":[32633,33264,34137],""d_300ddc8da4e8f7bdc1bfc62d0d99e2e7"":[8524,19117],""d_181005ca270b45408b4cdfc954980ca2"":[88534,94911],""d_4130f1d9d365d9f1633536e959f62bb7"":[9643],""d_2b8c54b2a490d2fa36b925289e5d9572"":[32926],""d_df7d2d661c0c11a7c367c9ee4bf896c1"":[166420,198252,211093,213398,232562,233770],""d_72f37e5c5d192951ddc5513c2b134482"":[65301,114631,115208,121882,136103,141283],""d_e97e8e7fc55b85a38babf66b0fa46b73"":[33416,35085,36860],""d_af2042c77ffaf0db5d75561ce9ef5688"":[16812],""d_31af23fdb79119ed185c256f03cb5773"":[21327,32466,34001],""d_4e3db8955fdcda6f9944097bef3d2724"":[12687]}}",,"[{""ObjectId"":939351,""EntityId"":743,""Block"":""317"",""PostalCode"":""750317""}]","{""Latitude"":1.4459363384,""Longitude"":103.8204273767}"
SEMBAWANG,354A,ADMIRALTY DR,23,Unmatched,NormalizedAddress,Missing,BlockApproximation,NewLocatedHistorical,[6085],{},"{""CacheKey"":""sembawang-354a-admiralty-dr"",""SearchValue"":""354A ADMIRALTY DR SINGAPORE"",""Status"":""HistoricalFirstHit"",""Postal"":""751354"",""UpdatedAt"":""2026-05-24T10:43:26.957Z""}","[{""ObjectId"":944668,""EntityId"":1224,""Block"":""354A"",""PostalCode"":""751354""}]","{""Latitude"":1.4500623987,""Longitude"":103.8188910544}"
SEMBAWANG,355A,SEMBAWANG WAY,5,ExactAddress,ExactAddress,BlockApproximation,BlockApproximation,AgreeingProvenanceAddition,[6103],"{""751355"":{""d_8575e84912df3c28995b8e6e0e05205a"":[151917],""d_3a3807c023c61ddfba947dc069eb53f2"":[52835],""d_124a9bd407c7a25f8335b93b86e50fdd"":[38070],""d_b58303c68e9cf0d2ae93b73ffdbfbfa1"":[72615],""d_fa2ed456cf2b8597bb7e064b08fc3c7c"":[78312],""d_9af9317c646a1c881bb5591c91817cc6"":[63508],""d_181005ca270b45408b4cdfc954980ca2"":[80304,83547],""d_af2042c77ffaf0db5d75561ce9ef5688"":[55056]}}",,"[{""ObjectId"":948968,""EntityId"":1249,""Block"":""355A"",""PostalCode"":""751355""}]","{""Latitude"":1.4496103078,""Longitude"":103.81889666}"
SEMBAWANG,463A,SEMBAWANG DR,63,Unmatched,NormalizedAddress,Missing,BlockApproximation,NewLocatedHistorical,[7855],{},"{""CacheKey"":""sembawang-463a-sembawang-dr"",""SearchValue"":""463A SEMBAWANG DR SINGAPORE"",""Status"":""HistoricalFirstHit"",""Postal"":""751463"",""UpdatedAt"":""2026-05-24T11:21:34.655Z""}","[{""ObjectId"":943913,""EntityId"":11056084,""Block"":""463A"",""PostalCode"":""751463""}]","{""Latitude"":1.4555192908,""Longitude"":103.814131058}"
SEMBAWANG,463B,SEMBAWANG DR,74,Unmatched,NormalizedAddress,Missing,BlockApproximation,NewLocatedHistorical,[7859],{},"{""CacheKey"":""sembawang-463b-sembawang-dr"",""SearchValue"":""463B SEMBAWANG DR SINGAPORE"",""Status"":""HistoricalFirstHit"",""Postal"":""752463"",""UpdatedAt"":""2026-05-24T11:21:34.655Z""}","[{""ObjectId"":944970,""EntityId"":11056082,""Block"":""463B"",""PostalCode"":""752463""}]","{""Latitude"":1.4561038533,""Longitude"":103.8140409547}"
SEMBAWANG,488,ADMIRALTY LINK,35,Unmatched,ExactAddress,Missing,BlockApproximation,NewLocatedPublic,[8246],"{""750488"":{""d_8575e84912df3c28995b8e6e0e05205a"":[133182,146191,146815,153865,154308,157435,159283],""d_c0650f23e94c42e7a20921f4c5b75c24"":[115805,128501,136601],""d_acbc938ec77af18f94cecc4a7c9ec720"":[14561,57581,68368],""d_124a9bd407c7a25f8335b93b86e50fdd"":[31220,72728,78685,82481],""d_a2141adf93ec2a3c2ec2837b78d6d46e"":[74543,77463,80865,90718],""d_181005ca270b45408b4cdfc954980ca2"":[31945,94982],""d_4130f1d9d365d9f1633536e959f62bb7"":[2398],""d_df7d2d661c0c11a7c367c9ee4bf896c1"":[96532,107218,204664,231127],""d_72f37e5c5d192951ddc5513c2b134482"":[120975,127473],""d_0cc5f52a1f298b916f317800251057f3"":[12503],""d_af2042c77ffaf0db5d75561ce9ef5688"":[53497]}}",,"[{""ObjectId"":945134,""EntityId"":12492,""Block"":""488"",""PostalCode"":""750488""}]","{""Latitude"":1.4551932618,""Longitude"":103.8163542319}"
SEMBAWANG,504C,CANBERRA LINK,21,Unmatched,ExactAddress,Missing,BlockApproximation,NewLocatedPublic,[8522],"{""753504"":{""d_8575e84912df3c28995b8e6e0e05205a"":[129505,144310,150327],""d_c0650f23e94c42e7a20921f4c5b75c24"":[104539,135046],""d_acbc938ec77af18f94cecc4a7c9ec720"":[61858],""d_124a9bd407c7a25f8335b93b86e50fdd"":[73988],""d_b58303c68e9cf0d2ae93b73ffdbfbfa1"":[11817],""d_fa2ed456cf2b8597bb7e064b08fc3c7c"":[77491,78686,93998],""d_478f45a9c541cbe679ca55d1cd2b970b"":[56478,59539],""d_5573b0db0575db32190a2ad27919a7aa"":[72923],""d_a2141adf93ec2a3c2ec2837b78d6d46e"":[86605,89958],""d_9af9317c646a1c881bb5591c91817cc6"":[33096,50707,91851,99277,106334],""d_67e99e6eabc4aad9b5d48663b579746a"":[49286],""d_5c4ef48b025fdfbc80056401f06e3df9"":[35498],""d_300ddc8da4e8f7bdc1bfc62d0d99e2e7"":[17146],""d_181005ca270b45408b4cdfc954980ca2"":[74352,87757,88695],""d_2b8c54b2a490d2fa36b925289e5d9572"":[7364,68668],""d_72f37e5c5d192951ddc5513c2b134482"":[95540,112606],""d_e97e8e7fc55b85a38babf66b0fa46b73"":[5049,16315],""d_31af23fdb79119ed185c256f03cb5773"":[6847,31633]}}",,"[{""ObjectId"":938453,""EntityId"":754,""Block"":""504C"",""PostalCode"":""753504""}]","{""Latitude"":1.450242401,""Longitude"":103.8235916713}"
SEMBAWANG,508A,WELLINGTON CIRCLE,29,ExactAddress,ExactAddress,BlockApproximation,BlockApproximation,AgreeingProvenanceAddition,[8607],"{""751508"":{""d_8575e84912df3c28995b8e6e0e05205a"":[47372,133710,150003,150152,162902],""d_3a3807c023c61ddfba947dc069eb53f2"":[21507,81399,88013,88695],""d_c0650f23e94c42e7a20921f4c5b75c24"":[120876,123461],""d_124a9bd407c7a25f8335b93b86e50fdd"":[73561],""d_4526d47d6714d3b052eed4a30b8b1ed6"":[14987,58227],""d_b58303c68e9cf0d2ae93b73ffdbfbfa1"":[20949,70680,80270],""d_85518d970b8178975850457f60f1e738"":[45965],""d_478f45a9c541cbe679ca55d1cd2b970b"":[56119],""d_a2141adf93ec2a3c2ec2837b78d6d46e"":[16491,71265,73295,78434,79482,79743,87320],""d_181005ca270b45408b4cdfc954980ca2"":[76409,79153,79660,85348],""d_2b8c54b2a490d2fa36b925289e5d9572"":[60181],""d_df7d2d661c0c11a7c367c9ee4bf896c1"":[181922,201512,221514,228461,230681],""d_72f37e5c5d192951ddc5513c2b134482"":[107719,111356,122579,122840],""d_e97e8e7fc55b85a38babf66b0fa46b73"":[30019,33025,34026],""d_af2042c77ffaf0db5d75561ce9ef5688"":[15787,46023,49430],""d_31af23fdb79119ed185c256f03cb5773"":[35500]}}",,"[{""ObjectId"":944913,""EntityId"":757,""Block"":""508A"",""PostalCode"":""751508""}]","{""Latitude"":1.452520008,""Longitude"":103.8204910235}"
SEMBAWANG,513,WELLINGTON CIRCLE,21,ExactAddress,ExactAddress,BlockApproximation,BlockApproximation,AgreeingProvenanceAddition,[8718],"{""750513"":{""d_8575e84912df3c28995b8e6e0e05205a"":[142864],""d_3a3807c023c61ddfba947dc069eb53f2"":[81211,86763],""d_c0650f23e94c42e7a20921f4c5b75c24"":[63645],""d_acbc938ec77af18f94cecc4a7c9ec720"":[59830,68114],""d_124a9bd407c7a25f8335b93b86e50fdd"":[77746],""d_4526d47d6714d3b052eed4a30b8b1ed6"":[62161],""d_b58303c68e9cf0d2ae93b73ffdbfbfa1"":[76359],""d_fa2ed456cf2b8597bb7e064b08fc3c7c"":[79746],""d_85518d970b8178975850457f60f1e738"":[33100,57250,57252],""d_478f45a9c541cbe679ca55d1cd2b970b"":[57567,61520,65568],""d_5573b0db0575db32190a2ad27919a7aa"":[31220],""d_a2141adf93ec2a3c2ec2837b78d6d46e"":[78556],""d_9af9317c646a1c881bb5591c91817cc6"":[105732,105877],""d_181005ca270b45408b4cdfc954980ca2"":[46228,95872,95970],""d_2b8c54b2a490d2fa36b925289e5d9572"":[59672],""d_df7d2d661c0c11a7c367c9ee4bf896c1"":[88809,107033,107048,107620,194639,208948,214694,219306],""d_e97e8e7fc55b85a38babf66b0fa46b73"":[31355,31485],""d_af2042c77ffaf0db5d75561ce9ef5688"":[55407],""d_1cd970d8351b42be4a308d628a6dd9d3"":[5738],""d_4e3db8955fdcda6f9944097bef3d2724"":[17637]}}",,"[{""ObjectId"":945257,""EntityId"":11056077,""Block"":""513"",""PostalCode"":""750513""}]","{""Latitude"":1.4542013249,""Longitude"":103.8201309926}"
SEMBAWANG,592B,MONTREAL LINK,42,Unmatched,ExactAddress,Missing,BlockApproximation,NewLocatedPublic,[9612],"{""752592"":{""d_8575e84912df3c28995b8e6e0e05205a"":[127880],""d_c0650f23e94c42e7a20921f4c5b75c24"":[44252,127720,128504],""d_acbc938ec77af18f94cecc4a7c9ec720"":[66100],""d_fa2ed456cf2b8597bb7e064b08fc3c7c"":[85075],""d_478f45a9c541cbe679ca55d1cd2b970b"":[59553,65075],""d_5573b0db0575db32190a2ad27919a7aa"":[67043],""d_67e99e6eabc4aad9b5d48663b579746a"":[41469,45558],""d_300ddc8da4e8f7bdc1bfc62d0d99e2e7"":[22135],""d_181005ca270b45408b4cdfc954980ca2"":[26339],""d_2b8c54b2a490d2fa36b925289e5d9572"":[63708],""d_df7d2d661c0c11a7c367c9ee4bf896c1"":[115811],""d_72f37e5c5d192951ddc5513c2b134482"":[125754],""d_e97e8e7fc55b85a38babf66b0fa46b73"":[8260,35730],""d_31af23fdb79119ed185c256f03cb5773"":[28290,36099]}}",,"[{""ObjectId"":946298,""EntityId"":1172,""Block"":""592B"",""PostalCode"":""752592""}]","{""Latitude"":1.4507436218,""Longitude"":103.8277009034}"
SENGKANG,106,RIVERVALE WALK,18,ExactAddress,ExactAddress,BlockApproximation,BlockApproximation,AgreeingProvenanceAddition,[329],"{""540106"":{""d_8575e84912df3c28995b8e6e0e05205a"":[46050],""d_3a3807c023c61ddfba947dc069eb53f2"":[87799],""d_c0650f23e94c42e7a20921f4c5b75c24"":[110725],""d_124a9bd407c7a25f8335b93b86e50fdd"":[74799,79581,80330],""d_4526d47d6714d3b052eed4a30b8b1ed6"":[14574],""d_b58303c68e9cf0d2ae93b73ffdbfbfa1"":[71974],""d_85518d970b8178975850457f60f1e738"":[38550,47978,54844,56777],""d_478f45a9c541cbe679ca55d1cd2b970b"":[52927,59434],""d_5573b0db0575db32190a2ad27919a7aa"":[64088,64744,73345],""d_a2141adf93ec2a3c2ec2837b78d6d46e"":[85124],""d_9af9317c646a1c881bb5591c91817cc6"":[17498,39822,117118],""d_181005ca270b45408b4cdfc954980ca2"":[85698],""d_2b8c54b2a490d2fa36b925289e5d9572"":[63705],""d_df7d2d661c0c11a7c367c9ee4bf896c1"":[74585,187770,230633],""d_72f37e5c5d192951ddc5513c2b134482"":[33458,123758,126597,128769,130372,139678],""d_0cc5f52a1f298b916f317800251057f3"":[18662]}}",,"[{""ObjectId"":938870,""EntityId"":8022,""Block"":""106"",""PostalCode"":""540106""}]","{""Latitude"":1.3825376611,""Longitude"":103.9002251505}"
SENGKANG,205A,COMPASSVALE LANE,24,ExactAddress,ExactAddress,BlockApproximation,BlockApproximation,AgreeingProvenanceAddition,[2948],"{""541205"":{""d_8575e84912df3c28995b8e6e0e05205a"":[146463,156424,169501],""d_3a3807c023c61ddfba947dc069eb53f2"":[37331,71528],""d_c0650f23e94c42e7a20921f4c5b75c24"":[71697],""d_acbc938ec77af18f94cecc4a7c9ec720"":[53572],""d_124a9bd407c7a25f8335b93b86e50fdd"":[59660,72588],""d_4526d47d6714d3b052eed4a30b8b1ed6"":[61937],""d_b58303c68e9cf0d2ae93b73ffdbfbfa1"":[14708],""d_fa2ed456cf2b8597bb7e064b08fc3c7c"":[72760],""d_85518d970b8178975850457f60f1e738"":[8110,17248],""d_5573b0db0575db32190a2ad27919a7aa"":[69851],""d_a2141adf93ec2a3c2ec2837b78d6d46e"":[93014],""d_9af9317c646a1c881bb5591c91817cc6"":[46807,101663,110009],""d_67e99e6eabc4aad9b5d48663b579746a"":[38072],""d_181005ca270b45408b4cdfc954980ca2"":[32187,76536,94591,98921],""d_df7d2d661c0c11a7c367c9ee4bf896c1"":[109822,116156,187524,206225],""d_72f37e5c5d192951ddc5513c2b134482"":[126512,135411],""d_4e3db8955fdcda6f9944097bef3d2724"":[14833,17347]}}",,"[{""ObjectId"":944962,""EntityId"":3925,""Block"":""205A"",""PostalCode"":""541205""}]","{""Latitude"":1.3857754355,""Longitude"":103.8971159551}"
SENGKANG,206A,COMPASSVALE LANE,22,Unmatched,ExactAddress,Missing,BlockApproximation,NewLocatedPublic,[2971],"{""541206"":{""d_8575e84912df3c28995b8e6e0e05205a"":[157869],""d_acbc938ec77af18f94cecc4a7c9ec720"":[19211,70787],""d_124a9bd407c7a25f8335b93b86e50fdd"":[24561,35608,40899,64890,78217],""d_b58303c68e9cf0d2ae93b73ffdbfbfa1"":[66190,77050],""d_fa2ed456cf2b8597bb7e064b08fc3c7c"":[43212],""d_85518d970b8178975850457f60f1e738"":[57101],""d_5573b0db0575db32190a2ad27919a7aa"":[13105],""d_a2141adf93ec2a3c2ec2837b78d6d46e"":[72549,85114],""d_9af9317c646a1c881bb5591c91817cc6"":[17037,67182,106300,116716],""d_67e99e6eabc4aad9b5d48663b579746a"":[54879,57342],""d_300ddc8da4e8f7bdc1bfc62d0d99e2e7"":[15782],""d_181005ca270b45408b4cdfc954980ca2"":[81172,84291,88409],""d_2b8c54b2a490d2fa36b925289e5d9572"":[8015,63532],""d_df7d2d661c0c11a7c367c9ee4bf896c1"":[106009,186714],""d_72f37e5c5d192951ddc5513c2b134482"":[32582,45699,107364,128249],""d_e97e8e7fc55b85a38babf66b0fa46b73"":[17297],""d_af2042c77ffaf0db5d75561ce9ef5688"":[3521,6472,46998,51205],""d_31af23fdb79119ed185c256f03cb5773"":[35975],""d_4e3db8955fdcda6f9944097bef3d2724"":[14609]}}",,"[{""ObjectId"":948248,""EntityId"":6637,""Block"":""206A"",""PostalCode"":""541206""}]","{""Latitude"":1.3867175958,""Longitude"":103.8967398949}"
SENGKANG,223C,COMPASSVALE WALK,13,Unmatched,ExactAddress,Missing,BlockApproximation,NewLocatedPublic,[3482],"{""543223"":{""d_8575e84912df3c28995b8e6e0e05205a"":[145855,146731],""d_c0650f23e94c42e7a20921f4c5b75c24"":[85172,122779],""d_acbc938ec77af18f94cecc4a7c9ec720"":[51840,69906],""d_4526d47d6714d3b052eed4a30b8b1ed6"":[68215],""d_fa2ed456cf2b8597bb7e064b08fc3c7c"":[43340],""d_478f45a9c541cbe679ca55d1cd2b970b"":[57882],""d_a2141adf93ec2a3c2ec2837b78d6d46e"":[80596],""d_9af9317c646a1c881bb5591c91817cc6"":[90172],""d_5c4ef48b025fdfbc80056401f06e3df9"":[6437,24535,26565],""d_181005ca270b45408b4cdfc954980ca2"":[98271,98318],""d_df7d2d661c0c11a7c367c9ee4bf896c1"":[113390,223597],""d_72f37e5c5d192951ddc5513c2b134482"":[48604,137581],""d_af2042c77ffaf0db5d75561ce9ef5688"":[55101]}}",,"[{""ObjectId"":939884,""EntityId"":3473,""Block"":""223C"",""PostalCode"":""543223""}]","{""Latitude"":1.3887975901,""Longitude"":103.8977562108}"
SENGKANG,269D,COMPASSVALE LINK,24,ExactAddress,ExactAddress,BlockApproximation,BlockApproximation,AgreeingProvenanceAddition,[4405],"{""544269"":{""d_8575e84912df3c28995b8e6e0e05205a"":[28427,33211,52105,65482,152051,167330],""d_3a3807c023c61ddfba947dc069eb53f2"":[90797],""d_c0650f23e94c42e7a20921f4c5b75c24"":[101791],""d_acbc938ec77af18f94cecc4a7c9ec720"":[62094],""d_124a9bd407c7a25f8335b93b86e50fdd"":[80280,82854],""d_b58303c68e9cf0d2ae93b73ffdbfbfa1"":[9193,9730,64664],""d_fa2ed456cf2b8597bb7e064b08fc3c7c"":[12950],""d_9af9317c646a1c881bb5591c91817cc6"":[57757],""d_67e99e6eabc4aad9b5d48663b579746a"":[8506],""d_5c4ef48b025fdfbc80056401f06e3df9"":[17788,20075],""d_300ddc8da4e8f7bdc1bfc62d0d99e2e7"":[18823],""d_4130f1d9d365d9f1633536e959f62bb7"":[11925],""d_df7d2d661c0c11a7c367c9ee4bf896c1"":[186949,229803],""d_72f37e5c5d192951ddc5513c2b134482"":[34787,57641],""d_af2042c77ffaf0db5d75561ce9ef5688"":[55398]}}",,"[{""ObjectId"":940451,""EntityId"":6009,""Block"":""269D"",""PostalCode"":""544269""}]","{""Latitude"":1.3834724684,""Longitude"":103.8967125704}"
SENGKANG,307B,ANCHORVALE RD,31,Unmatched,NormalizedAddress,Missing,BlockApproximation,NewLocatedHistorical,[5126],{},"{""CacheKey"":""sengkang-307b-anchorvale-rd"",""SearchValue"":""307B ANCHORVALE RD SINGAPORE"",""Status"":""HistoricalFirstHit"",""Postal"":""542307"",""UpdatedAt"":""2026-05-24T10:31:37.119Z""}","[{""ObjectId"":936495,""EntityId"":6862,""Block"":""307B"",""PostalCode"":""542307""}]","{""Latitude"":1.3896610702,""Longitude"":103.8874435205}"
SENGKANG,312B,ANCHORVALE LANE,32,ExactAddress,ExactAddress,BlockApproximation,BlockApproximation,AgreeingProvenanceAddition,[5258],"{""542312"":{""d_8575e84912df3c28995b8e6e0e05205a"":[17191,17744,65600,153085,156263,173432],""d_3a3807c023c61ddfba947dc069eb53f2"":[29695],""d_c0650f23e94c42e7a20921f4c5b75c24"":[19873,127115,130323],""d_acbc938ec77af18f94cecc4a7c9ec720"":[60809],""d_124a9bd407c7a25f8335b93b86e50fdd"":[24692,41877,75539],""d_4526d47d6714d3b052eed4a30b8b1ed6"":[12869,37724],""d_b58303c68e9cf0d2ae93b73ffdbfbfa1"":[45766,76685],""d_fa2ed456cf2b8597bb7e064b08fc3c7c"":[20646,74653,77369],""d_85518d970b8178975850457f60f1e738"":[59672],""d_478f45a9c541cbe679ca55d1cd2b970b"":[48077,58178,59803,60847,66544,67065],""d_5573b0db0575db32190a2ad27919a7aa"":[22587],""d_a2141adf93ec2a3c2ec2837b78d6d46e"":[80922,91246],""d_9af9317c646a1c881bb5591c91817cc6"":[45556,56819,92804],""d_2b8c54b2a490d2fa36b925289e5d9572"":[24427,60531,66472],""d_df7d2d661c0c11a7c367c9ee4bf896c1"":[38832,41870,85726,88771,158704,188636,195457,199372,229886],""d_72f37e5c5d192951ddc5513c2b134482"":[107433],""d_e97e8e7fc55b85a38babf66b0fa46b73"":[12041,35904],""d_1cd970d8351b42be4a308d628a6dd9d3"":[3944,12242],""d_4e3db8955fdcda6f9944097bef3d2724"":[5475]}}",,"[{""ObjectId"":944628,""EntityId"":6772,""Block"":""312B"",""PostalCode"":""542312""}]","{""Latitude"":1.3917269239,""Longitude"":103.8854951469}"
SENGKANG,313A,ANCHORVALE RD,27,Unmatched,NormalizedAddress,Missing,BlockApproximation,NewLocatedHistorical,[5276],{},"{""CacheKey"":""sengkang-313a-anchorvale-rd"",""SearchValue"":""313A ANCHORVALE RD SINGAPORE"",""Status"":""HistoricalFirstHit"",""Postal"":""541313"",""UpdatedAt"":""2026-05-24T10:43:26.957Z""}","[{""ObjectId"":940382,""EntityId"":8507,""Block"":""313A"",""PostalCode"":""541313""}]","{""Latitude"":1.3916995089,""Longitude"":103.8875199365}"
SENGKANG,405C,FERNVALE LANE,30,Unmatched,ExactAddress,Missing,BlockApproximation,NewLocatedPublic,[6677],"{""793405"":{""d_8575e84912df3c28995b8e6e0e05205a"":[52118],""d_c0650f23e94c42e7a20921f4c5b75c24"":[39731,132125],""d_acbc938ec77af18f94cecc4a7c9ec720"":[59708],""d_124a9bd407c7a25f8335b93b86e50fdd"":[32153,36067,39755,43332,54955,70686,71635,77981,85640,86124],""d_4526d47d6714d3b052eed4a30b8b1ed6"":[15117],""d_b58303c68e9cf0d2ae93b73ffdbfbfa1"":[67927],""d_fa2ed456cf2b8597bb7e064b08fc3c7c"":[78819],""d_85518d970b8178975850457f60f1e738"":[18890],""d_478f45a9c541cbe679ca55d1cd2b970b"":[52478,55453,57951,59708],""d_9af9317c646a1c881bb5591c91817cc6"":[111347],""d_67e99e6eabc4aad9b5d48663b579746a"":[58066],""d_300ddc8da4e8f7bdc1bfc62d0d99e2e7"":[13857],""d_df7d2d661c0c11a7c367c9ee4bf896c1"":[215532,233472],""d_72f37e5c5d192951ddc5513c2b134482"":[56275,107210,114191],""d_e97e8e7fc55b85a38babf66b0fa46b73"":[12558],""d_af2042c77ffaf0db5d75561ce9ef5688"":[7812],""d_31af23fdb79119ed185c256f03cb5773"":[34492],""d_4e3db8955fdcda6f9944097bef3d2724"":[15719]}}",,"[{""ObjectId"":947937,""EntityId"":226,""Block"":""405C"",""PostalCode"":""793405""}]","{""Latitude"":1.389254708,""Longitude"":103.8734374036}"
SENGKANG,408A,FERNVALE RD,39,Unmatched,NormalizedAddress,Missing,BlockApproximation,NewLocatedHistorical,[6738],{},"{""CacheKey"":""sengkang-408a-fernvale-rd"",""SearchValue"":""408A FERNVALE RD SINGAPORE"",""Status"":""HistoricalFirstHit"",""Postal"":""791408"",""UpdatedAt"":""2026-05-24T10:36:29.742Z""}","[{""ObjectId"":937736,""EntityId"":6518,""Block"":""408A"",""PostalCode"":""791408""}]","{""Latitude"":1.3887630023,""Longitude"":103.876208327}"
SENGKANG,440B,FERNVALE LINK,77,Unmatched,ExactAddress,Missing,BlockApproximation,NewLocatedPublic,[7410],"{""792440"":{""d_c0650f23e94c42e7a20921f4c5b75c24"":[60493,64633,124896,129070],""d_acbc938ec77af18f94cecc4a7c9ec720"":[20267],""d_124a9bd407c7a25f8335b93b86e50fdd"":[76295,83774],""d_4526d47d6714d3b052eed4a30b8b1ed6"":[66195],""d_b58303c68e9cf0d2ae93b73ffdbfbfa1"":[36431],""d_fa2ed456cf2b8597bb7e064b08fc3c7c"":[90767],""d_85518d970b8178975850457f60f1e738"":[54738,57458],""d_a2141adf93ec2a3c2ec2837b78d6d46e"":[91680],""d_9af9317c646a1c881bb5591c91817cc6"":[123629],""d_67e99e6eabc4aad9b5d48663b579746a"":[31052],""d_181005ca270b45408b4cdfc954980ca2"":[84174,93266,96978],""d_4130f1d9d365d9f1633536e959f62bb7"":[10525],""d_2b8c54b2a490d2fa36b925289e5d9572"":[61073],""d_df7d2d661c0c11a7c367c9ee4bf896c1"":[60950,69812,186134,208790,212691,219811],""d_72f37e5c5d192951ddc5513c2b134482"":[59157,110691,116250,125797,129050],""d_af2042c77ffaf0db5d75561ce9ef5688"":[55694],""d_1cd970d8351b42be4a308d628a6dd9d3"":[12218]}}",,"[{""ObjectId"":941770,""EntityId"":9520,""Block"":""440B"",""PostalCode"":""792440""}]","{""Latitude"":1.3933908088,""Longitude"":103.8782724463}"
SERANGOON,205,SERANGOON CTRL,22,Unmatched,NormalizedAddress,Missing,BlockApproximation,NewLocatedHistorical,[2943],{},"{""CacheKey"":""serangoon-205-serangoon-ctrl"",""SearchValue"":""205 SERANGOON CTRL SINGAPORE"",""Status"":""HistoricalFirstHit"",""Postal"":""550205"",""UpdatedAt"":""2026-05-24T11:08:03.842Z""}","[{""ObjectId"":940893,""EntityId"":5934,""Block"":""205"",""PostalCode"":""550205""}]","{""Latitude"":1.3529313438,""Longitude"":103.8734467195}"
SERANGOON,226,SERANGOON AVE 4,22,NormalizedAddress,NormalizedAddress,BlockApproximation,BlockApproximation,AgreeingProvenanceAddition,[3542],"{""550226"":{""d_3a3807c023c61ddfba947dc069eb53f2"":[33760,82011],""d_acbc938ec77af18f94cecc4a7c9ec720"":[54596],""d_124a9bd407c7a25f8335b93b86e50fdd"":[47593,75031,77333],""d_b58303c68e9cf0d2ae93b73ffdbfbfa1"":[9784,71547,82290],""d_478f45a9c541cbe679ca55d1cd2b970b"":[14698,49323,57904],""d_5573b0db0575db32190a2ad27919a7aa"":[65704],""d_9af9317c646a1c881bb5591c91817cc6"":[43685],""d_300ddc8da4e8f7bdc1bfc62d0d99e2e7"":[4869,16846],""d_181005ca270b45408b4cdfc954980ca2"":[57363,79444,81926,84859],""d_4130f1d9d365d9f1633536e959f62bb7"":[4120],""d_2b8c54b2a490d2fa36b925289e5d9572"":[58661],""d_df7d2d661c0c11a7c367c9ee4bf896c1"":[174825,179587,198235,205212],""d_72f37e5c5d192951ddc5513c2b134482"":[79619,120396],""d_0cc5f52a1f298b916f317800251057f3"":[22307],""d_1cd970d8351b42be4a308d628a6dd9d3"":[11294],""d_31af23fdb79119ed185c256f03cb5773"":[29815]}}",,"[{""ObjectId"":938712,""EntityId"":10742,""Block"":""226"",""PostalCode"":""550226""}]","{""Latitude"":1.3568157485,""Longitude"":103.8708577181}"
SERANGOON,227,SERANGOON AVE 4,20,Unmatched,NormalizedAddress,Missing,BlockApproximation,NewLocatedPublic,[3575],"{""550227"":{""d_8575e84912df3c28995b8e6e0e05205a"":[94839,152900],""d_c0650f23e94c42e7a20921f4c5b75c24"":[60047,112853],""d_acbc938ec77af18f94cecc4a7c9ec720"":[56790,62813,68433],""d_124a9bd407c7a25f8335b93b86e50fdd"":[16107],""d_4526d47d6714d3b052eed4a30b8b1ed6"":[55880],""d_fa2ed456cf2b8597bb7e064b08fc3c7c"":[24224,42532],""d_85518d970b8178975850457f60f1e738"":[6521],""d_478f45a9c541cbe679ca55d1cd2b970b"":[24486,62533],""d_5573b0db0575db32190a2ad27919a7aa"":[10299,61187],""d_a2141adf93ec2a3c2ec2837b78d6d46e"":[20445,41694],""d_9af9317c646a1c881bb5591c91817cc6"":[47799,57242],""d_67e99e6eabc4aad9b5d48663b579746a"":[15397,24000,53439],""d_2b8c54b2a490d2fa36b925289e5d9572"":[50313,58806,70777],""d_df7d2d661c0c11a7c367c9ee4bf896c1"":[78145,100127,159010,184722,185325,190081,197487,213631,223724],""d_72f37e5c5d192951ddc5513c2b134482"":[54939],""d_af2042c77ffaf0db5d75561ce9ef5688"":[47607,54733]}}",,"[{""ObjectId"":939347,""EntityId"":2511,""Block"":""227"",""PostalCode"":""550227""}]","{""Latitude"":1.3562403003,""Longitude"":103.8710101701}"
SERANGOON,228,SERANGOON AVE 4,22,Unmatched,NormalizedAddress,Missing,BlockApproximation,NewLocatedPublic,[3600],"{""550228"":{""d_8575e84912df3c28995b8e6e0e05205a"":[44675,127370,154016,157395],""d_c0650f23e94c42e7a20921f4c5b75c24"":[130061,131108],""d_acbc938ec77af18f94cecc4a7c9ec720"":[34107,63053,63662,71888],""d_124a9bd407c7a25f8335b93b86e50fdd"":[62127,83891],""d_4526d47d6714d3b052eed4a30b8b1ed6"":[57470],""d_b58303c68e9cf0d2ae93b73ffdbfbfa1"":[66088],""d_fa2ed456cf2b8597bb7e064b08fc3c7c"":[22545,82042,84610,84627],""d_85518d970b8178975850457f60f1e738"":[59363],""d_478f45a9c541cbe679ca55d1cd2b970b"":[58815],""d_5573b0db0575db32190a2ad27919a7aa"":[71724],""d_a2141adf93ec2a3c2ec2837b78d6d46e"":[73922],""d_9af9317c646a1c881bb5591c91817cc6"":[33680,43245],""d_67e99e6eabc4aad9b5d48663b579746a"":[30271],""d_300ddc8da4e8f7bdc1bfc62d0d99e2e7"":[2384,18641],""d_181005ca270b45408b4cdfc954980ca2"":[23257,81917,92604,96692],""d_4130f1d9d365d9f1633536e959f62bb7"":[10737],""d_2b8c54b2a490d2fa36b925289e5d9572"":[68755],""d_df7d2d661c0c11a7c367c9ee4bf896c1"":[54281,120465,156090,180618,192190,222000],""d_72f37e5c5d192951ddc5513c2b134482"":[70210,114925],""d_e97e8e7fc55b85a38babf66b0fa46b73"":[32494],""d_af2042c77ffaf0db5d75561ce9ef5688"":[51107],""d_1cd970d8351b42be4a308d628a6dd9d3"":[2268],""d_4e3db8955fdcda6f9944097bef3d2724"":[15146]}}",,"[{""ObjectId"":942758,""EntityId"":6434,""Block"":""228"",""PostalCode"":""550228""}]","{""Latitude"":1.3563651315,""Longitude"":103.8702566659}"
SERANGOON,231,SERANGOON AVE 3,15,NormalizedAddress,NormalizedAddress,BlockApproximation,BlockApproximation,AgreeingProvenanceAddition,[3694],"{""550231"":{""d_8575e84912df3c28995b8e6e0e05205a"":[87028,137135,140797,144671],""d_3a3807c023c61ddfba947dc069eb53f2"":[22822,89357],""d_c0650f23e94c42e7a20921f4c5b75c24"":[118533,125620],""d_124a9bd407c7a25f8335b93b86e50fdd"":[65522,70795],""d_4526d47d6714d3b052eed4a30b8b1ed6"":[59370,59597],""d_b58303c68e9cf0d2ae93b73ffdbfbfa1"":[18201,70250],""d_fa2ed456cf2b8597bb7e064b08fc3c7c"":[90324,94232],""d_478f45a9c541cbe679ca55d1cd2b970b"":[59519],""d_9af9317c646a1c881bb5591c91817cc6"":[109356,122672],""d_67e99e6eabc4aad9b5d48663b579746a"":[48580],""d_181005ca270b45408b4cdfc954980ca2"":[74295,87314],""d_df7d2d661c0c11a7c367c9ee4bf896c1"":[190440,227231],""d_72f37e5c5d192951ddc5513c2b134482"":[135134],""d_0cc5f52a1f298b916f317800251057f3"":[21576],""d_e97e8e7fc55b85a38babf66b0fa46b73"":[36359],""d_31af23fdb79119ed185c256f03cb5773"":[28762,29675,36359]}}",,"[{""ObjectId"":936596,""EntityId"":9984,""Block"":""231"",""PostalCode"":""550231""}]","{""Latitude"":1.3548726278,""Longitude"":103.8683677389}"
SERANGOON,232,SERANGOON AVE 3,18,Unmatched,NormalizedAddress,Missing,BlockApproximation,NewLocatedPublic,[3717],"{""550232"":{""d_8575e84912df3c28995b8e6e0e05205a"":[48333,53296,73846,140046],""d_c0650f23e94c42e7a20921f4c5b75c24"":[112456,120759],""d_acbc938ec77af18f94cecc4a7c9ec720"":[60728],""d_124a9bd407c7a25f8335b93b86e50fdd"":[31345,71202],""d_b58303c68e9cf0d2ae93b73ffdbfbfa1"":[81138],""d_85518d970b8178975850457f60f1e738"":[44727],""d_478f45a9c541cbe679ca55d1cd2b970b"":[25022,36204,47921],""d_a2141adf93ec2a3c2ec2837b78d6d46e"":[18566],""d_9af9317c646a1c881bb5591c91817cc6"":[54525,100502],""d_67e99e6eabc4aad9b5d48663b579746a"":[44111,59995],""d_181005ca270b45408b4cdfc954980ca2"":[85962,88215,91503],""d_4130f1d9d365d9f1633536e959f62bb7"":[3226],""d_2b8c54b2a490d2fa36b925289e5d9572"":[13667,26326,46787],""d_df7d2d661c0c11a7c367c9ee4bf896c1"":[203482,224242],""d_72f37e5c5d192951ddc5513c2b134482"":[119043,132175],""d_1cd970d8351b42be4a308d628a6dd9d3"":[10928,11303],""d_31af23fdb79119ed185c256f03cb5773"":[26267,34363]}}",,"[{""ObjectId"":941296,""EntityId"":10005,""Block"":""232"",""PostalCode"":""550232""}]","{""Latitude"":1.3547508784,""Longitude"":103.8687282397}"
SERANGOON,323,SERANGOON AVE 3,27,Unmatched,NormalizedAddress,Missing,BlockApproximation,NewLocatedPublic,[5500],"{""550323"":{""d_8575e84912df3c28995b8e6e0e05205a"":[52362,140476],""d_c0650f23e94c42e7a20921f4c5b75c24"":[54700,108121,133018],""d_acbc938ec77af18f94cecc4a7c9ec720"":[31157,70892],""d_b58303c68e9cf0d2ae93b73ffdbfbfa1"":[46252,74041],""d_85518d970b8178975850457f60f1e738"":[47456,49214],""d_a2141adf93ec2a3c2ec2837b78d6d46e"":[57511,68564,76206,84778],""d_9af9317c646a1c881bb5591c91817cc6"":[33648,83803,99048,112964],""d_5c4ef48b025fdfbc80056401f06e3df9"":[34533],""d_2b8c54b2a490d2fa36b925289e5d9572"":[56071],""d_df7d2d661c0c11a7c367c9ee4bf896c1"":[48807,99950,124750,185129,206576],""d_72f37e5c5d192951ddc5513c2b134482"":[125874,127143],""d_0cc5f52a1f298b916f317800251057f3"":[23243],""d_e97e8e7fc55b85a38babf66b0fa46b73"":[18449],""d_31af23fdb79119ed185c256f03cb5773"":[12798]}}","{""CacheKey"":""serangoon-323-serangoon-ave-3"",""SearchValue"":""323 SERANGOON AVE 3 SINGAPORE"",""Status"":""HistoricalFirstHit"",""Postal"":""550323"",""UpdatedAt"":""2026-05-24T10:36:29.742Z""}","[{""ObjectId"":938578,""EntityId"":9666,""Block"":""323"",""PostalCode"":""550323""}]","{""Latitude"":1.3512559731,""Longitude"":103.8692846301}"
SERANGOON,330,SERANGOON AVE 3,14,NormalizedAddress,NormalizedAddress,BlockApproximation,BlockApproximation,AgreeingProvenanceAddition,[5657],"{""550330"":{""d_8575e84912df3c28995b8e6e0e05205a"":[71663,79487,133045,158122,168142],""d_3a3807c023c61ddfba947dc069eb53f2"":[73387,84112],""d_c0650f23e94c42e7a20921f4c5b75c24"":[131589,135819,136167],""d_acbc938ec77af18f94cecc4a7c9ec720"":[31866,61579,66003],""d_b58303c68e9cf0d2ae93b73ffdbfbfa1"":[68336,78421,81180,84778],""d_fa2ed456cf2b8597bb7e064b08fc3c7c"":[50982,87904],""d_478f45a9c541cbe679ca55d1cd2b970b"":[2586,45395,51354,59228,60467,65154],""d_5573b0db0575db32190a2ad27919a7aa"":[72969],""d_a2141adf93ec2a3c2ec2837b78d6d46e"":[23808,30498,81907],""d_9af9317c646a1c881bb5591c91817cc6"":[27249,37590,43441,108474],""d_67e99e6eabc4aad9b5d48663b579746a"":[15075,54096,54861],""d_300ddc8da4e8f7bdc1bfc62d0d99e2e7"":[10842],""d_181005ca270b45408b4cdfc954980ca2"":[80470,91856,96891],""d_2b8c54b2a490d2fa36b925289e5d9572"":[53202,65390],""d_df7d2d661c0c11a7c367c9ee4bf896c1"":[77416,199648,202898,210975,217152,226546],""d_72f37e5c5d192951ddc5513c2b134482"":[132714],""d_e97e8e7fc55b85a38babf66b0fa46b73"":[19612],""d_af2042c77ffaf0db5d75561ce9ef5688"":[32343,53284,57635],""d_1cd970d8351b42be4a308d628a6dd9d3"":[11078,11371],""d_31af23fdb79119ed185c256f03cb5773"":[10726,35099],""d_4e3db8955fdcda6f9944097bef3d2724"":[12369]}}",,"[{""ObjectId"":939368,""EntityId"":6,""Block"":""330"",""PostalCode"":""550330""}]","{""Latitude"":1.3500461917,""Longitude"":103.8697400924}"
SERANGOON,408,SERANGOON AVE 1,15,NormalizedAddress,NormalizedAddress,BlockApproximation,BlockApproximation,AgreeingProvenanceAddition,[6733],"{""550408"":{""d_8575e84912df3c28995b8e6e0e05205a"":[132984,135320,145862],""d_3a3807c023c61ddfba947dc069eb53f2"":[16467,71451],""d_c0650f23e94c42e7a20921f4c5b75c24"":[10616,28391,48194],""d_acbc938ec77af18f94cecc4a7c9ec720"":[22991,28709,40113,69171],""d_124a9bd407c7a25f8335b93b86e50fdd"":[16407,68912,86012],""d_4526d47d6714d3b052eed4a30b8b1ed6"":[11148,16422],""d_b58303c68e9cf0d2ae93b73ffdbfbfa1"":[39339,76725],""d_fa2ed456cf2b8597bb7e064b08fc3c7c"":[87352],""d_85518d970b8178975850457f60f1e738"":[46304],""d_5c4ef48b025fdfbc80056401f06e3df9"":[34151,39597],""d_300ddc8da4e8f7bdc1bfc62d0d99e2e7"":[14142,21619],""d_181005ca270b45408b4cdfc954980ca2"":[72445],""d_2b8c54b2a490d2fa36b925289e5d9572"":[9983,45493,51166,51628,52401],""d_df7d2d661c0c11a7c367c9ee4bf896c1"":[62321,165860,166391,182890,196305],""d_72f37e5c5d192951ddc5513c2b134482"":[10334,55071]}}",,"[{""ObjectId"":937897,""EntityId"":10183,""Block"":""408"",""PostalCode"":""550408""}]","{""Latitude"":1.3472749048,""Longitude"":103.8734486}"
SERANGOON,424,SERANGOON CTRL,26,Unmatched,NormalizedAddress,Missing,BlockApproximation,NewLocatedHistorical,[7092],{},"{""CacheKey"":""serangoon-424-serangoon-ctrl"",""SearchValue"":""424 SERANGOON CTRL SINGAPORE"",""Status"":""HistoricalFirstHit"",""Postal"":""550424"",""UpdatedAt"":""2026-05-24T11:17:58.617Z""}","[{""ObjectId"":948737,""EntityId"":3342,""Block"":""424"",""PostalCode"":""550424""}]","{""Latitude"":1.3481786598,""Longitude"":103.8755687381}"
SERANGOON,8,LOR LEW LIAN,19,Unmatched,NormalizedAddress,Missing,BlockApproximation,NewLocatedHistorical,[12069],{},"{""CacheKey"":""serangoon-8-lor-lew-lian"",""SearchValue"":""8 LOR LEW LIAN SINGAPORE"",""Status"":""HistoricalFirstHit"",""Postal"":""531008"",""UpdatedAt"":""2026-05-24T11:11:16.828Z""}","[{""ObjectId"":944316,""EntityId"":194,""Block"":""8"",""PostalCode"":""531008""}]","{""Latitude"":1.3489029982,""Longitude"":103.8767170928}"
TAMPINES,390,TAMPINES AVE 7,10,Unmatched,NormalizedAddress,Missing,BlockApproximation,NewLocatedPublic,[6477],"{""520390"":{""d_8575e84912df3c28995b8e6e0e05205a"":[159822],""d_c0650f23e94c42e7a20921f4c5b75c24"":[123776],""d_acbc938ec77af18f94cecc4a7c9ec720"":[39875],""d_124a9bd407c7a25f8335b93b86e50fdd"":[75404,75480],""d_4526d47d6714d3b052eed4a30b8b1ed6"":[62973],""d_85518d970b8178975850457f60f1e738"":[24574,55162],""d_5573b0db0575db32190a2ad27919a7aa"":[23862],""d_a2141adf93ec2a3c2ec2837b78d6d46e"":[13064,92999],""d_9af9317c646a1c881bb5591c91817cc6"":[110564,114536],""d_67e99e6eabc4aad9b5d48663b579746a"":[49926],""d_181005ca270b45408b4cdfc954980ca2"":[79312],""d_4130f1d9d365d9f1633536e959f62bb7"":[9597],""d_2b8c54b2a490d2fa36b925289e5d9572"":[61634],""d_df7d2d661c0c11a7c367c9ee4bf896c1"":[214643],""d_72f37e5c5d192951ddc5513c2b134482"":[131936],""d_e97e8e7fc55b85a38babf66b0fa46b73"":[28836],""d_af2042c77ffaf0db5d75561ce9ef5688"":[56811],""d_1cd970d8351b42be4a308d628a6dd9d3"":[8940,12506]}}",,"[{""ObjectId"":937264,""EntityId"":5956,""Block"":""390"",""PostalCode"":""520390""}]","{""Latitude"":1.3562283034,""Longitude"":103.9577561082}"
TAMPINES,392,TAMPINES AVE 7,14,Unmatched,NormalizedAddress,Missing,BlockApproximation,NewLocatedPublic,[6485],"{""520392"":{""d_8575e84912df3c28995b8e6e0e05205a"":[42936,113573,131830,157010],""d_c0650f23e94c42e7a20921f4c5b75c24"":[131990],""d_acbc938ec77af18f94cecc4a7c9ec720"":[62294,64242],""d_124a9bd407c7a25f8335b93b86e50fdd"":[25525,25558,76502],""d_b58303c68e9cf0d2ae93b73ffdbfbfa1"":[69884],""d_fa2ed456cf2b8597bb7e064b08fc3c7c"":[22312,82197,91316],""d_85518d970b8178975850457f60f1e738"":[22618,26454,33320,51797],""d_478f45a9c541cbe679ca55d1cd2b970b"":[23324,56778,60500],""d_a2141adf93ec2a3c2ec2837b78d6d46e"":[20060,83823],""d_9af9317c646a1c881bb5591c91817cc6"":[105484],""d_67e99e6eabc4aad9b5d48663b579746a"":[58784],""d_300ddc8da4e8f7bdc1bfc62d0d99e2e7"":[20690],""d_2b8c54b2a490d2fa36b925289e5d9572"":[68981],""d_df7d2d661c0c11a7c367c9ee4bf896c1"":[128314,207812,216317,221246,228578],""d_72f37e5c5d192951ddc5513c2b134482"":[102068,105266,121832],""d_e97e8e7fc55b85a38babf66b0fa46b73"":[33357],""d_af2042c77ffaf0db5d75561ce9ef5688"":[5171],""d_4e3db8955fdcda6f9944097bef3d2724"":[16528]}}",,"[{""ObjectId"":947822,""EntityId"":3020,""Block"":""392"",""PostalCode"":""520392""}]","{""Latitude"":1.3553923308,""Longitude"":103.9574738161}"
TAMPINES,396,TAMPINES AVE 7,12,NormalizedAddress,NormalizedAddress,BlockApproximation,BlockApproximation,AgreeingProvenanceAddition,[6497],"{""520396"":{""d_8575e84912df3c28995b8e6e0e05205a"":[115217,144825],""d_3a3807c023c61ddfba947dc069eb53f2"":[82575],""d_c0650f23e94c42e7a20921f4c5b75c24"":[42039,62817,139527],""d_124a9bd407c7a25f8335b93b86e50fdd"":[80316],""d_fa2ed456cf2b8597bb7e064b08fc3c7c"":[71177],""d_478f45a9c541cbe679ca55d1cd2b970b"":[60005],""d_9af9317c646a1c881bb5591c91817cc6"":[43630,100465],""d_181005ca270b45408b4cdfc954980ca2"":[60030,93255],""d_2b8c54b2a490d2fa36b925289e5d9572"":[50157,65503],""d_df7d2d661c0c11a7c367c9ee4bf896c1"":[195963,209646],""d_72f37e5c5d192951ddc5513c2b134482"":[130161],""d_af2042c77ffaf0db5d75561ce9ef5688"":[52193],""d_31af23fdb79119ed185c256f03cb5773"":[33025]}}",,"[{""ObjectId"":939287,""EntityId"":4788,""Block"":""396"",""PostalCode"":""520396""}]","{""Latitude"":1.3557445716,""Longitude"":103.9565485807}"
TAMPINES,460,TAMPINES ST 42,15,Unmatched,NormalizedAddress,Missing,BlockApproximation,NewLocatedHistorical,[7792],{},"{""CacheKey"":""tampines-460-tampines-st-42"",""SearchValue"":""460 TAMPINES ST 42 SINGAPORE"",""Status"":""HistoricalFirstHit"",""Postal"":""520460"",""UpdatedAt"":""2026-05-24T11:09:41.329Z""}","[{""ObjectId"":941144,""EntityId"":11056287,""Block"":""460"",""PostalCode"":""520460""}]","{""Latitude"":1.3581472371,""Longitude"":103.9550047498}"
TAMPINES,491A,TAMPINES AVE 9,14,NormalizedAddress,NormalizedAddress,BlockApproximation,BlockApproximation,AgreeingProvenanceAddition,[8295],"{""520491"":{""d_8575e84912df3c28995b8e6e0e05205a"":[135619,146849],""d_3a3807c023c61ddfba947dc069eb53f2"":[79257],""d_c0650f23e94c42e7a20921f4c5b75c24"":[114055,119833],""d_b58303c68e9cf0d2ae93b73ffdbfbfa1"":[78869,82022],""d_478f45a9c541cbe679ca55d1cd2b970b"":[36939],""d_a2141adf93ec2a3c2ec2837b78d6d46e"":[75827],""d_df7d2d661c0c11a7c367c9ee4bf896c1"":[197854],""d_72f37e5c5d192951ddc5513c2b134482"":[132152]}}",,"[{""ObjectId"":943011,""EntityId"":7325,""Block"":""491A"",""PostalCode"":""520491""}]","{""Latitude"":1.362564376,""Longitude"":103.9537849203}"
TAMPINES,522C,TAMPINES CTRL 7,48,Unmatched,NormalizedAddress,Missing,BlockApproximation,NewLocatedPublic,[8865],"{""523522"":{""d_8575e84912df3c28995b8e6e0e05205a"":[74990,167549],""d_c0650f23e94c42e7a20921f4c5b75c24"":[51967],""d_acbc938ec77af18f94cecc4a7c9ec720"":[64223],""d_124a9bd407c7a25f8335b93b86e50fdd"":[22665,24643],""d_4526d47d6714d3b052eed4a30b8b1ed6"":[28338],""d_b58303c68e9cf0d2ae93b73ffdbfbfa1"":[81477,82659],""d_fa2ed456cf2b8597bb7e064b08fc3c7c"":[87000],""d_478f45a9c541cbe679ca55d1cd2b970b"":[40531,63367],""d_5573b0db0575db32190a2ad27919a7aa"":[49611,73870],""d_a2141adf93ec2a3c2ec2837b78d6d46e"":[78831,85226],""d_9af9317c646a1c881bb5591c91817cc6"":[45312,106808],""d_5c4ef48b025fdfbc80056401f06e3df9"":[25739],""d_181005ca270b45408b4cdfc954980ca2"":[92468],""d_df7d2d661c0c11a7c367c9ee4bf896c1"":[186601,207410],""d_72f37e5c5d192951ddc5513c2b134482"":[114327],""d_e97e8e7fc55b85a38babf66b0fa46b73"":[35553],""d_af2042c77ffaf0db5d75561ce9ef5688"":[13252,52106],""d_1cd970d8351b42be4a308d628a6dd9d3"":[1492]}}",,"[{""ObjectId"":948854,""EntityId"":11055742,""Block"":""522C"",""PostalCode"":""523522""}]","{""Latitude"":1.3580462458,""Longitude"":103.9394155186}"
TAMPINES,805,TAMPINES AVE 4,19,NormalizedAddress,NormalizedAddress,BlockApproximation,BlockApproximation,AgreeingProvenanceAddition,[12153],"{""520805"":{""d_8575e84912df3c28995b8e6e0e05205a"":[123,130754,152769,154758,166446,169594],""d_3a3807c023c61ddfba947dc069eb53f2"":[58222],""d_c0650f23e94c42e7a20921f4c5b75c24"":[98347,105914,106654,112144,135839],""d_acbc938ec77af18f94cecc4a7c9ec720"":[62571],""d_85518d970b8178975850457f60f1e738"":[55657],""d_9af9317c646a1c881bb5591c91817cc6"":[93585,109424,115190],""d_181005ca270b45408b4cdfc954980ca2"":[81725,90747],""d_df7d2d661c0c11a7c367c9ee4bf896c1"":[71369,175257],""d_72f37e5c5d192951ddc5513c2b134482"":[89961,116484,119212,123600],""d_0cc5f52a1f298b916f317800251057f3"":[23177],""d_e97e8e7fc55b85a38babf66b0fa46b73"":[34964]}}",,"[{""ObjectId"":937579,""EntityId"":4702,""Block"":""805"",""PostalCode"":""520805""}]","{""Latitude"":1.3461157005,""Longitude"":103.9374014658}"
TAMPINES,808,TAMPINES AVE 4,18,NormalizedAddress,NormalizedAddress,BlockApproximation,BlockApproximation,AgreeingProvenanceAddition,[12180],"{""520808"":{""d_8575e84912df3c28995b8e6e0e05205a"":[149670],""d_3a3807c023c61ddfba947dc069eb53f2"":[83262,91849],""d_c0650f23e94c42e7a20921f4c5b75c24"":[36892],""d_124a9bd407c7a25f8335b93b86e50fdd"":[32760,78640,80444],""d_4526d47d6714d3b052eed4a30b8b1ed6"":[62737],""d_b58303c68e9cf0d2ae93b73ffdbfbfa1"":[74844],""d_85518d970b8178975850457f60f1e738"":[39408],""d_478f45a9c541cbe679ca55d1cd2b970b"":[49009,49010,53288,58044,67909],""d_9af9317c646a1c881bb5591c91817cc6"":[58193,101105],""d_67e99e6eabc4aad9b5d48663b579746a"":[53334],""d_5c4ef48b025fdfbc80056401f06e3df9"":[37033],""d_300ddc8da4e8f7bdc1bfc62d0d99e2e7"":[18060],""d_181005ca270b45408b4cdfc954980ca2"":[74406],""d_4130f1d9d365d9f1633536e959f62bb7"":[10842],""d_df7d2d661c0c11a7c367c9ee4bf896c1"":[127751,205957,233157],""d_72f37e5c5d192951ddc5513c2b134482"":[20556],""d_e97e8e7fc55b85a38babf66b0fa46b73"":[28943,34664],""d_af2042c77ffaf0db5d75561ce9ef5688"":[15638,50387,51196],""d_31af23fdb79119ed185c256f03cb5773"":[17549]}}",,"[{""ObjectId"":940281,""EntityId"":9530,""Block"":""808"",""PostalCode"":""520808""}]","{""Latitude"":1.3464917994,""Longitude"":103.9360588861}"
TAMPINES,817,TAMPINES ST 81,24,Unmatched,NormalizedAddress,Missing,BlockApproximation,NewLocatedHistorical,[12264],{},"{""CacheKey"":""tampines-817-tampines-st-81"",""SearchValue"":""817 TAMPINES ST 81 SINGAPORE"",""Status"":""HistoricalFirstHit"",""Postal"":""520817"",""UpdatedAt"":""2026-05-24T10:58:49.924Z""}","[{""ObjectId"":940590,""EntityId"":9206,""Block"":""817"",""PostalCode"":""520817""}]","{""Latitude"":1.3476271716,""Longitude"":103.9366922523}"
TAMPINES,828,TAMPINES ST 81,12,Unmatched,NormalizedAddress,Missing,BlockApproximation,NewLocatedHistorical,[12341],{},"{""CacheKey"":""tampines-828-tampines-st-81"",""SearchValue"":""828 TAMPINES ST 81 SINGAPORE"",""Status"":""HistoricalFirstHit"",""Postal"":""520828"",""UpdatedAt"":""2026-05-24T10:31:37.119Z""}","[{""ObjectId"":937759,""EntityId"":894,""Block"":""828"",""PostalCode"":""520828""}]","{""Latitude"":1.3489590457,""Longitude"":103.9348336049}"
TAMPINES,906,TAMPINES AVE 4,4,Unmatched,NormalizedAddress,Missing,BlockApproximation,NewLocatedPublic,[12871],"{""520906"":{""d_8575e84912df3c28995b8e6e0e05205a"":[131395],""d_4526d47d6714d3b052eed4a30b8b1ed6"":[28491],""d_9af9317c646a1c881bb5591c91817cc6"":[117399],""d_67e99e6eabc4aad9b5d48663b579746a"":[54122],""d_181005ca270b45408b4cdfc954980ca2"":[34258,82114],""d_e97e8e7fc55b85a38babf66b0fa46b73"":[11982]}}",,"[{""ObjectId"":940879,""EntityId"":5040,""Block"":""906"",""PostalCode"":""520906""}]","{""Latitude"":1.3504596775,""Longitude"":103.9399437253}"
TOA PAYOH,106,POTONG PASIR AVE 1,9,Unmatched,NormalizedAddress,Missing,BlockApproximation,NewLocatedPublic,[327],"{""350106"":{""d_8575e84912df3c28995b8e6e0e05205a"":[97447,149464],""d_b58303c68e9cf0d2ae93b73ffdbfbfa1"":[14379],""d_85518d970b8178975850457f60f1e738"":[54509],""d_9af9317c646a1c881bb5591c91817cc6"":[91548],""d_5c4ef48b025fdfbc80056401f06e3df9"":[36493],""d_300ddc8da4e8f7bdc1bfc62d0d99e2e7"":[20602],""d_df7d2d661c0c11a7c367c9ee4bf896c1"":[216015,216232],""d_72f37e5c5d192951ddc5513c2b134482"":[34020],""d_e97e8e7fc55b85a38babf66b0fa46b73"":[32046]}}",,"[{""ObjectId"":940750,""EntityId"":3566,""Block"":""106"",""PostalCode"":""350106""}]","{""Latitude"":1.3341010908,""Longitude"":103.8681724144}"
TOA PAYOH,114,POTONG PASIR AVE 1,26,NormalizedAddress,NormalizedAddress,BlockApproximation,BlockApproximation,AgreeingProvenanceAddition,[680],"{""350114"":{""d_8575e84912df3c28995b8e6e0e05205a"":[142343,148227,150005,151621,161335],""d_3a3807c023c61ddfba947dc069eb53f2"":[18576,69946,75487,76659],""d_c0650f23e94c42e7a20921f4c5b75c24"":[80329,93692,99587,114640,128694,133213],""d_acbc938ec77af18f94cecc4a7c9ec720"":[55179,68089],""d_4526d47d6714d3b052eed4a30b8b1ed6"":[66820],""d_fa2ed456cf2b8597bb7e064b08fc3c7c"":[22175,44042,73153,77041,80321],""d_478f45a9c541cbe679ca55d1cd2b970b"":[26465,40109,55534,64243],""d_5573b0db0575db32190a2ad27919a7aa"":[32630,46128,53380],""d_a2141adf93ec2a3c2ec2837b78d6d46e"":[69260,81683,83900],""d_67e99e6eabc4aad9b5d48663b579746a"":[52615,52748],""d_300ddc8da4e8f7bdc1bfc62d0d99e2e7"":[3298],""d_181005ca270b45408b4cdfc954980ca2"":[93491],""d_2b8c54b2a490d2fa36b925289e5d9572"":[19698,63821],""d_df7d2d661c0c11a7c367c9ee4bf896c1"":[89638,104992,176374,186994,189340,216350,218917],""d_72f37e5c5d192951ddc5513c2b134482"":[76499,79679,104734,122817,135683],""d_e97e8e7fc55b85a38babf66b0fa46b73"":[11406,28368,35696],""d_af2042c77ffaf0db5d75561ce9ef5688"":[31024,54018],""d_1cd970d8351b42be4a308d628a6dd9d3"":[6094],""d_31af23fdb79119ed185c256f03cb5773"":[4976,36677],""d_4e3db8955fdcda6f9944097bef3d2724"":[12759]}}",,"[{""ObjectId"":944712,""EntityId"":11737,""Block"":""114"",""PostalCode"":""350114""}]","{""Latitude"":1.3369412201,""Longitude"":103.8633063723}"
TOA PAYOH,115C,ALKAFF CRES,23,Unmatched,NormalizedAddress,Missing,BlockApproximation,NewLocatedHistorical,[735],{},"{""CacheKey"":""toa-payoh-115c-alkaff-cres"",""SearchValue"":""115C ALKAFF CRES SINGAPORE"",""Status"":""HistoricalFirstHit"",""Postal"":""343115"",""UpdatedAt"":""2026-05-24T11:32:59.297Z""}","[{""ObjectId"":939537,""EntityId"":11051313,""Block"":""115C"",""PostalCode"":""343115""}]","{""Latitude"":1.3372056451,""Longitude"":103.8728866337}"
TOA PAYOH,116,LOR 2 TOA PAYOH,69,Unmatched,NormalizedAddress,Missing,BlockApproximation,NewLocatedHistorical,[756],{},"{""CacheKey"":""toa-payoh-116-lor-2-toa-payoh"",""SearchValue"":""116 LOR 2 TOA PAYOH SINGAPORE"",""Status"":""HistoricalFirstHit"",""Postal"":""310116"",""UpdatedAt"":""2026-05-24T10:45:01.808Z""}","[{""ObjectId"":942279,""EntityId"":4282,""Block"":""116"",""PostalCode"":""310116""}]","{""Latitude"":1.3404769434,""Longitude"":103.8461363144}"
TOA PAYOH,117,POTONG PASIR AVE 1,38,NormalizedAddress,NormalizedAddress,BlockApproximation,BlockApproximation,AgreeingProvenanceAddition,[799],"{""350117"":{""d_8575e84912df3c28995b8e6e0e05205a"":[11162,45711,168143],""d_3a3807c023c61ddfba947dc069eb53f2"":[68724,79255,89163],""d_c0650f23e94c42e7a20921f4c5b75c24"":[51300],""d_acbc938ec77af18f94cecc4a7c9ec720"":[57967],""d_124a9bd407c7a25f8335b93b86e50fdd"":[70923,75830,77983],""d_4526d47d6714d3b052eed4a30b8b1ed6"":[56857,67473],""d_b58303c68e9cf0d2ae93b73ffdbfbfa1"":[39168],""d_fa2ed456cf2b8597bb7e064b08fc3c7c"":[78757,80483],""d_85518d970b8178975850457f60f1e738"":[48320],""d_478f45a9c541cbe679ca55d1cd2b970b"":[57711,67444],""d_5573b0db0575db32190a2ad27919a7aa"":[64769,64849],""d_a2141adf93ec2a3c2ec2837b78d6d46e"":[6401,66683,77023],""d_9af9317c646a1c881bb5591c91817cc6"":[59381,106270,108127,119415,123222],""d_181005ca270b45408b4cdfc954980ca2"":[81109,83752,83796,88762],""d_2b8c54b2a490d2fa36b925289e5d9572"":[15641],""d_df7d2d661c0c11a7c367c9ee4bf896c1"":[201288],""d_e97e8e7fc55b85a38babf66b0fa46b73"":[33021],""d_af2042c77ffaf0db5d75561ce9ef5688"":[22331,52942,53039],""d_31af23fdb79119ed185c256f03cb5773"":[33234],""d_4e3db8955fdcda6f9944097bef3d2724"":[17693]}}",,"[{""ObjectId"":942553,""EntityId"":11767,""Block"":""117"",""PostalCode"":""350117""}]","{""Latitude"":1.336205677,""Longitude"":103.8628932143}"
TOA PAYOH,120,POTONG PASIR AVE 1,27,NormalizedAddress,NormalizedAddress,BlockApproximation,BlockApproximation,AgreeingProvenanceAddition,[946],"{""350120"":{""d_8575e84912df3c28995b8e6e0e05205a"":[40906,113838,114228,114828,144301,158877],""d_3a3807c023c61ddfba947dc069eb53f2"":[54870,62933],""d_c0650f23e94c42e7a20921f4c5b75c24"":[5629,90899,94390,95705],""d_acbc938ec77af18f94cecc4a7c9ec720"":[37444,40694,43940,67870],""d_124a9bd407c7a25f8335b93b86e50fdd"":[1048,21005,47208,55928],""d_4526d47d6714d3b052eed4a30b8b1ed6"":[1149,43116],""d_b58303c68e9cf0d2ae93b73ffdbfbfa1"":[28592,79668],""d_fa2ed456cf2b8597bb7e064b08fc3c7c"":[29496,41212,59829,92240],""d_85518d970b8178975850457f60f1e738"":[52467],""d_478f45a9c541cbe679ca55d1cd2b970b"":[6360,32300,36145,42333],""d_5573b0db0575db32190a2ad27919a7aa"":[25462,51219,59362,59553,70071,73550],""d_a2141adf93ec2a3c2ec2837b78d6d46e"":[202,27748,48531,75319,86841,87287],""d_9af9317c646a1c881bb5591c91817cc6"":[112189,123017,123020],""d_67e99e6eabc4aad9b5d48663b579746a"":[24489,35165,38196,40387,52569,53937,55271,57476,60133],""d_5c4ef48b025fdfbc80056401f06e3df9"":[15349,36240],""d_300ddc8da4e8f7bdc1bfc62d0d99e2e7"":[10784,16514,16620,18782,21179],""d_181005ca270b45408b4cdfc954980ca2"":[58827,81489],""d_4130f1d9d365d9f1633536e959f62bb7"":[6693],""d_df7d2d661c0c11a7c367c9ee4bf896c1"":[231,855,46913,135225,144698,147389,173685,180760,218599,221276,222255],""d_72f37e5c5d192951ddc5513c2b134482"":[2306,109260,115481,116994],""d_e97e8e7fc55b85a38babf66b0fa46b73"":[24674,34012,34951],""d_af2042c77ffaf0db5d75561ce9ef5688"":[15733,20314,20837,24051,33866,45240,47059],""d_31af23fdb79119ed185c256f03cb5773"":[3453,18385,22020,31049]}}",,"[{""ObjectId"":943374,""EntityId"":11740,""Block"":""120"",""PostalCode"":""350120""}]","{""Latitude"":1.3356331544,""Longitude"":103.8632574413}"
TOA PAYOH,124,POTONG PASIR AVE 1,6,Unmatched,NormalizedAddress,Missing,BlockApproximation,NewLocatedPublic,[1092],"{""350124"":{""d_c0650f23e94c42e7a20921f4c5b75c24"":[22802],""d_0cc5f52a1f298b916f317800251057f3"":[7106]}}",,"[{""ObjectId"":940244,""EntityId"":1729,""Block"":""124"",""PostalCode"":""350124""}]","{""Latitude"":1.3353208974,""Longitude"":103.8654515841}"
TOA PAYOH,128,POTONG PASIR AVE 1,3,Unmatched,NormalizedAddress,Missing,BlockApproximation,NewLocatedPublic,[1216],"{""350128"":{""d_c0650f23e94c42e7a20921f4c5b75c24"":[51070,121900,127778],""d_acbc938ec77af18f94cecc4a7c9ec720"":[66919],""d_fa2ed456cf2b8597bb7e064b08fc3c7c"":[87932],""d_478f45a9c541cbe679ca55d1cd2b970b"":[53520],""d_a2141adf93ec2a3c2ec2837b78d6d46e"":[79717],""d_5c4ef48b025fdfbc80056401f06e3df9"":[38147],""d_df7d2d661c0c11a7c367c9ee4bf896c1"":[51317,84806],""d_0cc5f52a1f298b916f317800251057f3"":[24167],""d_af2042c77ffaf0db5d75561ce9ef5688"":[51807,54020]}}",,"[{""ObjectId"":949095,""EntityId"":2176,""Block"":""128"",""PostalCode"":""350128""}]","{""Latitude"":1.3348040373,""Longitude"":103.8658218272}"
TOA PAYOH,143,POTONG PASIR AVE 2,36,NormalizedAddress,NormalizedAddress,BlockApproximation,BlockApproximation,AgreeingProvenanceAddition,[1638],"{""350143"":{""d_8575e84912df3c28995b8e6e0e05205a"":[22458],""d_3a3807c023c61ddfba947dc069eb53f2"":[74369,84574],""d_acbc938ec77af18f94cecc4a7c9ec720"":[64372,64542],""d_124a9bd407c7a25f8335b93b86e50fdd"":[46616,83192],""d_fa2ed456cf2b8597bb7e064b08fc3c7c"":[46392,56270,70123],""d_85518d970b8178975850457f60f1e738"":[55064],""d_478f45a9c541cbe679ca55d1cd2b970b"":[14456,50074],""d_5573b0db0575db32190a2ad27919a7aa"":[35944,53081,66438,72601],""d_a2141adf93ec2a3c2ec2837b78d6d46e"":[795],""d_9af9317c646a1c881bb5591c91817cc6"":[10468,101226],""d_67e99e6eabc4aad9b5d48663b579746a"":[13307,51932,51987],""d_181005ca270b45408b4cdfc954980ca2"":[24700,34890,79595,85468],""d_2b8c54b2a490d2fa36b925289e5d9572"":[6402,54151,70447,70558],""d_df7d2d661c0c11a7c367c9ee4bf896c1"":[66858,195939],""d_e97e8e7fc55b85a38babf66b0fa46b73"":[35029],""d_1cd970d8351b42be4a308d628a6dd9d3"":[2270],""d_31af23fdb79119ed185c256f03cb5773"":[14128,30758]}}",,"[{""ObjectId"":943728,""EntityId"":11191,""Block"":""143"",""PostalCode"":""350143""}]","{""Latitude"":1.3328266441,""Longitude"":103.8661688447}"
TOA PAYOH,145,LOR 2 TOA PAYOH,61,Unmatched,NormalizedAddress,Missing,BlockApproximation,NewLocatedHistorical,[1665],{},"{""CacheKey"":""toa-payoh-145-lor-2-toa-payoh"",""SearchValue"":""145 LOR 2 TOA PAYOH SINGAPORE"",""Status"":""HistoricalFirstHit"",""Postal"":""310145"",""UpdatedAt"":""2026-05-24T10:31:37.119Z""}","[{""ObjectId"":948128,""EntityId"":5095,""Block"":""145"",""PostalCode"":""310145""}]","{""Latitude"":1.335212002,""Longitude"":103.8461694874}"
TOA PAYOH,21,JOO SENG RD,14,Unmatched,NormalizedAddress,Missing,BlockApproximation,NewLocatedHistorical,[3084],{},"{""CacheKey"":""toa-payoh-21-joo-seng-rd"",""SearchValue"":""21 JOO SENG RD SINGAPORE"",""Status"":""HistoricalFirstHit"",""Postal"":""360021"",""UpdatedAt"":""2026-05-24T11:08:03.842Z""}","[{""ObjectId"":940210,""EntityId"":5670,""Block"":""21"",""PostalCode"":""360021""}]","{""Latitude"":1.3341645856,""Longitude"":103.8807188099}"
TOA PAYOH,244,KIM KEAT LINK,13,Unmatched,ExactAddress,Missing,BlockApproximation,NewLocatedPublic,[3937],"{""310244"":{""d_8575e84912df3c28995b8e6e0e05205a"":[21112],""d_acbc938ec77af18f94cecc4a7c9ec720"":[57495],""d_4526d47d6714d3b052eed4a30b8b1ed6"":[7859],""d_fa2ed456cf2b8597bb7e064b08fc3c7c"":[12885,69624],""d_85518d970b8178975850457f60f1e738"":[45257],""d_9af9317c646a1c881bb5591c91817cc6"":[122097],""d_67e99e6eabc4aad9b5d48663b579746a"":[50337,59192],""d_300ddc8da4e8f7bdc1bfc62d0d99e2e7"":[19560],""d_181005ca270b45408b4cdfc954980ca2"":[44610],""d_4130f1d9d365d9f1633536e959f62bb7"":[1615],""d_2b8c54b2a490d2fa36b925289e5d9572"":[62248],""d_df7d2d661c0c11a7c367c9ee4bf896c1"":[60765,210624,211458],""d_72f37e5c5d192951ddc5513c2b134482"":[108605,111377]}}",,"[{""ObjectId"":936451,""EntityId"":6552,""Block"":""244"",""PostalCode"":""310244""}]","{""Latitude"":1.3306954446,""Longitude"":103.8563597641}"
WOODLANDS,124,MARSILING RISE,13,Unmatched,ExactAddress,Missing,BlockApproximation,NewLocatedPublic,[1087],"{""730124"":{""d_8575e84912df3c28995b8e6e0e05205a"":[34617,145695,160058],""d_c0650f23e94c42e7a20921f4c5b75c24"":[22266,108511,126151,126863],""d_124a9bd407c7a25f8335b93b86e50fdd"":[36566,75204,83183],""d_4526d47d6714d3b052eed4a30b8b1ed6"":[24757,58767,63954],""d_b58303c68e9cf0d2ae93b73ffdbfbfa1"":[73569],""d_fa2ed456cf2b8597bb7e064b08fc3c7c"":[93693],""d_85518d970b8178975850457f60f1e738"":[53842],""d_5573b0db0575db32190a2ad27919a7aa"":[30867],""d_a2141adf93ec2a3c2ec2837b78d6d46e"":[73773,88583],""d_9af9317c646a1c881bb5591c91817cc6"":[15106,16565,17082,17772,18475,20678,96706,107648,107731,113609],""d_67e99e6eabc4aad9b5d48663b579746a"":[48101],""d_300ddc8da4e8f7bdc1bfc62d0d99e2e7"":[19364],""d_181005ca270b45408b4cdfc954980ca2"":[93137],""d_4130f1d9d365d9f1633536e959f62bb7"":[10362,10883],""d_2b8c54b2a490d2fa36b925289e5d9572"":[45402],""d_df7d2d661c0c11a7c367c9ee4bf896c1"":[163770],""d_72f37e5c5d192951ddc5513c2b134482"":[117571],""d_e97e8e7fc55b85a38babf66b0fa46b73"":[38228],""d_af2042c77ffaf0db5d75561ce9ef5688"":[21627,21697],""d_4e3db8955fdcda6f9944097bef3d2724"":[17300]}}",,"[{""ObjectId"":939761,""EntityId"":8205,""Block"":""124"",""PostalCode"":""730124""}]","{""Latitude"":1.4388323976,""Longitude"":103.7793881908}"
WOODLANDS,129,MARSILING RISE,38,Unmatched,ExactAddress,Missing,BlockApproximation,NewLocatedPublic,[1245],"{""730129"":{""d_8575e84912df3c28995b8e6e0e05205a"":[17793,134745,155545,159241,159838,165493],""d_c0650f23e94c42e7a20921f4c5b75c24"":[67256,122490],""d_acbc938ec77af18f94cecc4a7c9ec720"":[54092],""d_124a9bd407c7a25f8335b93b86e50fdd"":[63444,67052,72036],""d_b58303c68e9cf0d2ae93b73ffdbfbfa1"":[77065],""d_fa2ed456cf2b8597bb7e064b08fc3c7c"":[62278],""d_478f45a9c541cbe679ca55d1cd2b970b"":[53499],""d_a2141adf93ec2a3c2ec2837b78d6d46e"":[77690,82986,86863],""d_9af9317c646a1c881bb5591c91817cc6"":[33955,98681,101031,105076,106907],""d_5c4ef48b025fdfbc80056401f06e3df9"":[37332],""d_181005ca270b45408b4cdfc954980ca2"":[81837,96215],""d_df7d2d661c0c11a7c367c9ee4bf896c1"":[185124],""d_72f37e5c5d192951ddc5513c2b134482"":[18880,49404],""d_e97e8e7fc55b85a38babf66b0fa46b73"":[31209],""d_af2042c77ffaf0db5d75561ce9ef5688"":[12003],""d_1cd970d8351b42be4a308d628a6dd9d3"":[11892],""d_4e3db8955fdcda6f9944097bef3d2724"":[14208]}}",,"[{""ObjectId"":941331,""EntityId"":8712,""Block"":""129"",""PostalCode"":""730129""}]","{""Latitude"":1.4378072988,""Longitude"":103.7787013109}"
WOODLANDS,19,MARSILING LANE,18,ExactAddress,ExactAddress,BlockApproximation,BlockApproximation,AgreeingProvenanceAddition,[2621],"{""730019"":{""d_8575e84912df3c28995b8e6e0e05205a"":[418,93657,93943,95967,99490,109327,137169,147443,153676,165793,170063],""d_3a3807c023c61ddfba947dc069eb53f2"":[437,554,48452,57610,69200,78586],""d_c0650f23e94c42e7a20921f4c5b75c24"":[2649,2933,25313,61394,67395,69523,71983,76076,88153,99097,125929,127247,132785,134899],""d_acbc938ec77af18f94cecc4a7c9ec720"":[36867,48698,65192],""d_124a9bd407c7a25f8335b93b86e50fdd"":[65664,73792,74202],""d_b58303c68e9cf0d2ae93b73ffdbfbfa1"":[20805,56633],""d_fa2ed456cf2b8597bb7e064b08fc3c7c"":[70170,78035,82646],""d_85518d970b8178975850457f60f1e738"":[33227],""d_478f45a9c541cbe679ca55d1cd2b970b"":[5137,35226,43222],""d_5573b0db0575db32190a2ad27919a7aa"":[69819],""d_a2141adf93ec2a3c2ec2837b78d6d46e"":[803],""d_9af9317c646a1c881bb5591c91817cc6"":[11413,69641,79496,92799,92946,95325,100613],""d_67e99e6eabc4aad9b5d48663b579746a"":[371,33860,52742,55689],""d_5c4ef48b025fdfbc80056401f06e3df9"":[25,1704,25483],""d_300ddc8da4e8f7bdc1bfc62d0d99e2e7"":[15370,15556,20645],""d_181005ca270b45408b4cdfc954980ca2"":[50770,86756],""d_2b8c54b2a490d2fa36b925289e5d9572"":[12467,48708,65037,67829],""d_df7d2d661c0c11a7c367c9ee4bf896c1"":[1220,123557,131224,151324,156829,160357,165410,172468,189833,193113,197185],""d_72f37e5c5d192951ddc5513c2b134482"":[522,807,1543,45333,55520,77894,88804,92078,99110,100650,101499,104927,109945,116336,130621],""d_0cc5f52a1f298b916f317800251057f3"":[17683,20791],""d_e97e8e7fc55b85a38babf66b0fa46b73"":[36084],""d_af2042c77ffaf0db5d75561ce9ef5688"":[161,285,17696,27729,37087,47464],""d_1cd970d8351b42be4a308d628a6dd9d3"":[1696],""d_31af23fdb79119ed185c256f03cb5773"":[10775,35309]}}",,"[{""ObjectId"":945724,""EntityId"":8146,""Block"":""19"",""PostalCode"":""730019""}]","{""Latitude"":1.4432575354,""Longitude"":103.7773871206}"
WOODLANDS,325,WOODLANDS ST 32,29,Unmatched,NormalizedAddress,Missing,BlockApproximation,NewLocatedHistorical,[5554],{},"{""CacheKey"":""woodlands-325-woodlands-st-32"",""SearchValue"":""325 WOODLANDS ST 32 SINGAPORE"",""Status"":""HistoricalFirstHit"",""Postal"":""730325"",""UpdatedAt"":""2026-05-24T11:12:56.744Z""}","[{""ObjectId"":936615,""EntityId"":3057,""Block"":""325"",""PostalCode"":""730325""}]","{""Latitude"":1.4308505776,""Longitude"":103.7795177203}"
WOODLANDS,572A,WOODLANDS AVE 1,31,NormalizedAddress,NormalizedAddress,BlockApproximation,BlockApproximation,AgreeingProvenanceAddition,[9465],"{""731572"":{""d_8575e84912df3c28995b8e6e0e05205a"":[47391,53166,81072,144461,149615,150537],""d_3a3807c023c61ddfba947dc069eb53f2"":[38987,43902,85471,88785],""d_acbc938ec77af18f94cecc4a7c9ec720"":[67716],""d_124a9bd407c7a25f8335b93b86e50fdd"":[15240],""d_fa2ed456cf2b8597bb7e064b08fc3c7c"":[22341,75889,88538],""d_85518d970b8178975850457f60f1e738"":[53041],""d_a2141adf93ec2a3c2ec2837b78d6d46e"":[75056,81851],""d_67e99e6eabc4aad9b5d48663b579746a"":[53697],""d_4130f1d9d365d9f1633536e959f62bb7"":[2619],""d_df7d2d661c0c11a7c367c9ee4bf896c1"":[41898,209888],""d_72f37e5c5d192951ddc5513c2b134482"":[131200],""d_e97e8e7fc55b85a38babf66b0fa46b73"":[32991,32998],""d_af2042c77ffaf0db5d75561ce9ef5688"":[56017],""d_1cd970d8351b42be4a308d628a6dd9d3"":[10813]}}",,"[{""ObjectId"":938238,""EntityId"":11255,""Block"":""572A"",""PostalCode"":""731572""}]","{""Latitude"":1.4309674763,""Longitude"":103.7895546501}"
WOODLANDS,626,WOODLANDS AVE 6,23,NormalizedAddress,NormalizedAddress,BlockApproximation,BlockApproximation,AgreeingProvenanceAddition,[10114],"{""730626"":{""d_8575e84912df3c28995b8e6e0e05205a"":[117855,147276,164513],""d_3a3807c023c61ddfba947dc069eb53f2"":[83707],""d_acbc938ec77af18f94cecc4a7c9ec720"":[53836,67420],""d_b58303c68e9cf0d2ae93b73ffdbfbfa1"":[20734,69016],""d_fa2ed456cf2b8597bb7e064b08fc3c7c"":[81087,82833,85471],""d_478f45a9c541cbe679ca55d1cd2b970b"":[61059],""d_67e99e6eabc4aad9b5d48663b579746a"":[17374,51378,55162],""d_5c4ef48b025fdfbc80056401f06e3df9"":[40014],""d_df7d2d661c0c11a7c367c9ee4bf896c1"":[28127,212526,218950,221846,228711],""d_0cc5f52a1f298b916f317800251057f3"":[12113],""d_e97e8e7fc55b85a38babf66b0fa46b73"":[31275,33104],""d_af2042c77ffaf0db5d75561ce9ef5688"":[44690],""d_4e3db8955fdcda6f9944097bef3d2724"":[4346]}}",,"[{""ObjectId"":943416,""EntityId"":1942,""Block"":""626"",""PostalCode"":""730626""}]","{""Latitude"":1.4336944844,""Longitude"":103.8006803524}"
WOODLANDS,732,WOODLANDS CIRCLE,17,ExactAddress,ExactAddress,BlockApproximation,BlockApproximation,AgreeingProvenanceAddition,[11582],"{""730732"":{""d_8575e84912df3c28995b8e6e0e05205a"":[45162,159385],""d_3a3807c023c61ddfba947dc069eb53f2"":[46132,77358,89312],""d_c0650f23e94c42e7a20921f4c5b75c24"":[52283,98196,123576],""d_acbc938ec77af18f94cecc4a7c9ec720"":[64893],""d_124a9bd407c7a25f8335b93b86e50fdd"":[16683],""d_4526d47d6714d3b052eed4a30b8b1ed6"":[30068,66785],""d_b58303c68e9cf0d2ae93b73ffdbfbfa1"":[30075],""d_5573b0db0575db32190a2ad27919a7aa"":[13823,15060],""d_a2141adf93ec2a3c2ec2837b78d6d46e"":[79607,81057,83984,88715],""d_9af9317c646a1c881bb5591c91817cc6"":[60618],""d_67e99e6eabc4aad9b5d48663b579746a"":[56957],""d_181005ca270b45408b4cdfc954980ca2"":[36398],""d_4130f1d9d365d9f1633536e959f62bb7"":[11187],""d_2b8c54b2a490d2fa36b925289e5d9572"":[25020],""d_df7d2d661c0c11a7c367c9ee4bf896c1"":[205199,225704,225803,228010],""d_72f37e5c5d192951ddc5513c2b134482"":[121038,126048,133582],""d_0cc5f52a1f298b916f317800251057f3"":[8280]}}",,"[{""ObjectId"":944283,""EntityId"":5927,""Block"":""732"",""PostalCode"":""730732""}]","{""Latitude"":1.4432741745,""Longitude"":103.798291754}"
WOODLANDS,740,WOODLANDS CIRCLE,29,Unmatched,ExactAddress,Missing,BlockApproximation,NewLocatedPublic,[11640],"{""730740"":{""d_8575e84912df3c28995b8e6e0e05205a"":[77536,161788],""d_c0650f23e94c42e7a20921f4c5b75c24"":[100571,113908,129414,130893],""d_acbc938ec77af18f94cecc4a7c9ec720"":[57308,65492],""d_4526d47d6714d3b052eed4a30b8b1ed6"":[17645,51458,57851,63269],""d_b58303c68e9cf0d2ae93b73ffdbfbfa1"":[76779],""d_fa2ed456cf2b8597bb7e064b08fc3c7c"":[60999],""d_478f45a9c541cbe679ca55d1cd2b970b"":[15905,20490,25313,59788],""d_5573b0db0575db32190a2ad27919a7aa"":[59671],""d_a2141adf93ec2a3c2ec2837b78d6d46e"":[30010],""d_9af9317c646a1c881bb5591c91817cc6"":[11654],""d_5c4ef48b025fdfbc80056401f06e3df9"":[34281,37390],""d_300ddc8da4e8f7bdc1bfc62d0d99e2e7"":[19899],""d_181005ca270b45408b4cdfc954980ca2"":[95903],""d_2b8c54b2a490d2fa36b925289e5d9572"":[49462],""d_df7d2d661c0c11a7c367c9ee4bf896c1"":[200184,204431,210093],""d_72f37e5c5d192951ddc5513c2b134482"":[91741,128315,134739],""d_31af23fdb79119ed185c256f03cb5773"":[3898]}}",,"[{""ObjectId"":937778,""EntityId"":11186,""Block"":""740"",""PostalCode"":""730740""}]","{""Latitude"":1.4445718171,""Longitude"":103.7962981811}"
WOODLANDS,780A,WOODLANDS CRES,68,Unmatched,NormalizedAddress,Missing,BlockApproximation,NewLocatedHistorical,[11933],{},"{""CacheKey"":""woodlands-780a-woodlands-cres"",""SearchValue"":""780A WOODLANDS CRES SINGAPORE"",""Status"":""HistoricalFirstHit"",""Postal"":""731780"",""UpdatedAt"":""2026-05-24T11:25:10.925Z""}","[{""ObjectId"":936359,""EntityId"":9244,""Block"":""780A"",""PostalCode"":""731780""}]","{""Latitude"":1.4488097834,""Longitude"":103.8007708166}"
WOODLANDS,783D,WOODLANDS RISE,25,Unmatched,ExactAddress,Missing,BlockApproximation,NewLocatedPublic,[11964],"{""734783"":{""d_8575e84912df3c28995b8e6e0e05205a"":[44263],""d_c0650f23e94c42e7a20921f4c5b75c24"":[126644,128787],""d_124a9bd407c7a25f8335b93b86e50fdd"":[25865,81089],""d_478f45a9c541cbe679ca55d1cd2b970b"":[21686,62649,67729],""d_a2141adf93ec2a3c2ec2837b78d6d46e"":[87061,89593],""d_9af9317c646a1c881bb5591c91817cc6"":[105618,112346],""d_67e99e6eabc4aad9b5d48663b579746a"":[55123],""d_5c4ef48b025fdfbc80056401f06e3df9"":[31706],""d_181005ca270b45408b4cdfc954980ca2"":[91884],""d_4130f1d9d365d9f1633536e959f62bb7"":[4706],""d_2b8c54b2a490d2fa36b925289e5d9572"":[64983],""d_df7d2d661c0c11a7c367c9ee4bf896c1"":[67480,201335,220300,223178,224301],""d_72f37e5c5d192951ddc5513c2b134482"":[127252,127361,130632],""d_e97e8e7fc55b85a38babf66b0fa46b73"":[19358,35731,36994],""d_af2042c77ffaf0db5d75561ce9ef5688"":[52706]}}",,"[{""ObjectId"":944686,""EntityId"":11052529,""Block"":""783D"",""PostalCode"":""734783""}]","{""Latitude"":1.4470165575,""Longitude"":103.8034650046}"
WOODLANDS,853,WOODLANDS ST 83,25,Unmatched,NormalizedAddress,Missing,BlockApproximation,NewLocatedHistorical,[12516],{},"{""CacheKey"":""woodlands-853-woodlands-st-83"",""SearchValue"":""853 WOODLANDS ST 83 SINGAPORE"",""Status"":""HistoricalFirstHit"",""Postal"":""730853"",""UpdatedAt"":""2026-05-24T10:58:49.924Z""}","[{""ObjectId"":947818,""EntityId"":12794,""Block"":""853"",""PostalCode"":""730853""}]","{""Latitude"":1.4394285465,""Longitude"":103.7930991667}"
WOODLANDS,861,WOODLANDS ST 83,18,Unmatched,NormalizedAddress,Missing,BlockApproximation,NewLocatedHistorical,[12583],{},"{""CacheKey"":""woodlands-861-woodlands-st-83"",""SearchValue"":""861 WOODLANDS ST 83 SINGAPORE"",""Status"":""HistoricalFirstHit"",""Postal"":""730861"",""UpdatedAt"":""2026-05-24T11:06:29.933Z""}","[{""ObjectId"":947875,""EntityId"":12795,""Block"":""861"",""PostalCode"":""730861""}]","{""Latitude"":1.4396474504,""Longitude"":103.7950744704}"
YISHUN,160,YISHUN ST 11,26,Unmatched,NormalizedAddress,Missing,BlockApproximation,NewLocatedHistorical,[2008],{},"{""CacheKey"":""yishun-160-yishun-st-11"",""SearchValue"":""160 YISHUN ST 11 SINGAPORE"",""Status"":""HistoricalFirstHit"",""Postal"":""760160"",""UpdatedAt"":""2026-05-24T10:33:13.729Z""}","[{""ObjectId"":947613,""EntityId"":1324,""Block"":""160"",""PostalCode"":""760160""}]","{""Latitude"":1.4324174766,""Longitude"":103.8333412207}"
YISHUN,233,YISHUN ST 21,12,Unmatched,NormalizedAddress,Missing,BlockApproximation,NewLocatedHistorical,[3742],{},"{""CacheKey"":""yishun-233-yishun-st-21"",""SearchValue"":""233 YISHUN ST 21 SINGAPORE"",""Status"":""HistoricalFirstHit"",""Postal"":""760233"",""UpdatedAt"":""2026-05-24T10:45:01.808Z""}","[{""ObjectId"":937640,""EntityId"":1149,""Block"":""233"",""PostalCode"":""760233""}]","{""Latitude"":1.4349331095,""Longitude"":103.8381451502}"
YISHUN,243,YISHUN RING RD,26,Unmatched,NormalizedAddress,Missing,BlockApproximation,NewLocatedHistorical,[3927],{},"{""CacheKey"":""yishun-243-yishun-ring-rd"",""SearchValue"":""243 YISHUN RING RD SINGAPORE"",""Status"":""HistoricalFirstHit"",""Postal"":""760243"",""UpdatedAt"":""2026-05-24T10:55:42.221Z""}","[{""ObjectId"":936252,""EntityId"":1308,""Block"":""243"",""PostalCode"":""760243""}]","{""Latitude"":1.4336344663,""Longitude"":103.8406271487}"
YISHUN,283,YISHUN AVE 6,28,NormalizedAddress,NormalizedAddress,BlockApproximation,BlockApproximation,AgreeingProvenanceAddition,[4659],"{""760283"":{""d_8575e84912df3c28995b8e6e0e05205a"":[17786,55238,74971,79068,81527,83821,134739,140423,155405,164088,164735],""d_3a3807c023c61ddfba947dc069eb53f2"":[72293,80558,84663,91241],""d_c0650f23e94c42e7a20921f4c5b75c24"":[51562,115984,124969,132084,132213,134723,135481],""d_124a9bd407c7a25f8335b93b86e50fdd"":[74802,79970],""d_b58303c68e9cf0d2ae93b73ffdbfbfa1"":[41985,77055],""d_85518d970b8178975850457f60f1e738"":[27666,56780],""d_478f45a9c541cbe679ca55d1cd2b970b"":[54012,57174,64953],""d_5573b0db0575db32190a2ad27919a7aa"":[69615,76624],""d_a2141adf93ec2a3c2ec2837b78d6d46e"":[76905,83635],""d_9af9317c646a1c881bb5591c91817cc6"":[51772],""d_67e99e6eabc4aad9b5d48663b579746a"":[17163,51263,52762],""d_5c4ef48b025fdfbc80056401f06e3df9"":[35173,40137],""d_300ddc8da4e8f7bdc1bfc62d0d99e2e7"":[17532],""d_181005ca270b45408b4cdfc954980ca2"":[85411,86837],""d_2b8c54b2a490d2fa36b925289e5d9572"":[66798,68362],""d_df7d2d661c0c11a7c367c9ee4bf896c1"":[132995,137244,146835,199385,203531,206072],""d_72f37e5c5d192951ddc5513c2b134482"":[103010,116136,122573,131675,133277,133646],""d_e97e8e7fc55b85a38babf66b0fa46b73"":[26277],""d_31af23fdb79119ed185c256f03cb5773"":[7965,28677]}}",,"[{""ObjectId"":936245,""EntityId"":1332,""Block"":""283"",""PostalCode"":""760283""}]","{""Latitude"":1.439408104,""Longitude"":103.8390543896}"
YISHUN,316B,YISHUN AVE 9,44,Unmatched,NormalizedAddress,Missing,BlockApproximation,NewLocatedPublic,[5347],"{""762316"":{""d_8575e84912df3c28995b8e6e0e05205a"":[151341,154477,163128,169220],""d_acbc938ec77af18f94cecc4a7c9ec720"":[73173],""d_b58303c68e9cf0d2ae93b73ffdbfbfa1"":[76112],""d_85518d970b8178975850457f60f1e738"":[47437,54558],""d_478f45a9c541cbe679ca55d1cd2b970b"":[58468,60076],""d_a2141adf93ec2a3c2ec2837b78d6d46e"":[84339,85475],""d_5c4ef48b025fdfbc80056401f06e3df9"":[39034],""d_181005ca270b45408b4cdfc954980ca2"":[84663,94275],""d_2b8c54b2a490d2fa36b925289e5d9572"":[59289],""d_af2042c77ffaf0db5d75561ce9ef5688"":[43893,57595],""d_31af23fdb79119ed185c256f03cb5773"":[9477]}}",,"[{""ObjectId"":940332,""EntityId"":1557,""Block"":""316B"",""PostalCode"":""762316""}]","{""Latitude"":1.4329254332,""Longitude"":103.8426975909}"
YISHUN,348C,YISHUN AVE 11,49,NormalizedAddress,NormalizedAddress,BlockApproximation,BlockApproximation,AgreeingProvenanceAddition,[5972],"{""763348"":{""d_8575e84912df3c28995b8e6e0e05205a"":[35147],""d_3a3807c023c61ddfba947dc069eb53f2"":[43292,74005],""d_c0650f23e94c42e7a20921f4c5b75c24"":[123515,127267],""d_124a9bd407c7a25f8335b93b86e50fdd"":[18098,37238,78541,79518,82489],""d_4526d47d6714d3b052eed4a30b8b1ed6"":[33783,64998],""d_b58303c68e9cf0d2ae93b73ffdbfbfa1"":[35406],""d_fa2ed456cf2b8597bb7e064b08fc3c7c"":[85225],""d_85518d970b8178975850457f60f1e738"":[52294],""d_478f45a9c541cbe679ca55d1cd2b970b"":[54957],""d_a2141adf93ec2a3c2ec2837b78d6d46e"":[29726,30041],""d_9af9317c646a1c881bb5591c91817cc6"":[105201,114761],""d_72f37e5c5d192951ddc5513c2b134482"":[47939,107590,127980]}}",,"[{""ObjectId"":943019,""EntityId"":1411,""Block"":""348C"",""PostalCode"":""763348""}]","{""Latitude"":1.4271035345,""Longitude"":103.842355193}"
YISHUN,426C,YISHUN AVE 11,27,Unmatched,NormalizedAddress,Missing,BlockApproximation,NewLocatedPublic,[7135],"{""763426"":{""d_acbc938ec77af18f94cecc4a7c9ec720"":[34813],""d_124a9bd407c7a25f8335b93b86e50fdd"":[75345],""d_b58303c68e9cf0d2ae93b73ffdbfbfa1"":[27627,30208,79828],""d_fa2ed456cf2b8597bb7e064b08fc3c7c"":[83353],""d_9af9317c646a1c881bb5591c91817cc6"":[119216],""d_67e99e6eabc4aad9b5d48663b579746a"":[17062],""d_2b8c54b2a490d2fa36b925289e5d9572"":[64215],""d_df7d2d661c0c11a7c367c9ee4bf896c1"":[59923,205980],""d_72f37e5c5d192951ddc5513c2b134482"":[53768,118204],""d_0cc5f52a1f298b916f317800251057f3"":[11706],""d_af2042c77ffaf0db5d75561ce9ef5688"":[53514],""d_31af23fdb79119ed185c256f03cb5773"":[12747],""d_4e3db8955fdcda6f9944097bef3d2724"":[16415]}}",,"[{""ObjectId"":946051,""EntityId"":11055595,""Block"":""426C"",""PostalCode"":""763426""}]","{""Latitude"":1.4227675425,""Longitude"":103.8469625355}"
YISHUN,449,YISHUN RING RD,50,Unmatched,NormalizedAddress,Missing,BlockApproximation,NewLocatedHistorical,[7584],{},"{""CacheKey"":""yishun-449-yishun-ring-rd"",""SearchValue"":""449 YISHUN RING RD SINGAPORE"",""Status"":""HistoricalFirstHit"",""Postal"":""760449"",""UpdatedAt"":""2026-05-24T10:33:13.729Z""}","[{""ObjectId"":942311,""EntityId"":6123,""Block"":""449"",""PostalCode"":""760449""}]","{""Latitude"":1.4226846191,""Longitude"":103.8442477017}"
YISHUN,651,YISHUN AVE 4,22,NormalizedAddress,NormalizedAddress,BlockApproximation,BlockApproximation,AgreeingProvenanceAddition,[10557],"{""760651"":{""d_8575e84912df3c28995b8e6e0e05205a"":[146101,163073],""d_3a3807c023c61ddfba947dc069eb53f2"":[43069],""d_c0650f23e94c42e7a20921f4c5b75c24"":[96968,100767,113153,118835,119483,133472],""d_acbc938ec77af18f94cecc4a7c9ec720"":[57934,67520],""d_124a9bd407c7a25f8335b93b86e50fdd"":[65155,67105,77922],""d_b58303c68e9cf0d2ae93b73ffdbfbfa1"":[75067],""d_fa2ed456cf2b8597bb7e064b08fc3c7c"":[89877],""d_478f45a9c541cbe679ca55d1cd2b970b"":[53847,58153],""d_a2141adf93ec2a3c2ec2837b78d6d46e"":[76581],""d_67e99e6eabc4aad9b5d48663b579746a"":[46167,49333,57091,58321],""d_300ddc8da4e8f7bdc1bfc62d0d99e2e7"":[18292,18766],""d_181005ca270b45408b4cdfc954980ca2"":[86019,96766],""d_2b8c54b2a490d2fa36b925289e5d9572"":[71043],""d_df7d2d661c0c11a7c367c9ee4bf896c1"":[2761,106613,202849,216394],""d_72f37e5c5d192951ddc5513c2b134482"":[93191,107980,119225,130195,131394,135922],""d_e97e8e7fc55b85a38babf66b0fa46b73"":[29331,35460],""d_af2042c77ffaf0db5d75561ce9ef5688"":[48284,51525]}}",,"[{""ObjectId"":945713,""EntityId"":1620,""Block"":""651"",""PostalCode"":""760651""}]","{""Latitude"":1.4234332199,""Longitude"":103.8393179301}"
YISHUN,674B,YISHUN AVE 4,48,Unmatched,NormalizedAddress,Missing,BlockApproximation,NewLocatedPublic,[10923],"{""762674"":{""d_8575e84912df3c28995b8e6e0e05205a"":[43890,162894],""d_124a9bd407c7a25f8335b93b86e50fdd"":[81079,82504],""d_b58303c68e9cf0d2ae93b73ffdbfbfa1"":[81645],""d_fa2ed456cf2b8597bb7e064b08fc3c7c"":[78245],""d_478f45a9c541cbe679ca55d1cd2b970b"":[62924],""d_5573b0db0575db32190a2ad27919a7aa"":[26753,28324],""d_a2141adf93ec2a3c2ec2837b78d6d46e"":[87227],""d_9af9317c646a1c881bb5591c91817cc6"":[60840,114694,115493],""d_67e99e6eabc4aad9b5d48663b579746a"":[58245],""d_5c4ef48b025fdfbc80056401f06e3df9"":[20147],""d_181005ca270b45408b4cdfc954980ca2"":[93716],""d_2b8c54b2a490d2fa36b925289e5d9572"":[65976,66952,68907],""d_df7d2d661c0c11a7c367c9ee4bf896c1"":[219560,225539],""d_72f37e5c5d192951ddc5513c2b134482"":[17532],""d_1cd970d8351b42be4a308d628a6dd9d3"":[4251,6597,12159],""d_31af23fdb79119ed185c256f03cb5773"":[8303]}}","{""CacheKey"":""yishun-674b-yishun-ave-4"",""SearchValue"":""674B YISHUN AVE 4 SINGAPORE"",""Status"":""HistoricalFirstHit"",""Postal"":""762674"",""UpdatedAt"":""2026-05-24T11:32:59.297Z""}","[{""ObjectId"":939022,""EntityId"":11052048,""Block"":""674B"",""PostalCode"":""762674""}]","{""Latitude"":1.4210314021,""Longitude"":103.8431223926}"
YISHUN,675D,YISHUN AVE 4,37,Unmatched,NormalizedAddress,Missing,BlockApproximation,NewLocatedPublic,[10935],"{""764675"":{""d_8575e84912df3c28995b8e6e0e05205a"":[79319,79320],""d_c0650f23e94c42e7a20921f4c5b75c24"":[123909],""d_acbc938ec77af18f94cecc4a7c9ec720"":[33459,69892],""d_124a9bd407c7a25f8335b93b86e50fdd"":[34300],""d_b58303c68e9cf0d2ae93b73ffdbfbfa1"":[81557],""d_fa2ed456cf2b8597bb7e064b08fc3c7c"":[89520,90508,90717],""d_478f45a9c541cbe679ca55d1cd2b970b"":[60725,66056],""d_5573b0db0575db32190a2ad27919a7aa"":[74249],""d_181005ca270b45408b4cdfc954980ca2"":[94897],""d_df7d2d661c0c11a7c367c9ee4bf896c1"":[205320,211996,222124],""d_72f37e5c5d192951ddc5513c2b134482"":[130022],""d_af2042c77ffaf0db5d75561ce9ef5688"":[56065]}}",,"[{""ObjectId"":948747,""EntityId"":11052054,""Block"":""675D"",""PostalCode"":""764675""}]","{""Latitude"":1.4197318508,""Longitude"":103.8427127947}"
YISHUN,739,YISHUN AVE 5,31,NormalizedAddress,NormalizedAddress,BlockApproximation,BlockApproximation,AgreeingProvenanceAddition,[11625],"{""760739"":{""d_8575e84912df3c28995b8e6e0e05205a"":[65579,73832,106631],""d_3a3807c023c61ddfba947dc069eb53f2"":[84906],""d_c0650f23e94c42e7a20921f4c5b75c24"":[77280,112385,116161,125276],""d_acbc938ec77af18f94cecc4a7c9ec720"":[68915],""d_124a9bd407c7a25f8335b93b86e50fdd"":[33778],""d_b58303c68e9cf0d2ae93b73ffdbfbfa1"":[81766],""d_fa2ed456cf2b8597bb7e064b08fc3c7c"":[59742,68183,72541],""d_85518d970b8178975850457f60f1e738"":[54115],""d_478f45a9c541cbe679ca55d1cd2b970b"":[18606,19245,20278,21118,21755,23892,55417,62713],""d_5573b0db0575db32190a2ad27919a7aa"":[21916,65508],""d_9af9317c646a1c881bb5591c91817cc6"":[111269,113035],""d_5c4ef48b025fdfbc80056401f06e3df9"":[41084],""d_300ddc8da4e8f7bdc1bfc62d0d99e2e7"":[19291],""d_df7d2d661c0c11a7c367c9ee4bf896c1"":[105217,137959,172940,174784],""d_72f37e5c5d192951ddc5513c2b134482"":[108588,112131],""d_0cc5f52a1f298b916f317800251057f3"":[22109],""d_e97e8e7fc55b85a38babf66b0fa46b73"":[28593],""d_af2042c77ffaf0db5d75561ce9ef5688"":[48909],""d_31af23fdb79119ed185c256f03cb5773"":[31291,34433,36926,37192],""d_4e3db8955fdcda6f9944097bef3d2724"":[15617,15793]}}",,"[{""ObjectId"":935928,""EntityId"":1499,""Block"":""739"",""PostalCode"":""760739""}]","{""Latitude"":1.429739413,""Longitude"":103.8321401795}"
