Town,Block,Street,Transactions,Before,After,BeforeCoordinates,AfterCoordinates,ReviewClass,PropertyRows,PostalCandidates,Historical,Footprints,Point,ObservedPeriods,ManualDisposition,SourceVariantsInspected
ANG MO KIO,151,ANG MO KIO AVE 5,32,NormalizedAddress,Ambiguous,BlockApproximation,Missing,ConflictOrPreviouslyMatchedOutcomeChange,[1791],"{""560151"":{""d_8575e84912df3c28995b8e6e0e05205a"":[101795,103912,108575,132892,159928,168112,168853],""d_3a3807c023c61ddfba947dc069eb53f2"":[63504,85368],""d_c0650f23e94c42e7a20921f4c5b75c24"":[14482,26889,117115,121406,124741,130967,133897],""d_acbc938ec77af18f94cecc4a7c9ec720"":[44923,49951,60550],""d_124a9bd407c7a25f8335b93b86e50fdd"":[15454,45163,63443,67164,70090,75128],""d_4526d47d6714d3b052eed4a30b8b1ed6"":[45499,50064,53511],""d_fa2ed456cf2b8597bb7e064b08fc3c7c"":[19237,32029,47304,47424,49562,60358,62560,68524,71802,75407,84576],""d_85518d970b8178975850457f60f1e738"":[6925,41617],""d_478f45a9c541cbe679ca55d1cd2b970b"":[9407,21349,44638],""d_5573b0db0575db32190a2ad27919a7aa"":[34949,57676,61162,63750],""d_a2141adf93ec2a3c2ec2837b78d6d46e"":[44488,48283,56061,58063,62405,69953],""d_9af9317c646a1c881bb5591c91817cc6"":[75554,77923,78358,82010,98374,118858],""d_67e99e6eabc4aad9b5d48663b579746a"":[31838,34082,43408],""d_5c4ef48b025fdfbc80056401f06e3df9"":[6066,12663,23382,28562,29303,36100,39871],""d_300ddc8da4e8f7bdc1bfc62d0d99e2e7"":[8576,18231],""d_181005ca270b45408b4cdfc954980ca2"":[54678,73132],""d_2b8c54b2a490d2fa36b925289e5d9572"":[39599,50285,57799,68083],""d_df7d2d661c0c11a7c367c9ee4bf896c1"":[30103,42597,81368,97603,119234,124377,125946,161246,174277,187584,194679,198228,201318,203769],""d_72f37e5c5d192951ddc5513c2b134482"":[37183,72069,121503],""d_e97e8e7fc55b85a38babf66b0fa46b73"":[8899],""d_af2042c77ffaf0db5d75561ce9ef5688"":[36640,41581,43909,45135,49302],""d_1cd970d8351b42be4a308d628a6dd9d3"":[1955],""d_31af23fdb79119ed185c256f03cb5773"":[9485,17032,18017,27415]},""648886"":{""d_8575e84912df3c28995b8e6e0e05205a"":[121614]},""560152"":{""d_a2141adf93ec2a3c2ec2837b78d6d46e"":[51863]}}","{""CacheKey"":""ang-mo-kio-151-ang-mo-kio-ave-5"",""SearchValue"":""151 ANG MO KIO AVE 5 SINGAPORE"",""Status"":""HistoricalFirstHit"",""Postal"":""560151"",""UpdatedAt"":""2026-05-24T10:55:42.221Z""}",[],,2017-2019;2020-2022;2023-2025;2026,"Confirmed every distinct postal variant against source-qualified raw evidence, exact HDB property and full source footprint inventory. Contradiction remains; no majority or unique-footprint override. Ambiguous, no point.","[{""block"":""151"",""street"":""ANG MO KIO AVENUE 5"",""postal"":""560151"",""count"":106,""example_source_dataset"":""d_8575e84912df3c28995b8e6e0e05205a"",""example_source_row"":""101795"",""raw_source_footprint_objectids"":[940839]},{""block"":""151"",""street"":""ANG MO KIO AVENUE 5"",""postal"":""560152"",""count"":1,""example_source_dataset"":""d_a2141adf93ec2a3c2ec2837b78d6d46e"",""example_source_row"":""51863"",""raw_source_footprint_objectids"":[]},{""block"":""151"",""street"":""ANG MO KIO AVENUE 5"",""postal"":""648886"",""count"":1,""example_source_dataset"":""d_8575e84912df3c28995b8e6e0e05205a"",""example_source_row"":""121614"",""raw_source_footprint_objectids"":[]}]"
ANG MO KIO,157,ANG MO KIO AVE 4,12,NormalizedAddress,Ambiguous,BlockApproximation,Missing,ConflictOrPreviouslyMatchedOutcomeChange,[1913],"{""560157"":{""d_8575e84912df3c28995b8e6e0e05205a"":[884,96529,97792,107441,110856,116073,137722,148952,156841],""d_3a3807c023c61ddfba947dc069eb53f2"":[416,8081,18571,44831,52111,55286,65671,70608,84237],""d_c0650f23e94c42e7a20921f4c5b75c24"":[9968,56841,73838,76536,94883],""d_acbc938ec77af18f94cecc4a7c9ec720"":[19279,42313,54726,60320,72315],""d_124a9bd407c7a25f8335b93b86e50fdd"":[51938,56471,64922,64962],""d_4526d47d6714d3b052eed4a30b8b1ed6"":[41402,50671],""d_b58303c68e9cf0d2ae93b73ffdbfbfa1"":[5326,9998,39353,55907,56174,57303,68646,78408,81808],""d_fa2ed456cf2b8597bb7e064b08fc3c7c"":[7540,16126,25716,48100,67612,71586],""d_85518d970b8178975850457f60f1e738"":[245,4797,13455,37442,52122,53350],""d_478f45a9c541cbe679ca55d1cd2b970b"":[27132,27348,38004,43536,45267,47473,48991,59237,63784,64283],""d_5573b0db0575db32190a2ad27919a7aa"":[1457,6888,35270,53065],""d_a2141adf93ec2a3c2ec2837b78d6d46e"":[14714,45258,53985,54096,65528,71520,74265,81857],""d_9af9317c646a1c881bb5591c91817cc6"":[58338,63530,73644,76718,82074,96478,105635,112967],""d_67e99e6eabc4aad9b5d48663b579746a"":[40889],""d_5c4ef48b025fdfbc80056401f06e3df9"":[15073,16062,16303,26253],""d_300ddc8da4e8f7bdc1bfc62d0d99e2e7"":[12836,14910,15452],""d_181005ca270b45408b4cdfc954980ca2"":[64536,69425,72081,78433,82844],""d_2b8c54b2a490d2fa36b925289e5d9572"":[36572,37572],""d_df7d2d661c0c11a7c367c9ee4bf896c1"":[9564,59787,62629,88891,97399,125909,139715,149187,151878,155668,158447,170570,177033,181824,195481,218458,218842,220417,227197],""d_72f37e5c5d192951ddc5513c2b134482"":[2093,28555,72022,103175,107272],""d_0cc5f52a1f298b916f317800251057f3"":[7010],""d_af2042c77ffaf0db5d75561ce9ef5688"":[29538,31835,34639,34648,38205,40065,41229,51023],""d_1cd970d8351b42be4a308d628a6dd9d3"":[9298,11124],""d_31af23fdb79119ed185c256f03cb5773"":[12240,17507,17508,21086,28375,29575,29849,35592,35900],""d_4e3db8955fdcda6f9944097bef3d2724"":[5425]},""560156"":{""d_8575e84912df3c28995b8e6e0e05205a"":[114113]},""576157"":{""d_df7d2d661c0c11a7c367c9ee4bf896c1"":[170089]}}",,[],,2017-2019;2020-2022;2023-2025;2026,"Confirmed every distinct postal variant against source-qualified raw evidence, exact HDB property and full source footprint inventory. Contradiction remains; no majority or unique-footprint override. Ambiguous, no point.","[{""block"":""157"",""street"":""ANG MO KIO AVENUE 4"",""postal"":""560156"",""count"":1,""example_source_dataset"":""d_8575e84912df3c28995b8e6e0e05205a"",""example_source_row"":""114113"",""raw_source_footprint_objectids"":[]},{""block"":""157"",""street"":""ANG MO KIO AVENUE 4"",""postal"":""560157"",""count"":145,""example_source_dataset"":""d_8575e84912df3c28995b8e6e0e05205a"",""example_source_row"":""884"",""raw_source_footprint_objectids"":[944797]},{""block"":""157"",""street"":""ANG MO KIO AVENUE 4"",""postal"":""576157"",""count"":1,""example_source_dataset"":""d_df7d2d661c0c11a7c367c9ee4bf896c1"",""example_source_row"":""170089"",""raw_source_footprint_objectids"":[]}]"
ANG MO KIO,159,ANG MO KIO AVE 4,4,NormalizedAddress,Ambiguous,BlockApproximation,Missing,ConflictOrPreviouslyMatchedOutcomeChange,[1957],"{""560159"":{""d_8575e84912df3c28995b8e6e0e05205a"":[767,102663,109290,114965,131742],""d_3a3807c023c61ddfba947dc069eb53f2"":[50128,55982,60760,63527,70681,72224,76830,81944,88813],""d_c0650f23e94c42e7a20921f4c5b75c24"":[68214,74211,75327,90305,101336,110543,124392],""d_acbc938ec77af18f94cecc4a7c9ec720"":[61282],""d_124a9bd407c7a25f8335b93b86e50fdd"":[22384,52341],""d_4526d47d6714d3b052eed4a30b8b1ed6"":[44887,44907,45528,67807],""d_b58303c68e9cf0d2ae93b73ffdbfbfa1"":[34927],""d_fa2ed456cf2b8597bb7e064b08fc3c7c"":[8532,19823,61462,63175,67623,76035,76066,89436,91182],""d_85518d970b8178975850457f60f1e738"":[40751,56366],""d_478f45a9c541cbe679ca55d1cd2b970b"":[1354,6145,20843,27530,34655,35310,58871,62510],""d_5573b0db0575db32190a2ad27919a7aa"":[38462,55143,60724,70720],""d_a2141adf93ec2a3c2ec2837b78d6d46e"":[41691,43463,58589,58814,60904,63100,64238,82090,87885,90237],""d_9af9317c646a1c881bb5591c91817cc6"":[45172,64382,86132,101232,101975],""d_67e99e6eabc4aad9b5d48663b579746a"":[11047,38855,51278],""d_5c4ef48b025fdfbc80056401f06e3df9"":[29235,30937],""d_300ddc8da4e8f7bdc1bfc62d0d99e2e7"":[10735,15005],""d_181005ca270b45408b4cdfc954980ca2"":[45021,75598,80412],""d_4130f1d9d365d9f1633536e959f62bb7"":[6787],""d_2b8c54b2a490d2fa36b925289e5d9572"":[5031,24825,37963,53182,65341],""d_df7d2d661c0c11a7c367c9ee4bf896c1"":[132315,151879,154025,157330,166683,212140,220500,226031],""d_72f37e5c5d192951ddc5513c2b134482"":[68410,74462,90501,126278,129844],""d_0cc5f52a1f298b916f317800251057f3"":[18039,19691],""d_af2042c77ffaf0db5d75561ce9ef5688"":[30282,32274,48024],""d_1cd970d8351b42be4a308d628a6dd9d3"":[7232],""d_31af23fdb79119ed185c256f03cb5773"":[17894,25382]},""569626"":{""d_5573b0db0575db32190a2ad27919a7aa"":[54512]}}",,[],,2017-2019;2023-2025,"Confirmed every distinct postal variant against source-qualified raw evidence, exact HDB property and full source footprint inventory. Contradiction remains; no majority or unique-footprint override. Ambiguous, no point.","[{""block"":""159"",""street"":""ANG MO KIO AVENUE 4"",""postal"":""560159"",""count"":104,""example_source_dataset"":""d_8575e84912df3c28995b8e6e0e05205a"",""example_source_row"":""767"",""raw_source_footprint_objectids"":[947005]},{""block"":""159"",""street"":""ANG MO KIO AVENUE 4"",""postal"":""569626"",""count"":1,""example_source_dataset"":""d_5573b0db0575db32190a2ad27919a7aa"",""example_source_row"":""54512"",""raw_source_footprint_objectids"":[]}]"
ANG MO KIO,163,ANG MO KIO AVE 4,14,NormalizedAddress,Ambiguous,BlockApproximation,Missing,ConflictOrPreviouslyMatchedOutcomeChange,[2055],"{""560163"":{""d_8575e84912df3c28995b8e6e0e05205a"":[16738,22816,34546,41044,47137,55464,59677,77119,81884,85678,85919,91064,94592,105576,107885,111612,111917,118861,121214,131429,144178,144271,151689,151799,156069,156676],""d_3a3807c023c61ddfba947dc069eb53f2"":[4118,26486,59474,59772,70483,81064,82767,85913,89803],""d_c0650f23e94c42e7a20921f4c5b75c24"":[8233,26675,55464,70093,74204,75074,80946,84096,93603,96678,97515,98401,101146,108412,109503,112393,112563,115199,118419,127168,140483],""d_acbc938ec77af18f94cecc4a7c9ec720"":[15645,25055,32392,45450,47050,48905,49170,49449,52303,55876,56968,61676,65546,67105,69434,72839],""d_124a9bd407c7a25f8335b93b86e50fdd"":[17467,20742,25268,27668,38683,54272,58325,61021,68225],""d_4526d47d6714d3b052eed4a30b8b1ed6"":[251,2072,14565,37033,45626,47202,48450,54161,54752,57146,61210,63408,69175],""d_b58303c68e9cf0d2ae93b73ffdbfbfa1"":[53046,53131,53980,54895,55041,57955,60457,63746,65096,69104,69197,69222,69223,69750,71406,77066,80034,83829],""d_fa2ed456cf2b8597bb7e064b08fc3c7c"":[22229,25166,47546,47616,47634,48868,72965,73639,75155,76802,79049],""d_85518d970b8178975850457f60f1e738"":[22006,29706,39588,41476,42060,43652,43712,45151,47305,50016,54708,55931,56648],""d_478f45a9c541cbe679ca55d1cd2b970b"":[29032,29105,30149,38078,38437,38491,43849,44294,50104,50933,51054,51307,52941,53186,59030],""d_5573b0db0575db32190a2ad27919a7aa"":[34799,35015,36958,37780,45859,49175,55327,55802,56669,58442,58935],""d_a2141adf93ec2a3c2ec2837b78d6d46e"":[13480,27833,36449,41137,41910,44959,46004,48957,53929,60735,67310,70499,71624,72182,74852,76074,83198,84777,92304,92770],""d_9af9317c646a1c881bb5591c91817cc6"":[7735,22864,25529,35297,45110,63175,64617,72325,72423,72519,73502,81141,84894,84994,86502,86647,86816,89276,93267,98037,102604,104170,105324,108110,108568,113404,115722,121707,121938],""d_67e99e6eabc4aad9b5d48663b579746a"":[33236,33856,34074,35753,38227,39248,40044,42912,48436],""d_5c4ef48b025fdfbc80056401f06e3df9"":[4053,7051,18802,23429,25710,26085,31609,31911,34265,36764],""d_300ddc8da4e8f7bdc1bfc62d0d99e2e7"":[12706,14950,16076,18647,21005],""d_181005ca270b45408b4cdfc954980ca2"":[6824,12013,20728,32213,34193,52137,52974,54054,57563,61112,61538,62918,70839,71924,81486,81799,82026,82365,83783,89510,92103,96115,96515,98189,99076],""d_2b8c54b2a490d2fa36b925289e5d9572"":[35124,36406,46749,59661,60828,65356,66618],""d_df7d2d661c0c11a7c367c9ee4bf896c1"":[1566,3187,3516,34973,55153,68777,74266,100093,108286,118769,125584,137052,139327,147431,147975,151052,160352,160771,165336,167321,169941,178559,187805,188773,191813,194776,199518,203494,203872,215269,232177],""d_72f37e5c5d192951ddc5513c2b134482"":[8048,9672,10796,20758,50477,64646,67786,71545,74237,75435,80276,80724,81727,83448,84609,87098,88561,95553,95696,101153,102252,102517,102847,106803,113231,121583,122268,126143,135835],""d_0cc5f52a1f298b916f317800251057f3"":[16578,17317],""d_e97e8e7fc55b85a38babf66b0fa46b73"":[11156,24243],""d_af2042c77ffaf0db5d75561ce9ef5688"":[18868,33960,37099,38616,41361,42325,42969,55137],""d_1cd970d8351b42be4a308d628a6dd9d3"":[5381,9838],""d_31af23fdb79119ed185c256f03cb5773"":[7036,9091,10124,12665,15647,15822,17074,17225,17263,17869,19713,23451,26614,31376,32048],""d_4e3db8955fdcda6f9944097bef3d2724"":[16740]},""458220"":{""d_8575e84912df3c28995b8e6e0e05205a"":[106490]},""560103"":{""d_478f45a9c541cbe679ca55d1cd2b970b"":[37770]}}",,[],,2017-2019;2020-2022;2023-2025,"Confirmed every distinct postal variant against source-qualified raw evidence, exact HDB property and full source footprint inventory. Contradiction remains; no majority or unique-footprint override. Ambiguous, no point.","[{""block"":""163"",""street"":""ANG MO KIO AVENUE 4"",""postal"":""458220"",""count"":1,""example_source_dataset"":""d_8575e84912df3c28995b8e6e0e05205a"",""example_source_row"":""106490"",""raw_source_footprint_objectids"":[]},{""block"":""163"",""street"":""ANG MO KIO AVENUE 4"",""postal"":""560103"",""count"":1,""example_source_dataset"":""d_478f45a9c541cbe679ca55d1cd2b970b"",""example_source_row"":""37770"",""raw_source_footprint_objectids"":[]},{""block"":""163"",""street"":""ANG MO KIO AVENUE 4"",""postal"":""560163"",""count"":357,""example_source_dataset"":""d_8575e84912df3c28995b8e6e0e05205a"",""example_source_row"":""16738"",""raw_source_footprint_objectids"":[945287]}]"
ANG MO KIO,215,ANG MO KIO AVE 1,26,NormalizedAddress,Ambiguous,BlockApproximation,Missing,ConflictOrPreviouslyMatchedOutcomeChange,[3233],"{""560215"":{""d_8575e84912df3c28995b8e6e0e05205a"":[7354,19115,34015,44637,46463,53167,88252,91072,93153,94798,111330,116362,122704,123900,131828,136408],""d_3a3807c023c61ddfba947dc069eb53f2"":[53108,63034],""d_c0650f23e94c42e7a20921f4c5b75c24"":[50460,52239,59406,59786,60968,63428,63448,68798,69589,86724,91327,93572,98844,103605,132527],""d_acbc938ec77af18f94cecc4a7c9ec720"":[3531,31245,32515,41937,46446,51128,54151,56481,60697,64283],""d_124a9bd407c7a25f8335b93b86e50fdd"":[31458,44132,47900,47995,59511,64342,75834],""d_4526d47d6714d3b052eed4a30b8b1ed6"":[6999,35786,44100,67892],""d_b58303c68e9cf0d2ae93b73ffdbfbfa1"":[886,42990,43261,45108,62319,69116,69435],""d_fa2ed456cf2b8597bb7e064b08fc3c7c"":[1447,3473,7921,37081,47646,48528,53836,56082,63343,69094,77113,78235,80590,80597,82454,86963],""d_85518d970b8178975850457f60f1e738"":[38544],""d_478f45a9c541cbe679ca55d1cd2b970b"":[10242,19776,26910,31864,36550,37605,46225,47041,47673,49223,52795],""d_5573b0db0575db32190a2ad27919a7aa"":[8882,14674,36274,53760,57286,58586,73401],""d_a2141adf93ec2a3c2ec2837b78d6d46e"":[11377,11840,17443,52078,53537,55944,62915,63720,67158,70552,74660,74904,83014],""d_9af9317c646a1c881bb5591c91817cc6"":[1177,22018,46984,76090,76407,78304,79603,84988,86106,94673,102655,112217,112294],""d_67e99e6eabc4aad9b5d48663b579746a"":[13889,32477,32673,35563,48362,58539],""d_300ddc8da4e8f7bdc1bfc62d0d99e2e7"":[11798,13961,19979],""d_181005ca270b45408b4cdfc954980ca2"":[871,73103,74192,82000],""d_4130f1d9d365d9f1633536e959f62bb7"":[9327],""d_2b8c54b2a490d2fa36b925289e5d9572"":[42874,53665,54604,65403,66153,68587],""d_df7d2d661c0c11a7c367c9ee4bf896c1"":[23914,92147,110274,110611,118610,124468,125408,129398,149069,150024,153434,156975,161273,164242,164641,167863,171096,172015,174804,175210,177393,184576,188011,188508,191453,213352,213837],""d_72f37e5c5d192951ddc5513c2b134482"":[67654,67656,68340,81946,87357,94307,97127,97183,99682,106922,114273,117662,119629,123303],""d_0cc5f52a1f298b916f317800251057f3"":[2595,16728,24409],""d_e97e8e7fc55b85a38babf66b0fa46b73"":[10076,21540,28209,35947],""d_af2042c77ffaf0db5d75561ce9ef5688"":[34173,45825,45999,49217],""d_1cd970d8351b42be4a308d628a6dd9d3"":[1961,10574],""d_31af23fdb79119ed185c256f03cb5773"":[21421,25453],""d_4e3db8955fdcda6f9944097bef3d2724"":[17697]},""560512"":{""d_85518d970b8178975850457f60f1e738"":[41955]},""560218"":{""d_72f37e5c5d192951ddc5513c2b134482"":[94114]}}",,[],,2017-2019;2020-2022;2023-2025;2026,"Confirmed every distinct postal variant against source-qualified raw evidence, exact HDB property and full source footprint inventory. Contradiction remains; no majority or unique-footprint override. Ambiguous, no point.","[{""block"":""215"",""street"":""ANG MO KIO AVENUE 1"",""postal"":""560215"",""count"":199,""example_source_dataset"":""d_8575e84912df3c28995b8e6e0e05205a"",""example_source_row"":""7354"",""raw_source_footprint_objectids"":[947853]},{""block"":""215"",""street"":""ANG MO KIO AVENUE 1"",""postal"":""560218"",""count"":1,""example_source_dataset"":""d_72f37e5c5d192951ddc5513c2b134482"",""example_source_row"":""94114"",""raw_source_footprint_objectids"":[]},{""block"":""215"",""street"":""ANG MO KIO AVENUE 1"",""postal"":""560512"",""count"":1,""example_source_dataset"":""d_85518d970b8178975850457f60f1e738"",""example_source_row"":""41955"",""raw_source_footprint_objectids"":[]}]"
ANG MO KIO,226,ANG MO KIO AVE 1,19,NormalizedAddress,Ambiguous,BlockApproximation,Missing,ConflictOrPreviouslyMatchedOutcomeChange,[3533],"{""560226"":{""d_8575e84912df3c28995b8e6e0e05205a"":[97517,133358,138257,148564,154939,164117],""d_3a3807c023c61ddfba947dc069eb53f2"":[67226],""d_c0650f23e94c42e7a20921f4c5b75c24"":[69931,114661],""d_acbc938ec77af18f94cecc4a7c9ec720"":[59539],""d_4526d47d6714d3b052eed4a30b8b1ed6"":[56746],""d_b58303c68e9cf0d2ae93b73ffdbfbfa1"":[50389],""d_fa2ed456cf2b8597bb7e064b08fc3c7c"":[47039,68092,90960],""d_478f45a9c541cbe679ca55d1cd2b970b"":[56103,65375],""d_5573b0db0575db32190a2ad27919a7aa"":[58925,64134],""d_a2141adf93ec2a3c2ec2837b78d6d46e"":[23801],""d_9af9317c646a1c881bb5591c91817cc6"":[46943,87945],""d_67e99e6eabc4aad9b5d48663b579746a"":[49741],""d_5c4ef48b025fdfbc80056401f06e3df9"":[30640],""d_181005ca270b45408b4cdfc954980ca2"":[52705,67948],""d_df7d2d661c0c11a7c367c9ee4bf896c1"":[5910,102372,142721,179834,198870,203679,223326],""d_72f37e5c5d192951ddc5513c2b134482"":[73861,101204,113900,129383,132966],""d_0cc5f52a1f298b916f317800251057f3"":[15608],""d_e97e8e7fc55b85a38babf66b0fa46b73"":[35982,38007],""d_af2042c77ffaf0db5d75561ce9ef5688"":[2102,48267],""d_31af23fdb79119ed185c256f03cb5773"":[30620],""d_4e3db8955fdcda6f9944097bef3d2724"":[9313]},""567226"":{""d_5573b0db0575db32190a2ad27919a7aa"":[56447]}}",,[],,2017-2019;2020-2022;2023-2025;2026,"Confirmed every distinct postal variant against source-qualified raw evidence, exact HDB property and full source footprint inventory. Contradiction remains; no majority or unique-footprint override. Ambiguous, no point.","[{""block"":""226"",""street"":""ANG MO KIO AVENUE 1"",""postal"":""560226"",""count"":45,""example_source_dataset"":""d_8575e84912df3c28995b8e6e0e05205a"",""example_source_row"":""97517"",""raw_source_footprint_objectids"":[936376]},{""block"":""226"",""street"":""ANG MO KIO AVENUE 1"",""postal"":""567226"",""count"":1,""example_source_dataset"":""d_5573b0db0575db32190a2ad27919a7aa"",""example_source_row"":""56447"",""raw_source_footprint_objectids"":[]}]"
ANG MO KIO,233,ANG MO KIO AVE 3,24,NormalizedAddress,Ambiguous,BlockApproximation,Missing,ConflictOrPreviouslyMatchedOutcomeChange,[3726],"{""560233"":{""d_8575e84912df3c28995b8e6e0e05205a"":[119273,124787,152335,161095],""d_3a3807c023c61ddfba947dc069eb53f2"":[50,66971,67600,70224,71353,75382,79571],""d_c0650f23e94c42e7a20921f4c5b75c24"":[2131,4602,50478,60494,76026,77141,122894,128422],""d_acbc938ec77af18f94cecc4a7c9ec720"":[11242,14468,29207,50544,53080,62788,70784],""d_124a9bd407c7a25f8335b93b86e50fdd"":[54193,67719,84082],""d_4526d47d6714d3b052eed4a30b8b1ed6"":[15001,16714,36019,49496,67165],""d_b58303c68e9cf0d2ae93b73ffdbfbfa1"":[48886,60244,68699],""d_fa2ed456cf2b8597bb7e064b08fc3c7c"":[1027,68507,69010,70854,73497,86224],""d_85518d970b8178975850457f60f1e738"":[43813,58361],""d_478f45a9c541cbe679ca55d1cd2b970b"":[8438,11266,40046,47998,48136,54099,57109],""d_5573b0db0575db32190a2ad27919a7aa"":[2936,35173,58899,69433,71489,73206],""d_a2141adf93ec2a3c2ec2837b78d6d46e"":[40977,54387,56122,66244,69051,69315,70320,71709,77615],""d_9af9317c646a1c881bb5591c91817cc6"":[20703,61347,101447,112165],""d_67e99e6eabc4aad9b5d48663b579746a"":[28535,47995,48908,50335],""d_5c4ef48b025fdfbc80056401f06e3df9"":[32134],""d_300ddc8da4e8f7bdc1bfc62d0d99e2e7"":[13412],""d_181005ca270b45408b4cdfc954980ca2"":[78675,79054,86449,86650,88698],""d_4130f1d9d365d9f1633536e959f62bb7"":[1846,11751],""d_2b8c54b2a490d2fa36b925289e5d9572"":[36354,55483,63017],""d_df7d2d661c0c11a7c367c9ee4bf896c1"":[122339,124229,124809,125053,150509,169610,181509,181510,206150,206483,227640],""d_72f37e5c5d192951ddc5513c2b134482"":[38234,68029,71270,100746,104912,111097,141354],""d_0cc5f52a1f298b916f317800251057f3"":[11767,18098,21264,23782],""d_e97e8e7fc55b85a38babf66b0fa46b73"":[29026],""d_af2042c77ffaf0db5d75561ce9ef5688"":[28536,28848,35116,38538,44801,44882,44948,47088,49517],""d_31af23fdb79119ed185c256f03cb5773"":[23814,31073],""d_4e3db8955fdcda6f9944097bef3d2724"":[11249]},""560223"":{""d_df7d2d661c0c11a7c367c9ee4bf896c1"":[154503]}}",,[],,2017-2019;2020-2022;2023-2025,"Confirmed every distinct postal variant against source-qualified raw evidence, exact HDB property and full source footprint inventory. Contradiction remains; no majority or unique-footprint override. Ambiguous, no point.","[{""block"":""233"",""street"":""ANG MO KIO AVENUE 3"",""postal"":""560223"",""count"":1,""example_source_dataset"":""d_df7d2d661c0c11a7c367c9ee4bf896c1"",""example_source_row"":""154503"",""raw_source_footprint_objectids"":[]},{""block"":""233"",""street"":""ANG MO KIO AVENUE 3"",""postal"":""560233"",""count"":122,""example_source_dataset"":""d_8575e84912df3c28995b8e6e0e05205a"",""example_source_row"":""119273"",""raw_source_footprint_objectids"":[947525]}]"
ANG MO KIO,330,ANG MO KIO AVE 1,47,NormalizedAddress,Ambiguous,BlockApproximation,Missing,ConflictOrPreviouslyMatchedOutcomeChange,[5652],"{""560330"":{""d_8575e84912df3c28995b8e6e0e05205a"":[48730,49351,52661,87272,97247,99649,115498,120730,121623,135584,138196,146772,147654,157154],""d_3a3807c023c61ddfba947dc069eb53f2"":[50220,69607,69872,71795,75758],""d_c0650f23e94c42e7a20921f4c5b75c24"":[2227,18716,57205,69350,80254,90276,95910,96453,98918,104698,123702,125148],""d_acbc938ec77af18f94cecc4a7c9ec720"":[12140,15770,25158,46186,52859,58849,61144,65442,68675,72394],""d_124a9bd407c7a25f8335b93b86e50fdd"":[43337,56468,58478,58952,60512,83121,85143],""d_4526d47d6714d3b052eed4a30b8b1ed6"":[15533,37396,42960,55115,68553],""d_b58303c68e9cf0d2ae93b73ffdbfbfa1"":[66798,75584],""d_fa2ed456cf2b8597bb7e064b08fc3c7c"":[46781,50932,51096,55143,67500,69855,74404,75093,75704,84903,87849,94185],""d_85518d970b8178975850457f60f1e738"":[49681,55999,56387,56900],""d_478f45a9c541cbe679ca55d1cd2b970b"":[4549,14284,16806,41727,41769,45563,50147,50528,50732,50816,61003,65458],""d_5573b0db0575db32190a2ad27919a7aa"":[10125,36831,72996],""d_a2141adf93ec2a3c2ec2837b78d6d46e"":[29315,36271,45435,52682,54582,60330,65244,84617],""d_9af9317c646a1c881bb5591c91817cc6"":[20383,34752,66512,73778,79821,82493,113132,122548,124119],""d_67e99e6eabc4aad9b5d48663b579746a"":[36931,39935,47893],""d_5c4ef48b025fdfbc80056401f06e3df9"":[31038,34766,38687,39370,41255],""d_300ddc8da4e8f7bdc1bfc62d0d99e2e7"":[21989],""d_181005ca270b45408b4cdfc954980ca2"":[22300,74346,83909,98375],""d_2b8c54b2a490d2fa36b925289e5d9572"":[59400,59558,69871],""d_df7d2d661c0c11a7c367c9ee4bf896c1"":[36239,43679,60710,104165,119860,131176,137596,140791,153920,169050,172673,184563,184782,203726,212205,213304,216488],""d_72f37e5c5d192951ddc5513c2b134482"":[31141,69502,79508,81589,86485,93935,102055,103364,103499,107832,116264,122393,138728,139839],""d_0cc5f52a1f298b916f317800251057f3"":[22190],""d_e97e8e7fc55b85a38babf66b0fa46b73"":[38001],""d_af2042c77ffaf0db5d75561ce9ef5688"":[40041,45652,49438,52227],""d_1cd970d8351b42be4a308d628a6dd9d3"":[9740,11601],""d_31af23fdb79119ed185c256f03cb5773"":[16479,25222,27103,28118],""d_4e3db8955fdcda6f9944097bef3d2724"":[16053]},""560303"":{""d_72f37e5c5d192951ddc5513c2b134482"":[91330]}}",,[],,2017-2019;2020-2022;2023-2025;2026,"Confirmed every distinct postal variant against source-qualified raw evidence, exact HDB property and full source footprint inventory. Contradiction remains; no majority or unique-footprint override. Ambiguous, no point.","[{""block"":""330"",""street"":""ANG MO KIO AVENUE 1"",""postal"":""560303"",""count"":1,""example_source_dataset"":""d_72f37e5c5d192951ddc5513c2b134482"",""example_source_row"":""91330"",""raw_source_footprint_objectids"":[]},{""block"":""330"",""street"":""ANG MO KIO AVENUE 1"",""postal"":""560330"",""count"":163,""example_source_dataset"":""d_8575e84912df3c28995b8e6e0e05205a"",""example_source_row"":""48730"",""raw_source_footprint_objectids"":[945384]}]"
ANG MO KIO,332,ANG MO KIO AVE 1,31,NormalizedAddress,Ambiguous,BlockApproximation,Missing,ConflictOrPreviouslyMatchedOutcomeChange,[5685],"{""560332"":{""d_8575e84912df3c28995b8e6e0e05205a"":[25174,63374,73759,95596,104383,137569,139927,146087,160018,164956],""d_3a3807c023c61ddfba947dc069eb53f2"":[66007,68934,76332,78969,83258,87331],""d_c0650f23e94c42e7a20921f4c5b75c24"":[9036,64812,70567,93827,100105,114328,117485,122698,130387],""d_acbc938ec77af18f94cecc4a7c9ec720"":[24644,48778,49120,49156,52150,59987],""d_124a9bd407c7a25f8335b93b86e50fdd"":[3356,14761,27507,34608,54537,65657],""d_4526d47d6714d3b052eed4a30b8b1ed6"":[17114,52439,57286,68225],""d_b58303c68e9cf0d2ae93b73ffdbfbfa1"":[5706,6497,16309,47955,51678,53350,67864],""d_fa2ed456cf2b8597bb7e064b08fc3c7c"":[26283,33578,69519],""d_478f45a9c541cbe679ca55d1cd2b970b"":[2679,8464,20329,45682,50530,50949,56457,57986,62237,64238,65415,67704],""d_5573b0db0575db32190a2ad27919a7aa"":[1180,21444,38643,39360,40353,43904,50130,50286,51114,56007,56316,61185,67954,68724],""d_a2141adf93ec2a3c2ec2837b78d6d46e"":[4701,6364,14036,41082,44435,57237,58457,63849,69639,71323,72991,79098],""d_9af9317c646a1c881bb5591c91817cc6"":[42344,87653,97848,101079,105492,107355,109937,117363],""d_67e99e6eabc4aad9b5d48663b579746a"":[24558,25561,46708,47766,54291,55215],""d_5c4ef48b025fdfbc80056401f06e3df9"":[11769,23795,35956],""d_300ddc8da4e8f7bdc1bfc62d0d99e2e7"":[12888,20409],""d_181005ca270b45408b4cdfc954980ca2"":[52480,53176,62508,94781],""d_4130f1d9d365d9f1633536e959f62bb7"":[8461],""d_2b8c54b2a490d2fa36b925289e5d9572"":[69,65807],""d_df7d2d661c0c11a7c367c9ee4bf896c1"":[11809,26380,48103,64408,89242,105758,119763,126524,133054,134498,137510,140777,144274,151683,155684,157861,166556,170134,183507,189863,193147,194218,197064,205148,211393,220382],""d_72f37e5c5d192951ddc5513c2b134482"":[28489,37414,59577,69540,70365,70770,74689,99127,102687,105533,112188],""d_0cc5f52a1f298b916f317800251057f3"":[20325],""d_e97e8e7fc55b85a38babf66b0fa46b73"":[7022],""d_af2042c77ffaf0db5d75561ce9ef5688"":[2107,26950,35714,50284],""d_1cd970d8351b42be4a308d628a6dd9d3"":[10315],""d_31af23fdb79119ed185c256f03cb5773"":[17974,18608,25767,26177,26439,26452,26558,27648]},""560322"":{""d_b58303c68e9cf0d2ae93b73ffdbfbfa1"":[60567]}}",,[],,2017-2019;2020-2022;2023-2025,"Confirmed every distinct postal variant against source-qualified raw evidence, exact HDB property and full source footprint inventory. Contradiction remains; no majority or unique-footprint override. Ambiguous, no point.","[{""block"":""332"",""street"":""ANG MO KIO AVENUE 1"",""postal"":""560322"",""count"":1,""example_source_dataset"":""d_b58303c68e9cf0d2ae93b73ffdbfbfa1"",""example_source_row"":""60567"",""raw_source_footprint_objectids"":[]},{""block"":""332"",""street"":""ANG MO KIO AVENUE 1"",""postal"":""560332"",""count"":167,""example_source_dataset"":""d_8575e84912df3c28995b8e6e0e05205a"",""example_source_row"":""25174"",""raw_source_footprint_objectids"":[936217]}]"
ANG MO KIO,407,ANG MO KIO AVE 10,1,NormalizedAddress,Ambiguous,BlockApproximation,Missing,ConflictOrPreviouslyMatchedOutcomeChange,[6702],"{""560407"":{""d_8575e84912df3c28995b8e6e0e05205a"":[10701,24629,24729,40891,41651,90326,90365,90735,94635,99634,105486,118127,149881],""d_3a3807c023c61ddfba947dc069eb53f2"":[48751,57058,60837,67801,71202,73906,80633],""d_c0650f23e94c42e7a20921f4c5b75c24"":[2825,56444,115059],""d_acbc938ec77af18f94cecc4a7c9ec720"":[48774,50309,54698,60794],""d_124a9bd407c7a25f8335b93b86e50fdd"":[382,6161,56155],""d_4526d47d6714d3b052eed4a30b8b1ed6"":[5589,46907,52668,68800],""d_b58303c68e9cf0d2ae93b73ffdbfbfa1"":[307,58881],""d_fa2ed456cf2b8597bb7e064b08fc3c7c"":[5609,9881,10575,45646,46278,61688,74318,77977,81936,87391,88555],""d_85518d970b8178975850457f60f1e738"":[49767],""d_478f45a9c541cbe679ca55d1cd2b970b"":[15050,29555,29654,36754,38886,52950],""d_5573b0db0575db32190a2ad27919a7aa"":[55190,60763,60977,63184,65772,65825,71475],""d_a2141adf93ec2a3c2ec2837b78d6d46e"":[1042,29414,69506,73209],""d_9af9317c646a1c881bb5591c91817cc6"":[6788,39664,62629,87342,115615],""d_67e99e6eabc4aad9b5d48663b579746a"":[32410,34610,47770],""d_300ddc8da4e8f7bdc1bfc62d0d99e2e7"":[8920,20054,20452],""d_181005ca270b45408b4cdfc954980ca2"":[50731,64473,67246,67583,72068,73777,84868],""d_4130f1d9d365d9f1633536e959f62bb7"":[2004],""d_2b8c54b2a490d2fa36b925289e5d9572"":[53393],""d_df7d2d661c0c11a7c367c9ee4bf896c1"":[23444,38578,110504,118127,122086,129588,155634,157046,162264,162482,177089,203622,225837],""d_72f37e5c5d192951ddc5513c2b134482"":[1505,38012,64728,68289,88292,106398,107165,107948],""d_e97e8e7fc55b85a38babf66b0fa46b73"":[22857],""d_af2042c77ffaf0db5d75561ce9ef5688"":[2409,27859,38660,40800,49190,49347,55746],""d_1cd970d8351b42be4a308d628a6dd9d3"":[8962]},""550107"":{""d_a2141adf93ec2a3c2ec2837b78d6d46e"":[64797]}}",,[],,2020-2022,"Confirmed every distinct postal variant against source-qualified raw evidence, exact HDB property and full source footprint inventory. Contradiction remains; no majority or unique-footprint override. Ambiguous, no point.","[{""block"":""407"",""street"":""ANG MO KIO AVENUE 10"",""postal"":""550107"",""count"":1,""example_source_dataset"":""d_a2141adf93ec2a3c2ec2837b78d6d46e"",""example_source_row"":""64797"",""raw_source_footprint_objectids"":[]},{""block"":""407"",""street"":""ANG MO KIO AVENUE 10"",""postal"":""560407"",""count"":115,""example_source_dataset"":""d_8575e84912df3c28995b8e6e0e05205a"",""example_source_row"":""10701"",""raw_source_footprint_objectids"":[935814]}]"
ANG MO KIO,408,ANG MO KIO AVE 10,1,NormalizedAddress,Ambiguous,BlockApproximation,Missing,ConflictOrPreviouslyMatchedOutcomeChange,[6722],"{""560408"":{""d_8575e84912df3c28995b8e6e0e05205a"":[25387,25961,94483,95129,107948,118678,130241,130658,137416,137441,140022,140537,147008,147872,148818,152573,156723],""d_3a3807c023c61ddfba947dc069eb53f2"":[35519,58398,64748],""d_c0650f23e94c42e7a20921f4c5b75c24"":[92056,98782,112141],""d_acbc938ec77af18f94cecc4a7c9ec720"":[37839,49459,52659,56178,63221],""d_124a9bd407c7a25f8335b93b86e50fdd"":[4115,34000,53644,59334,68171,68270,75578],""d_4526d47d6714d3b052eed4a30b8b1ed6"":[13289,15023,36004,41134,49088,52193,53519,56313,56587,58278,66901,67100,67272],""d_b58303c68e9cf0d2ae93b73ffdbfbfa1"":[31882,47575,57645,61051,67710,68498,73762,81460,82559],""d_fa2ed456cf2b8597bb7e064b08fc3c7c"":[554,51593,56583,59603,61769,61956,67396,69798,70452,74002,75030,78281,86682],""d_85518d970b8178975850457f60f1e738"":[44469,53370],""d_478f45a9c541cbe679ca55d1cd2b970b"":[37829,39839,42775,49221],""d_5573b0db0575db32190a2ad27919a7aa"":[1245,18024,38287,39229,44886,52145,63523,63648,65332],""d_a2141adf93ec2a3c2ec2837b78d6d46e"":[48719,57623,60572,61286,64849,67150,83981],""d_9af9317c646a1c881bb5591c91817cc6"":[61801,77831,81224,82817,86387,99189,105676,123739],""d_67e99e6eabc4aad9b5d48663b579746a"":[8851,32572,33043,46118,48442],""d_5c4ef48b025fdfbc80056401f06e3df9"":[8181,27932,32152,32833,35844],""d_300ddc8da4e8f7bdc1bfc62d0d99e2e7"":[1346,6082,10651,11068,14181,14613,14862],""d_181005ca270b45408b4cdfc954980ca2"":[45919,50988,52635,63717,76894,78148,78777,80485,84040],""d_4130f1d9d365d9f1633536e959f62bb7"":[1612,9294],""d_2b8c54b2a490d2fa36b925289e5d9572"":[44249],""d_df7d2d661c0c11a7c367c9ee4bf896c1"":[28980,52081,123305,154121,156573,169653,170416,176800,178196,198160,205962,209480],""d_72f37e5c5d192951ddc5513c2b134482"":[33654,67624,69981,90757,91521,93464,94661,97369,99329,105495,109902,110244,110359,111052,120949],""d_0cc5f52a1f298b916f317800251057f3"":[3319,7266,17609,17735],""d_e97e8e7fc55b85a38babf66b0fa46b73"":[28044,30132,30337,33097,38015],""d_af2042c77ffaf0db5d75561ce9ef5688"":[33419,34200,36080,46250,46313,46617,47002,54887,57247],""d_1cd970d8351b42be4a308d628a6dd9d3"":[32,8568],""d_31af23fdb79119ed185c256f03cb5773"":[782,16165,18284,18926,20613,26621,27529,28248,28794,28865,30732,31746,35502,36534],""d_4e3db8955fdcda6f9944097bef3d2724"":[11307,15127]},""560409"":{""d_5573b0db0575db32190a2ad27919a7aa"":[577]},""549188"":{""d_72f37e5c5d192951ddc5513c2b134482"":[92135]}}",,[],,2023-2025,"Confirmed every distinct postal variant against source-qualified raw evidence, exact HDB property and full source footprint inventory. Contradiction remains; no majority or unique-footprint override. Ambiguous, no point.","[{""block"":""408"",""street"":""ANG MO KIO AVENUE 10"",""postal"":""549188"",""count"":1,""example_source_dataset"":""d_72f37e5c5d192951ddc5513c2b134482"",""example_source_row"":""92135"",""raw_source_footprint_objectids"":[]},{""block"":""408"",""street"":""ANG MO KIO AVENUE 10"",""postal"":""560408"",""count"":192,""example_source_dataset"":""d_8575e84912df3c28995b8e6e0e05205a"",""example_source_row"":""25387"",""raw_source_footprint_objectids"":[935815]},{""block"":""408"",""street"":""ANG MO KIO AVENUE 10"",""postal"":""560409"",""count"":1,""example_source_dataset"":""d_5573b0db0575db32190a2ad27919a7aa"",""example_source_row"":""577"",""raw_source_footprint_objectids"":[]}]"
ANG MO KIO,443,ANG MO KIO AVE 10,36,NormalizedAddress,Ambiguous,BlockApproximation,Missing,ConflictOrPreviouslyMatchedOutcomeChange,[7461],"{""560443"":{""d_8575e84912df3c28995b8e6e0e05205a"":[480,48055,48444,87791,91132,94284,117599,118611,132786,133880,135411,136671,158947,160288],""d_3a3807c023c61ddfba947dc069eb53f2"":[16654,34254,46792,49152,50758,51220,65481,68083,70537,73476,81794,82721,87709,93088],""d_c0650f23e94c42e7a20921f4c5b75c24"":[9324,38665,66232,73271,73546,98805,99532,102770,107844,110914,111232,111489,114835,116474,123884,131125,138828],""d_acbc938ec77af18f94cecc4a7c9ec720"":[1831,5278,47104],""d_124a9bd407c7a25f8335b93b86e50fdd"":[55248,60026,61227,67064,68608,75396,75891,78121,80103,82196,83365],""d_4526d47d6714d3b052eed4a30b8b1ed6"":[17975,18685,25710,36637,43871,55492,57014,60091,62282],""d_b58303c68e9cf0d2ae93b73ffdbfbfa1"":[3551,23550,46497,49874,55565,59304,59831,63243,64767,69885,76467],""d_fa2ed456cf2b8597bb7e064b08fc3c7c"":[1383,47159,48038,61524,64294,67570,71984,72687,74786,75712,77017,81036,81294,93576],""d_85518d970b8178975850457f60f1e738"":[14449,40587,48071,50435,58142],""d_478f45a9c541cbe679ca55d1cd2b970b"":[28551,29455,46750,48450,50553,54516,58048,59243,66548],""d_5573b0db0575db32190a2ad27919a7aa"":[10754,22547,35952,36465,44428,52708,58259,58983,63453,67559],""d_a2141adf93ec2a3c2ec2837b78d6d46e"":[744,26269,46712,63932,71498,72212,72545,75531,81662,82455,86999],""d_9af9317c646a1c881bb5591c91817cc6"":[918,31523,33047,63719,65279,65884,74053,85698,87130,92415,93863,96180,98165,105826,118771,123053],""d_67e99e6eabc4aad9b5d48663b579746a"":[27143,38114,43784,54944,55634,58189],""d_5c4ef48b025fdfbc80056401f06e3df9"":[16201,31270,35592],""d_300ddc8da4e8f7bdc1bfc62d0d99e2e7"":[13663,20175],""d_181005ca270b45408b4cdfc954980ca2"":[65424,69447,70703,88842,97953],""d_2b8c54b2a490d2fa36b925289e5d9572"":[30367,35345,47487,48914,50382,51683,56791,69074],""d_df7d2d661c0c11a7c367c9ee4bf896c1"":[21277,42380,62247,68020,75548,79502,89493,96210,123588,125557,149111,158642,158864,163963,170320,175531,181109,182379,184455,184891,185613,185664,194667,199645,202573,204108,219900,220688],""d_72f37e5c5d192951ddc5513c2b134482"":[1052,2027,2339,16894,33032,68522,69649,71828,72563,93605,98630,103547,104811,104989,108157,109439,111130,113412,116518,116704,139793],""d_0cc5f52a1f298b916f317800251057f3"":[7964,18108,19818,21311],""d_e97e8e7fc55b85a38babf66b0fa46b73"":[3402,19749,25191,27719,28129],""d_af2042c77ffaf0db5d75561ce9ef5688"":[14857,19375,21265,25066,30574,37435,55109],""d_1cd970d8351b42be4a308d628a6dd9d3"":[9748,10626,12847,12910],""d_31af23fdb79119ed185c256f03cb5773"":[795,16470,22405,26432,26899,27688,29609,31444,32428],""d_4e3db8955fdcda6f9944097bef3d2724"":[14343,15665]},""560433"":{""d_c0650f23e94c42e7a20921f4c5b75c24"":[94003]},""560403"":{""d_4e3db8955fdcda6f9944097bef3d2724"":[11771]}}",,[],,2017-2019;2020-2022;2023-2025;2026,"Confirmed every distinct postal variant against source-qualified raw evidence, exact HDB property and full source footprint inventory. Contradiction remains; no majority or unique-footprint override. Ambiguous, no point.","[{""block"":""443"",""street"":""ANG MO KIO AVENUE 10"",""postal"":""560403"",""count"":1,""example_source_dataset"":""d_4e3db8955fdcda6f9944097bef3d2724"",""example_source_row"":""11771"",""raw_source_footprint_objectids"":[]},{""block"":""443"",""street"":""ANG MO KIO AVENUE 10"",""postal"":""560433"",""count"":1,""example_source_dataset"":""d_c0650f23e94c42e7a20921f4c5b75c24"",""example_source_row"":""94003"",""raw_source_footprint_objectids"":[]},{""block"":""443"",""street"":""ANG MO KIO AVENUE 10"",""postal"":""560443"",""count"":248,""example_source_dataset"":""d_8575e84912df3c28995b8e6e0e05205a"",""example_source_row"":""480"",""raw_source_footprint_objectids"":[945427]}]"
ANG MO KIO,448,ANG MO KIO AVE 10,5,NormalizedAddress,Ambiguous,BlockApproximation,Missing,ConflictOrPreviouslyMatchedOutcomeChange,[7552],"{""560448"":{""d_8575e84912df3c28995b8e6e0e05205a"":[23211,38847,121244,169969],""d_3a3807c023c61ddfba947dc069eb53f2"":[56549,72617],""d_c0650f23e94c42e7a20921f4c5b75c24"":[344,105180,124079],""d_4526d47d6714d3b052eed4a30b8b1ed6"":[45885],""d_b58303c68e9cf0d2ae93b73ffdbfbfa1"":[52145,72406,73761,75620],""d_fa2ed456cf2b8597bb7e064b08fc3c7c"":[13099,56496,62864,63982],""d_85518d970b8178975850457f60f1e738"":[48631],""d_5573b0db0575db32190a2ad27919a7aa"":[35248,40045,51351,56806],""d_a2141adf93ec2a3c2ec2837b78d6d46e"":[1533,60938],""d_9af9317c646a1c881bb5591c91817cc6"":[4477,94402],""d_67e99e6eabc4aad9b5d48663b579746a"":[809,43783],""d_5c4ef48b025fdfbc80056401f06e3df9"":[29318],""d_181005ca270b45408b4cdfc954980ca2"":[7960,52293,59962,61317,63908,71718,88760],""d_2b8c54b2a490d2fa36b925289e5d9572"":[8839],""d_df7d2d661c0c11a7c367c9ee4bf896c1"":[26340,120897,121235,121236,196371],""d_72f37e5c5d192951ddc5513c2b134482"":[140857],""d_0cc5f52a1f298b916f317800251057f3"":[23119],""d_e97e8e7fc55b85a38babf66b0fa46b73"":[25933,33560],""d_af2042c77ffaf0db5d75561ce9ef5688"":[37284,38479,39028],""d_31af23fdb79119ed185c256f03cb5773"":[26172,31723]},""557408"":{""d_181005ca270b45408b4cdfc954980ca2"":[69158]}}",,[],,2017-2019;2020-2022;2023-2025,"Confirmed every distinct postal variant against source-qualified raw evidence, exact HDB property and full source footprint inventory. Contradiction remains; no majority or unique-footprint override. Ambiguous, no point.","[{""block"":""448"",""street"":""ANG MO KIO AVENUE 10"",""postal"":""557408"",""count"":1,""example_source_dataset"":""d_181005ca270b45408b4cdfc954980ca2"",""example_source_row"":""69158"",""raw_source_footprint_objectids"":[]},{""block"":""448"",""street"":""ANG MO KIO AVENUE 10"",""postal"":""560448"",""count"":52,""example_source_dataset"":""d_8575e84912df3c28995b8e6e0e05205a"",""example_source_row"":""23211"",""raw_source_footprint_objectids"":[947514]}]"
ANG MO KIO,449,ANG MO KIO AVE 10,6,NormalizedAddress,Ambiguous,BlockApproximation,Missing,ConflictOrPreviouslyMatchedOutcomeChange,[7574],"{""560449"":{""d_8575e84912df3c28995b8e6e0e05205a"":[39480,106343,110988,123162],""d_3a3807c023c61ddfba947dc069eb53f2"":[60163,62262,67728,71898],""d_c0650f23e94c42e7a20921f4c5b75c24"":[31173,71567,85941,102249,116573,116643,119001,125032],""d_acbc938ec77af18f94cecc4a7c9ec720"":[81,22083,45818,47070,48494,49524],""d_124a9bd407c7a25f8335b93b86e50fdd"":[31139,36698,67809,75691],""d_4526d47d6714d3b052eed4a30b8b1ed6"":[45788,66756],""d_b58303c68e9cf0d2ae93b73ffdbfbfa1"":[25199,57178,65723,80236,80659],""d_fa2ed456cf2b8597bb7e064b08fc3c7c"":[721,11438,16020,71807,73914,75084,83567],""d_85518d970b8178975850457f60f1e738"":[48927],""d_478f45a9c541cbe679ca55d1cd2b970b"":[279,16404,27665,29433,32327,38975,57164],""d_5573b0db0575db32190a2ad27919a7aa"":[233],""d_a2141adf93ec2a3c2ec2837b78d6d46e"":[42016,69501,73778,73998],""d_9af9317c646a1c881bb5591c91817cc6"":[75854,82545,85986,86492,90980,94034,99016,111103],""d_67e99e6eabc4aad9b5d48663b579746a"":[778,36237,42025,43625,58592],""d_300ddc8da4e8f7bdc1bfc62d0d99e2e7"":[14841,21074],""d_181005ca270b45408b4cdfc954980ca2"":[43721,51809,65516],""d_4130f1d9d365d9f1633536e959f62bb7"":[5438],""d_2b8c54b2a490d2fa36b925289e5d9572"":[26048,53709,56510],""d_df7d2d661c0c11a7c367c9ee4bf896c1"":[1019,146952,162540,167819,175866,180276,191642,197017,208897,226605],""d_72f37e5c5d192951ddc5513c2b134482"":[1453,59050,69554,77462,88488,100261,102544,104188,107243],""d_0cc5f52a1f298b916f317800251057f3"":[11762],""d_af2042c77ffaf0db5d75561ce9ef5688"":[11677,11678,21300,43632],""d_31af23fdb79119ed185c256f03cb5773"":[23077,29261,33054],""d_4e3db8955fdcda6f9944097bef3d2724"":[12037]},""560130"":{""d_9af9317c646a1c881bb5591c91817cc6"":[87500]}}",,[],,2017-2019;2020-2022;2023-2025,"Confirmed every distinct postal variant against source-qualified raw evidence, exact HDB property and full source footprint inventory. Contradiction remains; no majority or unique-footprint override. Ambiguous, no point.","[{""block"":""449"",""street"":""ANG MO KIO AVENUE 10"",""postal"":""560130"",""count"":1,""example_source_dataset"":""d_9af9317c646a1c881bb5591c91817cc6"",""example_source_row"":""87500"",""raw_source_footprint_objectids"":[]},{""block"":""449"",""street"":""ANG MO KIO AVENUE 10"",""postal"":""560449"",""count"":103,""example_source_dataset"":""d_8575e84912df3c28995b8e6e0e05205a"",""example_source_row"":""39480"",""raw_source_footprint_objectids"":[945199]}]"
ANG MO KIO,453,ANG MO KIO AVE 10,1,NormalizedAddress,Ambiguous,BlockApproximation,Missing,ConflictOrPreviouslyMatchedOutcomeChange,[7663],"{""560453"":{""d_8575e84912df3c28995b8e6e0e05205a"":[120170,122438,147559,158927,159486],""d_3a3807c023c61ddfba947dc069eb53f2"":[66013],""d_c0650f23e94c42e7a20921f4c5b75c24"":[39267,67381,116863,117415,119911,120396,122316,129073,139018],""d_124a9bd407c7a25f8335b93b86e50fdd"":[61634,65420,82512],""d_4526d47d6714d3b052eed4a30b8b1ed6"":[47091,55064,55554],""d_b58303c68e9cf0d2ae93b73ffdbfbfa1"":[47122,79112],""d_fa2ed456cf2b8597bb7e064b08fc3c7c"":[44815,70111,72492],""d_85518d970b8178975850457f60f1e738"":[41299],""d_478f45a9c541cbe679ca55d1cd2b970b"":[28436,31907,42598],""d_5573b0db0575db32190a2ad27919a7aa"":[48761,54368,55809,56978,66069,66810],""d_a2141adf93ec2a3c2ec2837b78d6d46e"":[65430],""d_9af9317c646a1c881bb5591c91817cc6"":[14007,82097,91362,91692,102605],""d_67e99e6eabc4aad9b5d48663b579746a"":[38656,45437,58401],""d_300ddc8da4e8f7bdc1bfc62d0d99e2e7"":[18421],""d_181005ca270b45408b4cdfc954980ca2"":[29142,73286],""d_4130f1d9d365d9f1633536e959f62bb7"":[9388],""d_df7d2d661c0c11a7c367c9ee4bf896c1"":[1738,121669,157552,166435,185766,187101],""d_72f37e5c5d192951ddc5513c2b134482"":[69750,69751,99170,112219,114796],""d_0cc5f52a1f298b916f317800251057f3"":[14878,17788],""d_e97e8e7fc55b85a38babf66b0fa46b73"":[7699,32160],""d_af2042c77ffaf0db5d75561ce9ef5688"":[28516,52816,52826],""d_4e3db8955fdcda6f9944097bef3d2724"":[17509]},""561453"":{""d_c0650f23e94c42e7a20921f4c5b75c24"":[94031]}}",,[],,2020-2022,"Confirmed every distinct postal variant against source-qualified raw evidence, exact HDB property and full source footprint inventory. Contradiction remains; no majority or unique-footprint override. Ambiguous, no point.","[{""block"":""453"",""street"":""ANG MO KIO AVENUE 10"",""postal"":""560453"",""count"":68,""example_source_dataset"":""d_8575e84912df3c28995b8e6e0e05205a"",""example_source_row"":""120170"",""raw_source_footprint_objectids"":[936310]},{""block"":""453"",""street"":""ANG MO KIO AVENUE 10"",""postal"":""561453"",""count"":1,""example_source_dataset"":""d_c0650f23e94c42e7a20921f4c5b75c24"",""example_source_row"":""94031"",""raw_source_footprint_objectids"":[]}]"
ANG MO KIO,503,ANG MO KIO AVE 5,45,NormalizedAddress,Ambiguous,BlockApproximation,Missing,ConflictOrPreviouslyMatchedOutcomeChange,[8483],"{""560503"":{""d_8575e84912df3c28995b8e6e0e05205a"":[29608,152519,174137],""d_3a3807c023c61ddfba947dc069eb53f2"":[83568,85109],""d_c0650f23e94c42e7a20921f4c5b75c24"":[73052,75573,110728,119226,127771],""d_acbc938ec77af18f94cecc4a7c9ec720"":[33558],""d_124a9bd407c7a25f8335b93b86e50fdd"":[46818],""d_4526d47d6714d3b052eed4a30b8b1ed6"":[29007,54187,59005],""d_b58303c68e9cf0d2ae93b73ffdbfbfa1"":[49063,75285],""d_fa2ed456cf2b8597bb7e064b08fc3c7c"":[9325],""d_478f45a9c541cbe679ca55d1cd2b970b"":[64624],""d_5573b0db0575db32190a2ad27919a7aa"":[40307,58700],""d_a2141adf93ec2a3c2ec2837b78d6d46e"":[15230,27119,38702,79987],""d_9af9317c646a1c881bb5591c91817cc6"":[94046,103359,104296,113257,120170],""d_67e99e6eabc4aad9b5d48663b579746a"":[33533,51598],""d_300ddc8da4e8f7bdc1bfc62d0d99e2e7"":[4981,9478],""d_181005ca270b45408b4cdfc954980ca2"":[26394,50939,52307,53506,81211,89846],""d_df7d2d661c0c11a7c367c9ee4bf896c1"":[203508,219800],""d_72f37e5c5d192951ddc5513c2b134482"":[74209,112136],""d_0cc5f52a1f298b916f317800251057f3"":[20009,24124],""d_e97e8e7fc55b85a38babf66b0fa46b73"":[37131,37877,37878,37879,37880],""d_af2042c77ffaf0db5d75561ce9ef5688"":[44836,47084,48753,55484],""d_1cd970d8351b42be4a308d628a6dd9d3"":[11310]},""560603"":{""d_8575e84912df3c28995b8e6e0e05205a"":[120831]}}",,[],,2017-2019;2020-2022;2023-2025;2026,"Confirmed every distinct postal variant against source-qualified raw evidence, exact HDB property and full source footprint inventory. Contradiction remains; no majority or unique-footprint override. Ambiguous, no point.","[{""block"":""503"",""street"":""ANG MO KIO AVENUE 5"",""postal"":""560503"",""count"":56,""example_source_dataset"":""d_8575e84912df3c28995b8e6e0e05205a"",""example_source_row"":""29608"",""raw_source_footprint_objectids"":[948334]},{""block"":""503"",""street"":""ANG MO KIO AVENUE 5"",""postal"":""560603"",""count"":1,""example_source_dataset"":""d_8575e84912df3c28995b8e6e0e05205a"",""example_source_row"":""120831"",""raw_source_footprint_objectids"":[]}]"
ANG MO KIO,529,ANG MO KIO AVE 10,1,NormalizedAddress,Ambiguous,BlockApproximation,Missing,ConflictOrPreviouslyMatchedOutcomeChange,[8954],"{""560529"":{""d_8575e84912df3c28995b8e6e0e05205a"":[26600,55683,59743,63178,66179,67726,75094,75096,75913,76153,80460,85608,85609,89035,89036,120234,121365,137070,137883,146176,161476],""d_3a3807c023c61ddfba947dc069eb53f2"":[758,12960,47273,66361,67273,68985,71180],""d_c0650f23e94c42e7a20921f4c5b75c24"":[2038,2906,7146,23847,30130,86473,92427,95133,97587,103384,111012,138306],""d_acbc938ec77af18f94cecc4a7c9ec720"":[6233,24341,41695,43981,48578,49181,54606],""d_124a9bd407c7a25f8335b93b86e50fdd"":[230,25229,33519,57856,60612,76060],""d_4526d47d6714d3b052eed4a30b8b1ed6"":[29534,35079,37362,43157,44665,45041,45653,46574,49346],""d_b58303c68e9cf0d2ae93b73ffdbfbfa1"":[28515,54484,60990,82178],""d_fa2ed456cf2b8597bb7e064b08fc3c7c"":[616,11927,16067,18913,44914,46130,62859,63800,70601,75784,75786,84488,93209],""d_85518d970b8178975850457f60f1e738"":[5830,24343,40887,42088],""d_478f45a9c541cbe679ca55d1cd2b970b"":[38996,40217,42176,43741,45506,45750,65591],""d_5573b0db0575db32190a2ad27919a7aa"":[14081,26890,56565,59364,60861],""d_a2141adf93ec2a3c2ec2837b78d6d46e"":[1065,43898,57499,61354],""d_9af9317c646a1c881bb5591c91817cc6"":[26397,39606,45738,72983,79589,82558,83548,91421,92838,93893,94191,97528,109210,109708,117044,121789],""d_67e99e6eabc4aad9b5d48663b579746a"":[11909,14429,18069],""d_5c4ef48b025fdfbc80056401f06e3df9"":[95,16914,25861],""d_300ddc8da4e8f7bdc1bfc62d0d99e2e7"":[4531,7736,11714],""d_181005ca270b45408b4cdfc954980ca2"":[7201,13994,17432,21390,55197,58293,74774],""d_2b8c54b2a490d2fa36b925289e5d9572"":[31513,43563,46583,55656,66212,66837,68492,69158],""d_df7d2d661c0c11a7c367c9ee4bf896c1"":[84584,88470,122976,127476,150712,150753,157758,164052,168172,168650,173499,176837,182043,192683,203566,205706],""d_72f37e5c5d192951ddc5513c2b134482"":[81,1419,31097,70511,85982,97237,97881,106622,113191,115938,120294,136321],""d_0cc5f52a1f298b916f317800251057f3"":[18159,20890],""d_e97e8e7fc55b85a38babf66b0fa46b73"":[30699,31353],""d_af2042c77ffaf0db5d75561ce9ef5688"":[28835,37489,43236],""d_31af23fdb79119ed185c256f03cb5773"":[26364,26525,30297,32830],""d_4e3db8955fdcda6f9944097bef3d2724"":[11682]},""560527"":{""d_df7d2d661c0c11a7c367c9ee4bf896c1"":[160527]}}",,[],,2020-2022,"Confirmed every distinct postal variant against source-qualified raw evidence, exact HDB property and full source footprint inventory. Contradiction remains; no majority or unique-footprint override. Ambiguous, no point.","[{""block"":""529"",""street"":""ANG MO KIO AVENUE 10"",""postal"":""560527"",""count"":1,""example_source_dataset"":""d_df7d2d661c0c11a7c367c9ee4bf896c1"",""example_source_row"":""160527"",""raw_source_footprint_objectids"":[]},{""block"":""529"",""street"":""ANG MO KIO AVENUE 10"",""postal"":""560529"",""count"":179,""example_source_dataset"":""d_8575e84912df3c28995b8e6e0e05205a"",""example_source_row"":""26600"",""raw_source_footprint_objectids"":[937338]}]"
ANG MO KIO,608,ANG MO KIO AVE 5,29,NormalizedAddress,Ambiguous,BlockApproximation,Missing,ConflictOrPreviouslyMatchedOutcomeChange,[9788],"{""560608"":{""d_8575e84912df3c28995b8e6e0e05205a"":[17243,32740,119329,132148,162200,166671],""d_3a3807c023c61ddfba947dc069eb53f2"":[49134,89458,90369],""d_c0650f23e94c42e7a20921f4c5b75c24"":[32442,44415,46499,72261,127213,139841],""d_acbc938ec77af18f94cecc4a7c9ec720"":[5521,15507,71045],""d_124a9bd407c7a25f8335b93b86e50fdd"":[19095,19487,19571,43611,54073,64184,72348,72706],""d_4526d47d6714d3b052eed4a30b8b1ed6"":[54378,59708,69806],""d_b58303c68e9cf0d2ae93b73ffdbfbfa1"":[23719,44423,49308,68830,77741],""d_fa2ed456cf2b8597bb7e064b08fc3c7c"":[5715,9744,38449,60782,62049,66157,66329,68464],""d_85518d970b8178975850457f60f1e738"":[35250,55719,57872],""d_478f45a9c541cbe679ca55d1cd2b970b"":[48901,51932],""d_5573b0db0575db32190a2ad27919a7aa"":[36966,41403,49701,55391,71868],""d_a2141adf93ec2a3c2ec2837b78d6d46e"":[39833,39867,41586,41800,48025,63467,68514,70008,73386,90584,92544],""d_9af9317c646a1c881bb5591c91817cc6"":[7427,10659,89068,97803,119370],""d_67e99e6eabc4aad9b5d48663b579746a"":[18944,33193,49502,57253],""d_5c4ef48b025fdfbc80056401f06e3df9"":[6118,39234],""d_300ddc8da4e8f7bdc1bfc62d0d99e2e7"":[15486,15542],""d_181005ca270b45408b4cdfc954980ca2"":[41171,52692,62828,77669,80194,80200,80386,95574],""d_2b8c54b2a490d2fa36b925289e5d9572"":[10413,15066,32819,47455],""d_df7d2d661c0c11a7c367c9ee4bf896c1"":[26154,76325,80671,86827,105671,110309,119300,120029,127208,161256,176572,180330,188624,198676,211231,211887],""d_72f37e5c5d192951ddc5513c2b134482"":[63015,66150,68456,102676,109812,112854,113580,115105,119402,123140,135794,137179],""d_0cc5f52a1f298b916f317800251057f3"":[14273],""d_e97e8e7fc55b85a38babf66b0fa46b73"":[26770],""d_af2042c77ffaf0db5d75561ce9ef5688"":[21641,24997,36929,43829],""d_31af23fdb79119ed185c256f03cb5773"":[15959,30212,30631]},""560177"":{""d_8575e84912df3c28995b8e6e0e05205a"":[123561]}}",,[],,2017-2019;2020-2022;2023-2025;2026,"Confirmed every distinct postal variant against source-qualified raw evidence, exact HDB property and full source footprint inventory. Contradiction remains; no majority or unique-footprint override. Ambiguous, no point.","[{""block"":""608"",""street"":""ANG MO KIO AVENUE 5"",""postal"":""560177"",""count"":1,""example_source_dataset"":""d_8575e84912df3c28995b8e6e0e05205a"",""example_source_row"":""123561"",""raw_source_footprint_objectids"":[]},{""block"":""608"",""street"":""ANG MO KIO AVENUE 5"",""postal"":""560608"",""count"":125,""example_source_dataset"":""d_8575e84912df3c28995b8e6e0e05205a"",""example_source_row"":""17243"",""raw_source_footprint_objectids"":[936269]}]"
ANG MO KIO,635,ANG MO KIO AVE 6,28,NormalizedAddress,Ambiguous,BlockApproximation,Missing,ConflictOrPreviouslyMatchedOutcomeChange,[10261],"{""560635"":{""d_8575e84912df3c28995b8e6e0e05205a"":[4686,43618,50120,121326,144288,148352,158740],""d_3a3807c023c61ddfba947dc069eb53f2"":[20050,48842,57487,58815,81967,89662],""d_c0650f23e94c42e7a20921f4c5b75c24"":[69227,74006,75732,97767,109869,111100,133238],""d_acbc938ec77af18f94cecc4a7c9ec720"":[52378,54644,63369],""d_124a9bd407c7a25f8335b93b86e50fdd"":[57377,67097,69713],""d_4526d47d6714d3b052eed4a30b8b1ed6"":[55752,56786],""d_b58303c68e9cf0d2ae93b73ffdbfbfa1"":[47422,49585,65236],""d_fa2ed456cf2b8597bb7e064b08fc3c7c"":[36145,42077,45933,47989,55935,68578,71122,71307,80512,82915,91880],""d_85518d970b8178975850457f60f1e738"":[29402,43451,44853],""d_478f45a9c541cbe679ca55d1cd2b970b"":[26797,40784,53912,58174],""d_5573b0db0575db32190a2ad27919a7aa"":[35135,50290,54218,54971],""d_a2141adf93ec2a3c2ec2837b78d6d46e"":[5937,43257,49721,51619,64600,71421,77625],""d_9af9317c646a1c881bb5591c91817cc6"":[64123,73596,74188,93993],""d_5c4ef48b025fdfbc80056401f06e3df9"":[18865,26850,29339,38014],""d_300ddc8da4e8f7bdc1bfc62d0d99e2e7"":[9111,10088,10621,15892],""d_181005ca270b45408b4cdfc954980ca2"":[51938,57598,73115,77102],""d_2b8c54b2a490d2fa36b925289e5d9572"":[42089,47723,59870],""d_df7d2d661c0c11a7c367c9ee4bf896c1"":[48799,124916,138266,143891,182469,196655,198543,200322,209988,214775,225770],""d_72f37e5c5d192951ddc5513c2b134482"":[83481,94701,99083,100477,103706,110952,137567],""d_0cc5f52a1f298b916f317800251057f3"":[16709,21655,22408],""d_af2042c77ffaf0db5d75561ce9ef5688"":[28879,40518,55397],""d_1cd970d8351b42be4a308d628a6dd9d3"":[10770],""d_31af23fdb79119ed185c256f03cb5773"":[2463,19972,36273],""d_4e3db8955fdcda6f9944097bef3d2724"":[556,6484,18357]},""560535"":{""d_a2141adf93ec2a3c2ec2837b78d6d46e"":[63925]}}",,[],,2017-2019;2020-2022;2023-2025;2026,"Confirmed every distinct postal variant against source-qualified raw evidence, exact HDB property and full source footprint inventory. Contradiction remains; no majority or unique-footprint override. Ambiguous, no point.","[{""block"":""635"",""street"":""ANG MO KIO AVENUE 6"",""postal"":""560535"",""count"":1,""example_source_dataset"":""d_a2141adf93ec2a3c2ec2837b78d6d46e"",""example_source_row"":""63925"",""raw_source_footprint_objectids"":[]},{""block"":""635"",""street"":""ANG MO KIO AVENUE 6"",""postal"":""560635"",""count"":110,""example_source_dataset"":""d_8575e84912df3c28995b8e6e0e05205a"",""example_source_row"":""4686"",""raw_source_footprint_objectids"":[944213]}]"
ANG MO KIO,704,ANG MO KIO AVE 8,4,NormalizedAddress,Ambiguous,BlockApproximation,Missing,ConflictOrPreviouslyMatchedOutcomeChange,[11310],"{""560704"":{""d_8575e84912df3c28995b8e6e0e05205a"":[171950],""d_3a3807c023c61ddfba947dc069eb53f2"":[15532,73672],""d_c0650f23e94c42e7a20921f4c5b75c24"":[67715,99728,112315],""d_acbc938ec77af18f94cecc4a7c9ec720"":[48973,49975,62439],""d_b58303c68e9cf0d2ae93b73ffdbfbfa1"":[74013],""d_fa2ed456cf2b8597bb7e064b08fc3c7c"":[45968,51988,75505],""d_85518d970b8178975850457f60f1e738"":[22530,50299,54546],""d_478f45a9c541cbe679ca55d1cd2b970b"":[9393,52210],""d_5573b0db0575db32190a2ad27919a7aa"":[36565,50316],""d_a2141adf93ec2a3c2ec2837b78d6d46e"":[31899,46985],""d_9af9317c646a1c881bb5591c91817cc6"":[14116,37141,88514,89364,92768,101067,105271,108573,109640,122470],""d_67e99e6eabc4aad9b5d48663b579746a"":[34656,44922],""d_df7d2d661c0c11a7c367c9ee4bf896c1"":[27983,150853,155115,168309],""d_72f37e5c5d192951ddc5513c2b134482"":[52489,53298],""d_0cc5f52a1f298b916f317800251057f3"":[17888,21124],""d_e97e8e7fc55b85a38babf66b0fa46b73"":[144],""d_31af23fdb79119ed185c256f03cb5773"":[36698],""d_4e3db8955fdcda6f9944097bef3d2724"":[2724,14455]},""560233"":{""d_67e99e6eabc4aad9b5d48663b579746a"":[44208]}}",,[],,2020-2022;2023-2025,"Confirmed every distinct postal variant against source-qualified raw evidence, exact HDB property and full source footprint inventory. Contradiction remains; no majority or unique-footprint override. Ambiguous, no point.","[{""block"":""704"",""street"":""ANG MO KIO AVENUE 8"",""postal"":""560233"",""count"":1,""example_source_dataset"":""d_67e99e6eabc4aad9b5d48663b579746a"",""example_source_row"":""44208"",""raw_source_footprint_objectids"":[]},{""block"":""704"",""street"":""ANG MO KIO AVENUE 8"",""postal"":""560704"",""count"":46,""example_source_dataset"":""d_8575e84912df3c28995b8e6e0e05205a"",""example_source_row"":""171950"",""raw_source_footprint_objectids"":[949027]}]"
ANG MO KIO,710,ANG MO KIO AVE 8,14,NormalizedAddress,Ambiguous,BlockApproximation,Missing,ConflictOrPreviouslyMatchedOutcomeChange,[11378],"{""560710"":{""d_8575e84912df3c28995b8e6e0e05205a"":[150624,154235],""d_3a3807c023c61ddfba947dc069eb53f2"":[58579,86092],""d_c0650f23e94c42e7a20921f4c5b75c24"":[21490,35408,102639,138175],""d_acbc938ec77af18f94cecc4a7c9ec720"":[49474],""d_124a9bd407c7a25f8335b93b86e50fdd"":[634,45216,54297],""d_4526d47d6714d3b052eed4a30b8b1ed6"":[51630,56083],""d_b58303c68e9cf0d2ae93b73ffdbfbfa1"":[112,21015,23865,81156],""d_fa2ed456cf2b8597bb7e064b08fc3c7c"":[59980,84988,86983,87553],""d_85518d970b8178975850457f60f1e738"":[56879],""d_478f45a9c541cbe679ca55d1cd2b970b"":[29127,37761],""d_5573b0db0575db32190a2ad27919a7aa"":[3919,11152,36965],""d_a2141adf93ec2a3c2ec2837b78d6d46e"":[47700,73347,74325],""d_9af9317c646a1c881bb5591c91817cc6"":[62631,81324,82000,92934],""d_67e99e6eabc4aad9b5d48663b579746a"":[38975],""d_181005ca270b45408b4cdfc954980ca2"":[67352,86045],""d_4130f1d9d365d9f1633536e959f62bb7"":[9353],""d_2b8c54b2a490d2fa36b925289e5d9572"":[36343,49519],""d_df7d2d661c0c11a7c367c9ee4bf896c1"":[27593,148412,152189,161120,169752,171230,174208],""d_72f37e5c5d192951ddc5513c2b134482"":[79369,86836,87993,99947,100725,127676,132012],""d_af2042c77ffaf0db5d75561ce9ef5688"":[37117],""d_1cd970d8351b42be4a308d628a6dd9d3"":[6857],""d_31af23fdb79119ed185c256f03cb5773"":[30852],""d_4e3db8955fdcda6f9944097bef3d2724"":[11537]},""561710"":{""d_a2141adf93ec2a3c2ec2837b78d6d46e"":[62044]}}",,[],,2017-2019;2020-2022;2023-2025;2026,"Confirmed every distinct postal variant against source-qualified raw evidence, exact HDB property and full source footprint inventory. Contradiction remains; no majority or unique-footprint override. Ambiguous, no point.","[{""block"":""710"",""street"":""ANG MO KIO AVENUE 8"",""postal"":""560710"",""count"":59,""example_source_dataset"":""d_8575e84912df3c28995b8e6e0e05205a"",""example_source_row"":""150624"",""raw_source_footprint_objectids"":[943417]},{""block"":""710"",""street"":""ANG MO KIO AVENUE 8"",""postal"":""561710"",""count"":1,""example_source_dataset"":""d_a2141adf93ec2a3c2ec2837b78d6d46e"",""example_source_row"":""62044"",""raw_source_footprint_objectids"":[]}]"
ANG MO KIO,727,ANG MO KIO AVE 6,1,NormalizedAddress,Ambiguous,BlockApproximation,Missing,ConflictOrPreviouslyMatchedOutcomeChange,[11538],"{""560727"":{""d_8575e84912df3c28995b8e6e0e05205a"":[91602,94979,153042,163068,169215],""d_3a3807c023c61ddfba947dc069eb53f2"":[12835,36518,72645,78017,90587],""d_c0650f23e94c42e7a20921f4c5b75c24"":[28405,28406,35175,35176,64682,72476,103556,109946,112828,113118,116368,116816,117643],""d_acbc938ec77af18f94cecc4a7c9ec720"":[35743,53516,59132,60965],""d_124a9bd407c7a25f8335b93b86e50fdd"":[10535,15331,31612,69053,70306],""d_4526d47d6714d3b052eed4a30b8b1ed6"":[37252,54549,62624],""d_b58303c68e9cf0d2ae93b73ffdbfbfa1"":[37958,68387],""d_fa2ed456cf2b8597bb7e064b08fc3c7c"":[77414,82935,94160],""d_85518d970b8178975850457f60f1e738"":[14100,50074],""d_478f45a9c541cbe679ca55d1cd2b970b"":[47325],""d_5573b0db0575db32190a2ad27919a7aa"":[37113,46877,59298],""d_a2141adf93ec2a3c2ec2837b78d6d46e"":[14836,44325,65912],""d_9af9317c646a1c881bb5591c91817cc6"":[76032,87159,108629,116767],""d_67e99e6eabc4aad9b5d48663b579746a"":[451,37869],""d_5c4ef48b025fdfbc80056401f06e3df9"":[31908],""d_300ddc8da4e8f7bdc1bfc62d0d99e2e7"":[14007,21583],""d_181005ca270b45408b4cdfc954980ca2"":[22911,50901,75078,79702,81546],""d_2b8c54b2a490d2fa36b925289e5d9572"":[32443,34021,47186,53880],""d_df7d2d661c0c11a7c367c9ee4bf896c1"":[76676,96491,123034,127496,138608],""d_72f37e5c5d192951ddc5513c2b134482"":[68489,91038,98394,111211,142111],""d_0cc5f52a1f298b916f317800251057f3"":[12726,13862],""d_e97e8e7fc55b85a38babf66b0fa46b73"":[6567,21694,24751],""d_af2042c77ffaf0db5d75561ce9ef5688"":[28998,44513,46593,46680],""d_1cd970d8351b42be4a308d628a6dd9d3"":[989,2800,9714,9715],""d_31af23fdb79119ed185c256f03cb5773"":[37081]},""560716"":{""d_fa2ed456cf2b8597bb7e064b08fc3c7c"":[58740]}}",,[],,2020-2022,"Confirmed every distinct postal variant against source-qualified raw evidence, exact HDB property and full source footprint inventory. Contradiction remains; no majority or unique-footprint override. Ambiguous, no point.","[{""block"":""727"",""street"":""ANG MO KIO AVENUE 6"",""postal"":""560716"",""count"":1,""example_source_dataset"":""d_fa2ed456cf2b8597bb7e064b08fc3c7c"",""example_source_row"":""58740"",""raw_source_footprint_objectids"":[]},{""block"":""727"",""street"":""ANG MO KIO AVENUE 6"",""postal"":""560727"",""count"":91,""example_source_dataset"":""d_8575e84912df3c28995b8e6e0e05205a"",""example_source_row"":""91602"",""raw_source_footprint_objectids"":[940831]}]"
BEDOK,104,LENGKONG TIGA,14,ExactAddress,Ambiguous,BlockApproximation,Missing,ConflictOrPreviouslyMatchedOutcomeChange,[239],"{""410104"":{""d_8575e84912df3c28995b8e6e0e05205a"":[83162,90032,128191,161761,168296],""d_3a3807c023c61ddfba947dc069eb53f2"":[12078,35304],""d_c0650f23e94c42e7a20921f4c5b75c24"":[95790,137415,138250],""d_acbc938ec77af18f94cecc4a7c9ec720"":[56831,59092],""d_4526d47d6714d3b052eed4a30b8b1ed6"":[20619],""d_fa2ed456cf2b8597bb7e064b08fc3c7c"":[82007],""d_478f45a9c541cbe679ca55d1cd2b970b"":[56615],""d_5573b0db0575db32190a2ad27919a7aa"":[67116],""d_9af9317c646a1c881bb5591c91817cc6"":[18956,52436],""d_300ddc8da4e8f7bdc1bfc62d0d99e2e7"":[19975],""d_181005ca270b45408b4cdfc954980ca2"":[87359],""d_df7d2d661c0c11a7c367c9ee4bf896c1"":[29106,60513,207106],""d_72f37e5c5d192951ddc5513c2b134482"":[22915,110148,111767,118604,123000],""d_af2042c77ffaf0db5d75561ce9ef5688"":[52475],""d_1cd970d8351b42be4a308d628a6dd9d3"":[12065],""d_31af23fdb79119ed185c256f03cb5773"":[28525]},""417414"":{""d_acbc938ec77af18f94cecc4a7c9ec720"":[47744]}}",,[],,2017-2019;2020-2022;2023-2025,"Confirmed every distinct postal variant against source-qualified raw evidence, exact HDB property and full source footprint inventory. Contradiction remains; no majority or unique-footprint override. Ambiguous, no point.","[{""block"":""104"",""street"":""LENGKONG TIGA"",""postal"":""410104"",""count"":31,""example_source_dataset"":""d_8575e84912df3c28995b8e6e0e05205a"",""example_source_row"":""83162"",""raw_source_footprint_objectids"":[937903]},{""block"":""104"",""street"":""LENGKONG TIGA"",""postal"":""417414"",""count"":1,""example_source_dataset"":""d_acbc938ec77af18f94cecc4a7c9ec720"",""example_source_row"":""47744"",""raw_source_footprint_objectids"":[]}]"
BUKIT MERAH,38,TELOK BLANGAH RISE,3,ExactAddress,Ambiguous,BlockApproximation,Missing,ConflictOrPreviouslyMatchedOutcomeChange,[6402],"{""090038"":{""d_8575e84912df3c28995b8e6e0e05205a"":[9117,66868,106283,110126,112443,135775,140605,148650],""d_3a3807c023c61ddfba947dc069eb53f2"":[811,57388,64395,88124],""d_c0650f23e94c42e7a20921f4c5b75c24"":[82132,95496,137625],""d_acbc938ec77af18f94cecc4a7c9ec720"":[45857],""d_124a9bd407c7a25f8335b93b86e50fdd"":[60680,60683,82516],""d_4526d47d6714d3b052eed4a30b8b1ed6"":[17732,68807],""d_b58303c68e9cf0d2ae93b73ffdbfbfa1"":[56877,70235],""d_fa2ed456cf2b8597bb7e064b08fc3c7c"":[33123,69838],""d_85518d970b8178975850457f60f1e738"":[48520],""d_478f45a9c541cbe679ca55d1cd2b970b"":[37276,43100,44544],""d_5573b0db0575db32190a2ad27919a7aa"":[9553,47434,51477,55465,68895,73344,73898],""d_a2141adf93ec2a3c2ec2837b78d6d46e"":[64935],""d_9af9317c646a1c881bb5591c91817cc6"":[963,5179,46522,77596,80354],""d_67e99e6eabc4aad9b5d48663b579746a"":[241,12287,22788,38105,44054,51691,54680,56911],""d_181005ca270b45408b4cdfc954980ca2"":[59792,85150,93679],""d_2b8c54b2a490d2fa36b925289e5d9572"":[35328,45395,47000,48197,48612,49025],""d_df7d2d661c0c11a7c367c9ee4bf896c1"":[9861,118736,120125,141703,155054,169018,184132,188390,221942],""d_72f37e5c5d192951ddc5513c2b134482"":[67701,70256,72147,80566,82611,87443,115723,121222,126829],""d_0cc5f52a1f298b916f317800251057f3"":[9722],""d_e97e8e7fc55b85a38babf66b0fa46b73"":[31122],""d_af2042c77ffaf0db5d75561ce9ef5688"":[15355,27705,27722],""d_1cd970d8351b42be4a308d628a6dd9d3"":[1475],""d_31af23fdb79119ed185c256f03cb5773"":[24136,24244],""d_4e3db8955fdcda6f9944097bef3d2724"":[17,4423]},""090033"":{""d_df7d2d661c0c11a7c367c9ee4bf896c1"":[167583]}}",,[],,2017-2019;2023-2025,"Confirmed every distinct postal variant against source-qualified raw evidence, exact HDB property and full source footprint inventory. Contradiction remains; no majority or unique-footprint override. Ambiguous, no point.","[{""block"":""38"",""street"":""TELOK BLANGAH RISE"",""postal"":""090033"",""count"":1,""example_source_dataset"":""d_df7d2d661c0c11a7c367c9ee4bf896c1"",""example_source_row"":""167583"",""raw_source_footprint_objectids"":[]},{""block"":""38"",""street"":""TELOK BLANGAH RISE"",""postal"":""090038"",""count"":87,""example_source_dataset"":""d_8575e84912df3c28995b8e6e0e05205a"",""example_source_row"":""9117"",""raw_source_footprint_objectids"":[948923]}]"
CHOA CHU KANG,141,TECK WHYE LANE,17,ExactAddress,Ambiguous,BlockApproximation,Missing,ConflictOrPreviouslyMatchedOutcomeChange,[1601],"{""680141"":{""d_8575e84912df3c28995b8e6e0e05205a"":[42125,62633,66793,104923,107779,108380,115568,120689,131655,140301,144741,146690,159141,165112],""d_3a3807c023c61ddfba947dc069eb53f2"":[53439,62659,83207],""d_c0650f23e94c42e7a20921f4c5b75c24"":[84616,88881,93369,130461,136470],""d_acbc938ec77af18f94cecc4a7c9ec720"":[41777,44559,54333,64231],""d_124a9bd407c7a25f8335b93b86e50fdd"":[58994,77454],""d_b58303c68e9cf0d2ae93b73ffdbfbfa1"":[9967,57957,62909,70619,79928,80833],""d_fa2ed456cf2b8597bb7e064b08fc3c7c"":[64518,66717],""d_85518d970b8178975850457f60f1e738"":[30226,32042],""d_478f45a9c541cbe679ca55d1cd2b970b"":[4078,34929,55528,64991,65753],""d_5573b0db0575db32190a2ad27919a7aa"":[49605,69780],""d_a2141adf93ec2a3c2ec2837b78d6d46e"":[29371,29372,51545,53354,53430,57338,60559,65827,69426],""d_9af9317c646a1c881bb5591c91817cc6"":[43143,80056,90234,90235,104206],""d_67e99e6eabc4aad9b5d48663b579746a"":[21329,31332,41139,42690,44552,47983,49921],""d_5c4ef48b025fdfbc80056401f06e3df9"":[39573,40088],""d_181005ca270b45408b4cdfc954980ca2"":[66708,82029,89755,90395],""d_2b8c54b2a490d2fa36b925289e5d9572"":[23404,66372],""d_df7d2d661c0c11a7c367c9ee4bf896c1"":[6943,144645,145963,155729,160656,163541,166003,194957,212656,223244],""d_72f37e5c5d192951ddc5513c2b134482"":[45111,79387,79688,81441,81534,84222,92040,108616,124002,131488],""d_0cc5f52a1f298b916f317800251057f3"":[10593,17061],""d_e97e8e7fc55b85a38babf66b0fa46b73"":[25731],""d_af2042c77ffaf0db5d75561ce9ef5688"":[24013,26354],""d_31af23fdb79119ed185c256f03cb5773"":[19929,25661]},""680144"":{""d_4e3db8955fdcda6f9944097bef3d2724"":[11639]}}",,[],,2017-2019;2020-2022;2023-2025;2026,"Confirmed every distinct postal variant against source-qualified raw evidence, exact HDB property and full source footprint inventory. Contradiction remains; no majority or unique-footprint override. Ambiguous, no point.","[{""block"":""141"",""street"":""TECK WHYE LANE"",""postal"":""680141"",""count"":101,""example_source_dataset"":""d_8575e84912df3c28995b8e6e0e05205a"",""example_source_row"":""42125"",""raw_source_footprint_objectids"":[939252]},{""block"":""141"",""street"":""TECK WHYE LANE"",""postal"":""680144"",""count"":1,""example_source_dataset"":""d_4e3db8955fdcda6f9944097bef3d2724"",""example_source_row"":""11639"",""raw_source_footprint_objectids"":[]}]"
CHOA CHU KANG,204,CHOA CHU KANG AVE 1,31,Ambiguous,Ambiguous,Missing,Missing,ConflictOrPreviouslyMatchedOutcomeChange,[2908],"{""680204"":{""d_8575e84912df3c28995b8e6e0e05205a"":[25620,149019,153174,158902],""d_3a3807c023c61ddfba947dc069eb53f2"":[3150,19723,56842,58658,72295,90408],""d_c0650f23e94c42e7a20921f4c5b75c24"":[131278],""d_acbc938ec77af18f94cecc4a7c9ec720"":[15805,33292,33783,36201,58831],""d_124a9bd407c7a25f8335b93b86e50fdd"":[9370,22033,73292,78507],""d_4526d47d6714d3b052eed4a30b8b1ed6"":[42910,65012],""d_b58303c68e9cf0d2ae93b73ffdbfbfa1"":[71165,81971],""d_85518d970b8178975850457f60f1e738"":[45462,60163],""d_478f45a9c541cbe679ca55d1cd2b970b"":[60884,67783],""d_5573b0db0575db32190a2ad27919a7aa"":[23267,68197,71446],""d_9af9317c646a1c881bb5591c91817cc6"":[103545],""d_67e99e6eabc4aad9b5d48663b579746a"":[51090,56859],""d_5c4ef48b025fdfbc80056401f06e3df9"":[32848],""d_300ddc8da4e8f7bdc1bfc62d0d99e2e7"":[17787],""d_181005ca270b45408b4cdfc954980ca2"":[90413],""d_4130f1d9d365d9f1633536e959f62bb7"":[11518],""d_df7d2d661c0c11a7c367c9ee4bf896c1"":[45525,178845],""d_72f37e5c5d192951ddc5513c2b134482"":[9971,47413,122017,127636,132315],""d_e97e8e7fc55b85a38babf66b0fa46b73"":[28646],""d_af2042c77ffaf0db5d75561ce9ef5688"":[37468,38662],""d_4e3db8955fdcda6f9944097bef3d2724"":[16287]},""689471"":{""d_8575e84912df3c28995b8e6e0e05205a"":[100903],""d_3a3807c023c61ddfba947dc069eb53f2"":[53243],""d_c0650f23e94c42e7a20921f4c5b75c24"":[18092,72953],""d_fa2ed456cf2b8597bb7e064b08fc3c7c"":[19881,54049,60886],""d_478f45a9c541cbe679ca55d1cd2b970b"":[36875],""d_df7d2d661c0c11a7c367c9ee4bf896c1"":[155197,159181],""d_31af23fdb79119ed185c256f03cb5773"":[19396]}}",,[],,2017-2019;2020-2022;2023-2025,"Confirmed every distinct postal variant against source-qualified raw evidence, exact HDB property and full source footprint inventory. Contradiction remains; no majority or unique-footprint override. Ambiguous, no point.","[{""block"":""204"",""street"":""CHOA CHU KANG AVENUE 1"",""postal"":""680204"",""count"":49,""example_source_dataset"":""d_8575e84912df3c28995b8e6e0e05205a"",""example_source_row"":""25620"",""raw_source_footprint_objectids"":[941641]},{""block"":""204"",""street"":""CHOA CHU KANG AVENUE 1"",""postal"":""689471"",""count"":11,""example_source_dataset"":""d_8575e84912df3c28995b8e6e0e05205a"",""example_source_row"":""100903"",""raw_source_footprint_objectids"":[]}]"
CHOA CHU KANG,307,CHOA CHU KANG AVE 4,22,NormalizedAddress,Ambiguous,BlockApproximation,Missing,ConflictOrPreviouslyMatchedOutcomeChange,[5111],"{""680307"":{""d_8575e84912df3c28995b8e6e0e05205a"":[20151,121713],""d_3a3807c023c61ddfba947dc069eb53f2"":[26979,80776,93712],""d_c0650f23e94c42e7a20921f4c5b75c24"":[47244,89572,91732,92579,97120,116329],""d_acbc938ec77af18f94cecc4a7c9ec720"":[11916,23901,61258],""d_124a9bd407c7a25f8335b93b86e50fdd"":[63164],""d_4526d47d6714d3b052eed4a30b8b1ed6"":[22125,24341,42212,45579,66736],""d_b58303c68e9cf0d2ae93b73ffdbfbfa1"":[59947,68260],""d_fa2ed456cf2b8597bb7e064b08fc3c7c"":[64957,69752,76919,83543],""d_85518d970b8178975850457f60f1e738"":[10255,57843,58643,59879],""d_478f45a9c541cbe679ca55d1cd2b970b"":[10868,41833,49759,53962],""d_5573b0db0575db32190a2ad27919a7aa"":[55679,57386,59599,60692,61847,70201],""d_a2141adf93ec2a3c2ec2837b78d6d46e"":[23466],""d_9af9317c646a1c881bb5591c91817cc6"":[78267,89322,108412],""d_67e99e6eabc4aad9b5d48663b579746a"":[26731,42205],""d_300ddc8da4e8f7bdc1bfc62d0d99e2e7"":[11955],""d_2b8c54b2a490d2fa36b925289e5d9572"":[50575,64934],""d_df7d2d661c0c11a7c367c9ee4bf896c1"":[19143,107321,146329,148566,152243,170291,194094,197209,197638,207295,215265],""d_72f37e5c5d192951ddc5513c2b134482"":[92472,93911,95447,108441,116664,137036],""d_0cc5f52a1f298b916f317800251057f3"":[6754,19000,22661],""d_e97e8e7fc55b85a38babf66b0fa46b73"":[12674],""d_af2042c77ffaf0db5d75561ce9ef5688"":[18098,50260,50981,55265],""d_1cd970d8351b42be4a308d628a6dd9d3"":[11844],""d_4e3db8955fdcda6f9944097bef3d2724"":[11698]},""560427"":{""d_4526d47d6714d3b052eed4a30b8b1ed6"":[44849]}}",,[],,2017-2019;2020-2022;2023-2025;2026,"Confirmed every distinct postal variant against source-qualified raw evidence, exact HDB property and full source footprint inventory. Contradiction remains; no majority or unique-footprint override. Ambiguous, no point.","[{""block"":""307"",""street"":""CHOA CHU KANG AVENUE 4"",""postal"":""560427"",""count"":1,""example_source_dataset"":""d_4526d47d6714d3b052eed4a30b8b1ed6"",""example_source_row"":""44849"",""raw_source_footprint_objectids"":[]},{""block"":""307"",""street"":""CHOA CHU KANG AVENUE 4"",""postal"":""680307"",""count"":76,""example_source_dataset"":""d_8575e84912df3c28995b8e6e0e05205a"",""example_source_row"":""20151"",""raw_source_footprint_objectids"":[947268]}]"
CLEMENTI,302,CLEMENTI AVE 4,15,NormalizedAddress,Ambiguous,BlockApproximation,Missing,ConflictOrPreviouslyMatchedOutcomeChange,[4991],"{""120302"":{""d_8575e84912df3c28995b8e6e0e05205a"":[141098,162672,164626],""d_3a3807c023c61ddfba947dc069eb53f2"":[82623,94630],""d_c0650f23e94c42e7a20921f4c5b75c24"":[43918,61084,129009,130125],""d_acbc938ec77af18f94cecc4a7c9ec720"":[58514,65992],""d_124a9bd407c7a25f8335b93b86e50fdd"":[23489,68691],""d_4526d47d6714d3b052eed4a30b8b1ed6"":[44214,46898,58399],""d_b58303c68e9cf0d2ae93b73ffdbfbfa1"":[49578],""d_fa2ed456cf2b8597bb7e064b08fc3c7c"":[2095],""d_85518d970b8178975850457f60f1e738"":[13506,55378],""d_478f45a9c541cbe679ca55d1cd2b970b"":[56354,58195],""d_5573b0db0575db32190a2ad27919a7aa"":[21472,69508,74482,76340],""d_a2141adf93ec2a3c2ec2837b78d6d46e"":[21251,44919,46696,79360],""d_9af9317c646a1c881bb5591c91817cc6"":[98433,101386],""d_67e99e6eabc4aad9b5d48663b579746a"":[57150],""d_2b8c54b2a490d2fa36b925289e5d9572"":[40103,60837,65599],""d_df7d2d661c0c11a7c367c9ee4bf896c1"":[125869,200183,202880,204992,205944,211291,211292,211936,227681],""d_72f37e5c5d192951ddc5513c2b134482"":[70353,123343],""d_0cc5f52a1f298b916f317800251057f3"":[18068],""d_e97e8e7fc55b85a38babf66b0fa46b73"":[33720],""d_af2042c77ffaf0db5d75561ce9ef5688"":[44565]},""120320"":{""d_5c4ef48b025fdfbc80056401f06e3df9"":[26983]}}",,[],,2017-2019;2020-2022;2023-2025;2026,"Confirmed every distinct postal variant against source-qualified raw evidence, exact HDB property and full source footprint inventory. Contradiction remains; no majority or unique-footprint override. Ambiguous, no point.","[{""block"":""302"",""street"":""CLEMENTI AVENUE 4"",""postal"":""120302"",""count"":50,""example_source_dataset"":""d_8575e84912df3c28995b8e6e0e05205a"",""example_source_row"":""141098"",""raw_source_footprint_objectids"":[942619]},{""block"":""302"",""street"":""CLEMENTI AVENUE 4"",""postal"":""120320"",""count"":1,""example_source_dataset"":""d_5c4ef48b025fdfbc80056401f06e3df9"",""example_source_row"":""26983"",""raw_source_footprint_objectids"":[]}]"
CLEMENTI,320,CLEMENTI AVE 4,20,NormalizedAddress,Ambiguous,BlockApproximation,Missing,ConflictOrPreviouslyMatchedOutcomeChange,[5441],"{""120320"":{""d_8575e84912df3c28995b8e6e0e05205a"":[11864,32870,45976,47138,93919,94545,97250,106594,113509,119587,123531,125835,129269,139009,143869,144042,144807,149445,163603],""d_3a3807c023c61ddfba947dc069eb53f2"":[326,58571,61186,61578,63635,64765,71220,72009,72116,78738],""d_c0650f23e94c42e7a20921f4c5b75c24"":[70953,92126,109007,109580,112470,114189,124312,135273,135346,136957],""d_acbc938ec77af18f94cecc4a7c9ec720"":[8446,24677,68778,70388],""d_124a9bd407c7a25f8335b93b86e50fdd"":[22355,32404,32646,37150,38503,48505,66906,85574,85595],""d_4526d47d6714d3b052eed4a30b8b1ed6"":[10162,13369,39396,40914,50040,65115],""d_b58303c68e9cf0d2ae93b73ffdbfbfa1"":[49495,60149,80201],""d_fa2ed456cf2b8597bb7e064b08fc3c7c"":[3025,64105,65619,67427,71084,75199,78265],""d_85518d970b8178975850457f60f1e738"":[52687],""d_478f45a9c541cbe679ca55d1cd2b970b"":[177,28339,33078,33573,33778,36816,36833,38843,47228,56223],""d_5573b0db0575db32190a2ad27919a7aa"":[820,30492,36095,36118,49923,58676,62127,62224],""d_a2141adf93ec2a3c2ec2837b78d6d46e"":[35455,46623,55068,57255,61621,66832,69641,70716,79188,81256,84690,92287],""d_9af9317c646a1c881bb5591c91817cc6"":[60979,63521,67667,77179,78409,79646,89085,94891,105103,110734,120766],""d_67e99e6eabc4aad9b5d48663b579746a"":[39058,39499,39723,40973,42094,47213,48475,48676,50340,56391],""d_5c4ef48b025fdfbc80056401f06e3df9"":[1531,5692],""d_300ddc8da4e8f7bdc1bfc62d0d99e2e7"":[9411,20219],""d_181005ca270b45408b4cdfc954980ca2"":[43119,48553,57138,58686,65806,71758,74926,76683,99247],""d_4130f1d9d365d9f1633536e959f62bb7"":[9677],""d_2b8c54b2a490d2fa36b925289e5d9572"":[57785,63720],""d_df7d2d661c0c11a7c367c9ee4bf896c1"":[75759,128313,131688,132108,134204,145163,147707,147902,153018,157163,158887,164741,166394,171477,177281,178239,179928,183352,212678,226668],""d_72f37e5c5d192951ddc5513c2b134482"":[27667,40478,42674,75954,83406,86128,90101,92048,109519,117105,126787],""d_0cc5f52a1f298b916f317800251057f3"":[3312,17838,19010,20784,22413],""d_e97e8e7fc55b85a38babf66b0fa46b73"":[2441,3622,25039,25961,28867],""d_af2042c77ffaf0db5d75561ce9ef5688"":[28419,31240,39832,49946,51129,52159],""d_1cd970d8351b42be4a308d628a6dd9d3"":[7877],""d_31af23fdb79119ed185c256f03cb5773"":[23497,24168],""d_4e3db8955fdcda6f9944097bef3d2724"":[13137]},""120313"":{""d_df7d2d661c0c11a7c367c9ee4bf896c1"":[154714]}}",,[],,2017-2019;2020-2022;2023-2025;2026,"Confirmed every distinct postal variant against source-qualified raw evidence, exact HDB property and full source footprint inventory. Contradiction remains; no majority or unique-footprint override. Ambiguous, no point.","[{""block"":""320"",""street"":""CLEMENTI AVENUE 4"",""postal"":""120313"",""count"":1,""example_source_dataset"":""d_df7d2d661c0c11a7c367c9ee4bf896c1"",""example_source_row"":""154714"",""raw_source_footprint_objectids"":[]},{""block"":""320"",""street"":""CLEMENTI AVENUE 4"",""postal"":""120320"",""count"":187,""example_source_dataset"":""d_8575e84912df3c28995b8e6e0e05205a"",""example_source_row"":""11864"",""raw_source_footprint_objectids"":[948382]}]"
CLEMENTI,354,CLEMENTI AVE 2,10,NormalizedAddress,Ambiguous,BlockApproximation,Missing,ConflictOrPreviouslyMatchedOutcomeChange,[6078],"{""120354"":{""d_8575e84912df3c28995b8e6e0e05205a"":[158,57057,59494,63021,68776,71318,77162,85927,94235,94413,100681,105692,106926,107520,107597,107959,110241,117317,117567,119508,119527,120678,121990,123151,125891,127693,133831,134617,137408,138644,139425,140840,149100,150935,153466,159171,163401,163527,165492,168163,168175],""d_3a3807c023c61ddfba947dc069eb53f2"":[7,655,6514,16383,21303,32418,43386,48023,48817,48840,48935,49021,54108,55803,56649,64316,65069,65089,65233,65312,65403,68219,69952,70462,71364,75642,76570,80869,81448,88337,89465],""d_c0650f23e94c42e7a20921f4c5b75c24"":[2324,8462,10033,27650,60989,71021,71692,71701,76945,78437,79878,81154,85251,85805,85940,86089,87586,88548,90554,90983,93454,93640,96147,99623,99692,100335,102333,103025,104383,108673,109551,112699,120099,122541,123968,132064,138090],""d_acbc938ec77af18f94cecc4a7c9ec720"":[14096,14803,17749,28649,47838,52492,52593,52728,54237,55148,58621,59041,60170,64427,72082],""d_124a9bd407c7a25f8335b93b86e50fdd"":[12217,15341,15456,18931,45071,49953,50774,51294,55361,59995,60490,61526,61608,62262,63814,64746,64952,65645,73058,75322,77121,77350,83005,84677],""d_4526d47d6714d3b052eed4a30b8b1ed6"":[2518,3538,4019,16945,34784,34841,37717,38408,41713,41898,45380,45526,47462,52363,56996,59094,61259,61469,63582,65516,68431],""d_b58303c68e9cf0d2ae93b73ffdbfbfa1"":[18708,20361,29740,33963,47400,47420,47756,54757,55318,57501,58548,61366,64977,66090,68203,73456,75720],""d_fa2ed456cf2b8597bb7e064b08fc3c7c"":[849,993,9454,17622,24817,45884,51067,56593,57384,59891,65045,67852,68724,69172,70125,72480,75359,79638,83983],""d_85518d970b8178975850457f60f1e738"":[26930,37508,39217,42260,42468,43270,43766,45083,45881,46463,51284,56368,56736],""d_478f45a9c541cbe679ca55d1cd2b970b"":[14453,21407,29851,35160,35732,36659,40577,42236,42807,43388,51552,54132,54276,60727,62779,63239,64429,64976],""d_5573b0db0575db32190a2ad27919a7aa"":[1642,27610,36160,36393,40656,42799,47376,48471,48623,48967,49419,53078,53727,66461,66603,71835,73315,73631,74638],""d_a2141adf93ec2a3c2ec2837b78d6d46e"":[3609,5143,6392,19194,31370,35241,41987,52733,54031,54430,58187,60867,62692,63066,63355,64287,66089,69784,71758,87065,87815,89059,89868],""d_9af9317c646a1c881bb5591c91817cc6"":[55528,62243,62615,62939,69999,75072,75804,77817,77820,77878,78849,80086,81053,81153,83251,87674,96195,98714,99149,99179,100005,103151,107184,109564,113181,115086,116442],""d_67e99e6eabc4aad9b5d48663b579746a"":[5638,15021,26029,31823,32371,32490,34462,34633,35854,37549,38127,42044,43279,44543,45282,49483,49527,56663,57596],""d_5c4ef48b025fdfbc80056401f06e3df9"":[216,15726,23575,23608,26069,29093,31010,31357,32110,34625],""d_300ddc8da4e8f7bdc1bfc62d0d99e2e7"":[3771,5560,7696,9494,11280,11752,15309,15349,15539,15944,16198,16327],""d_181005ca270b45408b4cdfc954980ca2"":[5181,19977,35876,44542,51828,60616,60781,62467,64884,64956,66058,66316,68203,68745,70575,72604,76356,76640,78222,81075,83590,93813,94119],""d_4130f1d9d365d9f1633536e959f62bb7"":[7115],""d_2b8c54b2a490d2fa36b925289e5d9572"":[6994,9571,31969,41185,44794,45075,46210,47948,49243,49742,52013,53996,54527,55450,56512,64109,66011,66043],""d_df7d2d661c0c11a7c367c9ee4bf896c1"":[1652,3489,10902,22467,25230,27354,32448,33019,40094,41174,71106,93309,119148,119264,121249,122049,124222,126346,133768,135278,137480,137695,139780,143478,143875,145705,148605,149156,153578,155352,157359,158136,158296,159599,160742,162032,164076,164195,164656,167891,170057,170976,172753,175877,179442,179617,182038,182330,183034,183224,185269,185874,189948,190349,191232,194690,195034,195368,196191,197198,198055,198358,201380,203106,203971,203972,203973,205177,206374,206749,213288,214574,220826,221930,225921,227350,227400,229866,233498],""d_72f37e5c5d192951ddc5513c2b134482"":[2199,32587,35901,38568,43631,69438,69647,70536,74005,77016,82848,86707,88119,92414,94956,95308,95426,96169,99001,102290,103344,111313,113691,120171,125421,125540,127333,129698,130444,130480,136914],""d_0cc5f52a1f298b916f317800251057f3"":[15905,16609,18262,18392,20726],""d_e97e8e7fc55b85a38babf66b0fa46b73"":[18073,18938,23679,26667,27826,28178,29430,30507,31388,31965,34782,35818],""d_af2042c77ffaf0db5d75561ce9ef5688"":[313,8339,9039,14384,28464,28470,28617,33700,34076,34775,35980,39270,42078,44219,44980,46299,46452,46805,50019,50974],""d_1cd970d8351b42be4a308d628a6dd9d3"":[9412,9774,9982,13042],""d_31af23fdb79119ed185c256f03cb5773"":[16603,18161,21936,23028,24020,27141,27450,27622,30089,30571,35890,36707,37187],""d_4e3db8955fdcda6f9944097bef3d2724"":[5969,6462,8475,9869,10138,10838,10925,13308,13668,14009,14032,17254]},""120355"":{""d_c0650f23e94c42e7a20921f4c5b75c24"":[95817]}}",,[],,2017-2019;2020-2022;2023-2025,"Confirmed every distinct postal variant against source-qualified raw evidence, exact HDB property and full source footprint inventory. Contradiction remains; no majority or unique-footprint override. Ambiguous, no point.","[{""block"":""354"",""street"":""CLEMENTI AVENUE 2"",""postal"":""120354"",""count"":564,""example_source_dataset"":""d_8575e84912df3c28995b8e6e0e05205a"",""example_source_row"":""158"",""raw_source_footprint_objectids"":[939172]},{""block"":""354"",""street"":""CLEMENTI AVENUE 2"",""postal"":""120355"",""count"":1,""example_source_dataset"":""d_c0650f23e94c42e7a20921f4c5b75c24"",""example_source_row"":""95817"",""raw_source_footprint_objectids"":[]}]"
CLEMENTI,433,CLEMENTI AVE 3,15,NormalizedAddress,Ambiguous,BlockApproximation,Missing,ConflictOrPreviouslyMatchedOutcomeChange,[7265],"{""120433"":{""d_8575e84912df3c28995b8e6e0e05205a"":[9881,31461,33136,81427,106380,115378,117835,123658,125290,130745,144852,163406],""d_3a3807c023c61ddfba947dc069eb53f2"":[61955,65036,73090,80389],""d_c0650f23e94c42e7a20921f4c5b75c24"":[78321,90790,97777,98261,98642,99932,99985,101094,122288],""d_acbc938ec77af18f94cecc4a7c9ec720"":[35312,40523,41781,42666,50094],""d_124a9bd407c7a25f8335b93b86e50fdd"":[46055,65724,66873,71406,73142],""d_4526d47d6714d3b052eed4a30b8b1ed6"":[9862,35208,52209,61538],""d_b58303c68e9cf0d2ae93b73ffdbfbfa1"":[31948,47140,47383,58372,65253,65443,75054],""d_fa2ed456cf2b8597bb7e064b08fc3c7c"":[8399,49882,54598,68786,69771,71295,72468,73693,77430,84721,90503],""d_85518d970b8178975850457f60f1e738"":[39949],""d_478f45a9c541cbe679ca55d1cd2b970b"":[36087,36739,39801,41627,44858,46900,48020,48247,48587,63593],""d_5573b0db0575db32190a2ad27919a7aa"":[16218,33108,55938],""d_a2141adf93ec2a3c2ec2837b78d6d46e"":[28328,57475],""d_9af9317c646a1c881bb5591c91817cc6"":[64730,78223,86892,101396,102853],""d_67e99e6eabc4aad9b5d48663b579746a"":[33289,39506,43803],""d_5c4ef48b025fdfbc80056401f06e3df9"":[19342,35655],""d_300ddc8da4e8f7bdc1bfc62d0d99e2e7"":[13353],""d_181005ca270b45408b4cdfc954980ca2"":[25974,53147,87722,95877],""d_4130f1d9d365d9f1633536e959f62bb7"":[11647],""d_2b8c54b2a490d2fa36b925289e5d9572"":[59984,61606],""d_df7d2d661c0c11a7c367c9ee4bf896c1"":[29157,31145,35206,60829,131663,131844,139549,149507,165215,166598,180001,181389,184044,184448,197169,217704],""d_72f37e5c5d192951ddc5513c2b134482"":[12971,29018,84127,99031,102392,125915,139643],""d_0cc5f52a1f298b916f317800251057f3"":[16319,19984],""d_e97e8e7fc55b85a38babf66b0fa46b73"":[4986],""d_af2042c77ffaf0db5d75561ce9ef5688"":[36606,44140],""d_1cd970d8351b42be4a308d628a6dd9d3"":[9239],""d_31af23fdb79119ed185c256f03cb5773"":[3013,3548,25668,26893]},""118752"":{""d_8575e84912df3c28995b8e6e0e05205a"":[113081]},""120453"":{""d_478f45a9c541cbe679ca55d1cd2b970b"":[40624]}}",,[],,2017-2019;2020-2022;2023-2025,"Confirmed every distinct postal variant against source-qualified raw evidence, exact HDB property and full source footprint inventory. Contradiction remains; no majority or unique-footprint override. Ambiguous, no point.","[{""block"":""433"",""street"":""CLEMENTI AVENUE 3"",""postal"":""118752"",""count"":1,""example_source_dataset"":""d_8575e84912df3c28995b8e6e0e05205a"",""example_source_row"":""113081"",""raw_source_footprint_objectids"":[]},{""block"":""433"",""street"":""CLEMENTI AVENUE 3"",""postal"":""120433"",""count"":124,""example_source_dataset"":""d_8575e84912df3c28995b8e6e0e05205a"",""example_source_row"":""9881"",""raw_source_footprint_objectids"":[940424]},{""block"":""433"",""street"":""CLEMENTI AVENUE 3"",""postal"":""120453"",""count"":1,""example_source_dataset"":""d_478f45a9c541cbe679ca55d1cd2b970b"",""example_source_row"":""40624"",""raw_source_footprint_objectids"":[]}]"
GEYLANG,115,ALJUNIED AVE 2,1,NormalizedAddress,Ambiguous,BlockApproximation,Missing,ConflictOrPreviouslyMatchedOutcomeChange,[696],"{""380115"":{""d_8575e84912df3c28995b8e6e0e05205a"":[17205,75511,116363,131582,166075],""d_3a3807c023c61ddfba947dc069eb53f2"":[7685,8460,54205,70574,85283],""d_c0650f23e94c42e7a20921f4c5b75c24"":[3080,20259,90307,92547],""d_acbc938ec77af18f94cecc4a7c9ec720"":[4492,40729],""d_124a9bd407c7a25f8335b93b86e50fdd"":[303,59882,73861],""d_4526d47d6714d3b052eed4a30b8b1ed6"":[15862,17643,20366,44500,51626,57973,58075,62454,64864,65558],""d_b58303c68e9cf0d2ae93b73ffdbfbfa1"":[4653,29998,53613,54714],""d_fa2ed456cf2b8597bb7e064b08fc3c7c"":[28621,46413,70356],""d_478f45a9c541cbe679ca55d1cd2b970b"":[4083,5777,20059,31236,39427,65285],""d_5573b0db0575db32190a2ad27919a7aa"":[39911,52752,57162,65461,67701,74324],""d_a2141adf93ec2a3c2ec2837b78d6d46e"":[3484,41838,41862,50709],""d_9af9317c646a1c881bb5591c91817cc6"":[62105,94675,106085,116555,116793],""d_67e99e6eabc4aad9b5d48663b579746a"":[38379],""d_5c4ef48b025fdfbc80056401f06e3df9"":[35572],""d_300ddc8da4e8f7bdc1bfc62d0d99e2e7"":[9650],""d_181005ca270b45408b4cdfc954980ca2"":[41086,71663],""d_4130f1d9d365d9f1633536e959f62bb7"":[458],""d_2b8c54b2a490d2fa36b925289e5d9572"":[65621,68283],""d_df7d2d661c0c11a7c367c9ee4bf896c1"":[925,21855,106875,184655,196918,207632,218414,230590],""d_72f37e5c5d192951ddc5513c2b134482"":[879,6197,72094,93388,109073],""d_0cc5f52a1f298b916f317800251057f3"":[12733,24432],""d_e97e8e7fc55b85a38babf66b0fa46b73"":[3688,10128,28025],""d_af2042c77ffaf0db5d75561ce9ef5688"":[28375],""d_4e3db8955fdcda6f9944097bef3d2724"":[9524,11155]},""380015"":{""d_5c4ef48b025fdfbc80056401f06e3df9"":[27981]}}",,[],,2023-2025,"Confirmed every distinct postal variant against source-qualified raw evidence, exact HDB property and full source footprint inventory. Contradiction remains; no majority or unique-footprint override. Ambiguous, no point.","[{""block"":""115"",""street"":""ALJUNIED AVENUE 2"",""postal"":""380015"",""count"":1,""example_source_dataset"":""d_5c4ef48b025fdfbc80056401f06e3df9"",""example_source_row"":""27981"",""raw_source_footprint_objectids"":[]},{""block"":""115"",""street"":""ALJUNIED AVENUE 2"",""postal"":""380115"",""count"":86,""example_source_dataset"":""d_8575e84912df3c28995b8e6e0e05205a"",""example_source_row"":""17205"",""raw_source_footprint_objectids"":[948650]}]"
GEYLANG,301,UBI AVE 1,32,NormalizedAddress,Ambiguous,BlockApproximation,Missing,ConflictOrPreviouslyMatchedOutcomeChange,[4972],"{""400301"":{""d_8575e84912df3c28995b8e6e0e05205a"":[9402,19057,25848,29105,60047,72530,90202,98910,104347,104351,104823,108342,110031,111174,115347,120812,132520,138940,140305,147915,150658,150663,150793,155824,157758,158332,172669],""d_3a3807c023c61ddfba947dc069eb53f2"":[1840,15384,46205,50892,54046,55222,55962,62205,63245,64227,65361,80691,85242,91829],""d_c0650f23e94c42e7a20921f4c5b75c24"":[31074,60549,68859,77582,80890,84849,87634,88164,89779,95492,102762,103271,103477,109948,113707,115687,120655,121340,128519],""d_acbc938ec77af18f94cecc4a7c9ec720"":[14224,17459,39413,39465,42731,48657,50693,51227,53140,53763,59078,70841],""d_124a9bd407c7a25f8335b93b86e50fdd"":[5435,51095,54528,54953,56840,57108,58943,70689,74396,81333],""d_4526d47d6714d3b052eed4a30b8b1ed6"":[17142,33407,40654,42396,46741,48773,53901,54731,63681,66407],""d_b58303c68e9cf0d2ae93b73ffdbfbfa1"":[19987,20401,54990,74886,75303,80105],""d_fa2ed456cf2b8597bb7e064b08fc3c7c"":[7143,23342,40815,42767,50602,51944,54619,56246,58048,62399,63579,68999,73587,80657,84202],""d_85518d970b8178975850457f60f1e738"":[30173,39618,41164,55542],""d_478f45a9c541cbe679ca55d1cd2b970b"":[5993,22262,25064,26050,27177,33965,34650,36342,39110,39258,52252,55999,57349,60235,63772,65373],""d_5573b0db0575db32190a2ad27919a7aa"":[1692,27473,34056,37267,44053,44285,61539,66588,69997,74504],""d_a2141adf93ec2a3c2ec2837b78d6d46e"":[1241,26498,37530,49270,51259,54974,55123,57699,59082,59361,62019,72683,73266,76998,78926,87417,88103,89983],""d_9af9317c646a1c881bb5591c91817cc6"":[20616,58158,58409,59413,59648,59658,69679,73722,73898,77839,80103,82737,83840,84717,86905,88180,95352,103231,105678],""d_67e99e6eabc4aad9b5d48663b579746a"":[393,19238,37390,38274,40819,46924,47980,51393,55350],""d_300ddc8da4e8f7bdc1bfc62d0d99e2e7"":[3250,11023,12078,12859,14776,16391,16737],""d_181005ca270b45408b4cdfc954980ca2"":[60863,61060,62544,64864,68815,70651,82482,85441,91151,91325,92929],""d_4130f1d9d365d9f1633536e959f62bb7"":[11511],""d_2b8c54b2a490d2fa36b925289e5d9572"":[3033,8434,55596],""d_df7d2d661c0c11a7c367c9ee4bf896c1"":[329,1519,50356,54649,91530,103851,110753,111346,111376,133875,136047,137827,138366,141262,142907,147106,148180,149668,151291,154968,159704,159985,160212,164779,166842,169024,173675,179521,187668,187713,194239,194858,196937,205856,208728,214410],""d_72f37e5c5d192951ddc5513c2b134482"":[9122,24496,28815,28981,36708,40157,41749,79281,79283,80213,81295,84436,86972,99840,101025,104466,105511,106163,106819,109435,109584,111157],""d_0cc5f52a1f298b916f317800251057f3"":[649,14916,16372,16974,17144,17192,19398,19672,19717,20496,20724],""d_e97e8e7fc55b85a38babf66b0fa46b73"":[23776],""d_af2042c77ffaf0db5d75561ce9ef5688"":[23183,30809,32285,35535,37646,42931,48956],""d_1cd970d8351b42be4a308d628a6dd9d3"":[8059,9896,11701,12856],""d_31af23fdb79119ed185c256f03cb5773"":[18668,24385,25074,32643],""d_4e3db8955fdcda6f9944097bef3d2724"":[9698,16344]},""400306"":{""d_df7d2d661c0c11a7c367c9ee4bf896c1"":[138502]}}",,[],,2017-2019;2020-2022;2023-2025;2026,"Confirmed every distinct postal variant against source-qualified raw evidence, exact HDB property and full source footprint inventory. Contradiction remains; no majority or unique-footprint override. Ambiguous, no point.","[{""block"":""301"",""street"":""UBI AVENUE 1"",""postal"":""400301"",""count"":298,""example_source_dataset"":""d_8575e84912df3c28995b8e6e0e05205a"",""example_source_row"":""9402"",""raw_source_footprint_objectids"":[938984]},{""block"":""301"",""street"":""UBI AVENUE 1"",""postal"":""400306"",""count"":1,""example_source_dataset"":""d_df7d2d661c0c11a7c367c9ee4bf896c1"",""example_source_row"":""138502"",""raw_source_footprint_objectids"":[]}]"
GEYLANG,302,UBI AVE 1,34,NormalizedAddress,Ambiguous,BlockApproximation,Missing,ConflictOrPreviouslyMatchedOutcomeChange,[4999],"{""400302"":{""d_8575e84912df3c28995b8e6e0e05205a"":[13549,15407,15539,15868,16471,19824,37660,41316,45990,47935,54062,65913,99491,103448,104043,108843,125336,125479,133668,134461,137034,138747,144322,145313,151169,151185,152551,158519,159235,171618,172496],""d_3a3807c023c61ddfba947dc069eb53f2"":[44253,62249,67985,70433,70639,71827,73520,75595],""d_c0650f23e94c42e7a20921f4c5b75c24"":[152,61281,69828,76581,81639,89220,97102,98314,101361,104960,110155],""d_acbc938ec77af18f94cecc4a7c9ec720"":[50011,53708,54998,58362,58978,64443,70042],""d_124a9bd407c7a25f8335b93b86e50fdd"":[26153,42297,45986,48903,55610,56391,57245,62330,62898,69831],""d_4526d47d6714d3b052eed4a30b8b1ed6"":[26736,29499,37980,38754,41948,44877,48656,54252],""d_b58303c68e9cf0d2ae93b73ffdbfbfa1"":[26706,27281,52521,54778,56655,59180,72091,78274,79610,79616,82726],""d_fa2ed456cf2b8597bb7e064b08fc3c7c"":[11236,12313,16299,30724,37555,54211,54532,54568,57746,59474,59525,67783,73171,73338,78101,89667,90920,92078],""d_85518d970b8178975850457f60f1e738"":[10160,10176,12631,12794,17556,38595,43094,50262],""d_478f45a9c541cbe679ca55d1cd2b970b"":[4626,10375,16923,26051,27028,33366,42754,42842,51587,53740,54523,66599],""d_5573b0db0575db32190a2ad27919a7aa"":[1271,34865,43855,45629,49415,55724,56090,57457,58574,58808,62481,68263,69488,73820],""d_a2141adf93ec2a3c2ec2837b78d6d46e"":[4196,7717,39773,53491,57410,59319,60347,61400,65454,65816,66774,68915,70184,75794,76263,77171,78666,91171],""d_9af9317c646a1c881bb5591c91817cc6"":[24805,29069,37223,47691,57754,68864,69418,69541,81801,96569,102344,102720,104174,107361,110449,110669,112281,114745,116269,118541,119965],""d_67e99e6eabc4aad9b5d48663b579746a"":[22405,26663,35668,36719,44343,51073],""d_5c4ef48b025fdfbc80056401f06e3df9"":[2998,17031,19492,33271,35867],""d_300ddc8da4e8f7bdc1bfc62d0d99e2e7"":[5555,7346,16295,16964,17788,21072],""d_181005ca270b45408b4cdfc954980ca2"":[57811,61266,65660,75914,78507,78577,82195,89482,92280],""d_2b8c54b2a490d2fa36b925289e5d9572"":[42538,45434,45670,47125,53968,63711,67437],""d_df7d2d661c0c11a7c367c9ee4bf896c1"":[25140,26007,28213,58465,89122,89123,116516,134853,137359,137526,137896,138089,139296,142132,145226,146965,147635,148836,149098,150618,159072,160801,165815,169313,175416,175772,187726,192831,198829,209175,230040],""d_72f37e5c5d192951ddc5513c2b134482"":[12614,69095,78971,85595,85772,93107,104787,108734,117120,130427,132914,133183,133436,134415,135494,136615,136878],""d_0cc5f52a1f298b916f317800251057f3"":[4245,4553,4743,14879,16708,17248,19659,21070],""d_e97e8e7fc55b85a38babf66b0fa46b73"":[33413],""d_af2042c77ffaf0db5d75561ce9ef5688"":[2025,5463,29477,31708,32866,33882,35211,36473,37432,40818,40844,42688,42818,43544,44371,44479,49045,51605,53205],""d_31af23fdb79119ed185c256f03cb5773"":[4583,9032,20368,21526,22961,23137,25212,31984,34817,35096],""d_4e3db8955fdcda6f9944097bef3d2724"":[1326,6811,12564,14927]},""659003"":{""d_c0650f23e94c42e7a20921f4c5b75c24"":[98672]}}",,[],,2017-2019;2020-2022;2023-2025;2026,"Confirmed every distinct postal variant against source-qualified raw evidence, exact HDB property and full source footprint inventory. Contradiction remains; no majority or unique-footprint override. Ambiguous, no point.","[{""block"":""302"",""street"":""UBI AVENUE 1"",""postal"":""400302"",""count"":300,""example_source_dataset"":""d_8575e84912df3c28995b8e6e0e05205a"",""example_source_row"":""13549"",""raw_source_footprint_objectids"":[936003]},{""block"":""302"",""street"":""UBI AVENUE 1"",""postal"":""659003"",""count"":1,""example_source_dataset"":""d_c0650f23e94c42e7a20921f4c5b75c24"",""example_source_row"":""98672"",""raw_source_footprint_objectids"":[]}]"
GEYLANG,304,UBI AVE 1,16,NormalizedAddress,Ambiguous,BlockApproximation,Missing,ConflictOrPreviouslyMatchedOutcomeChange,[5046],"{""400304"":{""d_8575e84912df3c28995b8e6e0e05205a"":[19143,44182,61921,79450,88951,91969,95538,105805,120368,121401,122788,128834,158867,166801],""d_3a3807c023c61ddfba947dc069eb53f2"":[41969,46240,53898,57720,59723,67027,69120,71466,74458],""d_c0650f23e94c42e7a20921f4c5b75c24"":[20901,21179,25265,77043,79311,82032,82566,84538,84783,87995,90395,90578,91633,92193,94803,107323,114922,117155,117696],""d_acbc938ec77af18f94cecc4a7c9ec720"":[44218,44994,47252,47364,51397,53961],""d_124a9bd407c7a25f8335b93b86e50fdd"":[49764,50058,50728,54818,56316,64942],""d_4526d47d6714d3b052eed4a30b8b1ed6"":[39511,41755,48163,49459,50823],""d_b58303c68e9cf0d2ae93b73ffdbfbfa1"":[55913,57863,64499,64639,69642,84422],""d_fa2ed456cf2b8597bb7e064b08fc3c7c"":[32802,58082,61627,62415,62577,63523,67422,73225,74586,76591,78817,78901,81340,87003,90646],""d_478f45a9c541cbe679ca55d1cd2b970b"":[15751,33227,35043,35098,36215,36522,38082,38166,52494,56463],""d_5573b0db0575db32190a2ad27919a7aa"":[5557,25708,33820,35233,36116,37878,43851,46972,47164,47792,48059,64281],""d_a2141adf93ec2a3c2ec2837b78d6d46e"":[17431,32208,54858,56231,57710,58917,66151,78956,83557],""d_9af9317c646a1c881bb5591c91817cc6"":[10074,13261,22726,60852,68386,69876,71573,74421,75232,75293,80672,83575,89130,96182,102451,122402],""d_67e99e6eabc4aad9b5d48663b579746a"":[39192,40441,42550,49628,57028],""d_300ddc8da4e8f7bdc1bfc62d0d99e2e7"":[15317,15318,21355],""d_181005ca270b45408b4cdfc954980ca2"":[28161,57003,60051,63821,65897,77712,79412,90763],""d_2b8c54b2a490d2fa36b925289e5d9572"":[39686,39941,46784,55752,56041,57197,57307,59457,60145,68831],""d_df7d2d661c0c11a7c367c9ee4bf896c1"":[60114,71021,109573,130539,136256,137364,139800,141559,149850,154931,155292,156292,163453,175349,175674,185616,196765,211648,215586],""d_72f37e5c5d192951ddc5513c2b134482"":[79050,85390,87256,87887,101083,101915,103284,107749,114723,115576,124254,136044],""d_0cc5f52a1f298b916f317800251057f3"":[6828,14888,15053,16953,22706],""d_e97e8e7fc55b85a38babf66b0fa46b73"":[30497,37993,38308],""d_af2042c77ffaf0db5d75561ce9ef5688"":[47327],""d_1cd970d8351b42be4a308d628a6dd9d3"":[7622,11468],""d_31af23fdb79119ed185c256f03cb5773"":[8938,20985,22695,22834],""d_4e3db8955fdcda6f9944097bef3d2724"":[3607,9955,12573]},""400306"":{""d_9af9317c646a1c881bb5591c91817cc6"":[74079]},""400301"":{""d_300ddc8da4e8f7bdc1bfc62d0d99e2e7"":[12057]}}",,[],,2017-2019;2020-2022;2023-2025,"Confirmed every distinct postal variant against source-qualified raw evidence, exact HDB property and full source footprint inventory. Contradiction remains; no majority or unique-footprint override. Ambiguous, no point.","[{""block"":""304"",""street"":""UBI AVENUE 1"",""postal"":""400301"",""count"":1,""example_source_dataset"":""d_300ddc8da4e8f7bdc1bfc62d0d99e2e7"",""example_source_row"":""12057"",""raw_source_footprint_objectids"":[]},{""block"":""304"",""street"":""UBI AVENUE 1"",""postal"":""400304"",""count"":202,""example_source_dataset"":""d_8575e84912df3c28995b8e6e0e05205a"",""example_source_row"":""19143"",""raw_source_footprint_objectids"":[945680]},{""block"":""304"",""street"":""UBI AVENUE 1"",""postal"":""400306"",""count"":1,""example_source_dataset"":""d_9af9317c646a1c881bb5591c91817cc6"",""example_source_row"":""74079"",""raw_source_footprint_objectids"":[]}]"
GEYLANG,82,MACPHERSON LANE,3,Unmatched,Unmatched,Missing,Missing,ConflictOrPreviouslyMatchedOutcomeChange,[],"{""360082"":{""d_8575e84912df3c28995b8e6e0e05205a"":[15794,93071,97599,117334,148167,157623],""d_3a3807c023c61ddfba947dc069eb53f2"":[65335,73020,73400,85621],""d_c0650f23e94c42e7a20921f4c5b75c24"":[20666],""d_acbc938ec77af18f94cecc4a7c9ec720"":[35643,46916,62452],""d_124a9bd407c7a25f8335b93b86e50fdd"":[25168,26698,44804,70066],""d_4526d47d6714d3b052eed4a30b8b1ed6"":[16559,40947,46912,50488,52418],""d_fa2ed456cf2b8597bb7e064b08fc3c7c"":[2075,7003,10718,12778,19799,59798,78722,83098,86550,90145],""d_85518d970b8178975850457f60f1e738"":[24034,41012,47154,51933],""d_478f45a9c541cbe679ca55d1cd2b970b"":[35798,36155,54636,56742,66212],""d_5573b0db0575db32190a2ad27919a7aa"":[965,27254],""d_a2141adf93ec2a3c2ec2837b78d6d46e"":[45657],""d_9af9317c646a1c881bb5591c91817cc6"":[62520,69124,75601,78552,87189,97544,104383,110698],""d_67e99e6eabc4aad9b5d48663b579746a"":[645,49361,52727],""d_5c4ef48b025fdfbc80056401f06e3df9"":[7222,31878],""d_300ddc8da4e8f7bdc1bfc62d0d99e2e7"":[1021,15685,17158,17440,18392],""d_181005ca270b45408b4cdfc954980ca2"":[26357,79211,80261],""d_2b8c54b2a490d2fa36b925289e5d9572"":[36025,43707,70424],""d_df7d2d661c0c11a7c367c9ee4bf896c1"":[3319,20791,128821,141828,142503,157129,190395,196500],""d_72f37e5c5d192951ddc5513c2b134482"":[29516,90692,113989,117574,134011,134020],""d_0cc5f52a1f298b916f317800251057f3"":[6103],""d_af2042c77ffaf0db5d75561ce9ef5688"":[56448],""d_1cd970d8351b42be4a308d628a6dd9d3"":[8961],""d_31af23fdb79119ed185c256f03cb5773"":[639]},""368227"":{""d_478f45a9c541cbe679ca55d1cd2b970b"":[32279]}}",,[],,2017-2019,Confirmed missing HDB property; conflicting ACRA postal assertions also retained. Remain unlocated; matching footprint cannot repair missing property link.,"[{""block"":""82"",""street"":""MACPHERSON LANE"",""postal"":""360082"",""count"":87,""example_source_dataset"":""d_8575e84912df3c28995b8e6e0e05205a"",""example_source_row"":""15794"",""raw_source_footprint_objectids"":[945252]},{""block"":""82"",""street"":""MACPHERSON LANE"",""postal"":""368227"",""count"":1,""example_source_dataset"":""d_478f45a9c541cbe679ca55d1cd2b970b"",""example_source_row"":""32279"",""raw_source_footprint_objectids"":[]}]"
GEYLANG,83,MACPHERSON LANE,3,ExactAddress,Ambiguous,BlockApproximation,Missing,ConflictOrPreviouslyMatchedOutcomeChange,[12353],"{""360083"":{""d_8575e84912df3c28995b8e6e0e05205a"":[116338,121010,132429,145298,159071,167334],""d_3a3807c023c61ddfba947dc069eb53f2"":[17694,57169,57848,61368],""d_c0650f23e94c42e7a20921f4c5b75c24"":[1791,1846,3030,75809,81234,81888,92283,92925,93357,95324,98313,107813],""d_acbc938ec77af18f94cecc4a7c9ec720"":[36528],""d_124a9bd407c7a25f8335b93b86e50fdd"":[77173],""d_4526d47d6714d3b052eed4a30b8b1ed6"":[34975,38440,50385,65166],""d_b58303c68e9cf0d2ae93b73ffdbfbfa1"":[66008,67565,72019],""d_fa2ed456cf2b8597bb7e064b08fc3c7c"":[1050,27383,50637,51132,59180,61614,64042,74386,81760,82409,83944],""d_478f45a9c541cbe679ca55d1cd2b970b"":[27575,27689,40061,42633,63722,66162],""d_5573b0db0575db32190a2ad27919a7aa"":[5226,44875,69361],""d_a2141adf93ec2a3c2ec2837b78d6d46e"":[11603,29652,42157,56658,58163,63964,73034],""d_9af9317c646a1c881bb5591c91817cc6"":[643,4646,26029,42523,72905,74445,89081,102318,102818,106870],""d_67e99e6eabc4aad9b5d48663b579746a"":[1127,38558,45707],""d_5c4ef48b025fdfbc80056401f06e3df9"":[9121,31019],""d_300ddc8da4e8f7bdc1bfc62d0d99e2e7"":[3488],""d_181005ca270b45408b4cdfc954980ca2"":[31745,63010],""d_4130f1d9d365d9f1633536e959f62bb7"":[10197,10506,11282,11357],""d_df7d2d661c0c11a7c367c9ee4bf896c1"":[31190,120341,142177,154162,154825,156539,157192,164303,166089,182212,210086],""d_72f37e5c5d192951ddc5513c2b134482"":[72891,75817,84881,120571],""d_0cc5f52a1f298b916f317800251057f3"":[20185,21723,24303],""d_e97e8e7fc55b85a38babf66b0fa46b73"":[5903,22165,25537],""d_af2042c77ffaf0db5d75561ce9ef5688"":[4935,48459,52020],""d_31af23fdb79119ed185c256f03cb5773"":[200,467,17439,17512,20984,24500,28757,30891],""d_4e3db8955fdcda6f9944097bef3d2724"":[9696]},""321105"":{""d_4e3db8955fdcda6f9944097bef3d2724"":[11321]}}",,[],,2017-2019,"Confirmed every distinct postal variant against source-qualified raw evidence, exact HDB property and full source footprint inventory. Contradiction remains; no majority or unique-footprint override. Ambiguous, no point.","[{""block"":""83"",""street"":""MACPHERSON LANE"",""postal"":""321105"",""count"":1,""example_source_dataset"":""d_4e3db8955fdcda6f9944097bef3d2724"",""example_source_row"":""11321"",""raw_source_footprint_objectids"":[]},{""block"":""83"",""street"":""MACPHERSON LANE"",""postal"":""360083"",""count"":113,""example_source_dataset"":""d_8575e84912df3c28995b8e6e0e05205a"",""example_source_row"":""116338"",""raw_source_footprint_objectids"":[942645]}]"
HOUGANG,106,HOUGANG AVE 1,13,NormalizedAddress,Ambiguous,BlockApproximation,Missing,ConflictOrPreviouslyMatchedOutcomeChange,[319],"{""530106"":{""d_8575e84912df3c28995b8e6e0e05205a"":[117989,121842,132552,138754],""d_3a3807c023c61ddfba947dc069eb53f2"":[62693,89488,91139],""d_c0650f23e94c42e7a20921f4c5b75c24"":[2173,73087,83707,88554,105045,107322,107762,111005,112438,114862,137005],""d_124a9bd407c7a25f8335b93b86e50fdd"":[3113,54720,56677,68033,77256],""d_4526d47d6714d3b052eed4a30b8b1ed6"":[12282,12661,62138,65846],""d_b58303c68e9cf0d2ae93b73ffdbfbfa1"":[51531,54723,58400,67879,68692,79970,82348],""d_fa2ed456cf2b8597bb7e064b08fc3c7c"":[13419,14484,55769,64123,68002,69826,90499],""d_85518d970b8178975850457f60f1e738"":[22168,36601,56689],""d_478f45a9c541cbe679ca55d1cd2b970b"":[15011,30135,34005,38982,42789,58393,63192,65853],""d_5573b0db0575db32190a2ad27919a7aa"":[3764,39202,47711,54639,66015,72572],""d_a2141adf93ec2a3c2ec2837b78d6d46e"":[870,10119,12575,15838,41086,43864,75019,76172],""d_9af9317c646a1c881bb5591c91817cc6"":[798,50356,78247,91616,117847],""d_67e99e6eabc4aad9b5d48663b579746a"":[33958,52281],""d_5c4ef48b025fdfbc80056401f06e3df9"":[9705],""d_300ddc8da4e8f7bdc1bfc62d0d99e2e7"":[1142,1674,1675,6655,12528,19772],""d_181005ca270b45408b4cdfc954980ca2"":[77674,77675,78616,87294],""d_4130f1d9d365d9f1633536e959f62bb7"":[9325,11664],""d_2b8c54b2a490d2fa36b925289e5d9572"":[45071,57181,62016,63794,64047],""d_df7d2d661c0c11a7c367c9ee4bf896c1"":[1598,88791,127294,149715,157817,159164,159735,175784,177485,178887,195263,196520,200356,203584],""d_72f37e5c5d192951ddc5513c2b134482"":[11491,15440,78366,84217,92118,92714,98971,101299,105466,106072,106346],""d_e97e8e7fc55b85a38babf66b0fa46b73"":[5729,21571,33158],""d_af2042c77ffaf0db5d75561ce9ef5688"":[37015],""d_31af23fdb79119ed185c256f03cb5773"":[19824,24728],""d_4e3db8955fdcda6f9944097bef3d2724"":[1706]},""530103"":{""d_181005ca270b45408b4cdfc954980ca2"":[65319]}}",,[],,2017-2019;2020-2022;2023-2025;2026,"Confirmed every distinct postal variant against source-qualified raw evidence, exact HDB property and full source footprint inventory. Contradiction remains; no majority or unique-footprint override. Ambiguous, no point.","[{""block"":""106"",""street"":""HOUGANG AVENUE 1"",""postal"":""530103"",""count"":1,""example_source_dataset"":""d_181005ca270b45408b4cdfc954980ca2"",""example_source_row"":""65319"",""raw_source_footprint_objectids"":[]},{""block"":""106"",""street"":""HOUGANG AVENUE 1"",""postal"":""530106"",""count"":123,""example_source_dataset"":""d_8575e84912df3c28995b8e6e0e05205a"",""example_source_row"":""117989"",""raw_source_footprint_objectids"":[940734]}]"
HOUGANG,247,HOUGANG AVE 3,22,NormalizedAddress,Ambiguous,BlockApproximation,Missing,ConflictOrPreviouslyMatchedOutcomeChange,[3981],"{""530247"":{""d_8575e84912df3c28995b8e6e0e05205a"":[44619,136447,139080,143288,168692,168777],""d_3a3807c023c61ddfba947dc069eb53f2"":[10110,27802,30997,49209,51377,64584,67436,70425,71341,82032,88672],""d_c0650f23e94c42e7a20921f4c5b75c24"":[2694,13601,24151,75330,91529,112506,112525,113285,115920,120719],""d_acbc938ec77af18f94cecc4a7c9ec720"":[11206],""d_124a9bd407c7a25f8335b93b86e50fdd"":[9330,23319,42333,50872,59473,65351,66886,71869,75607,75833],""d_4526d47d6714d3b052eed4a30b8b1ed6"":[40210,44368,50276,59016,64977],""d_b58303c68e9cf0d2ae93b73ffdbfbfa1"":[39414,39870,58710,61857,68832,74469,75402,76970],""d_fa2ed456cf2b8597bb7e064b08fc3c7c"":[13663,24379,47056,52805,54514,60081,66968,67430,70589,71396,78232,80259,89158,91090],""d_85518d970b8178975850457f60f1e738"":[14233,14239,14240,51302,51743,59706],""d_478f45a9c541cbe679ca55d1cd2b970b"":[47229,54979,59839,61139],""d_5573b0db0575db32190a2ad27919a7aa"":[1165,14990,31324,45695,55892,58111,64037,69621],""d_a2141adf93ec2a3c2ec2837b78d6d46e"":[48143,48314,49423,55087,61812,80543,82158,86895],""d_9af9317c646a1c881bb5591c91817cc6"":[15046,81133,83724,86340,99454,104363,105837],""d_67e99e6eabc4aad9b5d48663b579746a"":[49825],""d_5c4ef48b025fdfbc80056401f06e3df9"":[31301],""d_300ddc8da4e8f7bdc1bfc62d0d99e2e7"":[2057,4331,5997,10568,15048,18679],""d_181005ca270b45408b4cdfc954980ca2"":[21849,61228,64676,71072,71580,72733,76531,81831],""d_4130f1d9d365d9f1633536e959f62bb7"":[11802],""d_2b8c54b2a490d2fa36b925289e5d9572"":[9611,46295,58060],""d_df7d2d661c0c11a7c367c9ee4bf896c1"":[139101,164312,171556,171965,176652,180036,204222,215847,219738],""d_72f37e5c5d192951ddc5513c2b134482"":[24007,24008,28011,84561,90976,95734,101794,109436,113888],""d_0cc5f52a1f298b916f317800251057f3"":[16607,17839,20495],""d_e97e8e7fc55b85a38babf66b0fa46b73"":[6266,23084,34520],""d_af2042c77ffaf0db5d75561ce9ef5688"":[38726,43999,51773],""d_1cd970d8351b42be4a308d628a6dd9d3"":[10147],""d_31af23fdb79119ed185c256f03cb5773"":[19092,19568,27348,31776,35952]},""530246"":{""d_124a9bd407c7a25f8335b93b86e50fdd"":[59290]}}",,[],,2017-2019;2020-2022;2023-2025;2026,"Confirmed every distinct postal variant against source-qualified raw evidence, exact HDB property and full source footprint inventory. Contradiction remains; no majority or unique-footprint override. Ambiguous, no point.","[{""block"":""247"",""street"":""HOUGANG AVENUE 3"",""postal"":""530246"",""count"":1,""example_source_dataset"":""d_124a9bd407c7a25f8335b93b86e50fdd"",""example_source_row"":""59290"",""raw_source_footprint_objectids"":[]},{""block"":""247"",""street"":""HOUGANG AVENUE 3"",""postal"":""530247"",""count"":151,""example_source_dataset"":""d_8575e84912df3c28995b8e6e0e05205a"",""example_source_row"":""44619"",""raw_source_footprint_objectids"":[942710]}]"
HOUGANG,356,HOUGANG AVE 7,4,Ambiguous,Ambiguous,Missing,Missing,ConflictOrPreviouslyMatchedOutcomeChange,[6109],"{""530356"":{""d_8575e84912df3c28995b8e6e0e05205a"":[34479,36223,116358,129384,140531,150239,159050,172152],""d_3a3807c023c61ddfba947dc069eb53f2"":[55409,63542],""d_c0650f23e94c42e7a20921f4c5b75c24"":[1510,2945,83202,85747,94838],""d_acbc938ec77af18f94cecc4a7c9ec720"":[14414,30819,37857,43250,50896],""d_124a9bd407c7a25f8335b93b86e50fdd"":[79599],""d_4526d47d6714d3b052eed4a30b8b1ed6"":[66004],""d_b58303c68e9cf0d2ae93b73ffdbfbfa1"":[54641,68046],""d_fa2ed456cf2b8597bb7e064b08fc3c7c"":[47145,52702,58126,69852],""d_478f45a9c541cbe679ca55d1cd2b970b"":[35018,66586],""d_5573b0db0575db32190a2ad27919a7aa"":[36186,46064,63898,64223,73909],""d_a2141adf93ec2a3c2ec2837b78d6d46e"":[15765,43689,48829,52651,55147,59302,62447,87076],""d_9af9317c646a1c881bb5591c91817cc6"":[39821,62971,67001,70962,77068],""d_67e99e6eabc4aad9b5d48663b579746a"":[36754,39453,41379],""d_5c4ef48b025fdfbc80056401f06e3df9"":[24812],""d_181005ca270b45408b4cdfc954980ca2"":[57544,60696,61753],""d_4130f1d9d365d9f1633536e959f62bb7"":[11341],""d_2b8c54b2a490d2fa36b925289e5d9572"":[26391,68384],""d_df7d2d661c0c11a7c367c9ee4bf896c1"":[102873,125975,136368,139744,142553,148021,149086,178859,214682,226748],""d_72f37e5c5d192951ddc5513c2b134482"":[16575,75427,76338,83255,91441,118592,126850,140238],""d_e97e8e7fc55b85a38babf66b0fa46b73"":[34809],""d_af2042c77ffaf0db5d75561ce9ef5688"":[50761],""d_1cd970d8351b42be4a308d628a6dd9d3"":[2916,7209,7330,11666,11747],""d_31af23fdb79119ed185c256f03cb5773"":[26397,30583,35709],""d_4e3db8955fdcda6f9944097bef3d2724"":[16822]},""530359"":{""d_3a3807c023c61ddfba947dc069eb53f2"":[64928]}}",,[],,2023-2025;2026,"Confirmed every distinct postal variant against source-qualified raw evidence, exact HDB property and full source footprint inventory. Contradiction remains; no majority or unique-footprint override. Ambiguous, no point.","[{""block"":""356"",""street"":""HOUGANG AVENUE 7"",""postal"":""530356"",""count"":87,""example_source_dataset"":""d_8575e84912df3c28995b8e6e0e05205a"",""example_source_row"":""34479"",""raw_source_footprint_objectids"":[939559]},{""block"":""356"",""street"":""HOUGANG AVENUE 7"",""postal"":""530359"",""count"":1,""example_source_dataset"":""d_3a3807c023c61ddfba947dc069eb53f2"",""example_source_row"":""64928"",""raw_source_footprint_objectids"":[]}]"
HOUGANG,435,HOUGANG AVE 8,16,NormalizedAddress,Ambiguous,BlockApproximation,Missing,ConflictOrPreviouslyMatchedOutcomeChange,[7295],"{""530435"":{""d_8575e84912df3c28995b8e6e0e05205a"":[55651,77649,122037,123955,128932,152864,165506,173169,173632],""d_3a3807c023c61ddfba947dc069eb53f2"":[67354,88102],""d_c0650f23e94c42e7a20921f4c5b75c24"":[107964,132166,135781],""d_acbc938ec77af18f94cecc4a7c9ec720"":[61152],""d_124a9bd407c7a25f8335b93b86e50fdd"":[58910,64865],""d_4526d47d6714d3b052eed4a30b8b1ed6"":[17562,65147],""d_b58303c68e9cf0d2ae93b73ffdbfbfa1"":[27107],""d_fa2ed456cf2b8597bb7e064b08fc3c7c"":[75641],""d_85518d970b8178975850457f60f1e738"":[13997],""d_478f45a9c541cbe679ca55d1cd2b970b"":[36613,53295],""d_5573b0db0575db32190a2ad27919a7aa"":[56874,66546],""d_9af9317c646a1c881bb5591c91817cc6"":[29260,87232,88131],""d_67e99e6eabc4aad9b5d48663b579746a"":[56558],""d_181005ca270b45408b4cdfc954980ca2"":[52827],""d_df7d2d661c0c11a7c367c9ee4bf896c1"":[202110,203053,211517,216714,225188],""d_72f37e5c5d192951ddc5513c2b134482"":[29679,47369,60434,139944],""d_e97e8e7fc55b85a38babf66b0fa46b73"":[28386],""d_31af23fdb79119ed185c256f03cb5773"":[31788,32834],""d_4e3db8955fdcda6f9944097bef3d2724"":[15589,16495]},""538435"":{""d_df7d2d661c0c11a7c367c9ee4bf896c1"":[171934]}}",,[],,2017-2019;2020-2022;2023-2025;2026,"Confirmed every distinct postal variant against source-qualified raw evidence, exact HDB property and full source footprint inventory. Contradiction remains; no majority or unique-footprint override. Ambiguous, no point.","[{""block"":""435"",""street"":""HOUGANG AVENUE 8"",""postal"":""530435"",""count"":45,""example_source_dataset"":""d_8575e84912df3c28995b8e6e0e05205a"",""example_source_row"":""55651"",""raw_source_footprint_objectids"":[941294]},{""block"":""435"",""street"":""HOUGANG AVENUE 8"",""postal"":""538435"",""count"":1,""example_source_dataset"":""d_df7d2d661c0c11a7c367c9ee4bf896c1"",""example_source_row"":""171934"",""raw_source_footprint_objectids"":[]}]"
HOUGANG,446,HOUGANG AVE 8,28,Ambiguous,Ambiguous,Missing,Missing,ConflictOrPreviouslyMatchedOutcomeChange,[7522],"{""530446"":{""d_8575e84912df3c28995b8e6e0e05205a"":[9926,11279,12129,12303,13084,13929,16339,18411,20127,26301,29461,36534,41132,44382,47940,51926,69911,79876,84885,95521,96472,106032,106114,106214,106471,106479,107100,107174,107465,107610,107628,109226,109329,109391,109468,109587,109616,109968,110523,110571,111156,111479,111552,111580,111851,112145,112182,112221,112538,112877,113414,113589,113966,114233,114539,114556,114857,115307,115536,115653,116031,116074,116856,116940,117592,117652,118304,118374,118843,119021,119081,119299,119699,120281,120701,121431,122389,122403,122485,122563,123075,123145,123196,123572,123583,123682,124460,124561,124637,124681,125457,125504,125857,126000,126344,126429,126681,126834,127018,128485,128620,128663,129074,129085,129321,130895,131051,131547,132365,132745,132818,132970,133327,133370,133994,134038,134232,134310,134350,134373,134490,134633,134709,135344,135460,135573,135848,136912,137016,137293,137506,137719,138110,138178,138765,139805,140672,140758,140994,142670,143357,143539,144315,144394,145393,145403,145473,145782,146751,146999,148156,149104,150144,150680,153747,157675,159133,162773,163298,163689,163882,168791,171087,171204,171767,172536,174082],""d_3a3807c023c61ddfba947dc069eb53f2"":[6286,6382,6476,6886,9097,10201,11506,11692,11806,21137,22140,22648,25919,50208,52937,53096,53283,54848,56568,57826,58378,58819,59023,59519,59535,59600,59621,60763,60886,61010,61202,61227,61585,61814,61847,62123,62166,62328,62749,62759,62770,62802,63194,63805,64141,64390,64926,64983,65058,65185,65439,66386,66785,66913,67736,67940,69258,69325,69504,69744,70612,70836,71167,71317,71511,71853,71997,72735,74314,84280,88673,91160,93168],""d_c0650f23e94c42e7a20921f4c5b75c24"":[2639,9376,11104,11442,13200,13408,13727,14543,14980,20202,23707,31194,44058,60557,67175,71698,73048,73385,73529,75664,76022,77154,77874,80576,80724,80797,84693,85087,85913,87153,87361,87426,88885,88952,89357,89645,89802,89826,90295,90904,90919,91316,91588,91661,91884,91979,91996,92310,92661,92900,93145,93180,93309,93474,93533,93772,93868,93978,94043,94126,94158,94274,94358,94506,94662,94688,94764,94904,95060,95160,95413,95485,95628,95698,95874,96348,96386,96435,96625,96749,96915,97076,97328,97627,97832,98013,98037,98262,98621,98653,98888,98913,98963,99456,99825,100103,100120,101044,101138,101269,101487,101599,101817,102037,102339,102558,102699,103301,103707,104558,105403,105454,105617,106882,107535,108280,108783,109049,109394,109638,110087,110422,110873,111309,111709,112981,113336,113744,113877,114228,114627,115370,115570,116029,116156,116523,116856,117533,117745,117905,119804,120367,121922,122920,124754,125543,127199,129744,131645,131804,134341,137606,139862],""d_acbc938ec77af18f94cecc4a7c9ec720"":[3895,5888,6281,7127,9654,10024,23017,25123,36950,37140,37335,37607,40610,40874,41013,41891,42626,42670,42961,43092,44086,44201,45062,45114,45243,45409,45442,45483,46080,46295,46426,46674,46749,46752,46843,46854,46881,46986,47108,47144,47166,47254,47296,47310,47348,47643,47772,47861,48372,48684,49007,49012,49044,49321,49880,50413,50512,50789,50828,50856,51632,51736,51978,52953,53022,53084,54696,55321,56306,56566,57058,57351,58811,59774,63382,63909,65319,66055,66253,72296,72948],""d_124a9bd407c7a25f8335b93b86e50fdd"":[4621,6382,6764,6893,7159,7422,7793,8998,11752,11982,14571,18802,20269,24161,25859,28703,38867,43113,44084,44858,48462,49791,50285,51461,52507,53218,53579,53672,54036,54144,54492,54510,54914,54918,54956,55233,55424,55973,56189,56238,56307,56346,56505,56568,56820,56965,57493,57537,57611,58259,58439,58604,58726,58772,58921,59078,59143,59342,59477,59791,60158,60218,60731,60733,60859,61286,61521,62200,62239,62292,62361,63581,63638,63912,63935,64141,64337,64957,65150,65392,65524,65651,65853,67040,67141,68379,68783,68789,69447,69541,69752,70251,70666,70963,70982,71109,71110,72430,73659,74189,76578,80299,81409,84430,84503,84782],""d_4526d47d6714d3b052eed4a30b8b1ed6"":[6274,9012,10029,10963,11160,14187,17409,20581,35704,38415,40611,43200,43798,43801,44129,44325,44561,44596,44962,45335,45354,45873,45874,46396,46545,46576,46711,46714,47149,47417,47702,47734,47791,47902,48145,48437,48498,48572,48869,48978,49613,50178,50420,50917,50937,51231,52041,53052,53191,53228,54036,54573,55291,55733,55822,56448,57648,59084,60739,64287,65089,68348],""d_b58303c68e9cf0d2ae93b73ffdbfbfa1"":[5345,9601,12035,13672,14314,22488,38739,48020,50199,51586,51603,52049,53396,53497,53888,54787,56435,56519,56815,56868,57188,57400,57620,59087,59214,59429,59599,59637,59713,59730,59900,59950,59995,60204,60215,60407,60433,60561,60599,60780,60819,60820,61026,61080,61081,61193,61374,62279,62436,62439,62472,62856,63135,64118,64319,64460,64591,64729,65442,65772,66602,66654,66686,67127,67261,67889,67983,68550,69371,69882,70077,73382,73823,76224,77926,77986,78296,78498,79359],""d_fa2ed456cf2b8597bb7e064b08fc3c7c"":[5139,7769,9045,9121,10427,12013,13057,17878,18295,35232,44420,44938,47276,48327,48703,52609,53787,54478,57563,58753,59093,59336,59508,59914,59923,60935,61542,61745,62115,62567,62735,62893,63269,63353,63477,63478,63507,63511,63541,63543,63556,63573,63690,63813,63850,63938,64684,65125,65139,65802,66138,66493,66632,66666,66734,66759,67187,67375,67512,67626,67767,67888,68038,68048,68351,68604,69034,69119,69178,69212,69559,69702,69888,70003,70027,70158,70298,70505,70583,70681,70906,71212,71275,71453,72512,72599,72671,72879,73200,73766,74071,74390,74863,74868,75096,75097,75170,75180,75448,75905,77312,77438,78063,78721,79254,79296,79960,81790,85971,88817,88968,89195,89541,93185,94033],""d_85518d970b8178975850457f60f1e738"":[5106,20888,24732,33985,36914,37533,37591,38621,38726,38797,39004,39410,39730,40486,40676,40794,41062,41229,41461,41784,42027,42037,42336,43819,45669,46406,48213,49191,51975,52972,53292,54421,56722],""d_478f45a9c541cbe679ca55d1cd2b970b"":[2950,2989,3153,3821,4312,5297,10017,12631,18438,31198,34222,34465,34865,35479,36272,36301,36621,36658,36715,36757,36769,37553,38092,38196,38257,38328,38414,38734,38753,39353,39589,39867,39891,39927,40081,40413,40663,41217,41221,41229,41429,41782,42115,42636,42745,42792,43017,43082,43235,43566,44287,44592,44784,45403,45522,45611,45723,46701,47553,48761,48884,49382,49408,50262,51169,51367,52534,53668,53833,54418,55597,56739,62287,63111,67246],""d_5573b0db0575db32190a2ad27919a7aa"":[1565,7477,8569,8897,9220,11187,11670,12029,23607,34576,36031,36873,39433,40241,41839,42248,43479,44257,47706,47829,47938,48274,48418,48419,48670,48671,48724,48726,48763,50167,50381,50530,50679,50900,51392,51851,51923,51924,52143,52260,52466,52722,52907,53730,53948,54076,54313,54597,54772,54856,54924,54966,55158,55467,55570,55682,55928,55951,56062,56074,56214,56456,56569,57139,57421,57901,58214,58644,58714,59355,59444,59804,60028,60220,60259,60457,60498,60525,60808,62702,63506,63944,64147,64392,64411,64487,64649,65781,65832,65936,66341,67728,70396,72819],""d_a2141adf93ec2a3c2ec2837b78d6d46e"":[1591,7025,7356,8049,8395,9687,16104,25985,36204,42077,43851,48792,48830,50830,52779,53239,53324,53815,54714,54879,55999,56454,56458,56895,56974,57373,57619,57797,57828,57861,57961,58131,58378,58646,58758,58890,59052,59188,59236,59248,59337,59354,59479,59536,59781,59908,59961,60030,60360,60401,60470,60576,60605,60712,60873,61023,61043,61105,61353,61393,61395,61501,61549,61751,61752,61833,61844,61989,62342,62427,62548,62634,62788,63200,63639,64057,64090,64757,64917,64993,65047,65421,65511,65633,66103,66127,66205,66474,66488,66935,67275,67775,69132,69919,70015,70383,70441,71000,72166,73286,73632,74541,75779,77205,79932,80117,82605,83214,83594,85334,90249,91506],""d_9af9317c646a1c881bb5591c91817cc6"":[10277,15290,17991,19526,28671,35347,37383,39615,49794,61118,68714,70281,72916,73381,75105,75930,76012,76233,76394,76709,76817,76993,77578,77863,78071,78330,78422,78723,78997,79191,79395,79443,79533,79664,79689,79913,80111,80203,80525,80541,80694,80805,80836,80948,81014,81076,81372,81634,81830,82036,82147,82783,83043,83461,84139,84212,84533,84657,84755,84845,85073,85228,85493,85529,85778,85924,86075,86140,86169,86251,86253,86283,86408,86814,87441,87467,88001,88163,88601,90010,90319,90328,91063,91697,91718,93195,93664,93977,94794,95884,96035,96614,96908,97020,97511,97573,101165,104281,107120,107583,112837,114164,115178,115299,122859,123476,123911],""d_67e99e6eabc4aad9b5d48663b579746a"":[5437,10257,17162,18365,19746,31546,33881,37433,38138,38335,39014,39478,39819,40077,40196,40372,40598,40717,40831,40900,41537,42321,43103,44441,44501,45195,45506,47164,47554,47782,47841,48061,48184,48685,49323,49683,50211,51376,51655,53407,53432,53706,53746,53903,54885,55463],""d_5c4ef48b025fdfbc80056401f06e3df9"":[2418,2565,3147,17922,25596,26187,26372,26428,26593,27413,27454,27559,28018,28230,28406,29227,29429,29818,32442,32817],""d_300ddc8da4e8f7bdc1bfc62d0d99e2e7"":[2124,5018,10914,12391,12716,12975,13170],""d_181005ca270b45408b4cdfc954980ca2"":[548,7056,9466,10595,12163,12952,13891,23922,33453,47032,58273,58402,60648,60666,61091,61325,62090,62664,62902,63120,63184,63378,63604,63779,64291,64504,64505,64937,64954,65218,65264,65275,65675,65858,66102,66814,66856,66900,67160,67165,67221,67322,67482,68070,68075,68183,68338,68366,68702,69133,69449,69491,69816,69929,70285,70378,70647,70784,71122,71294,71515,71795,72025,72177,72240,73161,73369,73415,73536,73682,74134,75094,75345,75720,76442,77141,78290,79547,81569,86689,87303,88219,91454,91959,91983,94647],""d_4130f1d9d365d9f1633536e959f62bb7"":[6502,6503,7855,8171,8224,9341,9558,9792,11610,11632,12233,12436],""d_2b8c54b2a490d2fa36b925289e5d9572"":[3094,9510,10771,16908,20948,27973,30099,30399,38490,38570,39342,42315,42514,43494,43783,44025,44312,44485,44549,44837,45452,45706,46513,46542,47227,47351,47399,47711,47914,48410,48508,49052,49348,49747,49858,49927,50028,50637,50791,50816,51315,51404,51925,52028,52272,52374,52525,53502,55018,56026,56346,56489,57726,60801,62765,66123],""d_df7d2d661c0c11a7c367c9ee4bf896c1"":[10333,13080,14496,17766,18703,19727,20897,22104,25917,29733,34135,38676,41562,44395,54842,68337,78385,102841,103949,107507,119274,121315,125283,128176,128679,128808,131256,135361,139465,139789,140542,141040,141604,143404,143651,143903,144574,145925,146055,146389,147131,147384,148030,148042,148173,148321,148444,148773,148871,149222,149745,149848,150285,150364,150365,150507,150566,150752,151597,151685,151825,151906,152010,152181,152343,152672,152788,152931,152995,153124,153156,153190,153743,153806,153961,154331,154478,154539,154679,154722,155072,155221,155460,155485,155625,156045,156213,156235,156425,156554,156799,156871,157029,157420,157542,157605,157732,157847,158356,158359,158467,158555,158872,159800,159895,160011,160516,160670,160862,161065,161151,161166,161270,161546,161898,162005,162164,162300,162562,162595,162649,162702,162784,162795,162905,162969,163140,163159,163176,163276,163625,163870,163880,164009,164228,164403,164777,164778,165323,165567,165715,165752,165769,165883,166095,166112,166143,166352,166714,166998,167641,168052,168466,168777,168875,169646,169993,170028,170098,170187,170519,170795,171164,171627,171647,171680,172417,172650,172805,174243,175786,176107,176297,178164,178724,179429,179985,181012,181048,181716,181863,182061,182114,184031,184397,184923,185899,186038,186066,186082,186220,186889,187406,187719,187898,188113,188415,189168,190430,190504,191485,194868,196428,197963,198350,199923,200469,201806,204226,205114,206343,210209,212171,213895,217832,229855,230247,230940,231643,231706],""d_72f37e5c5d192951ddc5513c2b134482"":[1546,2335,4779,8759,13419,14996,15212,15848,16310,16573,29564,37531,54212,67642,68164,68618,73398,73628,75800,76568,78297,78298,79228,79864,79961,81209,83624,83739,83988,85291,85468,85621,86143,86470,86752,87161,87223,87581,87676,87846,89322,89527,89953,90827,91204,91606,91768,91980,92114,92242,92325,92483,92635,92711,92983,93059,93199,93595,93896,94018,94072,94389,94417,94775,94803,95003,95110,95158,95361,95579,95771,95952,96566,96609,96953,96989,97703,97883,98034,98482,98632,98636,98733,98813,99203,99377,99510,99575,99995,100050,100080,100195,101378,102686,102694,103241,103319,103934,104103,104136,104886,105934,107577,108037,108065,111585,111956,111964,112391,112458,113608,114604,115567,116041,117080,117167,117244,118092,119746,120355,120446,120999,121300,122716,122982,124490,132295,132444,133336,133585],""d_0cc5f52a1f298b916f317800251057f3"":[1760,4105,6897,9044,15548,15575,16188,16206,16207,16452,16681,16972,17235,17308,17510,17560,17569,17610,18040,18927,19297,19475,19817,20493,20918,21983,22595],""d_e97e8e7fc55b85a38babf66b0fa46b73"":[2365,3850,5625,8816,9199,21887,22178,23000,23060,23281,23738,24415,24886,24925,25091,25137,25332,25432,25822,25898,25963,25986,26206,26487,26640,26969,27150,27290,27383,27939,28192,28367,28470,28623,29422,29627,30100,30357,31415,31838,32888,33083,35548,36683],""d_af2042c77ffaf0db5d75561ce9ef5688"":[90,5332,5524,7761,8951,13440,14501,15939,24508,27724,30276,32390,32723,34295,35393,35949,36397,36686,36903,36928,37279,37361,37367,37885,37932,38102,38171,38213,38324,39109,39185,39530,39580,39663,39974,39979,39988,40466,40656,40675,40809,40812,40813,41146,41205,41408,41657,42146,42468,42558,42927,43360,43376,43856,43873,43897,43899,44081,44537,44957,45257,45341,45363,45630,45884,46198,46468,47137,47736,48237,48434,49004,49049,49322,49940,52163,53499,53790],""d_1cd970d8351b42be4a308d628a6dd9d3"":[1105,4125,7384,7897,7944,8024,8104,8164,8251,8473,9193,9638,9752,10435],""d_31af23fdb79119ed185c256f03cb5773"":[2807,6647,7003,8110,17641,20309,20916,21260,21806,21937,22622,22947,22951,23272,23380,23436,23773,23892,23941,24291,24589,24592,24611,24739,24800,25245,25383,25737,25789,25911,26002,26192,26219,26414,26606,26745,26917,27463,27822,27824,28503,28906,29141,30033,30911,31159,31383,31593,31951,32985,34321],""d_4e3db8955fdcda6f9944097bef3d2724"":[635,4656,10723,10856,11259,11278,11289,11337,11417,11584,11933,11945,12007,12166,12204,12341,12893,13531,15464]},""538784"":{""d_8575e84912df3c28995b8e6e0e05205a"":[117040]},""530836"":{""d_3a3807c023c61ddfba947dc069eb53f2"":[60428]},""530466"":{""d_c0650f23e94c42e7a20921f4c5b75c24"":[95364],""d_4526d47d6714d3b052eed4a30b8b1ed6"":[44378],""d_5573b0db0575db32190a2ad27919a7aa"":[53778],""d_9af9317c646a1c881bb5591c91817cc6"":[78041],""d_67e99e6eabc4aad9b5d48663b579746a"":[42380],""d_5c4ef48b025fdfbc80056401f06e3df9"":[28041,28726],""d_af2042c77ffaf0db5d75561ce9ef5688"":[40020]},""530021"":{""d_acbc938ec77af18f94cecc4a7c9ec720"":[45982]},""530635"":{""d_124a9bd407c7a25f8335b93b86e50fdd"":[59249]},""530627"":{""d_5573b0db0575db32190a2ad27919a7aa"":[53440]},""530673"":{""d_a2141adf93ec2a3c2ec2837b78d6d46e"":[59050]},""538446"":{""d_df7d2d661c0c11a7c367c9ee4bf896c1"":[156665]}}","{""CacheKey"":""hougang-446-hougang-ave-8"",""SearchValue"":""446 HOUGANG AVE 8 SINGAPORE"",""Status"":""HistoricalFirstHit"",""Postal"":""530446"",""UpdatedAt"":""2026-05-24T10:52:41.912Z""}",[],,2017-2019;2020-2022;2023-2025;2026,"Confirmed every distinct postal variant against source-qualified raw evidence, exact HDB property and full source footprint inventory. Contradiction remains; no majority or unique-footprint override. Ambiguous, no point.","[{""block"":""446"",""street"":""HOUGANG AVENUE 8"",""postal"":""530021"",""count"":1,""example_source_dataset"":""d_acbc938ec77af18f94cecc4a7c9ec720"",""example_source_row"":""45982"",""raw_source_footprint_objectids"":[]},{""block"":""446"",""street"":""HOUGANG AVENUE 8"",""postal"":""530446"",""count"":2067,""example_source_dataset"":""d_8575e84912df3c28995b8e6e0e05205a"",""example_source_row"":""9926"",""raw_source_footprint_objectids"":[937680]},{""block"":""446"",""street"":""HOUGANG AVENUE 8"",""postal"":""530466"",""count"":8,""example_source_dataset"":""d_c0650f23e94c42e7a20921f4c5b75c24"",""example_source_row"":""95364"",""raw_source_footprint_objectids"":[]},{""block"":""446"",""street"":""HOUGANG AVENUE 8"",""postal"":""530627"",""count"":1,""example_source_dataset"":""d_5573b0db0575db32190a2ad27919a7aa"",""example_source_row"":""53440"",""raw_source_footprint_objectids"":[]},{""block"":""446"",""street"":""HOUGANG AVENUE 8"",""postal"":""530635"",""count"":1,""example_source_dataset"":""d_124a9bd407c7a25f8335b93b86e50fdd"",""example_source_row"":""59249"",""raw_source_footprint_objectids"":[]},{""block"":""446"",""street"":""HOUGANG AVENUE 8"",""postal"":""530673"",""count"":1,""example_source_dataset"":""d_a2141adf93ec2a3c2ec2837b78d6d46e"",""example_source_row"":""59050"",""raw_source_footprint_objectids"":[]},{""block"":""446"",""street"":""HOUGANG AVENUE 8"",""postal"":""530836"",""count"":1,""example_source_dataset"":""d_3a3807c023c61ddfba947dc069eb53f2"",""example_source_row"":""60428"",""raw_source_footprint_objectids"":[]},{""block"":""446"",""street"":""HOUGANG AVENUE 8"",""postal"":""538446"",""count"":1,""example_source_dataset"":""d_df7d2d661c0c11a7c367c9ee4bf896c1"",""example_source_row"":""156665"",""raw_source_footprint_objectids"":[]},{""block"":""446"",""street"":""HOUGANG AVENUE 8"",""postal"":""538784"",""count"":1,""example_source_dataset"":""d_8575e84912df3c28995b8e6e0e05205a"",""example_source_row"":""117040"",""raw_source_footprint_objectids"":[]}]"
HOUGANG,466,HOUGANG AVE 8,11,Unmatched,Ambiguous,Missing,Missing,ConflictOrPreviouslyMatchedOutcomeChange,[7902],"{""530466"":{""d_8575e84912df3c28995b8e6e0e05205a"":[27262,85067],""d_c0650f23e94c42e7a20921f4c5b75c24"":[136775],""d_acbc938ec77af18f94cecc4a7c9ec720"":[9606,25256,39547,53666],""d_124a9bd407c7a25f8335b93b86e50fdd"":[14505,75414],""d_4526d47d6714d3b052eed4a30b8b1ed6"":[60755],""d_b58303c68e9cf0d2ae93b73ffdbfbfa1"":[13553,75571,79062],""d_fa2ed456cf2b8597bb7e064b08fc3c7c"":[69029],""d_85518d970b8178975850457f60f1e738"":[56833],""d_a2141adf93ec2a3c2ec2837b78d6d46e"":[23624,75050],""d_9af9317c646a1c881bb5591c91817cc6"":[104108,123154],""d_67e99e6eabc4aad9b5d48663b579746a"":[52985],""d_5c4ef48b025fdfbc80056401f06e3df9"":[14780],""d_181005ca270b45408b4cdfc954980ca2"":[97979],""d_4130f1d9d365d9f1633536e959f62bb7"":[9410,10447,10540],""d_2b8c54b2a490d2fa36b925289e5d9572"":[61528],""d_72f37e5c5d192951ddc5513c2b134482"":[11466,58851,65936,118231,120337,125362],""d_0cc5f52a1f298b916f317800251057f3"":[24008,24017],""d_e97e8e7fc55b85a38babf66b0fa46b73"":[30696],""d_af2042c77ffaf0db5d75561ce9ef5688"":[44291],""d_31af23fdb79119ed185c256f03cb5773"":[35749],""d_4e3db8955fdcda6f9944097bef3d2724"":[10617]},""530446"":{""d_acbc938ec77af18f94cecc4a7c9ec720"":[47000],""d_a2141adf93ec2a3c2ec2837b78d6d46e"":[8228]},""560446"":{""d_df7d2d661c0c11a7c367c9ee4bf896c1"":[156195]}}",,[],,2017-2019;2020-2022;2023-2025;2026,"Confirmed every distinct postal variant against source-qualified raw evidence, exact HDB property and full source footprint inventory. Contradiction remains; no majority or unique-footprint override. Ambiguous, no point.","[{""block"":""466"",""street"":""HOUGANG AVENUE 8"",""postal"":""530446"",""count"":2,""example_source_dataset"":""d_acbc938ec77af18f94cecc4a7c9ec720"",""example_source_row"":""47000"",""raw_source_footprint_objectids"":[]},{""block"":""466"",""street"":""HOUGANG AVENUE 8"",""postal"":""530466"",""count"":38,""example_source_dataset"":""d_8575e84912df3c28995b8e6e0e05205a"",""example_source_row"":""27262"",""raw_source_footprint_objectids"":[944389]},{""block"":""466"",""street"":""HOUGANG AVENUE 8"",""postal"":""560446"",""count"":1,""example_source_dataset"":""d_df7d2d661c0c11a7c367c9ee4bf896c1"",""example_source_row"":""156195"",""raw_source_footprint_objectids"":[]}]"
HOUGANG,511,HOUGANG AVE 10,27,NormalizedAddress,Ambiguous,BlockApproximation,Missing,ConflictOrPreviouslyMatchedOutcomeChange,[8676],"{""530511"":{""d_3a3807c023c61ddfba947dc069eb53f2"":[81745,84184,86561,90084,90250],""d_c0650f23e94c42e7a20921f4c5b75c24"":[122943],""d_124a9bd407c7a25f8335b93b86e50fdd"":[67670,71335],""d_4526d47d6714d3b052eed4a30b8b1ed6"":[60718,61362],""d_b58303c68e9cf0d2ae93b73ffdbfbfa1"":[51207,67190,77738],""d_fa2ed456cf2b8597bb7e064b08fc3c7c"":[52483,85735],""d_85518d970b8178975850457f60f1e738"":[49849,55712],""d_5573b0db0575db32190a2ad27919a7aa"":[53914],""d_a2141adf93ec2a3c2ec2837b78d6d46e"":[51556,52368],""d_67e99e6eabc4aad9b5d48663b579746a"":[21198,60922],""d_5c4ef48b025fdfbc80056401f06e3df9"":[33448,37870],""d_181005ca270b45408b4cdfc954980ca2"":[85313,96037],""d_df7d2d661c0c11a7c367c9ee4bf896c1"":[137901],""d_72f37e5c5d192951ddc5513c2b134482"":[84388,105057,105862,115914,117293],""d_af2042c77ffaf0db5d75561ce9ef5688"":[33809,46428,50163,54241],""d_31af23fdb79119ed185c256f03cb5773"":[35898]},""530517"":{""d_b58303c68e9cf0d2ae93b73ffdbfbfa1"":[63025]}}",,[],,2017-2019;2020-2022;2023-2025;2026,"Confirmed every distinct postal variant against source-qualified raw evidence, exact HDB property and full source footprint inventory. Contradiction remains; no majority or unique-footprint override. Ambiguous, no point.","[{""block"":""511"",""street"":""HOUGANG AVENUE 10"",""postal"":""530511"",""count"":37,""example_source_dataset"":""d_3a3807c023c61ddfba947dc069eb53f2"",""example_source_row"":""81745"",""raw_source_footprint_objectids"":[940998]},{""block"":""511"",""street"":""HOUGANG AVENUE 10"",""postal"":""530517"",""count"":1,""example_source_dataset"":""d_b58303c68e9cf0d2ae93b73ffdbfbfa1"",""example_source_row"":""63025"",""raw_source_footprint_objectids"":[]}]"
HOUGANG,528,HOUGANG AVE 6,22,NormalizedAddress,Ambiguous,BlockApproximation,Missing,ConflictOrPreviouslyMatchedOutcomeChange,[8945],"{""530528"":{""d_8575e84912df3c28995b8e6e0e05205a"":[19903,61784,94097],""d_3a3807c023c61ddfba947dc069eb53f2"":[55744,57374,59900,70727,80906],""d_c0650f23e94c42e7a20921f4c5b75c24"":[49991,64859,106981,138628],""d_acbc938ec77af18f94cecc4a7c9ec720"":[43908],""d_124a9bd407c7a25f8335b93b86e50fdd"":[68834,69992,79237],""d_4526d47d6714d3b052eed4a30b8b1ed6"":[53463],""d_fa2ed456cf2b8597bb7e064b08fc3c7c"":[12723,31626,67916,76012],""d_85518d970b8178975850457f60f1e738"":[49346,50081,50340,53034],""d_478f45a9c541cbe679ca55d1cd2b970b"":[32503,35119],""d_5573b0db0575db32190a2ad27919a7aa"":[838],""d_a2141adf93ec2a3c2ec2837b78d6d46e"":[86127],""d_9af9317c646a1c881bb5591c91817cc6"":[68876,102065],""d_300ddc8da4e8f7bdc1bfc62d0d99e2e7"":[13797],""d_181005ca270b45408b4cdfc954980ca2"":[58345,86586,90928,96738],""d_df7d2d661c0c11a7c367c9ee4bf896c1"":[46055,61883,82425,178481],""d_72f37e5c5d192951ddc5513c2b134482"":[77504],""d_af2042c77ffaf0db5d75561ce9ef5688"":[48745,48747],""d_31af23fdb79119ed185c256f03cb5773"":[1873,21334]},""530539"":{""d_a2141adf93ec2a3c2ec2837b78d6d46e"":[55826]}}",,[],,2017-2019;2020-2022;2023-2025;2026,"Confirmed every distinct postal variant against source-qualified raw evidence, exact HDB property and full source footprint inventory. Contradiction remains; no majority or unique-footprint override. Ambiguous, no point.","[{""block"":""528"",""street"":""HOUGANG AVENUE 6"",""postal"":""530528"",""count"":45,""example_source_dataset"":""d_8575e84912df3c28995b8e6e0e05205a"",""example_source_row"":""19903"",""raw_source_footprint_objectids"":[939120]},{""block"":""528"",""street"":""HOUGANG AVENUE 6"",""postal"":""530539"",""count"":1,""example_source_dataset"":""d_a2141adf93ec2a3c2ec2837b78d6d46e"",""example_source_row"":""55826"",""raw_source_footprint_objectids"":[]}]"
HOUGANG,529,HOUGANG AVE 6,24,NormalizedAddress,Ambiguous,BlockApproximation,Missing,ConflictOrPreviouslyMatchedOutcomeChange,[8957],"{""530529"":{""d_8575e84912df3c28995b8e6e0e05205a"":[52601,129158,138955,169154],""d_3a3807c023c61ddfba947dc069eb53f2"":[9416,53397,72189,75285,88252],""d_c0650f23e94c42e7a20921f4c5b75c24"":[36541,123546],""d_acbc938ec77af18f94cecc4a7c9ec720"":[54940,55337,65771,72782],""d_4526d47d6714d3b052eed4a30b8b1ed6"":[42459],""d_b58303c68e9cf0d2ae93b73ffdbfbfa1"":[73054],""d_fa2ed456cf2b8597bb7e064b08fc3c7c"":[18603,54636,80705],""d_85518d970b8178975850457f60f1e738"":[54231],""d_478f45a9c541cbe679ca55d1cd2b970b"":[25902,50375],""d_5573b0db0575db32190a2ad27919a7aa"":[61256,74470],""d_a2141adf93ec2a3c2ec2837b78d6d46e"":[71002,72686,85001],""d_9af9317c646a1c881bb5591c91817cc6"":[58421,93261,94474],""d_67e99e6eabc4aad9b5d48663b579746a"":[49377],""d_5c4ef48b025fdfbc80056401f06e3df9"":[35214],""d_2b8c54b2a490d2fa36b925289e5d9572"":[62472,65272,66253],""d_df7d2d661c0c11a7c367c9ee4bf896c1"":[7573,138343,145728,190253,191888,198598,210281,232268],""d_72f37e5c5d192951ddc5513c2b134482"":[38582],""d_1cd970d8351b42be4a308d628a6dd9d3"":[11387,12947],""d_31af23fdb79119ed185c256f03cb5773"":[30394],""d_4e3db8955fdcda6f9944097bef3d2724"":[10306,13919]},""538529"":{""d_5573b0db0575db32190a2ad27919a7aa"":[56344]}}",,[],,2017-2019;2020-2022;2023-2025,"Confirmed every distinct postal variant against source-qualified raw evidence, exact HDB property and full source footprint inventory. Contradiction remains; no majority or unique-footprint override. Ambiguous, no point.","[{""block"":""529"",""street"":""HOUGANG AVENUE 6"",""postal"":""530529"",""count"":50,""example_source_dataset"":""d_8575e84912df3c28995b8e6e0e05205a"",""example_source_row"":""52601"",""raw_source_footprint_objectids"":[939929]},{""block"":""529"",""street"":""HOUGANG AVENUE 6"",""postal"":""538529"",""count"":1,""example_source_dataset"":""d_5573b0db0575db32190a2ad27919a7aa"",""example_source_row"":""56344"",""raw_source_footprint_objectids"":[]}]"
HOUGANG,620,HOUGANG AVE 8,27,NormalizedAddress,Ambiguous,BlockApproximation,Missing,ConflictOrPreviouslyMatchedOutcomeChange,[10014],"{""530620"":{""d_8575e84912df3c28995b8e6e0e05205a"":[53939,68769,82366,96521,105688,121641,125477,147232,160197,161746,165992],""d_3a3807c023c61ddfba947dc069eb53f2"":[426,18245,25217,52373,61748,73341,75381,90577,91253],""d_c0650f23e94c42e7a20921f4c5b75c24"":[1569,8106,8330,91811,95094,97101,101609,108409,108969,111114,121160],""d_acbc938ec77af18f94cecc4a7c9ec720"":[5665,37150,41193,56807,58050],""d_124a9bd407c7a25f8335b93b86e50fdd"":[22298,48974,51575,56005,66128,66792],""d_4526d47d6714d3b052eed4a30b8b1ed6"":[33761,40391,44027,44417,46123,48366,57944,59599,61576,66176],""d_b58303c68e9cf0d2ae93b73ffdbfbfa1"":[33531,56896,81396,82743],""d_fa2ed456cf2b8597bb7e064b08fc3c7c"":[691,5319,14030,33572,48953,60075,61707,63664,66639,66935,68157,73329,86644,90422,92674],""d_85518d970b8178975850457f60f1e738"":[39538,43460],""d_478f45a9c541cbe679ca55d1cd2b970b"":[16056,20702,37667,58442,59255],""d_5573b0db0575db32190a2ad27919a7aa"":[51808,63741,64678,65792,75117],""d_a2141adf93ec2a3c2ec2837b78d6d46e"":[10171,59670,68583,76704,78649,88720],""d_9af9317c646a1c881bb5591c91817cc6"":[39917,82538,87697,93191,96178,119171],""d_67e99e6eabc4aad9b5d48663b579746a"":[17703,29008,32647,41584,49133,51727,59384],""d_5c4ef48b025fdfbc80056401f06e3df9"":[27857,36293],""d_181005ca270b45408b4cdfc954980ca2"":[14015,27189,32990,38169,59501,68482,77131,78462,82112],""d_2b8c54b2a490d2fa36b925289e5d9572"":[38930,42319,45304,48102,48521,53552,58151,62549],""d_df7d2d661c0c11a7c367c9ee4bf896c1"":[21159,43710,112656,118232,129397,141351,150331,151601,152787,156707,156708,156709,158018,166258,186181,189092,192020,200798,217739,224228],""d_72f37e5c5d192951ddc5513c2b134482"":[930,52478,56321,62767,76454,80989,83409,91292,91784,92977,115758,119871,124900,129953,131218,131562],""d_e97e8e7fc55b85a38babf66b0fa46b73"":[6146,25507],""d_af2042c77ffaf0db5d75561ce9ef5688"":[34547,35859,48178,50217],""d_1cd970d8351b42be4a308d628a6dd9d3"":[7978,10766],""d_31af23fdb79119ed185c256f03cb5773"":[335,3122,18990,28569],""d_4e3db8955fdcda6f9944097bef3d2724"":[15056]},""530629"":{""d_c0650f23e94c42e7a20921f4c5b75c24"":[91600]}}",,[],,2017-2019;2020-2022;2023-2025;2026,"Confirmed every distinct postal variant against source-qualified raw evidence, exact HDB property and full source footprint inventory. Contradiction remains; no majority or unique-footprint override. Ambiguous, no point.","[{""block"":""620"",""street"":""HOUGANG AVENUE 8"",""postal"":""530620"",""count"":170,""example_source_dataset"":""d_8575e84912df3c28995b8e6e0e05205a"",""example_source_row"":""53939"",""raw_source_footprint_objectids"":[938191]},{""block"":""620"",""street"":""HOUGANG AVENUE 8"",""postal"":""530629"",""count"":1,""example_source_dataset"":""d_c0650f23e94c42e7a20921f4c5b75c24"",""example_source_row"":""91600"",""raw_source_footprint_objectids"":[]}]"
HOUGANG,642,HOUGANG AVE 8,28,NormalizedAddress,Ambiguous,BlockApproximation,Missing,ConflictOrPreviouslyMatchedOutcomeChange,[10417],"{""530642"":{""d_8575e84912df3c28995b8e6e0e05205a"":[69301,110956,142735,145998,165118],""d_3a3807c023c61ddfba947dc069eb53f2"":[23810,50314],""d_c0650f23e94c42e7a20921f4c5b75c24"":[39845,109283,120372],""d_acbc938ec77af18f94cecc4a7c9ec720"":[34904,67841],""d_124a9bd407c7a25f8335b93b86e50fdd"":[81901,82234],""d_4526d47d6714d3b052eed4a30b8b1ed6"":[61473],""d_b58303c68e9cf0d2ae93b73ffdbfbfa1"":[61068,81247],""d_fa2ed456cf2b8597bb7e064b08fc3c7c"":[836,58770],""d_85518d970b8178975850457f60f1e738"":[32969],""d_478f45a9c541cbe679ca55d1cd2b970b"":[22331,67240,67660],""d_5573b0db0575db32190a2ad27919a7aa"":[58302],""d_a2141adf93ec2a3c2ec2837b78d6d46e"":[6440,18415,57034,61962,73561],""d_9af9317c646a1c881bb5591c91817cc6"":[49980],""d_67e99e6eabc4aad9b5d48663b579746a"":[52827,55811],""d_300ddc8da4e8f7bdc1bfc62d0d99e2e7"":[10566],""d_4130f1d9d365d9f1633536e959f62bb7"":[2286,9605,10518],""d_df7d2d661c0c11a7c367c9ee4bf896c1"":[138172,138919,142202,172722,177474,200824],""d_72f37e5c5d192951ddc5513c2b134482"":[9847],""d_e97e8e7fc55b85a38babf66b0fa46b73"":[34034],""d_af2042c77ffaf0db5d75561ce9ef5688"":[53649],""d_31af23fdb79119ed185c256f03cb5773"":[23828,32455]},""530644"":{""d_2b8c54b2a490d2fa36b925289e5d9572"":[47848]}}",,[],,2017-2019;2020-2022;2023-2025;2026,"Confirmed every distinct postal variant against source-qualified raw evidence, exact HDB property and full source footprint inventory. Contradiction remains; no majority or unique-footprint override. Ambiguous, no point.","[{""block"":""642"",""street"":""HOUGANG AVENUE 8"",""postal"":""530642"",""count"":47,""example_source_dataset"":""d_8575e84912df3c28995b8e6e0e05205a"",""example_source_row"":""69301"",""raw_source_footprint_objectids"":[944277]},{""block"":""642"",""street"":""HOUGANG AVENUE 8"",""postal"":""530644"",""count"":1,""example_source_dataset"":""d_2b8c54b2a490d2fa36b925289e5d9572"",""example_source_row"":""47848"",""raw_source_footprint_objectids"":[]}]"
HOUGANG,644,HOUGANG AVE 8,26,NormalizedAddress,Ambiguous,BlockApproximation,Missing,ConflictOrPreviouslyMatchedOutcomeChange,[10444],"{""530644"":{""d_8575e84912df3c28995b8e6e0e05205a"":[35480,71739,86408,120828,172721],""d_3a3807c023c61ddfba947dc069eb53f2"":[36323,53325,60158,61489,72928],""d_c0650f23e94c42e7a20921f4c5b75c24"":[18640,87982,102197,121573],""d_acbc938ec77af18f94cecc4a7c9ec720"":[52707,56901,57267,60204],""d_124a9bd407c7a25f8335b93b86e50fdd"":[51407,71087,74914,80577,81320],""d_4526d47d6714d3b052eed4a30b8b1ed6"":[11607,46963,63352],""d_fa2ed456cf2b8597bb7e064b08fc3c7c"":[61927,62463,65356,74737,78173,92665],""d_478f45a9c541cbe679ca55d1cd2b970b"":[468,67064],""d_5573b0db0575db32190a2ad27919a7aa"":[50525,65807,74098],""d_a2141adf93ec2a3c2ec2837b78d6d46e"":[47955,51097,77864],""d_9af9317c646a1c881bb5591c91817cc6"":[416,108403],""d_67e99e6eabc4aad9b5d48663b579746a"":[35230,55987],""d_5c4ef48b025fdfbc80056401f06e3df9"":[6663],""d_300ddc8da4e8f7bdc1bfc62d0d99e2e7"":[12575,20202,20962,21787],""d_181005ca270b45408b4cdfc954980ca2"":[315,85243,89246],""d_4130f1d9d365d9f1633536e959f62bb7"":[553,10105],""d_2b8c54b2a490d2fa36b925289e5d9572"":[39002,45522],""d_df7d2d661c0c11a7c367c9ee4bf896c1"":[1227,169333,178569,200387,212111,213994,214698,224179],""d_72f37e5c5d192951ddc5513c2b134482"":[90479,97768,98317,98637,99576,100818],""d_e97e8e7fc55b85a38babf66b0fa46b73"":[26590],""d_af2042c77ffaf0db5d75561ce9ef5688"":[6408,37595,41476],""d_1cd970d8351b42be4a308d628a6dd9d3"":[10228],""d_31af23fdb79119ed185c256f03cb5773"":[19501,20278,37285],""d_4e3db8955fdcda6f9944097bef3d2724"":[16465]},""530544"":{""d_67e99e6eabc4aad9b5d48663b579746a"":[41967],""d_df7d2d661c0c11a7c367c9ee4bf896c1"":[155472]},""530651"":{""d_72f37e5c5d192951ddc5513c2b134482"":[100590]}}","{""CacheKey"":""hougang-644-hougang-ave-8"",""SearchValue"":""644 HOUGANG AVE 8 SINGAPORE"",""Status"":""HistoricalFirstHit"",""Postal"":""530644"",""UpdatedAt"":""2026-05-24T10:28:29.339Z""}",[],,2017-2019;2020-2022;2023-2025,"Confirmed every distinct postal variant against source-qualified raw evidence, exact HDB property and full source footprint inventory. Contradiction remains; no majority or unique-footprint override. Ambiguous, no point.","[{""block"":""644"",""street"":""HOUGANG AVENUE 8"",""postal"":""530544"",""count"":2,""example_source_dataset"":""d_67e99e6eabc4aad9b5d48663b579746a"",""example_source_row"":""41967"",""raw_source_footprint_objectids"":[]},{""block"":""644"",""street"":""HOUGANG AVENUE 8"",""postal"":""530644"",""count"":79,""example_source_dataset"":""d_8575e84912df3c28995b8e6e0e05205a"",""example_source_row"":""35480"",""raw_source_footprint_objectids"":[942340]},{""block"":""644"",""street"":""HOUGANG AVENUE 8"",""postal"":""530651"",""count"":1,""example_source_dataset"":""d_72f37e5c5d192951ddc5513c2b134482"",""example_source_row"":""100590"",""raw_source_footprint_objectids"":[]}]"
HOUGANG,682,HOUGANG AVE 4,18,NormalizedAddress,Ambiguous,BlockApproximation,Missing,ConflictOrPreviouslyMatchedOutcomeChange,[11027],"{""530682"":{""d_8575e84912df3c28995b8e6e0e05205a"":[106264,126634,127794,127805,131926,141152,144567,174630],""d_3a3807c023c61ddfba947dc069eb53f2"":[12901,54023,58927,63240,63341,63997,72335,79426,79676,81043],""d_c0650f23e94c42e7a20921f4c5b75c24"":[44002,70101,90065,95091,95389,108596,110106,115158,116505,117714,138609],""d_acbc938ec77af18f94cecc4a7c9ec720"":[29397,39318,39726,40217,41577,43591,45751,46349,50508,51573],""d_124a9bd407c7a25f8335b93b86e50fdd"":[6316,15820,19914,49119,51586,54430,56304,61688,63068,63193,65676,74918,79593],""d_4526d47d6714d3b052eed4a30b8b1ed6"":[3044,38848,40115,41729,42373,45831,47894,49629,49703,50328,52338,54494,61749,64838,69787],""d_b58303c68e9cf0d2ae93b73ffdbfbfa1"":[52748,57787,59914,66101],""d_fa2ed456cf2b8597bb7e064b08fc3c7c"":[7196,11470,54225,54837,58848,60821,61078,62055,64902,66039,67642,69110,70048,70192,71383,72424,72495,73993,74442,76773,78593,79507,92524],""d_85518d970b8178975850457f60f1e738"":[6311,37113,37324,41382,43921,44805,46227,46335,47102,49164,52211],""d_478f45a9c541cbe679ca55d1cd2b970b"":[21529,30669,32870,33117,35152,35185,42469,44303,46487,47259,49357,56750],""d_5573b0db0575db32190a2ad27919a7aa"":[6556,16379,30242,35479,41057,43674,43719,44167,47037,53192,56677,60705,60962,62009,69895,71466,75581],""d_a2141adf93ec2a3c2ec2837b78d6d46e"":[42233,51240,53808,55044,57531,59588,59987,60237,62371,70793,72513,73110,76971,85927],""d_9af9317c646a1c881bb5591c91817cc6"":[5751,14745,44490,71648,76318,77888,78568,81102,82635,82870,83070,85895,86957,87486,87685,91278,92375,93877,99437,101729,115340,121580,121958],""d_67e99e6eabc4aad9b5d48663b579746a"":[18032,39632,41444,42027,42564,42855,46168],""d_5c4ef48b025fdfbc80056401f06e3df9"":[27820,28121,29382,30073,34236,35153,36095],""d_300ddc8da4e8f7bdc1bfc62d0d99e2e7"":[2566,13384,15523],""d_181005ca270b45408b4cdfc954980ca2"":[3478,26935,57888,62645,67328,89155],""d_4130f1d9d365d9f1633536e959f62bb7"":[6595,7143],""d_2b8c54b2a490d2fa36b925289e5d9572"":[32169,33210,36232,38107,43861,46575,48340,52245,59995],""d_df7d2d661c0c11a7c367c9ee4bf896c1"":[1493,11441,14980,15090,31965,88925,127566,132933,136956,140449,141461,141719,143548,147927,151398,153297,154613,157078,157535,158935,159016,165974,166789,167471,168181,168722,171190,190461,195214,196697,198154,201728,225268,232545],""d_72f37e5c5d192951ddc5513c2b134482"":[9893,15473,17222,31259,83376,84332,85025,88799,94823,94944,96689,99073,102538],""d_0cc5f52a1f298b916f317800251057f3"":[15712,15895,19184,20852,22120],""d_e97e8e7fc55b85a38babf66b0fa46b73"":[4043,11349,22156,22931,23748,25014,31722,32484,34447],""d_af2042c77ffaf0db5d75561ce9ef5688"":[1960,47188],""d_1cd970d8351b42be4a308d628a6dd9d3"":[5192],""d_31af23fdb79119ed185c256f03cb5773"":[1300,17606,20533,21831,21842,23492,24184,24758,27392,35840],""d_4e3db8955fdcda6f9944097bef3d2724"":[234,10291,11257]},""530683"":{""d_b58303c68e9cf0d2ae93b73ffdbfbfa1"":[51523]},""510456"":{""d_df7d2d661c0c11a7c367c9ee4bf896c1"":[159635]}}",,[],,2017-2019;2020-2022;2023-2025;2026,"Confirmed every distinct postal variant against source-qualified raw evidence, exact HDB property and full source footprint inventory. Contradiction remains; no majority or unique-footprint override. Ambiguous, no point.","[{""block"":""682"",""street"":""HOUGANG AVENUE 4"",""postal"":""510456"",""count"":1,""example_source_dataset"":""d_df7d2d661c0c11a7c367c9ee4bf896c1"",""example_source_row"":""159635"",""raw_source_footprint_objectids"":[]},{""block"":""682"",""street"":""HOUGANG AVENUE 4"",""postal"":""530682"",""count"":282,""example_source_dataset"":""d_8575e84912df3c28995b8e6e0e05205a"",""example_source_row"":""106264"",""raw_source_footprint_objectids"":[937725]},{""block"":""682"",""street"":""HOUGANG AVENUE 4"",""postal"":""530683"",""count"":1,""example_source_dataset"":""d_b58303c68e9cf0d2ae93b73ffdbfbfa1"",""example_source_row"":""51523"",""raw_source_footprint_objectids"":[]}]"
HOUGANG,683,HOUGANG AVE 8,7,NormalizedAddress,Ambiguous,BlockApproximation,Missing,ConflictOrPreviouslyMatchedOutcomeChange,[11043],"{""530683"":{""d_8575e84912df3c28995b8e6e0e05205a"":[17548,102705,104220,107508,110450,144744,146337,154508],""d_3a3807c023c61ddfba947dc069eb53f2"":[57830],""d_c0650f23e94c42e7a20921f4c5b75c24"":[24899,94587,98350,139380],""d_acbc938ec77af18f94cecc4a7c9ec720"":[6051,20968,51032,51089,52193,54030,58773,63833,65650],""d_124a9bd407c7a25f8335b93b86e50fdd"":[1312,3412,33902,35655,50475,50901,55769,59893,65911,67151],""d_4526d47d6714d3b052eed4a30b8b1ed6"":[27736,51585,52139],""d_b58303c68e9cf0d2ae93b73ffdbfbfa1"":[580,12695,67535,68386,68479],""d_fa2ed456cf2b8597bb7e064b08fc3c7c"":[394,13295,53144,54354,67372,67749,73783,75186,76297,76413,78000,84490,86483],""d_85518d970b8178975850457f60f1e738"":[4532,45847],""d_478f45a9c541cbe679ca55d1cd2b970b"":[36322,39807,40873,44706,46516,48434],""d_5573b0db0575db32190a2ad27919a7aa"":[43733],""d_a2141adf93ec2a3c2ec2837b78d6d46e"":[52933,62518,67244,67247,67498,70294,73061,74793,75170,75908,76946],""d_9af9317c646a1c881bb5591c91817cc6"":[52327,72084,90277,91402,99731,102515,109284,120807],""d_67e99e6eabc4aad9b5d48663b579746a"":[3803,46770,46774,47063],""d_5c4ef48b025fdfbc80056401f06e3df9"":[16213,28157,28501,29309,31757],""d_300ddc8da4e8f7bdc1bfc62d0d99e2e7"":[5768,13154,16344],""d_181005ca270b45408b4cdfc954980ca2"":[11696,57606,76291,84155,91264],""d_2b8c54b2a490d2fa36b925289e5d9572"":[53161,68983],""d_df7d2d661c0c11a7c367c9ee4bf896c1"":[38158,137772,156939,156954,158455,169635,170535,190485,199282,200441,204110,208023,214044],""d_72f37e5c5d192951ddc5513c2b134482"":[1864,79570,85673,106199,109868,124454,126761,127412],""d_0cc5f52a1f298b916f317800251057f3"":[19947],""d_e97e8e7fc55b85a38babf66b0fa46b73"":[32061,34684],""d_af2042c77ffaf0db5d75561ce9ef5688"":[22339,43359],""d_1cd970d8351b42be4a308d628a6dd9d3"":[4118,8555,8558,10232],""d_31af23fdb79119ed185c256f03cb5773"":[353,1658,21390,21991,24906,28153,36498,37329]},""538683"":{""d_2b8c54b2a490d2fa36b925289e5d9572"":[48109]},""530249"":{""d_72f37e5c5d192951ddc5513c2b134482"":[88833]}}",,[],,2017-2019;2020-2022;2023-2025;2026,"Confirmed every distinct postal variant against source-qualified raw evidence, exact HDB property and full source footprint inventory. Contradiction remains; no majority or unique-footprint override. Ambiguous, no point.","[{""block"":""683"",""street"":""HOUGANG AVENUE 8"",""postal"":""530249"",""count"":1,""example_source_dataset"":""d_72f37e5c5d192951ddc5513c2b134482"",""example_source_row"":""88833"",""raw_source_footprint_objectids"":[]},{""block"":""683"",""street"":""HOUGANG AVENUE 8"",""postal"":""530683"",""count"":138,""example_source_dataset"":""d_8575e84912df3c28995b8e6e0e05205a"",""example_source_row"":""17548"",""raw_source_footprint_objectids"":[937027]},{""block"":""683"",""street"":""HOUGANG AVENUE 8"",""postal"":""538683"",""count"":1,""example_source_dataset"":""d_2b8c54b2a490d2fa36b925289e5d9572"",""example_source_row"":""48109"",""raw_source_footprint_objectids"":[]}]"
KALLANG/WHAMPOA,34,WHAMPOA WEST,91,ExactAddress,Ambiguous,BlockApproximation,Missing,ConflictOrPreviouslyMatchedOutcomeChange,[5866],"{""330034"":{""d_8575e84912df3c28995b8e6e0e05205a"":[6529,28768,30396,31964,39307,68574,69591,73377,90112,90118,94192,94193,95087,103766,120419,156673,159430,159511,165295,168745,173430],""d_3a3807c023c61ddfba947dc069eb53f2"":[28221,43753,71288,75859,83885,84544,89984],""d_c0650f23e94c42e7a20921f4c5b75c24"":[2283,2383,4211,5155,7585,69541,73011,73462,74565,74817,75880,76414,84760,87513,91579,91596],""d_acbc938ec77af18f94cecc4a7c9ec720"":[3208,12212,13255,37066,41511,52271,52365,54091,58406,70184],""d_124a9bd407c7a25f8335b93b86e50fdd"":[489,2253,17325,23533,27581,52134,52281,53474,57871,65830,66600,73764,75571,80701],""d_4526d47d6714d3b052eed4a30b8b1ed6"":[6974,16493,35988,53659,54296,55701,60188,61595,61787,67163],""d_b58303c68e9cf0d2ae93b73ffdbfbfa1"":[646,1684,45022,52171,55822,56222,66788,67161,69035],""d_fa2ed456cf2b8597bb7e064b08fc3c7c"":[490,1350,18181,21308,33053,33637,40461,46769,52222,52409,54562,56431,59917,73550,75149,75509,84179,85789,86177],""d_85518d970b8178975850457f60f1e738"":[4459,6970,22688,55681,58544],""d_478f45a9c541cbe679ca55d1cd2b970b"":[16014,25553,42295,49684,52220,60831,60903,64106],""d_5573b0db0575db32190a2ad27919a7aa"":[4974,11227,16101,18464,19449,36103,59222,61800,62891,66712,66889,70421,70611,74918],""d_a2141adf93ec2a3c2ec2837b78d6d46e"":[5054,10361,22152,22587,22711,35624,35703,42010,44020,64462,70989,84857,86053,90697],""d_9af9317c646a1c881bb5591c91817cc6"":[4737,19727,19949,25034,29819,30321,58534,77185,80856,84990,109029,117299],""d_67e99e6eabc4aad9b5d48663b579746a"":[3220,3948,34114,36811,46790,53190,58139,59427],""d_5c4ef48b025fdfbc80056401f06e3df9"":[102,15915,20814,23155,24173,26714,35784,40887],""d_300ddc8da4e8f7bdc1bfc62d0d99e2e7"":[6580,22104],""d_181005ca270b45408b4cdfc954980ca2"":[30874,36520,52667,52958,53205,54033,77188,81693,82877,83350,86621,96124],""d_4130f1d9d365d9f1633536e959f62bb7"":[5786,10165,10414],""d_2b8c54b2a490d2fa36b925289e5d9572"":[298,909,6276,19546,33867,34957,36696,43685,68207],""d_df7d2d661c0c11a7c367c9ee4bf896c1"":[2736,2788,25020,36868,49691,70871,89238,117686,122212,123316,126817,132545,135903,188630,198488,218350,222522,223637,230977,231387,232644],""d_72f37e5c5d192951ddc5513c2b134482"":[38934,40895,50521,70501,89680,94622,97294,101845,105620,109568,109999,111194,114784,116812,117249,119575,120930,121629,122778,122927,125259],""d_0cc5f52a1f298b916f317800251057f3"":[460,1227,14925,19825],""d_e97e8e7fc55b85a38babf66b0fa46b73"":[82,19960,20881,20994,29530,29986,31947,36067],""d_af2042c77ffaf0db5d75561ce9ef5688"":[8190,12102,30693,30869,30902,49450],""d_1cd970d8351b42be4a308d628a6dd9d3"":[5789,6229,10030],""d_31af23fdb79119ed185c256f03cb5773"":[5699,17990,18896,26355,29448],""d_4e3db8955fdcda6f9944097bef3d2724"":[14828]},""1233"":{""d_df7d2d661c0c11a7c367c9ee4bf896c1"":[126378]}}",,[],,2017-2019;2020-2022;2023-2025;2026,"Confirmed literal malformed raw postal 1233 at ACRA-S row 126378; valid assertions cannot outvote or repair it. Ambiguous, no point.","[{""block"":""34"",""street"":""WHAMPOA WEST"",""postal"":""1233"",""count"":1,""example_source_dataset"":""d_df7d2d661c0c11a7c367c9ee4bf896c1"",""example_source_row"":""126378"",""raw_source_footprint_objectids"":[]},{""block"":""34"",""street"":""WHAMPOA WEST"",""postal"":""330034"",""count"":270,""example_source_dataset"":""d_8575e84912df3c28995b8e6e0e05205a"",""example_source_row"":""6529"",""raw_source_footprint_objectids"":[942375]}]"
KALLANG/WHAMPOA,462,CRAWFORD LANE,25,ExactAddress,Ambiguous,BlockApproximation,Missing,ConflictOrPreviouslyMatchedOutcomeChange,[7825],"{""190462"":{""d_8575e84912df3c28995b8e6e0e05205a"":[601,6320,6724,11790,12415,12807,12813,21325,35626,37088,37662,38784,43746,44979,45649,46042,50012,56303,57609,63404,63819,66375,67519,68156,68180,75703,75709,76840,83946,84607,88365,89672,96251,121455,125541,129787,134045,135227,136517,143164,146368,146535,149126,159643,167699,174591],""d_3a3807c023c61ddfba947dc069eb53f2"":[4835,8368,14761,16279,16959,17000,18856,19197,19872,21956,23535,23621,25007,27230,31490,34363,35560,38613,41590,73515,74267],""d_c0650f23e94c42e7a20921f4c5b75c24"":[5337,6415,10939,11593,14302,23213,23283,28413,31105,32438,32445,33905,41581,42196,45648,47233,48332,58749,62690,66070,68950,69993,70012,74936,76102,79348,80079,84088,100095,102368,110397,111136,114219,117405,119035,125228,128236,137022],""d_acbc938ec77af18f94cecc4a7c9ec720"":[6114,8001,14079,18794,22914,30536,30983,38184,42102,42642,44974,56160,57883,60138,63383,64152,65289,65704,66085,67204,67215,70165],""d_124a9bd407c7a25f8335b93b86e50fdd"":[9774,11072,17287,21383,32107,32532,39062,42362,44821,48489,63876,66087,75462,85370],""d_4526d47d6714d3b052eed4a30b8b1ed6"":[8482,12626,12967,14672,17389,32181,40483,42199,46552,50452,51726,53931,56764,68769],""d_b58303c68e9cf0d2ae93b73ffdbfbfa1"":[6691,15235,19275,22173,23019,26299,26771,41246,44786,46981,47379,62993,63107,65250,71030,73534,81267],""d_fa2ed456cf2b8597bb7e064b08fc3c7c"":[2242,2778,4599,6636,10952,12877,15831,20128,21027,23314,24569,25252,27839,30620,41025,44174,49779,54137,69595,72030,75429,75686,76479,78785,79357,79555,82799,83197,85711,92216,93869,94325],""d_85518d970b8178975850457f60f1e738"":[3898,4227,7689,8148,9277,11369,12579,16087,17024,17485,18431,18525,25361,26961,29093,43431,49902,54712,55135,55932,58626],""d_478f45a9c541cbe679ca55d1cd2b970b"":[22,391,2708,3718,7313,8182,22362,40154,43841,47944,55942,56704,56772,58581],""d_5573b0db0575db32190a2ad27919a7aa"":[3384,10870,18118,19207,22628,25254,29567,32469,38730,39650,45626,49410,52986,71875],""d_a2141adf93ec2a3c2ec2837b78d6d46e"":[1762,3027,3926,4319,16626,16627,18340,21015,21821,25026,25409,27319,33875,36360,39343,45950,58390,67297,77010,82155,89836],""d_9af9317c646a1c881bb5591c91817cc6"":[2328,4741,11558,13118,14792,24955,24982,25490,27304,29869,30574,31719,36583,37106,39853,44483,46212,50548,53575,54046,54634,58499,62578,64180,64695,78493,79637,81229,86617,90692,90848,91271,94774,99432,108380,108559,110771,112457,112954,113066,115307,118154],""d_67e99e6eabc4aad9b5d48663b579746a"":[7463,7820,11105,12305,14010,14369,14488,16838,16859,18005,19634,20057,21410,21625,21912,22886,31606,32772,34124,40640,45514,53192,53302,53469,57771,59436],""d_5c4ef48b025fdfbc80056401f06e3df9"":[8349,8877,10209,14453,24460,25239,26668,28682,30618,33442],""d_300ddc8da4e8f7bdc1bfc62d0d99e2e7"":[2047,2490,9931],""d_181005ca270b45408b4cdfc954980ca2"":[18912,19065,21665,22878,23133,23573,23635,33091,36624,39433,39449,46570,51356,56769,59835,88345,92466,96419,98585],""d_4130f1d9d365d9f1633536e959f62bb7"":[8948,9174,9458],""d_2b8c54b2a490d2fa36b925289e5d9572"":[1091,1480,8836,12858,15773,15986,18116,18159,24528,25282,26327,27759,27934,30606,31385,36337,43269,45243,47226,52933,54191,58247,66783,69706,70983],""d_df7d2d661c0c11a7c367c9ee4bf896c1"":[30,131,1410,10015,15922,16487,21786,27882,35265,40398,42540,43306,46612,47568,48462,51076,51078,53002,53456,56194,56323,61619,65744,69229,82233,86164,95698,102877,109667,112178,116081,118234,123163,130629,131413,135963,139513,145465,148845,150964,154742,162921,167526,171320,174818,177025,186230,186376,186717,188903,191448,199805,204515,208170,214329,222898],""d_72f37e5c5d192951ddc5513c2b134482"":[8322,22837,23217,27149,28176,30591,30991,30993,31083,35626,42747,44236,48429,54677,67634,69100,70215,71787,73927,89425,99470,110934,110958,129211,131290,138938],""d_0cc5f52a1f298b916f317800251057f3"":[3167,7970,12004,17801,17911,18913,20073],""d_e97e8e7fc55b85a38babf66b0fa46b73"":[14925,17392,27175,34002],""d_af2042c77ffaf0db5d75561ce9ef5688"":[7221,7311,16902,19904,20429,23910,29398,35787,35871,44127,45703,45707,47103,47888,50677,51890,53948,54755],""d_1cd970d8351b42be4a308d628a6dd9d3"":[2418,4073,7106,9917,10788,12108,12437],""d_31af23fdb79119ed185c256f03cb5773"":[309,10579,16156,22113,23478,23734,26359,27196,28142,28370,29561],""d_4e3db8955fdcda6f9944097bef3d2724"":[1013,2147,7276,13379,13469]},""488077"":{""d_72f37e5c5d192951ddc5513c2b134482"":[101341]}}",,[],,2017-2019;2020-2022;2023-2025,"Confirmed every distinct postal variant against source-qualified raw evidence, exact HDB property and full source footprint inventory. Contradiction remains; no majority or unique-footprint override. Ambiguous, no point.","[{""block"":""462"",""street"":""CRAWFORD LANE"",""postal"":""190462"",""count"":536,""example_source_dataset"":""d_8575e84912df3c28995b8e6e0e05205a"",""example_source_row"":""601"",""raw_source_footprint_objectids"":[943588]},{""block"":""462"",""street"":""CRAWFORD LANE"",""postal"":""488077"",""count"":1,""example_source_dataset"":""d_72f37e5c5d192951ddc5513c2b134482"",""example_source_row"":""101341"",""raw_source_footprint_objectids"":[]}]"
KALLANG/WHAMPOA,57,GEYLANG BAHRU,89,ExactAddress,Ambiguous,BlockApproximation,Missing,ConflictOrPreviouslyMatchedOutcomeChange,[9426],"{""330057"":{""d_8575e84912df3c28995b8e6e0e05205a"":[27682,31650,73069,104609,118769,138491,139597,140653,148718,158806,162892,167244,168982],""d_3a3807c023c61ddfba947dc069eb53f2"":[888,24207,27730,43757,44115,52073,64448,78898,79606,80780,81251],""d_c0650f23e94c42e7a20921f4c5b75c24"":[616,3115,73735,74468,76886,77765,105858,107598,110409,114308,122182],""d_acbc938ec77af18f94cecc4a7c9ec720"":[11365,37159,57363],""d_124a9bd407c7a25f8335b93b86e50fdd"":[2352,11677,17630,22735,24600,42828,62339,68718,73908,73919,74267,79265,83709],""d_4526d47d6714d3b052eed4a30b8b1ed6"":[1076,21237,24809,36714,50412,51477,53386,55784,55852,57031,57165,60234,61558,67866],""d_b58303c68e9cf0d2ae93b73ffdbfbfa1"":[134,46484,47959,63869,69922,84062],""d_fa2ed456cf2b8597bb7e064b08fc3c7c"":[33926,37260,70929,79859,84413,86844,87120,87370,87876],""d_85518d970b8178975850457f60f1e738"":[25203,34414,36935],""d_478f45a9c541cbe679ca55d1cd2b970b"":[13452,20045,44319,45279,46168,50502,56315],""d_5573b0db0575db32190a2ad27919a7aa"":[31153,35678,38636,39059,40700,50689,53062,59595,62874,63264,64015,65371,69678,75925],""d_a2141adf93ec2a3c2ec2837b78d6d46e"":[29639,46096,67183,72002,78328,82928,86093,86175,87874],""d_9af9317c646a1c881bb5591c91817cc6"":[47551,49263,51878,67225,70949,79880,82146,82482,84385,97501,106112,107124,111797],""d_67e99e6eabc4aad9b5d48663b579746a"":[26556,47738,48629,52732,59320],""d_5c4ef48b025fdfbc80056401f06e3df9"":[31501,33769,39681,40347],""d_300ddc8da4e8f7bdc1bfc62d0d99e2e7"":[6331,7713,12416,12897,19795,20286,20422],""d_181005ca270b45408b4cdfc954980ca2"":[23076,42782,43946,50319,54780,77823,93518,98472],""d_4130f1d9d365d9f1633536e959f62bb7"":[4134],""d_2b8c54b2a490d2fa36b925289e5d9572"":[2026,13885,18119,38455,45232,49195,55471,69708],""d_df7d2d661c0c11a7c367c9ee4bf896c1"":[1542,5616,27178,117438,128677,134930,141838,150380,179622,180719,199620,208999,215366,219946],""d_72f37e5c5d192951ddc5513c2b134482"":[45050,48766,49529,65678,73240,74708,107700,111994,120576,122143,123772,134461,139925,141201],""d_0cc5f52a1f298b916f317800251057f3"":[20363,22126],""d_e97e8e7fc55b85a38babf66b0fa46b73"":[14373,18597],""d_af2042c77ffaf0db5d75561ce9ef5688"":[4536,8354,13559,23972,28401,29154,45150,47203,47775,48551,55243,56029,57293],""d_1cd970d8351b42be4a308d628a6dd9d3"":[10779,11970],""d_31af23fdb79119ed185c256f03cb5773"":[18350,18480,24185,26969,27954,30718,31293,31660],""d_4e3db8955fdcda6f9944097bef3d2724"":[14365]},""330055"":{""d_67e99e6eabc4aad9b5d48663b579746a"":[42022]}}",,[],,2017-2019;2020-2022;2023-2025;2026,"Confirmed every distinct postal variant against source-qualified raw evidence, exact HDB property and full source footprint inventory. Contradiction remains; no majority or unique-footprint override. Ambiguous, no point.","[{""block"":""57"",""street"":""GEYLANG BAHRU"",""postal"":""330055"",""count"":1,""example_source_dataset"":""d_67e99e6eabc4aad9b5d48663b579746a"",""example_source_row"":""42022"",""raw_source_footprint_objectids"":[]},{""block"":""57"",""street"":""GEYLANG BAHRU"",""postal"":""330057"",""count"":215,""example_source_dataset"":""d_8575e84912df3c28995b8e6e0e05205a"",""example_source_row"":""27682"",""raw_source_footprint_objectids"":[946772]}]"
KALLANG/WHAMPOA,67,KALLANG BAHRU,7,ExactAddress,Ambiguous,BlockApproximation,Missing,ConflictOrPreviouslyMatchedOutcomeChange,[10842],"{""330067"":{""d_8575e84912df3c28995b8e6e0e05205a"":[78719,100582,113528,115392,116792,126333,131021,137779],""d_3a3807c023c61ddfba947dc069eb53f2"":[76869],""d_c0650f23e94c42e7a20921f4c5b75c24"":[37798,66585,81712,82155,103496,103714,107067,108876,111096,112049,113180,132815,134361,137636],""d_acbc938ec77af18f94cecc4a7c9ec720"":[38597,56895],""d_124a9bd407c7a25f8335b93b86e50fdd"":[46894,56534,59858,70081,71904,85084],""d_4526d47d6714d3b052eed4a30b8b1ed6"":[443,23252,50195,56371,62802,63719,65960],""d_b58303c68e9cf0d2ae93b73ffdbfbfa1"":[853,22624,46571,56683,57392,67877,71259,73826,82860],""d_fa2ed456cf2b8597bb7e064b08fc3c7c"":[8854,58707,64375,64633,67424,70210,72101,72885,75823,87307],""d_85518d970b8178975850457f60f1e738"":[231,40658,41269,41707,43104,49521],""d_478f45a9c541cbe679ca55d1cd2b970b"":[24739,38368,42863,48436,49082,50025,50412,51786,58003,59092,59790],""d_5573b0db0575db32190a2ad27919a7aa"":[451,26554,40463,45126,45881,49276,52620,53999,57913,58140,60608,61091,62557,62579,62653,65982,69209,75119],""d_a2141adf93ec2a3c2ec2837b78d6d46e"":[7524,29863,54069,61887,65471,86138],""d_9af9317c646a1c881bb5591c91817cc6"":[1240,11015,52348,54708,62440,64656,83867,93512,102918],""d_67e99e6eabc4aad9b5d48663b579746a"":[1089,31962,37489,38345,50260],""d_5c4ef48b025fdfbc80056401f06e3df9"":[26358,29754,34389,36948],""d_300ddc8da4e8f7bdc1bfc62d0d99e2e7"":[13918,14898,15098,15573,16033],""d_181005ca270b45408b4cdfc954980ca2"":[35955,45994,51952,64219,77551,89375],""d_2b8c54b2a490d2fa36b925289e5d9572"":[12099,18759,42038,50484,51824,53945],""d_df7d2d661c0c11a7c367c9ee4bf896c1"":[21173,122989,126498,144495,148741,173912,174262,175632,178104,178904,227361],""d_72f37e5c5d192951ddc5513c2b134482"":[1564,96538,101417,113796],""d_0cc5f52a1f298b916f317800251057f3"":[6139,6217,6260,20366],""d_e97e8e7fc55b85a38babf66b0fa46b73"":[27614,33336],""d_af2042c77ffaf0db5d75561ce9ef5688"":[27939,31175,37377,39167],""d_1cd970d8351b42be4a308d628a6dd9d3"":[11226,11317,12751],""d_31af23fdb79119ed185c256f03cb5773"":[32384],""d_4e3db8955fdcda6f9944097bef3d2724"":[13439]},""330060"":{""d_fa2ed456cf2b8597bb7e064b08fc3c7c"":[69219]},""330066"":{""d_a2141adf93ec2a3c2ec2837b78d6d46e"":[61968]}}",,[],,2017-2019;2020-2022;2023-2025,"Confirmed every distinct postal variant against source-qualified raw evidence, exact HDB property and full source footprint inventory. Contradiction remains; no majority or unique-footprint override. Ambiguous, no point.","[{""block"":""67"",""street"":""KALLANG BAHRU"",""postal"":""330060"",""count"":1,""example_source_dataset"":""d_fa2ed456cf2b8597bb7e064b08fc3c7c"",""example_source_row"":""69219"",""raw_source_footprint_objectids"":[]},{""block"":""67"",""street"":""KALLANG BAHRU"",""postal"":""330066"",""count"":1,""example_source_dataset"":""d_a2141adf93ec2a3c2ec2837b78d6d46e"",""example_source_row"":""61968"",""raw_source_footprint_objectids"":[]},{""block"":""67"",""street"":""KALLANG BAHRU"",""postal"":""330067"",""count"":163,""example_source_dataset"":""d_8575e84912df3c28995b8e6e0e05205a"",""example_source_row"":""78719"",""raw_source_footprint_objectids"":[943218]}]"
SERANGOON,214,SERANGOON AVE 4,11,NormalizedAddress,Ambiguous,BlockApproximation,Missing,ConflictOrPreviouslyMatchedOutcomeChange,[3224],"{""550214"":{""d_8575e84912df3c28995b8e6e0e05205a"":[5147,74565,76980,129118,139079,169417],""d_3a3807c023c61ddfba947dc069eb53f2"":[12386,52488],""d_c0650f23e94c42e7a20921f4c5b75c24"":[39379,45224,82462,91422,110875,112454,112851,126428],""d_acbc938ec77af18f94cecc4a7c9ec720"":[8492,24767,39625,49106],""d_124a9bd407c7a25f8335b93b86e50fdd"":[66240],""d_4526d47d6714d3b052eed4a30b8b1ed6"":[26785,37739,53670,62506,65678],""d_b58303c68e9cf0d2ae93b73ffdbfbfa1"":[12098,15206,74439,84129],""d_fa2ed456cf2b8597bb7e064b08fc3c7c"":[7122,16179,55043,55168,63279,72529,77077,81081,91687],""d_85518d970b8178975850457f60f1e738"":[3709,6469,22625,38525,48454,48643,52221],""d_478f45a9c541cbe679ca55d1cd2b970b"":[15493,23591,31456,56253],""d_5573b0db0575db32190a2ad27919a7aa"":[11928,17209,21073,25903,38362,54826,59524,61355,70851,71091],""d_a2141adf93ec2a3c2ec2837b78d6d46e"":[11731,32263,38886,74569],""d_9af9317c646a1c881bb5591c91817cc6"":[2369,17375,80529,81889,85425,110707,112600],""d_67e99e6eabc4aad9b5d48663b579746a"":[8264,8949,49063,57758,58040],""d_5c4ef48b025fdfbc80056401f06e3df9"":[30270,38395,40482],""d_300ddc8da4e8f7bdc1bfc62d0d99e2e7"":[1308,15057],""d_181005ca270b45408b4cdfc954980ca2"":[13771,14175,14656,15047,15048,15770,67199],""d_4130f1d9d365d9f1633536e959f62bb7"":[8449,9992],""d_2b8c54b2a490d2fa36b925289e5d9572"":[39040,41039,59730,63681],""d_df7d2d661c0c11a7c367c9ee4bf896c1"":[12093,12773,26110,33898,48099,77874,134122,137354,140545,157630,157754,159573,184445,191113],""d_72f37e5c5d192951ddc5513c2b134482"":[18210,20816,79703,91801,107122,112405,132833],""d_e97e8e7fc55b85a38babf66b0fa46b73"":[25973],""d_af2042c77ffaf0db5d75561ce9ef5688"":[31749,32017,37456,48790],""d_1cd970d8351b42be4a308d628a6dd9d3"":[600,7058,7690],""d_31af23fdb79119ed185c256f03cb5773"":[4410,5348,19345,19352,19370,27780,28244],""d_4e3db8955fdcda6f9944097bef3d2724"":[14437]},""550124"":{""d_df7d2d661c0c11a7c367c9ee4bf896c1"":[3227]}}",,[],,2017-2019;2020-2022;2023-2025;2026,"Confirmed every distinct postal variant against source-qualified raw evidence, exact HDB property and full source footprint inventory. Contradiction remains; no majority or unique-footprint override. Ambiguous, no point.","[{""block"":""214"",""street"":""SERANGOON AVENUE 4"",""postal"":""550124"",""count"":1,""example_source_dataset"":""d_df7d2d661c0c11a7c367c9ee4bf896c1"",""example_source_row"":""3227"",""raw_source_footprint_objectids"":[]},{""block"":""214"",""street"":""SERANGOON AVENUE 4"",""postal"":""550214"",""count"":131,""example_source_dataset"":""d_8575e84912df3c28995b8e6e0e05205a"",""example_source_row"":""5147"",""raw_source_footprint_objectids"":[946866]}]"
TAMPINES,503,TAMPINES CTRL 1,20,NormalizedAddress,Ambiguous,BlockApproximation,Missing,ConflictOrPreviouslyMatchedOutcomeChange,[8494],"{""520503"":{""d_8575e84912df3c28995b8e6e0e05205a"":[24766,62726,70036,106566,121603,128532,135458,137080,141936,147543,161474,171667,171837,173552],""d_3a3807c023c61ddfba947dc069eb53f2"":[36358,60039,78700],""d_c0650f23e94c42e7a20921f4c5b75c24"":[15563,84269,85755,86005,89866,91297,118276,118649,131308,132666,132842,134835],""d_acbc938ec77af18f94cecc4a7c9ec720"":[33340,41238,41654,42277,44120,45259,54694,56749],""d_124a9bd407c7a25f8335b93b86e50fdd"":[21752,22056,24594,43792,52911,59426,63890,71014,78006,78400],""d_4526d47d6714d3b052eed4a30b8b1ed6"":[54055,61458,63253],""d_b58303c68e9cf0d2ae93b73ffdbfbfa1"":[2053,45999,58578,69236,70310,80200,84491],""d_fa2ed456cf2b8597bb7e064b08fc3c7c"":[8225,19959,27135,67782,74117,77385,79442,80668,80873,81916,82971,82973,89064],""d_85518d970b8178975850457f60f1e738"":[46370],""d_478f45a9c541cbe679ca55d1cd2b970b"":[34918,37342,49052,58978],""d_5573b0db0575db32190a2ad27919a7aa"":[52721,60500,71858],""d_a2141adf93ec2a3c2ec2837b78d6d46e"":[23996,53644,54927,58572,66545],""d_9af9317c646a1c881bb5591c91817cc6"":[24287,38427,49664,57469,57880,72937,76404,85057,94078,95575,101116,112355,115226],""d_67e99e6eabc4aad9b5d48663b579746a"":[27887,31337,46517,50489,50645,51685,53286],""d_5c4ef48b025fdfbc80056401f06e3df9"":[21532,21533,26435],""d_300ddc8da4e8f7bdc1bfc62d0d99e2e7"":[12980,15227,20640],""d_181005ca270b45408b4cdfc954980ca2"":[89738],""d_4130f1d9d365d9f1633536e959f62bb7"":[2519,4290,7403,10576,11123],""d_2b8c54b2a490d2fa36b925289e5d9572"":[13084,54654,56042,57277,59998,60361,61889,62164,66964,70941],""d_df7d2d661c0c11a7c367c9ee4bf896c1"":[40041,129439,143675,146559,168966],""d_72f37e5c5d192951ddc5513c2b134482"":[23307,31655,32464,63930,64569,83039,84679,85822,89914,98376,110147,130152],""d_0cc5f52a1f298b916f317800251057f3"":[17211],""d_e97e8e7fc55b85a38babf66b0fa46b73"":[20750,28622,28813,29100],""d_af2042c77ffaf0db5d75561ce9ef5688"":[44482,48290,48931,56393],""d_1cd970d8351b42be4a308d628a6dd9d3"":[13061],""d_31af23fdb79119ed185c256f03cb5773"":[28817,31042]},""520819"":{""d_fa2ed456cf2b8597bb7e064b08fc3c7c"":[64222]}}",,[],,2017-2019;2020-2022;2023-2025;2026,"Confirmed every distinct postal variant against source-qualified raw evidence, exact HDB property and full source footprint inventory. Contradiction remains; no majority or unique-footprint override. Ambiguous, no point.","[{""block"":""503"",""street"":""TAMPINES CENTRAL 1"",""postal"":""520503"",""count"":154,""example_source_dataset"":""d_8575e84912df3c28995b8e6e0e05205a"",""example_source_row"":""24766"",""raw_source_footprint_objectids"":[936585]},{""block"":""503"",""street"":""TAMPINES CENTRAL 1"",""postal"":""520819"",""count"":1,""example_source_dataset"":""d_fa2ed456cf2b8597bb7e064b08fc3c7c"",""example_source_row"":""64222"",""raw_source_footprint_objectids"":[]}]"
TAMPINES,802,TAMPINES AVE 4,8,NormalizedAddress,Ambiguous,BlockApproximation,Missing,ConflictOrPreviouslyMatchedOutcomeChange,[12124],"{""520802"":{""d_8575e84912df3c28995b8e6e0e05205a"":[106216,122181,147401],""d_3a3807c023c61ddfba947dc069eb53f2"":[49829,72073,84218,86853],""d_c0650f23e94c42e7a20921f4c5b75c24"":[97742,97743,97744,98255,99316,109186],""d_acbc938ec77af18f94cecc4a7c9ec720"":[7570,48660,62279,65058],""d_124a9bd407c7a25f8335b93b86e50fdd"":[517,50952,54926,54959,78278],""d_4526d47d6714d3b052eed4a30b8b1ed6"":[13561,63899,68213],""d_b58303c68e9cf0d2ae93b73ffdbfbfa1"":[58239,82734],""d_fa2ed456cf2b8597bb7e064b08fc3c7c"":[91626],""d_478f45a9c541cbe679ca55d1cd2b970b"":[34901,63798],""d_5573b0db0575db32190a2ad27919a7aa"":[44307,48033,54581],""d_a2141adf93ec2a3c2ec2837b78d6d46e"":[601,47708,49470,55619,56306,56321,58080],""d_9af9317c646a1c881bb5591c91817cc6"":[34458,64581,75988,114227],""d_67e99e6eabc4aad9b5d48663b579746a"":[33128,33310,39077,39272,49610,49842],""d_300ddc8da4e8f7bdc1bfc62d0d99e2e7"":[11062],""d_181005ca270b45408b4cdfc954980ca2"":[43740,56813,72134],""d_2b8c54b2a490d2fa36b925289e5d9572"":[10377,48308,53935],""d_df7d2d661c0c11a7c367c9ee4bf896c1"":[17617,36257,134169,138169,144657,151142,151749,155326,186634],""d_72f37e5c5d192951ddc5513c2b134482"":[16806,21667,54425,87845,89115,92649,103817,129212,132948],""d_0cc5f52a1f298b916f317800251057f3"":[14557,18324],""d_af2042c77ffaf0db5d75561ce9ef5688"":[54334],""d_31af23fdb79119ed185c256f03cb5773"":[31889]},""521496"":{""d_af2042c77ffaf0db5d75561ce9ef5688"":[41365]}}",,[],,2017-2019;2020-2022;2023-2025,"Confirmed every distinct postal variant against source-qualified raw evidence, exact HDB property and full source footprint inventory. Contradiction remains; no majority or unique-footprint override. Ambiguous, no point.","[{""block"":""802"",""street"":""TAMPINES AVENUE 4"",""postal"":""520802"",""count"":79,""example_source_dataset"":""d_8575e84912df3c28995b8e6e0e05205a"",""example_source_row"":""106216"",""raw_source_footprint_objectids"":[943412]},{""block"":""802"",""street"":""TAMPINES AVENUE 4"",""postal"":""521496"",""count"":1,""example_source_dataset"":""d_af2042c77ffaf0db5d75561ce9ef5688"",""example_source_row"":""41365"",""raw_source_footprint_objectids"":[]}]"
TOA PAYOH,146,POTONG PASIR AVE 1,21,NormalizedAddress,Ambiguous,BlockApproximation,Missing,ConflictOrPreviouslyMatchedOutcomeChange,[1687],"{""350146"":{""d_8575e84912df3c28995b8e6e0e05205a"":[6584,13852,27420,49138,94748,99451,104994,105373,111817,115747,121678,126215,128707,131105,143175,151174,173947],""d_3a3807c023c61ddfba947dc069eb53f2"":[691,51597,53928,54880,56707,58210,66968,69195,70982,85781,85786],""d_c0650f23e94c42e7a20921f4c5b75c24"":[1301,28066,70976,80619,81099,86943,90663,93840,99125,101891,104834,112691,113213,113231],""d_acbc938ec77af18f94cecc4a7c9ec720"":[68,12047,15355,15380,19891,37080,54967,64126,72692],""d_124a9bd407c7a25f8335b93b86e50fdd"":[22026,49571,49839,49894,56757,65456,65873,67654,68895,75832,85978],""d_4526d47d6714d3b052eed4a30b8b1ed6"":[38027,51707,53106,58335],""d_b58303c68e9cf0d2ae93b73ffdbfbfa1"":[57097,61261,63017,63497,84549],""d_fa2ed456cf2b8597bb7e064b08fc3c7c"":[10428,11587,52113,61527,63229,63489,63776,67666,70081,70568,72859,73730,88820,91224,94301],""d_85518d970b8178975850457f60f1e738"":[855,36668,37058,42725,42842,45594,51340,51655],""d_478f45a9c541cbe679ca55d1cd2b970b"":[1782,5123,18679,29562,32049,37122,39567,41222,42195,43048,46871,51638,65324],""d_5573b0db0575db32190a2ad27919a7aa"":[12366,26125,30891,34373,38822,41668,42900,43077,43282,45224,46044,48297,51828,52057,56500,63303],""d_a2141adf93ec2a3c2ec2837b78d6d46e"":[41967,46032,49798,56109,66069,66413,74245,79925,80744,82075],""d_9af9317c646a1c881bb5591c91817cc6"":[29192,65148,72778,72779,72995,76546,89227,89334,100449,100670,102625,105193,106658,106683,106960,107109,107991,112349,113804,114568,117487],""d_67e99e6eabc4aad9b5d48663b579746a"":[36755,37697,43111,45080],""d_5c4ef48b025fdfbc80056401f06e3df9"":[20175,31149,37795,38575,39850],""d_300ddc8da4e8f7bdc1bfc62d0d99e2e7"":[5023,10850,13160,13206,17008,17129],""d_181005ca270b45408b4cdfc954980ca2"":[1548,4348,12920,17329,34486,48090,55576,56043,56259,58512,60291,61852,65637,71296,73566,80112,81719,83492,92132,94125,97393,97568],""d_2b8c54b2a490d2fa36b925289e5d9572"":[7798,10624,40461,44724,48073,70403],""d_df7d2d661c0c11a7c367c9ee4bf896c1"":[2915,15929,75582,77189,104879,123601,126258,137915,139925,140504,143687,150387,154462,156291,159369,172517,176925,178966,179609,182421,185194,193863,195020],""d_72f37e5c5d192951ddc5513c2b134482"":[813,1448,6288,7328,28650,64335,68140,79143,81944,86929,87893,88650,94908,100337,101124,103203,103861,104113,110068,117110,138618],""d_0cc5f52a1f298b916f317800251057f3"":[14767],""d_e97e8e7fc55b85a38babf66b0fa46b73"":[22692,23066,34077,37520],""d_af2042c77ffaf0db5d75561ce9ef5688"":[32122,35727,36587,36953,47707,50743],""d_1cd970d8351b42be4a308d628a6dd9d3"":[7059,8062,10100],""d_31af23fdb79119ed185c256f03cb5773"":[1739,3262,19470,19474,24267,27276]},""449033"":{""d_8575e84912df3c28995b8e6e0e05205a"":[115882]},""530146"":{""d_a2141adf93ec2a3c2ec2837b78d6d46e"":[59573],""d_0cc5f52a1f298b916f317800251057f3"":[16797]}}",,[],,2017-2019;2020-2022;2023-2025;2026,"Confirmed every distinct postal variant against source-qualified raw evidence, exact HDB property and full source footprint inventory. Contradiction remains; no majority or unique-footprint override. Ambiguous, no point.","[{""block"":""146"",""street"":""POTONG PASIR AVENUE 1"",""postal"":""350146"",""count"":261,""example_source_dataset"":""d_8575e84912df3c28995b8e6e0e05205a"",""example_source_row"":""6584"",""raw_source_footprint_objectids"":[939911]},{""block"":""146"",""street"":""POTONG PASIR AVENUE 1"",""postal"":""449033"",""count"":1,""example_source_dataset"":""d_8575e84912df3c28995b8e6e0e05205a"",""example_source_row"":""115882"",""raw_source_footprint_objectids"":[]},{""block"":""146"",""street"":""POTONG PASIR AVENUE 1"",""postal"":""530146"",""count"":2,""example_source_dataset"":""d_a2141adf93ec2a3c2ec2837b78d6d46e"",""example_source_row"":""59573"",""raw_source_footprint_objectids"":[]}]"
TOA PAYOH,148,POTONG PASIR AVE 1,9,NormalizedAddress,Ambiguous,BlockApproximation,Missing,ConflictOrPreviouslyMatchedOutcomeChange,[1724],"{""350148"":{""d_8575e84912df3c28995b8e6e0e05205a"":[10206,32077,59606,99389,107314,107505,108324,113604,114619,115267,125177,133564,144051,147969,148611,149014],""d_3a3807c023c61ddfba947dc069eb53f2"":[43742,59214,62006,65786,70978],""d_c0650f23e94c42e7a20921f4c5b75c24"":[40,9028,38886,69122,78719,78897,78975,82953,85658,87925,96405,112500,129599],""d_acbc938ec77af18f94cecc4a7c9ec720"":[10316,46404,53864],""d_124a9bd407c7a25f8335b93b86e50fdd"":[99,278,27140,29175,30269,43891,52022,56130,58500,62319,64691],""d_4526d47d6714d3b052eed4a30b8b1ed6"":[6773,33246,39257,41355,41446,42255],""d_b58303c68e9cf0d2ae93b73ffdbfbfa1"":[52506],""d_fa2ed456cf2b8597bb7e064b08fc3c7c"":[15863,58378,59368,60052,71576,72946,73075,74022,75753,85635],""d_85518d970b8178975850457f60f1e738"":[43105,44026,49392,50540],""d_478f45a9c541cbe679ca55d1cd2b970b"":[7407,11996,45075],""d_5573b0db0575db32190a2ad27919a7aa"":[14349,42571,46753,54310,56964,58928,59116,68152,76149],""d_a2141adf93ec2a3c2ec2837b78d6d46e"":[1512,7073,10342,17059,31848,40249,41878,49251,53544,55562,65649,68552],""d_9af9317c646a1c881bb5591c91817cc6"":[27153,67214,72032,73590,76311,78093,79136,79508,80090,82527,93218],""d_67e99e6eabc4aad9b5d48663b579746a"":[38967],""d_5c4ef48b025fdfbc80056401f06e3df9"":[10087,27522],""d_181005ca270b45408b4cdfc954980ca2"":[65,31070,31537,53676,58922,64877,65191,83421,99185],""d_4130f1d9d365d9f1633536e959f62bb7"":[433,1179],""d_2b8c54b2a490d2fa36b925289e5d9572"":[34444,36327,53829,56393,58284],""d_df7d2d661c0c11a7c367c9ee4bf896c1"":[85,2420,35836,79667,84810,132517,137336,142003,148666,150074,172287,176515,178361,187771,190082,191972,219850,229856,233283],""d_72f37e5c5d192951ddc5513c2b134482"":[17084,23423,28662,35016,71858,73409,76985,79880,84118,94316,106070,109041,140418],""d_0cc5f52a1f298b916f317800251057f3"":[8239],""d_e97e8e7fc55b85a38babf66b0fa46b73"":[17908,22060,22660,29334,32179,37697],""d_af2042c77ffaf0db5d75561ce9ef5688"":[12684,33183,34025,39110,41888,48296],""d_31af23fdb79119ed185c256f03cb5773"":[559,2084,7196,7770,29295,29370,30884,33848]},""310159"":{""d_c0650f23e94c42e7a20921f4c5b75c24"":[1926]},""350146"":{""d_fa2ed456cf2b8597bb7e064b08fc3c7c"":[49091]}}",,[],,2017-2019;2020-2022;2023-2025;2026,"Confirmed every distinct postal variant against source-qualified raw evidence, exact HDB property and full source footprint inventory. Contradiction remains; no majority or unique-footprint override. Ambiguous, no point.","[{""block"":""148"",""street"":""POTONG PASIR AVENUE 1"",""postal"":""310159"",""count"":1,""example_source_dataset"":""d_c0650f23e94c42e7a20921f4c5b75c24"",""example_source_row"":""1926"",""raw_source_footprint_objectids"":[]},{""block"":""148"",""street"":""POTONG PASIR AVENUE 1"",""postal"":""350146"",""count"":1,""example_source_dataset"":""d_fa2ed456cf2b8597bb7e064b08fc3c7c"",""example_source_row"":""49091"",""raw_source_footprint_objectids"":[]},{""block"":""148"",""street"":""POTONG PASIR AVENUE 1"",""postal"":""350148"",""count"":176,""example_source_dataset"":""d_8575e84912df3c28995b8e6e0e05205a"",""example_source_row"":""10206"",""raw_source_footprint_objectids"":[945798]}]"
WOODLANDS,132,MARSILING RISE,8,ExactAddress,Ambiguous,BlockApproximation,Missing,ConflictOrPreviouslyMatchedOutcomeChange,[1365],"{""730132"":{""d_8575e84912df3c28995b8e6e0e05205a"":[110432,115874,118453,127510,130946,134365,139238],""d_3a3807c023c61ddfba947dc069eb53f2"":[47272,60774,89749],""d_c0650f23e94c42e7a20921f4c5b75c24"":[85580,86734,92970,103502,107153,108097,110804],""d_acbc938ec77af18f94cecc4a7c9ec720"":[45956,46888,52533,54064,54680],""d_124a9bd407c7a25f8335b93b86e50fdd"":[56178,69606,71718],""d_4526d47d6714d3b052eed4a30b8b1ed6"":[24820,44464,55455],""d_b58303c68e9cf0d2ae93b73ffdbfbfa1"":[61852,64649],""d_fa2ed456cf2b8597bb7e064b08fc3c7c"":[50496,59565,62774,64939,69524,77256,78085],""d_85518d970b8178975850457f60f1e738"":[49853],""d_478f45a9c541cbe679ca55d1cd2b970b"":[12063],""d_5573b0db0575db32190a2ad27919a7aa"":[53323,62488,62697],""d_a2141adf93ec2a3c2ec2837b78d6d46e"":[60089,66183,67958,70609,72999,74184],""d_9af9317c646a1c881bb5591c91817cc6"":[78384,92180,93927],""d_67e99e6eabc4aad9b5d48663b579746a"":[44963,45568,46948,57006,58581],""d_5c4ef48b025fdfbc80056401f06e3df9"":[28221,31648],""d_300ddc8da4e8f7bdc1bfc62d0d99e2e7"":[17010,17706,18002],""d_181005ca270b45408b4cdfc954980ca2"":[77557,81477,91715],""d_2b8c54b2a490d2fa36b925289e5d9572"":[65881],""d_df7d2d661c0c11a7c367c9ee4bf896c1"":[149182,152998,156301,161729,175005,175842,176186,176187,183024,219960,233456],""d_72f37e5c5d192951ddc5513c2b134482"":[97283,104980,106399,128464,129709,131708],""d_0cc5f52a1f298b916f317800251057f3"":[16543],""d_af2042c77ffaf0db5d75561ce9ef5688"":[6252,45357,46021,48219,49746],""d_1cd970d8351b42be4a308d628a6dd9d3"":[11592],""d_31af23fdb79119ed185c256f03cb5773"":[30265],""d_4e3db8955fdcda6f9944097bef3d2724"":[11305,14168]},""730136"":{""d_a2141adf93ec2a3c2ec2837b78d6d46e"":[63416]}}",,[],,2017-2019;2020-2022;2023-2025,"Confirmed every distinct postal variant against source-qualified raw evidence, exact HDB property and full source footprint inventory. Contradiction remains; no majority or unique-footprint override. Ambiguous, no point.","[{""block"":""132"",""street"":""MARSILING RISE"",""postal"":""730132"",""count"":92,""example_source_dataset"":""d_8575e84912df3c28995b8e6e0e05205a"",""example_source_row"":""110432"",""raw_source_footprint_objectids"":[936863]},{""block"":""132"",""street"":""MARSILING RISE"",""postal"":""730136"",""count"":1,""example_source_dataset"":""d_a2141adf93ec2a3c2ec2837b78d6d46e"",""example_source_row"":""63416"",""raw_source_footprint_objectids"":[]}]"
YISHUN,285,YISHUN AVE 6,2,NormalizedAddress,Ambiguous,BlockApproximation,Missing,ConflictOrPreviouslyMatchedOutcomeChange,[4670],"{""760285"":{""d_8575e84912df3c28995b8e6e0e05205a"":[108960,119242,153772],""d_3a3807c023c61ddfba947dc069eb53f2"":[61692,67484,73056],""d_c0650f23e94c42e7a20921f4c5b75c24"":[1980,79312,79624,93599,94007,99459,109378,110176],""d_4526d47d6714d3b052eed4a30b8b1ed6"":[48859,63758],""d_b58303c68e9cf0d2ae93b73ffdbfbfa1"":[61257],""d_fa2ed456cf2b8597bb7e064b08fc3c7c"":[52291,61632,65801],""d_85518d970b8178975850457f60f1e738"":[49321],""d_478f45a9c541cbe679ca55d1cd2b970b"":[46043],""d_5573b0db0575db32190a2ad27919a7aa"":[45069],""d_a2141adf93ec2a3c2ec2837b78d6d46e"":[49489,60724,64795],""d_9af9317c646a1c881bb5591c91817cc6"":[94946,115289,119146],""d_67e99e6eabc4aad9b5d48663b579746a"":[41196],""d_181005ca270b45408b4cdfc954980ca2"":[42696],""d_4130f1d9d365d9f1633536e959f62bb7"":[7936],""d_2b8c54b2a490d2fa36b925289e5d9572"":[69700],""d_df7d2d661c0c11a7c367c9ee4bf896c1"":[122391,122729,156378,165855,167421,170896,171856,179712,184863,225979],""d_72f37e5c5d192951ddc5513c2b134482"":[34248,106491],""d_31af23fdb79119ed185c256f03cb5773"":[55,23438,37191]},""760222"":{""d_df7d2d661c0c11a7c367c9ee4bf896c1"":[163976]}}",,[],,2020-2022;2023-2025,"Confirmed every distinct postal variant against source-qualified raw evidence, exact HDB property and full source footprint inventory. Contradiction remains; no majority or unique-footprint override. Ambiguous, no point.","[{""block"":""285"",""street"":""YISHUN AVENUE 6"",""postal"":""760222"",""count"":1,""example_source_dataset"":""d_df7d2d661c0c11a7c367c9ee4bf896c1"",""example_source_row"":""163976"",""raw_source_footprint_objectids"":[]},{""block"":""285"",""street"":""YISHUN AVENUE 6"",""postal"":""760285"",""count"":48,""example_source_dataset"":""d_8575e84912df3c28995b8e6e0e05205a"",""example_source_row"":""108960"",""raw_source_footprint_objectids"":[947957]}]"
YISHUN,732,YISHUN AVE 5,6,NormalizedAddress,Ambiguous,BlockApproximation,Missing,ConflictOrPreviouslyMatchedOutcomeChange,[11583],"{""760732"":{""d_8575e84912df3c28995b8e6e0e05205a"":[131531,134151,149265,160029],""d_3a3807c023c61ddfba947dc069eb53f2"":[71065,71230,71863,75135,81275],""d_c0650f23e94c42e7a20921f4c5b75c24"":[1672,109474,112970,112978,117880,119648],""d_acbc938ec77af18f94cecc4a7c9ec720"":[57394,59701,63181],""d_124a9bd407c7a25f8335b93b86e50fdd"":[63795],""d_4526d47d6714d3b052eed4a30b8b1ed6"":[30571,49927,53080],""d_b58303c68e9cf0d2ae93b73ffdbfbfa1"":[51606,62551],""d_fa2ed456cf2b8597bb7e064b08fc3c7c"":[86924],""d_85518d970b8178975850457f60f1e738"":[40987,50319,54043],""d_478f45a9c541cbe679ca55d1cd2b970b"":[14420,15688,30585,35729,36124,40632,43470,51172,52018,64134],""d_5573b0db0575db32190a2ad27919a7aa"":[40230,41451,52825,59578,62876],""d_a2141adf93ec2a3c2ec2837b78d6d46e"":[82208],""d_9af9317c646a1c881bb5591c91817cc6"":[22965,36999,57580,69978,76744,78410,80287,88794,90677,91664],""d_67e99e6eabc4aad9b5d48663b579746a"":[781,53223,56362],""d_5c4ef48b025fdfbc80056401f06e3df9"":[36195],""d_300ddc8da4e8f7bdc1bfc62d0d99e2e7"":[1945,8552,13710,13933,20674],""d_4130f1d9d365d9f1633536e959f62bb7"":[7894,7895,8448],""d_2b8c54b2a490d2fa36b925289e5d9572"":[25663,47308,49741,50265],""d_df7d2d661c0c11a7c367c9ee4bf896c1"":[57519,129514,155241,158262,158635,165506,174960,182753,187385,193980,195725,197721,198861,209854,210778,215725],""d_72f37e5c5d192951ddc5513c2b134482"":[71467,87760,106248,125559,132579],""d_0cc5f52a1f298b916f317800251057f3"":[23404],""d_e97e8e7fc55b85a38babf66b0fa46b73"":[24904,29581]},""576732"":{""d_72f37e5c5d192951ddc5513c2b134482"":[101114]}}",,[],,2017-2019;2020-2022;2023-2025,"Confirmed every distinct postal variant against source-qualified raw evidence, exact HDB property and full source footprint inventory. Contradiction remains; no majority or unique-footprint override. Ambiguous, no point.","[{""block"":""732"",""street"":""YISHUN AVENUE 5"",""postal"":""576732"",""count"":1,""example_source_dataset"":""d_72f37e5c5d192951ddc5513c2b134482"",""example_source_row"":""101114"",""raw_source_footprint_objectids"":[]},{""block"":""732"",""street"":""YISHUN AVENUE 5"",""postal"":""760732"",""count"":94,""example_source_dataset"":""d_8575e84912df3c28995b8e6e0e05205a"",""example_source_row"":""131531"",""raw_source_footprint_objectids"":[936019]}]"
YISHUN,927,YISHUN CTRL 1,7,NormalizedAddress,Ambiguous,BlockApproximation,Missing,ConflictOrPreviouslyMatchedOutcomeChange,[12970],"{""760927"":{""d_8575e84912df3c28995b8e6e0e05205a"":[16764,20376,20466,57895,62819,62895,86885,89961,102572,107575,112275,112463,113021,120813,121643,123446,142833,143707,154051,154712,155272,158632,160710,171477],""d_3a3807c023c61ddfba947dc069eb53f2"":[38984,43265,59445,63604,77594],""d_c0650f23e94c42e7a20921f4c5b75c24"":[81928,86507,92962,93793,95193,96106,110077,118818],""d_acbc938ec77af18f94cecc4a7c9ec720"":[41663],""d_124a9bd407c7a25f8335b93b86e50fdd"":[25867,37013,37756,42798,52031,58304,73383,74825,80204,82299],""d_4526d47d6714d3b052eed4a30b8b1ed6"":[33080,61743],""d_b58303c68e9cf0d2ae93b73ffdbfbfa1"":[56510,61504,67930,78112],""d_fa2ed456cf2b8597bb7e064b08fc3c7c"":[61944,89697,89759],""d_85518d970b8178975850457f60f1e738"":[16825,38327,46302,55677],""d_478f45a9c541cbe679ca55d1cd2b970b"":[11651,16331,35504,36651,39905],""d_5573b0db0575db32190a2ad27919a7aa"":[47089,47242,50459,60239,67929,76489],""d_a2141adf93ec2a3c2ec2837b78d6d46e"":[23774,40302,70977,78706,81110,82054,82133,86114,92269],""d_9af9317c646a1c881bb5591c91817cc6"":[28126,84359,86277,87656,88432,111645,119178,121003],""d_67e99e6eabc4aad9b5d48663b579746a"":[9154,15653,36394,39364],""d_5c4ef48b025fdfbc80056401f06e3df9"":[28255,36941],""d_300ddc8da4e8f7bdc1bfc62d0d99e2e7"":[11755,14313],""d_181005ca270b45408b4cdfc954980ca2"":[65438,66940,72679,79789,83169,97394],""d_4130f1d9d365d9f1633536e959f62bb7"":[7876],""d_2b8c54b2a490d2fa36b925289e5d9572"":[15362,33862,50869],""d_df7d2d661c0c11a7c367c9ee4bf896c1"":[100946,111675,144581,146672,148110,156219,160444,162145,169030,189922,192633,211161,211561,212355,212509,226467],""d_72f37e5c5d192951ddc5513c2b134482"":[45458,85243,86775,106023,128617,129401,131660],""d_0cc5f52a1f298b916f317800251057f3"":[16237],""d_e97e8e7fc55b85a38babf66b0fa46b73"":[17349,18002,23990],""d_af2042c77ffaf0db5d75561ce9ef5688"":[40043,40524,41175,44274],""d_1cd970d8351b42be4a308d628a6dd9d3"":[7682],""d_31af23fdb79119ed185c256f03cb5773"":[9858,22384,22409,23346,23832,33826],""d_4e3db8955fdcda6f9944097bef3d2724"":[3933,4899,14449]},""760636"":{""d_72f37e5c5d192951ddc5513c2b134482"":[93112]}}",,[],,2017-2019;2020-2022;2023-2025,"Confirmed every distinct postal variant against source-qualified raw evidence, exact HDB property and full source footprint inventory. Contradiction remains; no majority or unique-footprint override. Ambiguous, no point.","[{""block"":""927"",""street"":""YISHUN CENTRAL 1"",""postal"":""760636"",""count"":1,""example_source_dataset"":""d_72f37e5c5d192951ddc5513c2b134482"",""example_source_row"":""93112"",""raw_source_footprint_objectids"":[]},{""block"":""927"",""street"":""YISHUN CENTRAL 1"",""postal"":""760927"",""count"":148,""example_source_dataset"":""d_8575e84912df3c28995b8e6e0e05205a"",""example_source_row"":""16764"",""raw_source_footprint_objectids"":[938945]}]"
YISHUN,928,YISHUN CTRL 1,5,NormalizedAddress,Ambiguous,BlockApproximation,Missing,ConflictOrPreviouslyMatchedOutcomeChange,[12974],"{""760928"":{""d_8575e84912df3c28995b8e6e0e05205a"":[12318,116263,137941,143445,161158,169437,170321],""d_3a3807c023c61ddfba947dc069eb53f2"":[59867,62820,63502,68229,74676,74848],""d_c0650f23e94c42e7a20921f4c5b75c24"":[86965,93359,94356,95150,96583,101010,103748,124171,129358],""d_acbc938ec77af18f94cecc4a7c9ec720"":[44625,44726,56434,61304,67824],""d_4526d47d6714d3b052eed4a30b8b1ed6"":[48337,63747],""d_b58303c68e9cf0d2ae93b73ffdbfbfa1"":[57405,64366],""d_fa2ed456cf2b8597bb7e064b08fc3c7c"":[61357,63405,65252,66572,68468,69242,87704,93974],""d_85518d970b8178975850457f60f1e738"":[35147,40776,45515,54645],""d_478f45a9c541cbe679ca55d1cd2b970b"":[39721,41336,43198,51544],""d_5573b0db0575db32190a2ad27919a7aa"":[50012,52444,53490],""d_a2141adf93ec2a3c2ec2837b78d6d46e"":[40448,40457,47833,55359,73990,87513],""d_9af9317c646a1c881bb5591c91817cc6"":[73150,73461,84509,98575],""d_67e99e6eabc4aad9b5d48663b579746a"":[24776,37517,41774,59186],""d_300ddc8da4e8f7bdc1bfc62d0d99e2e7"":[8494,11472,12188,19011,19687],""d_181005ca270b45408b4cdfc954980ca2"":[349,61203,73366,78044],""d_4130f1d9d365d9f1633536e959f62bb7"":[9922],""d_2b8c54b2a490d2fa36b925289e5d9572"":[34181,44130,44483,60006,64657],""d_df7d2d661c0c11a7c367c9ee4bf896c1"":[137453,145785,145828,148506,150817,154774,157978,160928,163705,178654,180403,190942,192788,208622,210181,210694,216717,228316,232936],""d_72f37e5c5d192951ddc5513c2b134482"":[53044,84722,84798,121888,125460],""d_0cc5f52a1f298b916f317800251057f3"":[20550],""d_e97e8e7fc55b85a38babf66b0fa46b73"":[3262],""d_af2042c77ffaf0db5d75561ce9ef5688"":[33681,37100,44500,47976],""d_1cd970d8351b42be4a308d628a6dd9d3"":[11360],""d_31af23fdb79119ed185c256f03cb5773"":[4386,25373,26746,27422,34038,35527],""d_4e3db8955fdcda6f9944097bef3d2724"":[10710,12427,12483]},""760728"":{""d_df7d2d661c0c11a7c367c9ee4bf896c1"":[157863]}}",,[],,2017-2019;2020-2022;2023-2025,"Confirmed every distinct postal variant against source-qualified raw evidence, exact HDB property and full source footprint inventory. Contradiction remains; no majority or unique-footprint override. Ambiguous, no point.","[{""block"":""928"",""street"":""YISHUN CENTRAL 1"",""postal"":""760728"",""count"":1,""example_source_dataset"":""d_df7d2d661c0c11a7c367c9ee4bf896c1"",""example_source_row"":""157863"",""raw_source_footprint_objectids"":[]},{""block"":""928"",""street"":""YISHUN CENTRAL 1"",""postal"":""760928"",""count"":119,""example_source_dataset"":""d_8575e84912df3c28995b8e6e0e05205a"",""example_source_row"":""12318"",""raw_source_footprint_objectids"":[944100]}]"
