Town,Block,Street,Transactions,Before,After,BeforeCoordinates,AfterCoordinates,ReviewClass,PropertyRows,PostalCandidates,Historical,Footprints,Point
ANG MO KIO,151,ANG MO KIO AVE 5,32,NormalizedAddress,Ambiguous,BlockApproximation,Missing,ConflictOrPreviouslyMatchedOutcomeChange,[1791],"{""560151"":{""d_8575e84912df3c28995b8e6e0e05205a"":[101795,103912,108575,132892,159928,168112,168853],""d_3a3807c023c61ddfba947dc069eb53f2"":[63504,85368],""d_c0650f23e94c42e7a20921f4c5b75c24"":[14482,26889,117115,121406,124741,130967,133897],""d_acbc938ec77af18f94cecc4a7c9ec720"":[44923,49951,60550],""d_124a9bd407c7a25f8335b93b86e50fdd"":[15454,45163,63443,67164,70090,75128],""d_4526d47d6714d3b052eed4a30b8b1ed6"":[45499,50064,53511],""d_fa2ed456cf2b8597bb7e064b08fc3c7c"":[19237,32029,47304,47424,49562,60358,62560,68524,71802,75407,84576],""d_85518d970b8178975850457f60f1e738"":[6925,41617],""d_478f45a9c541cbe679ca55d1cd2b970b"":[9407,21349,44638],""d_5573b0db0575db32190a2ad27919a7aa"":[34949,57676,61162,63750],""d_a2141adf93ec2a3c2ec2837b78d6d46e"":[44488,48283,56061,58063,62405,69953],""d_9af9317c646a1c881bb5591c91817cc6"":[75554,77923,78358,82010,98374,118858],""d_67e99e6eabc4aad9b5d48663b579746a"":[31838,34082,43408],""d_5c4ef48b025fdfbc80056401f06e3df9"":[6066,12663,23382,28562,29303,36100,39871],""d_300ddc8da4e8f7bdc1bfc62d0d99e2e7"":[8576,18231],""d_181005ca270b45408b4cdfc954980ca2"":[54678,73132],""d_2b8c54b2a490d2fa36b925289e5d9572"":[39599,50285,57799,68083],""d_df7d2d661c0c11a7c367c9ee4bf896c1"":[30103,42597,81368,97603,119234,124377,125946,161246,174277,187584,194679,198228,201318,203769],""d_72f37e5c5d192951ddc5513c2b134482"":[37183,72069,121503],""d_e97e8e7fc55b85a38babf66b0fa46b73"":[8899],""d_af2042c77ffaf0db5d75561ce9ef5688"":[36640,41581,43909,45135,49302],""d_1cd970d8351b42be4a308d628a6dd9d3"":[1955],""d_31af23fdb79119ed185c256f03cb5773"":[9485,17032,18017,27415]},""648886"":{""d_8575e84912df3c28995b8e6e0e05205a"":[121614]},""560152"":{""d_a2141adf93ec2a3c2ec2837b78d6d46e"":[51863]}}","{""CacheKey"":""ang-mo-kio-151-ang-mo-kio-ave-5"",""SearchValue"":""151 ANG MO KIO AVE 5 SINGAPORE"",""Status"":""HistoricalFirstHit"",""Postal"":""560151"",""UpdatedAt"":""2026-05-24T10:55:42.221Z""}",[],
ANG MO KIO,157,ANG MO KIO AVE 4,12,NormalizedAddress,Ambiguous,BlockApproximation,Missing,ConflictOrPreviouslyMatchedOutcomeChange,[1913],"{""560157"":{""d_8575e84912df3c28995b8e6e0e05205a"":[884,96529,97792,107441,110856,116073,137722,148952,156841],""d_3a3807c023c61ddfba947dc069eb53f2"":[416,8081,18571,44831,52111,55286,65671,70608,84237],""d_c0650f23e94c42e7a20921f4c5b75c24"":[9968,56841,73838,76536,94883],""d_acbc938ec77af18f94cecc4a7c9ec720"":[19279,42313,54726,60320,72315],""d_124a9bd407c7a25f8335b93b86e50fdd"":[51938,56471,64922,64962],""d_4526d47d6714d3b052eed4a30b8b1ed6"":[41402,50671],""d_b58303c68e9cf0d2ae93b73ffdbfbfa1"":[5326,9998,39353,55907,56174,57303,68646,78408,81808],""d_fa2ed456cf2b8597bb7e064b08fc3c7c"":[7540,16126,25716,48100,67612,71586],""d_85518d970b8178975850457f60f1e738"":[245,4797,13455,37442,52122,53350],""d_478f45a9c541cbe679ca55d1cd2b970b"":[27132,27348,38004,43536,45267,47473,48991,59237,63784,64283],""d_5573b0db0575db32190a2ad27919a7aa"":[1457,6888,35270,53065],""d_a2141adf93ec2a3c2ec2837b78d6d46e"":[14714,45258,53985,54096,65528,71520,74265,81857],""d_9af9317c646a1c881bb5591c91817cc6"":[58338,63530,73644,76718,82074,96478,105635,112967],""d_67e99e6eabc4aad9b5d48663b579746a"":[40889],""d_5c4ef48b025fdfbc80056401f06e3df9"":[15073,16062,16303,26253],""d_300ddc8da4e8f7bdc1bfc62d0d99e2e7"":[12836,14910,15452],""d_181005ca270b45408b4cdfc954980ca2"":[64536,69425,72081,78433,82844],""d_2b8c54b2a490d2fa36b925289e5d9572"":[36572,37572],""d_df7d2d661c0c11a7c367c9ee4bf896c1"":[9564,59787,62629,88891,97399,125909,139715,149187,151878,155668,158447,170570,177033,181824,195481,218458,218842,220417,227197],""d_72f37e5c5d192951ddc5513c2b134482"":[2093,28555,72022,103175,107272],""d_0cc5f52a1f298b916f317800251057f3"":[7010],""d_af2042c77ffaf0db5d75561ce9ef5688"":[29538,31835,34639,34648,38205,40065,41229,51023],""d_1cd970d8351b42be4a308d628a6dd9d3"":[9298,11124],""d_31af23fdb79119ed185c256f03cb5773"":[12240,17507,17508,21086,28375,29575,29849,35592,35900],""d_4e3db8955fdcda6f9944097bef3d2724"":[5425]},""560156"":{""d_8575e84912df3c28995b8e6e0e05205a"":[114113]},""576157"":{""d_df7d2d661c0c11a7c367c9ee4bf896c1"":[170089]}}",,[],
ANG MO KIO,159,ANG MO KIO AVE 4,4,NormalizedAddress,Ambiguous,BlockApproximation,Missing,ConflictOrPreviouslyMatchedOutcomeChange,[1957],"{""560159"":{""d_8575e84912df3c28995b8e6e0e05205a"":[767,102663,109290,114965,131742],""d_3a3807c023c61ddfba947dc069eb53f2"":[50128,55982,60760,63527,70681,72224,76830,81944,88813],""d_c0650f23e94c42e7a20921f4c5b75c24"":[68214,74211,75327,90305,101336,110543,124392],""d_acbc938ec77af18f94cecc4a7c9ec720"":[61282],""d_124a9bd407c7a25f8335b93b86e50fdd"":[22384,52341],""d_4526d47d6714d3b052eed4a30b8b1ed6"":[44887,44907,45528,67807],""d_b58303c68e9cf0d2ae93b73ffdbfbfa1"":[34927],""d_fa2ed456cf2b8597bb7e064b08fc3c7c"":[8532,19823,61462,63175,67623,76035,76066,89436,91182],""d_85518d970b8178975850457f60f1e738"":[40751,56366],""d_478f45a9c541cbe679ca55d1cd2b970b"":[1354,6145,20843,27530,34655,35310,58871,62510],""d_5573b0db0575db32190a2ad27919a7aa"":[38462,55143,60724,70720],""d_a2141adf93ec2a3c2ec2837b78d6d46e"":[41691,43463,58589,58814,60904,63100,64238,82090,87885,90237],""d_9af9317c646a1c881bb5591c91817cc6"":[45172,64382,86132,101232,101975],""d_67e99e6eabc4aad9b5d48663b579746a"":[11047,38855,51278],""d_5c4ef48b025fdfbc80056401f06e3df9"":[29235,30937],""d_300ddc8da4e8f7bdc1bfc62d0d99e2e7"":[10735,15005],""d_181005ca270b45408b4cdfc954980ca2"":[45021,75598,80412],""d_4130f1d9d365d9f1633536e959f62bb7"":[6787],""d_2b8c54b2a490d2fa36b925289e5d9572"":[5031,24825,37963,53182,65341],""d_df7d2d661c0c11a7c367c9ee4bf896c1"":[132315,151879,154025,157330,166683,212140,220500,226031],""d_72f37e5c5d192951ddc5513c2b134482"":[68410,74462,90501,126278,129844],""d_0cc5f52a1f298b916f317800251057f3"":[18039,19691],""d_af2042c77ffaf0db5d75561ce9ef5688"":[30282,32274,48024],""d_1cd970d8351b42be4a308d628a6dd9d3"":[7232],""d_31af23fdb79119ed185c256f03cb5773"":[17894,25382]},""569626"":{""d_5573b0db0575db32190a2ad27919a7aa"":[54512]}}",,[],
ANG MO KIO,163,ANG MO KIO AVE 4,14,NormalizedAddress,Ambiguous,BlockApproximation,Missing,ConflictOrPreviouslyMatchedOutcomeChange,[2055],"{""560163"":{""d_8575e84912df3c28995b8e6e0e05205a"":[16738,22816,34546,41044,47137,55464,59677,77119,81884,85678,85919,91064,94592,105576,107885,111612,111917,118861,121214,131429,144178,144271,151689,151799,156069,156676],""d_3a3807c023c61ddfba947dc069eb53f2"":[4118,26486,59474,59772,70483,81064,82767,85913,89803],""d_c0650f23e94c42e7a20921f4c5b75c24"":[8233,26675,55464,70093,74204,75074,80946,84096,93603,96678,97515,98401,101146,108412,109503,112393,112563,115199,118419,127168,140483],""d_acbc938ec77af18f94cecc4a7c9ec720"":[15645,25055,32392,45450,47050,48905,49170,49449,52303,55876,56968,61676,65546,67105,69434,72839],""d_124a9bd407c7a25f8335b93b86e50fdd"":[17467,20742,25268,27668,38683,54272,58325,61021,68225],""d_4526d47d6714d3b052eed4a30b8b1ed6"":[251,2072,14565,37033,45626,47202,48450,54161,54752,57146,61210,63408,69175],""d_b58303c68e9cf0d2ae93b73ffdbfbfa1"":[53046,53131,53980,54895,55041,57955,60457,63746,65096,69104,69197,69222,69223,69750,71406,77066,80034,83829],""d_fa2ed456cf2b8597bb7e064b08fc3c7c"":[22229,25166,47546,47616,47634,48868,72965,73639,75155,76802,79049],""d_85518d970b8178975850457f60f1e738"":[22006,29706,39588,41476,42060,43652,43712,45151,47305,50016,54708,55931,56648],""d_478f45a9c541cbe679ca55d1cd2b970b"":[29032,29105,30149,38078,38437,38491,43849,44294,50104,50933,51054,51307,52941,53186,59030],""d_5573b0db0575db32190a2ad27919a7aa"":[34799,35015,36958,37780,45859,49175,55327,55802,56669,58442,58935],""d_a2141adf93ec2a3c2ec2837b78d6d46e"":[13480,27833,36449,41137,41910,44959,46004,48957,53929,60735,67310,70499,71624,72182,74852,76074,83198,84777,92304,92770],""d_9af9317c646a1c881bb5591c91817cc6"":[7735,22864,25529,35297,45110,63175,64617,72325,72423,72519,73502,81141,84894,84994,86502,86647,86816,89276,93267,98037,102604,104170,105324,108110,108568,113404,115722,121707,121938],""d_67e99e6eabc4aad9b5d48663b579746a"":[33236,33856,34074,35753,38227,39248,40044,42912,48436],""d_5c4ef48b025fdfbc80056401f06e3df9"":[4053,7051,18802,23429,25710,26085,31609,31911,34265,36764],""d_300ddc8da4e8f7bdc1bfc62d0d99e2e7"":[12706,14950,16076,18647,21005],""d_181005ca270b45408b4cdfc954980ca2"":[6824,12013,20728,32213,34193,52137,52974,54054,57563,61112,61538,62918,70839,71924,81486,81799,82026,82365,83783,89510,92103,96115,96515,98189,99076],""d_2b8c54b2a490d2fa36b925289e5d9572"":[35124,36406,46749,59661,60828,65356,66618],""d_df7d2d661c0c11a7c367c9ee4bf896c1"":[1566,3187,3516,34973,55153,68777,74266,100093,108286,118769,125584,137052,139327,147431,147975,151052,160352,160771,165336,167321,169941,178559,187805,188773,191813,194776,199518,203494,203872,215269,232177],""d_72f37e5c5d192951ddc5513c2b134482"":[8048,9672,10796,20758,50477,64646,67786,71545,74237,75435,80276,80724,81727,83448,84609,87098,88561,95553,95696,101153,102252,102517,102847,106803,113231,121583,122268,126143,135835],""d_0cc5f52a1f298b916f317800251057f3"":[16578,17317],""d_e97e8e7fc55b85a38babf66b0fa46b73"":[11156,24243],""d_af2042c77ffaf0db5d75561ce9ef5688"":[18868,33960,37099,38616,41361,42325,42969,55137],""d_1cd970d8351b42be4a308d628a6dd9d3"":[5381,9838],""d_31af23fdb79119ed185c256f03cb5773"":[7036,9091,10124,12665,15647,15822,17074,17225,17263,17869,19713,23451,26614,31376,32048],""d_4e3db8955fdcda6f9944097bef3d2724"":[16740]},""458220"":{""d_8575e84912df3c28995b8e6e0e05205a"":[106490]},""560103"":{""d_478f45a9c541cbe679ca55d1cd2b970b"":[37770]}}",,[],
ANG MO KIO,215,ANG MO KIO AVE 1,26,NormalizedAddress,Ambiguous,BlockApproximation,Missing,ConflictOrPreviouslyMatchedOutcomeChange,[3233],"{""560215"":{""d_8575e84912df3c28995b8e6e0e05205a"":[7354,19115,34015,44637,46463,53167,88252,91072,93153,94798,111330,116362,122704,123900,131828,136408],""d_3a3807c023c61ddfba947dc069eb53f2"":[53108,63034],""d_c0650f23e94c42e7a20921f4c5b75c24"":[50460,52239,59406,59786,60968,63428,63448,68798,69589,86724,91327,93572,98844,103605,132527],""d_acbc938ec77af18f94cecc4a7c9ec720"":[3531,31245,32515,41937,46446,51128,54151,56481,60697,64283],""d_124a9bd407c7a25f8335b93b86e50fdd"":[31458,44132,47900,47995,59511,64342,75834],""d_4526d47d6714d3b052eed4a30b8b1ed6"":[6999,35786,44100,67892],""d_b58303c68e9cf0d2ae93b73ffdbfbfa1"":[886,42990,43261,45108,62319,69116,69435],""d_fa2ed456cf2b8597bb7e064b08fc3c7c"":[1447,3473,7921,37081,47646,48528,53836,56082,63343,69094,77113,78235,80590,80597,82454,86963],""d_85518d970b8178975850457f60f1e738"":[38544],""d_478f45a9c541cbe679ca55d1cd2b970b"":[10242,19776,26910,31864,36550,37605,46225,47041,47673,49223,52795],""d_5573b0db0575db32190a2ad27919a7aa"":[8882,14674,36274,53760,57286,58586,73401],""d_a2141adf93ec2a3c2ec2837b78d6d46e"":[11377,11840,17443,52078,53537,55944,62915,63720,67158,70552,74660,74904,83014],""d_9af9317c646a1c881bb5591c91817cc6"":[1177,22018,46984,76090,76407,78304,79603,84988,86106,94673,102655,112217,112294],""d_67e99e6eabc4aad9b5d48663b579746a"":[13889,32477,32673,35563,48362,58539],""d_300ddc8da4e8f7bdc1bfc62d0d99e2e7"":[11798,13961,19979],""d_181005ca270b45408b4cdfc954980ca2"":[871,73103,74192,82000],""d_4130f1d9d365d9f1633536e959f62bb7"":[9327],""d_2b8c54b2a490d2fa36b925289e5d9572"":[42874,53665,54604,65403,66153,68587],""d_df7d2d661c0c11a7c367c9ee4bf896c1"":[23914,92147,110274,110611,118610,124468,125408,129398,149069,150024,153434,156975,161273,164242,164641,167863,171096,172015,174804,175210,177393,184576,188011,188508,191453,213352,213837],""d_72f37e5c5d192951ddc5513c2b134482"":[67654,67656,68340,81946,87357,94307,97127,97183,99682,106922,114273,117662,119629,123303],""d_0cc5f52a1f298b916f317800251057f3"":[2595,16728,24409],""d_e97e8e7fc55b85a38babf66b0fa46b73"":[10076,21540,28209,35947],""d_af2042c77ffaf0db5d75561ce9ef5688"":[34173,45825,45999,49217],""d_1cd970d8351b42be4a308d628a6dd9d3"":[1961,10574],""d_31af23fdb79119ed185c256f03cb5773"":[21421,25453],""d_4e3db8955fdcda6f9944097bef3d2724"":[17697]},""560512"":{""d_85518d970b8178975850457f60f1e738"":[41955]},""560218"":{""d_72f37e5c5d192951ddc5513c2b134482"":[94114]}}",,[],
ANG MO KIO,226,ANG MO KIO AVE 1,19,NormalizedAddress,Ambiguous,BlockApproximation,Missing,ConflictOrPreviouslyMatchedOutcomeChange,[3533],"{""560226"":{""d_8575e84912df3c28995b8e6e0e05205a"":[97517,133358,138257,148564,154939,164117],""d_3a3807c023c61ddfba947dc069eb53f2"":[67226],""d_c0650f23e94c42e7a20921f4c5b75c24"":[69931,114661],""d_acbc938ec77af18f94cecc4a7c9ec720"":[59539],""d_4526d47d6714d3b052eed4a30b8b1ed6"":[56746],""d_b58303c68e9cf0d2ae93b73ffdbfbfa1"":[50389],""d_fa2ed456cf2b8597bb7e064b08fc3c7c"":[47039,68092,90960],""d_478f45a9c541cbe679ca55d1cd2b970b"":[56103,65375],""d_5573b0db0575db32190a2ad27919a7aa"":[58925,64134],""d_a2141adf93ec2a3c2ec2837b78d6d46e"":[23801],""d_9af9317c646a1c881bb5591c91817cc6"":[46943,87945],""d_67e99e6eabc4aad9b5d48663b579746a"":[49741],""d_5c4ef48b025fdfbc80056401f06e3df9"":[30640],""d_181005ca270b45408b4cdfc954980ca2"":[52705,67948],""d_df7d2d661c0c11a7c367c9ee4bf896c1"":[5910,102372,142721,179834,198870,203679,223326],""d_72f37e5c5d192951ddc5513c2b134482"":[73861,101204,113900,129383,132966],""d_0cc5f52a1f298b916f317800251057f3"":[15608],""d_e97e8e7fc55b85a38babf66b0fa46b73"":[35982,38007],""d_af2042c77ffaf0db5d75561ce9ef5688"":[2102,48267],""d_31af23fdb79119ed185c256f03cb5773"":[30620],""d_4e3db8955fdcda6f9944097bef3d2724"":[9313]},""567226"":{""d_5573b0db0575db32190a2ad27919a7aa"":[56447]}}",,[],
ANG MO KIO,233,ANG MO KIO AVE 3,24,NormalizedAddress,Ambiguous,BlockApproximation,Missing,ConflictOrPreviouslyMatchedOutcomeChange,[3726],"{""560233"":{""d_8575e84912df3c28995b8e6e0e05205a"":[119273,124787,152335,161095],""d_3a3807c023c61ddfba947dc069eb53f2"":[50,66971,67600,70224,71353,75382,79571],""d_c0650f23e94c42e7a20921f4c5b75c24"":[2131,4602,50478,60494,76026,77141,122894,128422],""d_acbc938ec77af18f94cecc4a7c9ec720"":[11242,14468,29207,50544,53080,62788,70784],""d_124a9bd407c7a25f8335b93b86e50fdd"":[54193,67719,84082],""d_4526d47d6714d3b052eed4a30b8b1ed6"":[15001,16714,36019,49496,67165],""d_b58303c68e9cf0d2ae93b73ffdbfbfa1"":[48886,60244,68699],""d_fa2ed456cf2b8597bb7e064b08fc3c7c"":[1027,68507,69010,70854,73497,86224],""d_85518d970b8178975850457f60f1e738"":[43813,58361],""d_478f45a9c541cbe679ca55d1cd2b970b"":[8438,11266,40046,47998,48136,54099,57109],""d_5573b0db0575db32190a2ad27919a7aa"":[2936,35173,58899,69433,71489,73206],""d_a2141adf93ec2a3c2ec2837b78d6d46e"":[40977,54387,56122,66244,69051,69315,70320,71709,77615],""d_9af9317c646a1c881bb5591c91817cc6"":[20703,61347,101447,112165],""d_67e99e6eabc4aad9b5d48663b579746a"":[28535,47995,48908,50335],""d_5c4ef48b025fdfbc80056401f06e3df9"":[32134],""d_300ddc8da4e8f7bdc1bfc62d0d99e2e7"":[13412],""d_181005ca270b45408b4cdfc954980ca2"":[78675,79054,86449,86650,88698],""d_4130f1d9d365d9f1633536e959f62bb7"":[1846,11751],""d_2b8c54b2a490d2fa36b925289e5d9572"":[36354,55483,63017],""d_df7d2d661c0c11a7c367c9ee4bf896c1"":[122339,124229,124809,125053,150509,169610,181509,181510,206150,206483,227640],""d_72f37e5c5d192951ddc5513c2b134482"":[38234,68029,71270,100746,104912,111097,141354],""d_0cc5f52a1f298b916f317800251057f3"":[11767,18098,21264,23782],""d_e97e8e7fc55b85a38babf66b0fa46b73"":[29026],""d_af2042c77ffaf0db5d75561ce9ef5688"":[28536,28848,35116,38538,44801,44882,44948,47088,49517],""d_31af23fdb79119ed185c256f03cb5773"":[23814,31073],""d_4e3db8955fdcda6f9944097bef3d2724"":[11249]},""560223"":{""d_df7d2d661c0c11a7c367c9ee4bf896c1"":[154503]}}",,[],
ANG MO KIO,330,ANG MO KIO AVE 1,47,NormalizedAddress,Ambiguous,BlockApproximation,Missing,ConflictOrPreviouslyMatchedOutcomeChange,[5652],"{""560330"":{""d_8575e84912df3c28995b8e6e0e05205a"":[48730,49351,52661,87272,97247,99649,115498,120730,121623,135584,138196,146772,147654,157154],""d_3a3807c023c61ddfba947dc069eb53f2"":[50220,69607,69872,71795,75758],""d_c0650f23e94c42e7a20921f4c5b75c24"":[2227,18716,57205,69350,80254,90276,95910,96453,98918,104698,123702,125148],""d_acbc938ec77af18f94cecc4a7c9ec720"":[12140,15770,25158,46186,52859,58849,61144,65442,68675,72394],""d_124a9bd407c7a25f8335b93b86e50fdd"":[43337,56468,58478,58952,60512,83121,85143],""d_4526d47d6714d3b052eed4a30b8b1ed6"":[15533,37396,42960,55115,68553],""d_b58303c68e9cf0d2ae93b73ffdbfbfa1"":[66798,75584],""d_fa2ed456cf2b8597bb7e064b08fc3c7c"":[46781,50932,51096,55143,67500,69855,74404,75093,75704,84903,87849,94185],""d_85518d970b8178975850457f60f1e738"":[49681,55999,56387,56900],""d_478f45a9c541cbe679ca55d1cd2b970b"":[4549,14284,16806,41727,41769,45563,50147,50528,50732,50816,61003,65458],""d_5573b0db0575db32190a2ad27919a7aa"":[10125,36831,72996],""d_a2141adf93ec2a3c2ec2837b78d6d46e"":[29315,36271,45435,52682,54582,60330,65244,84617],""d_9af9317c646a1c881bb5591c91817cc6"":[20383,34752,66512,73778,79821,82493,113132,122548,124119],""d_67e99e6eabc4aad9b5d48663b579746a"":[36931,39935,47893],""d_5c4ef48b025fdfbc80056401f06e3df9"":[31038,34766,38687,39370,41255],""d_300ddc8da4e8f7bdc1bfc62d0d99e2e7"":[21989],""d_181005ca270b45408b4cdfc954980ca2"":[22300,74346,83909,98375],""d_2b8c54b2a490d2fa36b925289e5d9572"":[59400,59558,69871],""d_df7d2d661c0c11a7c367c9ee4bf896c1"":[36239,43679,60710,104165,119860,131176,137596,140791,153920,169050,172673,184563,184782,203726,212205,213304,216488],""d_72f37e5c5d192951ddc5513c2b134482"":[31141,69502,79508,81589,86485,93935,102055,103364,103499,107832,116264,122393,138728,139839],""d_0cc5f52a1f298b916f317800251057f3"":[22190],""d_e97e8e7fc55b85a38babf66b0fa46b73"":[38001],""d_af2042c77ffaf0db5d75561ce9ef5688"":[40041,45652,49438,52227],""d_1cd970d8351b42be4a308d628a6dd9d3"":[9740,11601],""d_31af23fdb79119ed185c256f03cb5773"":[16479,25222,27103,28118],""d_4e3db8955fdcda6f9944097bef3d2724"":[16053]},""560303"":{""d_72f37e5c5d192951ddc5513c2b134482"":[91330]}}",,[],
ANG MO KIO,332,ANG MO KIO AVE 1,31,NormalizedAddress,Ambiguous,BlockApproximation,Missing,ConflictOrPreviouslyMatchedOutcomeChange,[5685],"{""560332"":{""d_8575e84912df3c28995b8e6e0e05205a"":[25174,63374,73759,95596,104383,137569,139927,146087,160018,164956],""d_3a3807c023c61ddfba947dc069eb53f2"":[66007,68934,76332,78969,83258,87331],""d_c0650f23e94c42e7a20921f4c5b75c24"":[9036,64812,70567,93827,100105,114328,117485,122698,130387],""d_acbc938ec77af18f94cecc4a7c9ec720"":[24644,48778,49120,49156,52150,59987],""d_124a9bd407c7a25f8335b93b86e50fdd"":[3356,14761,27507,34608,54537,65657],""d_4526d47d6714d3b052eed4a30b8b1ed6"":[17114,52439,57286,68225],""d_b58303c68e9cf0d2ae93b73ffdbfbfa1"":[5706,6497,16309,47955,51678,53350,67864],""d_fa2ed456cf2b8597bb7e064b08fc3c7c"":[26283,33578,69519],""d_478f45a9c541cbe679ca55d1cd2b970b"":[2679,8464,20329,45682,50530,50949,56457,57986,62237,64238,65415,67704],""d_5573b0db0575db32190a2ad27919a7aa"":[1180,21444,38643,39360,40353,43904,50130,50286,51114,56007,56316,61185,67954,68724],""d_a2141adf93ec2a3c2ec2837b78d6d46e"":[4701,6364,14036,41082,44435,57237,58457,63849,69639,71323,72991,79098],""d_9af9317c646a1c881bb5591c91817cc6"":[42344,87653,97848,101079,105492,107355,109937,117363],""d_67e99e6eabc4aad9b5d48663b579746a"":[24558,25561,46708,47766,54291,55215],""d_5c4ef48b025fdfbc80056401f06e3df9"":[11769,23795,35956],""d_300ddc8da4e8f7bdc1bfc62d0d99e2e7"":[12888,20409],""d_181005ca270b45408b4cdfc954980ca2"":[52480,53176,62508,94781],""d_4130f1d9d365d9f1633536e959f62bb7"":[8461],""d_2b8c54b2a490d2fa36b925289e5d9572"":[69,65807],""d_df7d2d661c0c11a7c367c9ee4bf896c1"":[11809,26380,48103,64408,89242,105758,119763,126524,133054,134498,137510,140777,144274,151683,155684,157861,166556,170134,183507,189863,193147,194218,197064,205148,211393,220382],""d_72f37e5c5d192951ddc5513c2b134482"":[28489,37414,59577,69540,70365,70770,74689,99127,102687,105533,112188],""d_0cc5f52a1f298b916f317800251057f3"":[20325],""d_e97e8e7fc55b85a38babf66b0fa46b73"":[7022],""d_af2042c77ffaf0db5d75561ce9ef5688"":[2107,26950,35714,50284],""d_1cd970d8351b42be4a308d628a6dd9d3"":[10315],""d_31af23fdb79119ed185c256f03cb5773"":[17974,18608,25767,26177,26439,26452,26558,27648]},""560322"":{""d_b58303c68e9cf0d2ae93b73ffdbfbfa1"":[60567]}}",,[],
ANG MO KIO,407,ANG MO KIO AVE 10,1,NormalizedAddress,Ambiguous,BlockApproximation,Missing,ConflictOrPreviouslyMatchedOutcomeChange,[6702],"{""560407"":{""d_8575e84912df3c28995b8e6e0e05205a"":[10701,24629,24729,40891,41651,90326,90365,90735,94635,99634,105486,118127,149881],""d_3a3807c023c61ddfba947dc069eb53f2"":[48751,57058,60837,67801,71202,73906,80633],""d_c0650f23e94c42e7a20921f4c5b75c24"":[2825,56444,115059],""d_acbc938ec77af18f94cecc4a7c9ec720"":[48774,50309,54698,60794],""d_124a9bd407c7a25f8335b93b86e50fdd"":[382,6161,56155],""d_4526d47d6714d3b052eed4a30b8b1ed6"":[5589,46907,52668,68800],""d_b58303c68e9cf0d2ae93b73ffdbfbfa1"":[307,58881],""d_fa2ed456cf2b8597bb7e064b08fc3c7c"":[5609,9881,10575,45646,46278,61688,74318,77977,81936,87391,88555],""d_85518d970b8178975850457f60f1e738"":[49767],""d_478f45a9c541cbe679ca55d1cd2b970b"":[15050,29555,29654,36754,38886,52950],""d_5573b0db0575db32190a2ad27919a7aa"":[55190,60763,60977,63184,65772,65825,71475],""d_a2141adf93ec2a3c2ec2837b78d6d46e"":[1042,29414,69506,73209],""d_9af9317c646a1c881bb5591c91817cc6"":[6788,39664,62629,87342,115615],""d_67e99e6eabc4aad9b5d48663b579746a"":[32410,34610,47770],""d_300ddc8da4e8f7bdc1bfc62d0d99e2e7"":[8920,20054,20452],""d_181005ca270b45408b4cdfc954980ca2"":[50731,64473,67246,67583,72068,73777,84868],""d_4130f1d9d365d9f1633536e959f62bb7"":[2004],""d_2b8c54b2a490d2fa36b925289e5d9572"":[53393],""d_df7d2d661c0c11a7c367c9ee4bf896c1"":[23444,38578,110504,118127,122086,129588,155634,157046,162264,162482,177089,203622,225837],""d_72f37e5c5d192951ddc5513c2b134482"":[1505,38012,64728,68289,88292,106398,107165,107948],""d_e97e8e7fc55b85a38babf66b0fa46b73"":[22857],""d_af2042c77ffaf0db5d75561ce9ef5688"":[2409,27859,38660,40800,49190,49347,55746],""d_1cd970d8351b42be4a308d628a6dd9d3"":[8962]},""550107"":{""d_a2141adf93ec2a3c2ec2837b78d6d46e"":[64797]}}",,[],
ANG MO KIO,408,ANG MO KIO AVE 10,1,NormalizedAddress,Ambiguous,BlockApproximation,Missing,ConflictOrPreviouslyMatchedOutcomeChange,[6722],"{""560408"":{""d_8575e84912df3c28995b8e6e0e05205a"":[25387,25961,94483,95129,107948,118678,130241,130658,137416,137441,140022,140537,147008,147872,148818,152573,156723],""d_3a3807c023c61ddfba947dc069eb53f2"":[35519,58398,64748],""d_c0650f23e94c42e7a20921f4c5b75c24"":[92056,98782,112141],""d_acbc938ec77af18f94cecc4a7c9ec720"":[37839,49459,52659,56178,63221],""d_124a9bd407c7a25f8335b93b86e50fdd"":[4115,34000,53644,59334,68171,68270,75578],""d_4526d47d6714d3b052eed4a30b8b1ed6"":[13289,15023,36004,41134,49088,52193,53519,56313,56587,58278,66901,67100,67272],""d_b58303c68e9cf0d2ae93b73ffdbfbfa1"":[31882,47575,57645,61051,67710,68498,73762,81460,82559],""d_fa2ed456cf2b8597bb7e064b08fc3c7c"":[554,51593,56583,59603,61769,61956,67396,69798,70452,74002,75030,78281,86682],""d_85518d970b8178975850457f60f1e738"":[44469,53370],""d_478f45a9c541cbe679ca55d1cd2b970b"":[37829,39839,42775,49221],""d_5573b0db0575db32190a2ad27919a7aa"":[1245,18024,38287,39229,44886,52145,63523,63648,65332],""d_a2141adf93ec2a3c2ec2837b78d6d46e"":[48719,57623,60572,61286,64849,67150,83981],""d_9af9317c646a1c881bb5591c91817cc6"":[61801,77831,81224,82817,86387,99189,105676,123739],""d_67e99e6eabc4aad9b5d48663b579746a"":[8851,32572,33043,46118,48442],""d_5c4ef48b025fdfbc80056401f06e3df9"":[8181,27932,32152,32833,35844],""d_300ddc8da4e8f7bdc1bfc62d0d99e2e7"":[1346,6082,10651,11068,14181,14613,14862],""d_181005ca270b45408b4cdfc954980ca2"":[45919,50988,52635,63717,76894,78148,78777,80485,84040],""d_4130f1d9d365d9f1633536e959f62bb7"":[1612,9294],""d_2b8c54b2a490d2fa36b925289e5d9572"":[44249],""d_df7d2d661c0c11a7c367c9ee4bf896c1"":[28980,52081,123305,154121,156573,169653,170416,176800,178196,198160,205962,209480],""d_72f37e5c5d192951ddc5513c2b134482"":[33654,67624,69981,90757,91521,93464,94661,97369,99329,105495,109902,110244,110359,111052,120949],""d_0cc5f52a1f298b916f317800251057f3"":[3319,7266,17609,17735],""d_e97e8e7fc55b85a38babf66b0fa46b73"":[28044,30132,30337,33097,38015],""d_af2042c77ffaf0db5d75561ce9ef5688"":[33419,34200,36080,46250,46313,46617,47002,54887,57247],""d_1cd970d8351b42be4a308d628a6dd9d3"":[32,8568],""d_31af23fdb79119ed185c256f03cb5773"":[782,16165,18284,18926,20613,26621,27529,28248,28794,28865,30732,31746,35502,36534],""d_4e3db8955fdcda6f9944097bef3d2724"":[11307,15127]},""560409"":{""d_5573b0db0575db32190a2ad27919a7aa"":[577]},""549188"":{""d_72f37e5c5d192951ddc5513c2b134482"":[92135]}}",,[],
ANG MO KIO,443,ANG MO KIO AVE 10,36,NormalizedAddress,Ambiguous,BlockApproximation,Missing,ConflictOrPreviouslyMatchedOutcomeChange,[7461],"{""560443"":{""d_8575e84912df3c28995b8e6e0e05205a"":[480,48055,48444,87791,91132,94284,117599,118611,132786,133880,135411,136671,158947,160288],""d_3a3807c023c61ddfba947dc069eb53f2"":[16654,34254,46792,49152,50758,51220,65481,68083,70537,73476,81794,82721,87709,93088],""d_c0650f23e94c42e7a20921f4c5b75c24"":[9324,38665,66232,73271,73546,98805,99532,102770,107844,110914,111232,111489,114835,116474,123884,131125,138828],""d_acbc938ec77af18f94cecc4a7c9ec720"":[1831,5278,47104],""d_124a9bd407c7a25f8335b93b86e50fdd"":[55248,60026,61227,67064,68608,75396,75891,78121,80103,82196,83365],""d_4526d47d6714d3b052eed4a30b8b1ed6"":[17975,18685,25710,36637,43871,55492,57014,60091,62282],""d_b58303c68e9cf0d2ae93b73ffdbfbfa1"":[3551,23550,46497,49874,55565,59304,59831,63243,64767,69885,76467],""d_fa2ed456cf2b8597bb7e064b08fc3c7c"":[1383,47159,48038,61524,64294,67570,71984,72687,74786,75712,77017,81036,81294,93576],""d_85518d970b8178975850457f60f1e738"":[14449,40587,48071,50435,58142],""d_478f45a9c541cbe679ca55d1cd2b970b"":[28551,29455,46750,48450,50553,54516,58048,59243,66548],""d_5573b0db0575db32190a2ad27919a7aa"":[10754,22547,35952,36465,44428,52708,58259,58983,63453,67559],""d_a2141adf93ec2a3c2ec2837b78d6d46e"":[744,26269,46712,63932,71498,72212,72545,75531,81662,82455,86999],""d_9af9317c646a1c881bb5591c91817cc6"":[918,31523,33047,63719,65279,65884,74053,85698,87130,92415,93863,96180,98165,105826,118771,123053],""d_67e99e6eabc4aad9b5d48663b579746a"":[27143,38114,43784,54944,55634,58189],""d_5c4ef48b025fdfbc80056401f06e3df9"":[16201,31270,35592],""d_300ddc8da4e8f7bdc1bfc62d0d99e2e7"":[13663,20175],""d_181005ca270b45408b4cdfc954980ca2"":[65424,69447,70703,88842,97953],""d_2b8c54b2a490d2fa36b925289e5d9572"":[30367,35345,47487,48914,50382,51683,56791,69074],""d_df7d2d661c0c11a7c367c9ee4bf896c1"":[21277,42380,62247,68020,75548,79502,89493,96210,123588,125557,149111,158642,158864,163963,170320,175531,181109,182379,184455,184891,185613,185664,194667,199645,202573,204108,219900,220688],""d_72f37e5c5d192951ddc5513c2b134482"":[1052,2027,2339,16894,33032,68522,69649,71828,72563,93605,98630,103547,104811,104989,108157,109439,111130,113412,116518,116704,139793],""d_0cc5f52a1f298b916f317800251057f3"":[7964,18108,19818,21311],""d_e97e8e7fc55b85a38babf66b0fa46b73"":[3402,19749,25191,27719,28129],""d_af2042c77ffaf0db5d75561ce9ef5688"":[14857,19375,21265,25066,30574,37435,55109],""d_1cd970d8351b42be4a308d628a6dd9d3"":[9748,10626,12847,12910],""d_31af23fdb79119ed185c256f03cb5773"":[795,16470,22405,26432,26899,27688,29609,31444,32428],""d_4e3db8955fdcda6f9944097bef3d2724"":[14343,15665]},""560433"":{""d_c0650f23e94c42e7a20921f4c5b75c24"":[94003]},""560403"":{""d_4e3db8955fdcda6f9944097bef3d2724"":[11771]}}",,[],
ANG MO KIO,448,ANG MO KIO AVE 10,5,NormalizedAddress,Ambiguous,BlockApproximation,Missing,ConflictOrPreviouslyMatchedOutcomeChange,[7552],"{""560448"":{""d_8575e84912df3c28995b8e6e0e05205a"":[23211,38847,121244,169969],""d_3a3807c023c61ddfba947dc069eb53f2"":[56549,72617],""d_c0650f23e94c42e7a20921f4c5b75c24"":[344,105180,124079],""d_4526d47d6714d3b052eed4a30b8b1ed6"":[45885],""d_b58303c68e9cf0d2ae93b73ffdbfbfa1"":[52145,72406,73761,75620],""d_fa2ed456cf2b8597bb7e064b08fc3c7c"":[13099,56496,62864,63982],""d_85518d970b8178975850457f60f1e738"":[48631],""d_5573b0db0575db32190a2ad27919a7aa"":[35248,40045,51351,56806],""d_a2141adf93ec2a3c2ec2837b78d6d46e"":[1533,60938],""d_9af9317c646a1c881bb5591c91817cc6"":[4477,94402],""d_67e99e6eabc4aad9b5d48663b579746a"":[809,43783],""d_5c4ef48b025fdfbc80056401f06e3df9"":[29318],""d_181005ca270b45408b4cdfc954980ca2"":[7960,52293,59962,61317,63908,71718,88760],""d_2b8c54b2a490d2fa36b925289e5d9572"":[8839],""d_df7d2d661c0c11a7c367c9ee4bf896c1"":[26340,120897,121235,121236,196371],""d_72f37e5c5d192951ddc5513c2b134482"":[140857],""d_0cc5f52a1f298b916f317800251057f3"":[23119],""d_e97e8e7fc55b85a38babf66b0fa46b73"":[25933,33560],""d_af2042c77ffaf0db5d75561ce9ef5688"":[37284,38479,39028],""d_31af23fdb79119ed185c256f03cb5773"":[26172,31723]},""557408"":{""d_181005ca270b45408b4cdfc954980ca2"":[69158]}}",,[],
ANG MO KIO,449,ANG MO KIO AVE 10,6,NormalizedAddress,Ambiguous,BlockApproximation,Missing,ConflictOrPreviouslyMatchedOutcomeChange,[7574],"{""560449"":{""d_8575e84912df3c28995b8e6e0e05205a"":[39480,106343,110988,123162],""d_3a3807c023c61ddfba947dc069eb53f2"":[60163,62262,67728,71898],""d_c0650f23e94c42e7a20921f4c5b75c24"":[31173,71567,85941,102249,116573,116643,119001,125032],""d_acbc938ec77af18f94cecc4a7c9ec720"":[81,22083,45818,47070,48494,49524],""d_124a9bd407c7a25f8335b93b86e50fdd"":[31139,36698,67809,75691],""d_4526d47d6714d3b052eed4a30b8b1ed6"":[45788,66756],""d_b58303c68e9cf0d2ae93b73ffdbfbfa1"":[25199,57178,65723,80236,80659],""d_fa2ed456cf2b8597bb7e064b08fc3c7c"":[721,11438,16020,71807,73914,75084,83567],""d_85518d970b8178975850457f60f1e738"":[48927],""d_478f45a9c541cbe679ca55d1cd2b970b"":[279,16404,27665,29433,32327,38975,57164],""d_5573b0db0575db32190a2ad27919a7aa"":[233],""d_a2141adf93ec2a3c2ec2837b78d6d46e"":[42016,69501,73778,73998],""d_9af9317c646a1c881bb5591c91817cc6"":[75854,82545,85986,86492,90980,94034,99016,111103],""d_67e99e6eabc4aad9b5d48663b579746a"":[778,36237,42025,43625,58592],""d_300ddc8da4e8f7bdc1bfc62d0d99e2e7"":[14841,21074],""d_181005ca270b45408b4cdfc954980ca2"":[43721,51809,65516],""d_4130f1d9d365d9f1633536e959f62bb7"":[5438],""d_2b8c54b2a490d2fa36b925289e5d9572"":[26048,53709,56510],""d_df7d2d661c0c11a7c367c9ee4bf896c1"":[1019,146952,162540,167819,175866,180276,191642,197017,208897,226605],""d_72f37e5c5d192951ddc5513c2b134482"":[1453,59050,69554,77462,88488,100261,102544,104188,107243],""d_0cc5f52a1f298b916f317800251057f3"":[11762],""d_af2042c77ffaf0db5d75561ce9ef5688"":[11677,11678,21300,43632],""d_31af23fdb79119ed185c256f03cb5773"":[23077,29261,33054],""d_4e3db8955fdcda6f9944097bef3d2724"":[12037]},""560130"":{""d_9af9317c646a1c881bb5591c91817cc6"":[87500]}}",,[],
ANG MO KIO,453,ANG MO KIO AVE 10,1,NormalizedAddress,Ambiguous,BlockApproximation,Missing,ConflictOrPreviouslyMatchedOutcomeChange,[7663],"{""560453"":{""d_8575e84912df3c28995b8e6e0e05205a"":[120170,122438,147559,158927,159486],""d_3a3807c023c61ddfba947dc069eb53f2"":[66013],""d_c0650f23e94c42e7a20921f4c5b75c24"":[39267,67381,116863,117415,119911,120396,122316,129073,139018],""d_124a9bd407c7a25f8335b93b86e50fdd"":[61634,65420,82512],""d_4526d47d6714d3b052eed4a30b8b1ed6"":[47091,55064,55554],""d_b58303c68e9cf0d2ae93b73ffdbfbfa1"":[47122,79112],""d_fa2ed456cf2b8597bb7e064b08fc3c7c"":[44815,70111,72492],""d_85518d970b8178975850457f60f1e738"":[41299],""d_478f45a9c541cbe679ca55d1cd2b970b"":[28436,31907,42598],""d_5573b0db0575db32190a2ad27919a7aa"":[48761,54368,55809,56978,66069,66810],""d_a2141adf93ec2a3c2ec2837b78d6d46e"":[65430],""d_9af9317c646a1c881bb5591c91817cc6"":[14007,82097,91362,91692,102605],""d_67e99e6eabc4aad9b5d48663b579746a"":[38656,45437,58401],""d_300ddc8da4e8f7bdc1bfc62d0d99e2e7"":[18421],""d_181005ca270b45408b4cdfc954980ca2"":[29142,73286],""d_4130f1d9d365d9f1633536e959f62bb7"":[9388],""d_df7d2d661c0c11a7c367c9ee4bf896c1"":[1738,121669,157552,166435,185766,187101],""d_72f37e5c5d192951ddc5513c2b134482"":[69750,69751,99170,112219,114796],""d_0cc5f52a1f298b916f317800251057f3"":[14878,17788],""d_e97e8e7fc55b85a38babf66b0fa46b73"":[7699,32160],""d_af2042c77ffaf0db5d75561ce9ef5688"":[28516,52816,52826],""d_4e3db8955fdcda6f9944097bef3d2724"":[17509]},""561453"":{""d_c0650f23e94c42e7a20921f4c5b75c24"":[94031]}}",,[],
ANG MO KIO,503,ANG MO KIO AVE 5,45,NormalizedAddress,Ambiguous,BlockApproximation,Missing,ConflictOrPreviouslyMatchedOutcomeChange,[8483],"{""560503"":{""d_8575e84912df3c28995b8e6e0e05205a"":[29608,152519,174137],""d_3a3807c023c61ddfba947dc069eb53f2"":[83568,85109],""d_c0650f23e94c42e7a20921f4c5b75c24"":[73052,75573,110728,119226,127771],""d_acbc938ec77af18f94cecc4a7c9ec720"":[33558],""d_124a9bd407c7a25f8335b93b86e50fdd"":[46818],""d_4526d47d6714d3b052eed4a30b8b1ed6"":[29007,54187,59005],""d_b58303c68e9cf0d2ae93b73ffdbfbfa1"":[49063,75285],""d_fa2ed456cf2b8597bb7e064b08fc3c7c"":[9325],""d_478f45a9c541cbe679ca55d1cd2b970b"":[64624],""d_5573b0db0575db32190a2ad27919a7aa"":[40307,58700],""d_a2141adf93ec2a3c2ec2837b78d6d46e"":[15230,27119,38702,79987],""d_9af9317c646a1c881bb5591c91817cc6"":[94046,103359,104296,113257,120170],""d_67e99e6eabc4aad9b5d48663b579746a"":[33533,51598],""d_300ddc8da4e8f7bdc1bfc62d0d99e2e7"":[4981,9478],""d_181005ca270b45408b4cdfc954980ca2"":[26394,50939,52307,53506,81211,89846],""d_df7d2d661c0c11a7c367c9ee4bf896c1"":[203508,219800],""d_72f37e5c5d192951ddc5513c2b134482"":[74209,112136],""d_0cc5f52a1f298b916f317800251057f3"":[20009,24124],""d_e97e8e7fc55b85a38babf66b0fa46b73"":[37131,37877,37878,37879,37880],""d_af2042c77ffaf0db5d75561ce9ef5688"":[44836,47084,48753,55484],""d_1cd970d8351b42be4a308d628a6dd9d3"":[11310]},""560603"":{""d_8575e84912df3c28995b8e6e0e05205a"":[120831]}}",,[],
ANG MO KIO,529,ANG MO KIO AVE 10,1,NormalizedAddress,Ambiguous,BlockApproximation,Missing,ConflictOrPreviouslyMatchedOutcomeChange,[8954],"{""560529"":{""d_8575e84912df3c28995b8e6e0e05205a"":[26600,55683,59743,63178,66179,67726,75094,75096,75913,76153,80460,85608,85609,89035,89036,120234,121365,137070,137883,146176,161476],""d_3a3807c023c61ddfba947dc069eb53f2"":[758,12960,47273,66361,67273,68985,71180],""d_c0650f23e94c42e7a20921f4c5b75c24"":[2038,2906,7146,23847,30130,86473,92427,95133,97587,103384,111012,138306],""d_acbc938ec77af18f94cecc4a7c9ec720"":[6233,24341,41695,43981,48578,49181,54606],""d_124a9bd407c7a25f8335b93b86e50fdd"":[230,25229,33519,57856,60612,76060],""d_4526d47d6714d3b052eed4a30b8b1ed6"":[29534,35079,37362,43157,44665,45041,45653,46574,49346],""d_b58303c68e9cf0d2ae93b73ffdbfbfa1"":[28515,54484,60990,82178],""d_fa2ed456cf2b8597bb7e064b08fc3c7c"":[616,11927,16067,18913,44914,46130,62859,63800,70601,75784,75786,84488,93209],""d_85518d970b8178975850457f60f1e738"":[5830,24343,40887,42088],""d_478f45a9c541cbe679ca55d1cd2b970b"":[38996,40217,42176,43741,45506,45750,65591],""d_5573b0db0575db32190a2ad27919a7aa"":[14081,26890,56565,59364,60861],""d_a2141adf93ec2a3c2ec2837b78d6d46e"":[1065,43898,57499,61354],""d_9af9317c646a1c881bb5591c91817cc6"":[26397,39606,45738,72983,79589,82558,83548,91421,92838,93893,94191,97528,109210,109708,117044,121789],""d_67e99e6eabc4aad9b5d48663b579746a"":[11909,14429,18069],""d_5c4ef48b025fdfbc80056401f06e3df9"":[95,16914,25861],""d_300ddc8da4e8f7bdc1bfc62d0d99e2e7"":[4531,7736,11714],""d_181005ca270b45408b4cdfc954980ca2"":[7201,13994,17432,21390,55197,58293,74774],""d_2b8c54b2a490d2fa36b925289e5d9572"":[31513,43563,46583,55656,66212,66837,68492,69158],""d_df7d2d661c0c11a7c367c9ee4bf896c1"":[84584,88470,122976,127476,150712,150753,157758,164052,168172,168650,173499,176837,182043,192683,203566,205706],""d_72f37e5c5d192951ddc5513c2b134482"":[81,1419,31097,70511,85982,97237,97881,106622,113191,115938,120294,136321],""d_0cc5f52a1f298b916f317800251057f3"":[18159,20890],""d_e97e8e7fc55b85a38babf66b0fa46b73"":[30699,31353],""d_af2042c77ffaf0db5d75561ce9ef5688"":[28835,37489,43236],""d_31af23fdb79119ed185c256f03cb5773"":[26364,26525,30297,32830],""d_4e3db8955fdcda6f9944097bef3d2724"":[11682]},""560527"":{""d_df7d2d661c0c11a7c367c9ee4bf896c1"":[160527]}}",,[],
ANG MO KIO,608,ANG MO KIO AVE 5,29,NormalizedAddress,Ambiguous,BlockApproximation,Missing,ConflictOrPreviouslyMatchedOutcomeChange,[9788],"{""560608"":{""d_8575e84912df3c28995b8e6e0e05205a"":[17243,32740,119329,132148,162200,166671],""d_3a3807c023c61ddfba947dc069eb53f2"":[49134,89458,90369],""d_c0650f23e94c42e7a20921f4c5b75c24"":[32442,44415,46499,72261,127213,139841],""d_acbc938ec77af18f94cecc4a7c9ec720"":[5521,15507,71045],""d_124a9bd407c7a25f8335b93b86e50fdd"":[19095,19487,19571,43611,54073,64184,72348,72706],""d_4526d47d6714d3b052eed4a30b8b1ed6"":[54378,59708,69806],""d_b58303c68e9cf0d2ae93b73ffdbfbfa1"":[23719,44423,49308,68830,77741],""d_fa2ed456cf2b8597bb7e064b08fc3c7c"":[5715,9744,38449,60782,62049,66157,66329,68464],""d_85518d970b8178975850457f60f1e738"":[35250,55719,57872],""d_478f45a9c541cbe679ca55d1cd2b970b"":[48901,51932],""d_5573b0db0575db32190a2ad27919a7aa"":[36966,41403,49701,55391,71868],""d_a2141adf93ec2a3c2ec2837b78d6d46e"":[39833,39867,41586,41800,48025,63467,68514,70008,73386,90584,92544],""d_9af9317c646a1c881bb5591c91817cc6"":[7427,10659,89068,97803,119370],""d_67e99e6eabc4aad9b5d48663b579746a"":[18944,33193,49502,57253],""d_5c4ef48b025fdfbc80056401f06e3df9"":[6118,39234],""d_300ddc8da4e8f7bdc1bfc62d0d99e2e7"":[15486,15542],""d_181005ca270b45408b4cdfc954980ca2"":[41171,52692,62828,77669,80194,80200,80386,95574],""d_2b8c54b2a490d2fa36b925289e5d9572"":[10413,15066,32819,47455],""d_df7d2d661c0c11a7c367c9ee4bf896c1"":[26154,76325,80671,86827,105671,110309,119300,120029,127208,161256,176572,180330,188624,198676,211231,211887],""d_72f37e5c5d192951ddc5513c2b134482"":[63015,66150,68456,102676,109812,112854,113580,115105,119402,123140,135794,137179],""d_0cc5f52a1f298b916f317800251057f3"":[14273],""d_e97e8e7fc55b85a38babf66b0fa46b73"":[26770],""d_af2042c77ffaf0db5d75561ce9ef5688"":[21641,24997,36929,43829],""d_31af23fdb79119ed185c256f03cb5773"":[15959,30212,30631]},""560177"":{""d_8575e84912df3c28995b8e6e0e05205a"":[123561]}}",,[],
ANG MO KIO,635,ANG MO KIO AVE 6,28,NormalizedAddress,Ambiguous,BlockApproximation,Missing,ConflictOrPreviouslyMatchedOutcomeChange,[10261],"{""560635"":{""d_8575e84912df3c28995b8e6e0e05205a"":[4686,43618,50120,121326,144288,148352,158740],""d_3a3807c023c61ddfba947dc069eb53f2"":[20050,48842,57487,58815,81967,89662],""d_c0650f23e94c42e7a20921f4c5b75c24"":[69227,74006,75732,97767,109869,111100,133238],""d_acbc938ec77af18f94cecc4a7c9ec720"":[52378,54644,63369],""d_124a9bd407c7a25f8335b93b86e50fdd"":[57377,67097,69713],""d_4526d47d6714d3b052eed4a30b8b1ed6"":[55752,56786],""d_b58303c68e9cf0d2ae93b73ffdbfbfa1"":[47422,49585,65236],""d_fa2ed456cf2b8597bb7e064b08fc3c7c"":[36145,42077,45933,47989,55935,68578,71122,71307,80512,82915,91880],""d_85518d970b8178975850457f60f1e738"":[29402,43451,44853],""d_478f45a9c541cbe679ca55d1cd2b970b"":[26797,40784,53912,58174],""d_5573b0db0575db32190a2ad27919a7aa"":[35135,50290,54218,54971],""d_a2141adf93ec2a3c2ec2837b78d6d46e"":[5937,43257,49721,51619,64600,71421,77625],""d_9af9317c646a1c881bb5591c91817cc6"":[64123,73596,74188,93993],""d_5c4ef48b025fdfbc80056401f06e3df9"":[18865,26850,29339,38014],""d_300ddc8da4e8f7bdc1bfc62d0d99e2e7"":[9111,10088,10621,15892],""d_181005ca270b45408b4cdfc954980ca2"":[51938,57598,73115,77102],""d_2b8c54b2a490d2fa36b925289e5d9572"":[42089,47723,59870],""d_df7d2d661c0c11a7c367c9ee4bf896c1"":[48799,124916,138266,143891,182469,196655,198543,200322,209988,214775,225770],""d_72f37e5c5d192951ddc5513c2b134482"":[83481,94701,99083,100477,103706,110952,137567],""d_0cc5f52a1f298b916f317800251057f3"":[16709,21655,22408],""d_af2042c77ffaf0db5d75561ce9ef5688"":[28879,40518,55397],""d_1cd970d8351b42be4a308d628a6dd9d3"":[10770],""d_31af23fdb79119ed185c256f03cb5773"":[2463,19972,36273],""d_4e3db8955fdcda6f9944097bef3d2724"":[556,6484,18357]},""560535"":{""d_a2141adf93ec2a3c2ec2837b78d6d46e"":[63925]}}",,[],
ANG MO KIO,704,ANG MO KIO AVE 8,4,NormalizedAddress,Ambiguous,BlockApproximation,Missing,ConflictOrPreviouslyMatchedOutcomeChange,[11310],"{""560704"":{""d_8575e84912df3c28995b8e6e0e05205a"":[171950],""d_3a3807c023c61ddfba947dc069eb53f2"":[15532,73672],""d_c0650f23e94c42e7a20921f4c5b75c24"":[67715,99728,112315],""d_acbc938ec77af18f94cecc4a7c9ec720"":[48973,49975,62439],""d_b58303c68e9cf0d2ae93b73ffdbfbfa1"":[74013],""d_fa2ed456cf2b8597bb7e064b08fc3c7c"":[45968,51988,75505],""d_85518d970b8178975850457f60f1e738"":[22530,50299,54546],""d_478f45a9c541cbe679ca55d1cd2b970b"":[9393,52210],""d_5573b0db0575db32190a2ad27919a7aa"":[36565,50316],""d_a2141adf93ec2a3c2ec2837b78d6d46e"":[31899,46985],""d_9af9317c646a1c881bb5591c91817cc6"":[14116,37141,88514,89364,92768,101067,105271,108573,109640,122470],""d_67e99e6eabc4aad9b5d48663b579746a"":[34656,44922],""d_df7d2d661c0c11a7c367c9ee4bf896c1"":[27983,150853,155115,168309],""d_72f37e5c5d192951ddc5513c2b134482"":[52489,53298],""d_0cc5f52a1f298b916f317800251057f3"":[17888,21124],""d_e97e8e7fc55b85a38babf66b0fa46b73"":[144],""d_31af23fdb79119ed185c256f03cb5773"":[36698],""d_4e3db8955fdcda6f9944097bef3d2724"":[2724,14455]},""560233"":{""d_67e99e6eabc4aad9b5d48663b579746a"":[44208]}}",,[],
ANG MO KIO,710,ANG MO KIO AVE 8,14,NormalizedAddress,Ambiguous,BlockApproximation,Missing,ConflictOrPreviouslyMatchedOutcomeChange,[11378],"{""560710"":{""d_8575e84912df3c28995b8e6e0e05205a"":[150624,154235],""d_3a3807c023c61ddfba947dc069eb53f2"":[58579,86092],""d_c0650f23e94c42e7a20921f4c5b75c24"":[21490,35408,102639,138175],""d_acbc938ec77af18f94cecc4a7c9ec720"":[49474],""d_124a9bd407c7a25f8335b93b86e50fdd"":[634,45216,54297],""d_4526d47d6714d3b052eed4a30b8b1ed6"":[51630,56083],""d_b58303c68e9cf0d2ae93b73ffdbfbfa1"":[112,21015,23865,81156],""d_fa2ed456cf2b8597bb7e064b08fc3c7c"":[59980,84988,86983,87553],""d_85518d970b8178975850457f60f1e738"":[56879],""d_478f45a9c541cbe679ca55d1cd2b970b"":[29127,37761],""d_5573b0db0575db32190a2ad27919a7aa"":[3919,11152,36965],""d_a2141adf93ec2a3c2ec2837b78d6d46e"":[47700,73347,74325],""d_9af9317c646a1c881bb5591c91817cc6"":[62631,81324,82000,92934],""d_67e99e6eabc4aad9b5d48663b579746a"":[38975],""d_181005ca270b45408b4cdfc954980ca2"":[67352,86045],""d_4130f1d9d365d9f1633536e959f62bb7"":[9353],""d_2b8c54b2a490d2fa36b925289e5d9572"":[36343,49519],""d_df7d2d661c0c11a7c367c9ee4bf896c1"":[27593,148412,152189,161120,169752,171230,174208],""d_72f37e5c5d192951ddc5513c2b134482"":[79369,86836,87993,99947,100725,127676,132012],""d_af2042c77ffaf0db5d75561ce9ef5688"":[37117],""d_1cd970d8351b42be4a308d628a6dd9d3"":[6857],""d_31af23fdb79119ed185c256f03cb5773"":[30852],""d_4e3db8955fdcda6f9944097bef3d2724"":[11537]},""561710"":{""d_a2141adf93ec2a3c2ec2837b78d6d46e"":[62044]}}",,[],
ANG MO KIO,727,ANG MO KIO AVE 6,1,NormalizedAddress,Ambiguous,BlockApproximation,Missing,ConflictOrPreviouslyMatchedOutcomeChange,[11538],"{""560727"":{""d_8575e84912df3c28995b8e6e0e05205a"":[91602,94979,153042,163068,169215],""d_3a3807c023c61ddfba947dc069eb53f2"":[12835,36518,72645,78017,90587],""d_c0650f23e94c42e7a20921f4c5b75c24"":[28405,28406,35175,35176,64682,72476,103556,109946,112828,113118,116368,116816,117643],""d_acbc938ec77af18f94cecc4a7c9ec720"":[35743,53516,59132,60965],""d_124a9bd407c7a25f8335b93b86e50fdd"":[10535,15331,31612,69053,70306],""d_4526d47d6714d3b052eed4a30b8b1ed6"":[37252,54549,62624],""d_b58303c68e9cf0d2ae93b73ffdbfbfa1"":[37958,68387],""d_fa2ed456cf2b8597bb7e064b08fc3c7c"":[77414,82935,94160],""d_85518d970b8178975850457f60f1e738"":[14100,50074],""d_478f45a9c541cbe679ca55d1cd2b970b"":[47325],""d_5573b0db0575db32190a2ad27919a7aa"":[37113,46877,59298],""d_a2141adf93ec2a3c2ec2837b78d6d46e"":[14836,44325,65912],""d_9af9317c646a1c881bb5591c91817cc6"":[76032,87159,108629,116767],""d_67e99e6eabc4aad9b5d48663b579746a"":[451,37869],""d_5c4ef48b025fdfbc80056401f06e3df9"":[31908],""d_300ddc8da4e8f7bdc1bfc62d0d99e2e7"":[14007,21583],""d_181005ca270b45408b4cdfc954980ca2"":[22911,50901,75078,79702,81546],""d_2b8c54b2a490d2fa36b925289e5d9572"":[32443,34021,47186,53880],""d_df7d2d661c0c11a7c367c9ee4bf896c1"":[76676,96491,123034,127496,138608],""d_72f37e5c5d192951ddc5513c2b134482"":[68489,91038,98394,111211,142111],""d_0cc5f52a1f298b916f317800251057f3"":[12726,13862],""d_e97e8e7fc55b85a38babf66b0fa46b73"":[6567,21694,24751],""d_af2042c77ffaf0db5d75561ce9ef5688"":[28998,44513,46593,46680],""d_1cd970d8351b42be4a308d628a6dd9d3"":[989,2800,9714,9715],""d_31af23fdb79119ed185c256f03cb5773"":[37081]},""560716"":{""d_fa2ed456cf2b8597bb7e064b08fc3c7c"":[58740]}}",,[],
BEDOK,10,CHAI CHEE RD,24,Unmatched,Ambiguous,Missing,Missing,ConflictOrPreviouslyMatchedOutcomeChange,[56],"{""467010"":{""d_8575e84912df3c28995b8e6e0e05205a"":[136579,163685],""d_3a3807c023c61ddfba947dc069eb53f2"":[80740],""d_c0650f23e94c42e7a20921f4c5b75c24"":[67988],""d_acbc938ec77af18f94cecc4a7c9ec720"":[4770,58314],""d_124a9bd407c7a25f8335b93b86e50fdd"":[44923,65167,65326,74137,77461,81176],""d_4526d47d6714d3b052eed4a30b8b1ed6"":[25282],""d_b58303c68e9cf0d2ae93b73ffdbfbfa1"":[65828,76079],""d_fa2ed456cf2b8597bb7e064b08fc3c7c"":[85135],""d_478f45a9c541cbe679ca55d1cd2b970b"":[50634,55830,59115],""d_5573b0db0575db32190a2ad27919a7aa"":[74968],""d_9af9317c646a1c881bb5591c91817cc6"":[113580,120208],""d_67e99e6eabc4aad9b5d48663b579746a"":[1367],""d_181005ca270b45408b4cdfc954980ca2"":[24309],""d_df7d2d661c0c11a7c367c9ee4bf896c1"":[21335,185838,202050],""d_72f37e5c5d192951ddc5513c2b134482"":[91021],""d_0cc5f52a1f298b916f317800251057f3"":[21147],""d_e97e8e7fc55b85a38babf66b0fa46b73"":[31576]},""460010"":{""d_c0650f23e94c42e7a20921f4c5b75c24"":[100490]}}",,[],
BEDOK,104,LENGKONG TIGA,14,ExactAddress,Ambiguous,BlockApproximation,Missing,ConflictOrPreviouslyMatchedOutcomeChange,[239],"{""410104"":{""d_8575e84912df3c28995b8e6e0e05205a"":[83162,90032,128191,161761,168296],""d_3a3807c023c61ddfba947dc069eb53f2"":[12078,35304],""d_c0650f23e94c42e7a20921f4c5b75c24"":[95790,137415,138250],""d_acbc938ec77af18f94cecc4a7c9ec720"":[56831,59092],""d_4526d47d6714d3b052eed4a30b8b1ed6"":[20619],""d_fa2ed456cf2b8597bb7e064b08fc3c7c"":[82007],""d_478f45a9c541cbe679ca55d1cd2b970b"":[56615],""d_5573b0db0575db32190a2ad27919a7aa"":[67116],""d_9af9317c646a1c881bb5591c91817cc6"":[18956,52436],""d_300ddc8da4e8f7bdc1bfc62d0d99e2e7"":[19975],""d_181005ca270b45408b4cdfc954980ca2"":[87359],""d_df7d2d661c0c11a7c367c9ee4bf896c1"":[29106,60513,207106],""d_72f37e5c5d192951ddc5513c2b134482"":[22915,110148,111767,118604,123000],""d_af2042c77ffaf0db5d75561ce9ef5688"":[52475],""d_1cd970d8351b42be4a308d628a6dd9d3"":[12065],""d_31af23fdb79119ed185c256f03cb5773"":[28525]},""417414"":{""d_acbc938ec77af18f94cecc4a7c9ec720"":[47744]}}",,[],
BEDOK,11,CHAI CHEE RD,26,Unmatched,Ambiguous,Missing,Missing,ConflictOrPreviouslyMatchedOutcomeChange,[480],"{""460011"":{""d_8575e84912df3c28995b8e6e0e05205a"":[38025,55246,122139,149193,151193,153644,170426],""d_3a3807c023c61ddfba947dc069eb53f2"":[65223],""d_c0650f23e94c42e7a20921f4c5b75c24"":[1593,87520,95761,97467,106694,108784,126989],""d_acbc938ec77af18f94cecc4a7c9ec720"":[9228,21610,49542],""d_124a9bd407c7a25f8335b93b86e50fdd"":[63575,69544,84509],""d_4526d47d6714d3b052eed4a30b8b1ed6"":[16710,18231,48362,63933,64507,64868,65492,68202],""d_b58303c68e9cf0d2ae93b73ffdbfbfa1"":[38071,75858,77295],""d_fa2ed456cf2b8597bb7e064b08fc3c7c"":[63836,70353],""d_85518d970b8178975850457f60f1e738"":[29858,57765],""d_478f45a9c541cbe679ca55d1cd2b970b"":[124,4306,11924,39566,43736,66210],""d_5573b0db0575db32190a2ad27919a7aa"":[57596,62283],""d_a2141adf93ec2a3c2ec2837b78d6d46e"":[64092,69019,69044,85192],""d_67e99e6eabc4aad9b5d48663b579746a"":[44928],""d_5c4ef48b025fdfbc80056401f06e3df9"":[36922,37845],""d_181005ca270b45408b4cdfc954980ca2"":[34208,73463,76408,76933],""d_4130f1d9d365d9f1633536e959f62bb7"":[7192],""d_2b8c54b2a490d2fa36b925289e5d9572"":[52402],""d_df7d2d661c0c11a7c367c9ee4bf896c1"":[76046,129570,169291,179167,183645,187495,191526,201932,214105,231328],""d_72f37e5c5d192951ddc5513c2b134482"":[1266,12705,57961,106477,114249,125493],""d_e97e8e7fc55b85a38babf66b0fa46b73"":[124,33598],""d_af2042c77ffaf0db5d75561ce9ef5688"":[40219,50895,54497],""d_1cd970d8351b42be4a308d628a6dd9d3"":[8903],""d_31af23fdb79119ed185c256f03cb5773"":[28389,37914],""d_4e3db8955fdcda6f9944097bef3d2724"":[13064,13305]},""460111"":{""d_c0650f23e94c42e7a20921f4c5b75c24"":[99781]},""560111"":{""d_72f37e5c5d192951ddc5513c2b134482"":[95616]}}",,[],
BEDOK,20,CHAI CHEE RD,44,Unmatched,Ambiguous,Missing,Missing,ConflictOrPreviouslyMatchedOutcomeChange,[2783],"{""461020"":{""d_8575e84912df3c28995b8e6e0e05205a"":[47473,100567,122714,144525,148824,149867,166385,171473],""d_c0650f23e94c42e7a20921f4c5b75c24"":[2564,20830,66841,73428,76557,108064,108358,126470,128149,138342],""d_acbc938ec77af18f94cecc4a7c9ec720"":[36933,40605,51781,59269,69762],""d_124a9bd407c7a25f8335b93b86e50fdd"":[24181,77878],""d_b58303c68e9cf0d2ae93b73ffdbfbfa1"":[376,56906,71341],""d_fa2ed456cf2b8597bb7e064b08fc3c7c"":[15680,16304,16317,37717,60783,77140,77177,82822,91021],""d_478f45a9c541cbe679ca55d1cd2b970b"":[11046,12481,12678,13957,41115,50588,51362,58242,60238,65600],""d_5573b0db0575db32190a2ad27919a7aa"":[18756],""d_a2141adf93ec2a3c2ec2837b78d6d46e"":[1577,30235,66950,72276,73186],""d_9af9317c646a1c881bb5591c91817cc6"":[172,1169,19414,77501,100094,106680,107426,118782],""d_67e99e6eabc4aad9b5d48663b579746a"":[20399,58051],""d_5c4ef48b025fdfbc80056401f06e3df9"":[32127,32235,39849],""d_300ddc8da4e8f7bdc1bfc62d0d99e2e7"":[14170,17294,19866],""d_181005ca270b45408b4cdfc954980ca2"":[84391],""d_4130f1d9d365d9f1633536e959f62bb7"":[2259],""d_2b8c54b2a490d2fa36b925289e5d9572"":[36786],""d_df7d2d661c0c11a7c367c9ee4bf896c1"":[39784,41271,70218,70219,218799,227086],""d_72f37e5c5d192951ddc5513c2b134482"":[11807,23444,81759,86899,89329,140106],""d_0cc5f52a1f298b916f317800251057f3"":[19662,22839,24295],""d_af2042c77ffaf0db5d75561ce9ef5688"":[30261,32799,42650,45270],""d_31af23fdb79119ed185c256f03cb5773"":[17402],""d_4e3db8955fdcda6f9944097bef3d2724"":[13443]},""510142"":{""d_72f37e5c5d192951ddc5513c2b134482"":[89140]}}",,[],
BEDOK,42,CHAI CHEE ST,53,Unmatched,Ambiguous,Missing,Missing,ConflictOrPreviouslyMatchedOutcomeChange,[6998],"{""461042"":{""d_8575e84912df3c28995b8e6e0e05205a"":[98400,135759,136483,146664,154366,157683,166787],""d_3a3807c023c61ddfba947dc069eb53f2"":[34984,48701,60737,62739,71003,79155,81589,85158,85631,90038],""d_c0650f23e94c42e7a20921f4c5b75c24"":[69678,70413,76304,85923,86682,96485,127464],""d_acbc938ec77af18f94cecc4a7c9ec720"":[26347],""d_124a9bd407c7a25f8335b93b86e50fdd"":[31231,34433,60806,70366,71071,81517,83702],""d_4526d47d6714d3b052eed4a30b8b1ed6"":[9097,42552,68591],""d_b58303c68e9cf0d2ae93b73ffdbfbfa1"":[34817,74869,81104],""d_fa2ed456cf2b8597bb7e064b08fc3c7c"":[15956,44605,47185,67729,69100,69233,69275,71983,73424,74662,74811],""d_85518d970b8178975850457f60f1e738"":[39391,40025,48181,51142,52236],""d_478f45a9c541cbe679ca55d1cd2b970b"":[38300,40382,47741,48449,51318,58275],""d_5573b0db0575db32190a2ad27919a7aa"":[20303,34617,35968,40573,46629,57288,57776,59073,61224,67615,69651,75612],""d_a2141adf93ec2a3c2ec2837b78d6d46e"":[31413,43724,44081,51493,59007,69437,74306,80060],""d_9af9317c646a1c881bb5591c91817cc6"":[16614,43878,58205,58481,65552,71994,78353,80370,82743,89986,103602,109172,112929,123006],""d_67e99e6eabc4aad9b5d48663b579746a"":[33175,33504,39794,48990,49426,49738,56742],""d_5c4ef48b025fdfbc80056401f06e3df9"":[32733,38175,40073],""d_300ddc8da4e8f7bdc1bfc62d0d99e2e7"":[15740,22000],""d_181005ca270b45408b4cdfc954980ca2"":[50738,62607,76906,86396],""d_4130f1d9d365d9f1633536e959f62bb7"":[6724],""d_2b8c54b2a490d2fa36b925289e5d9572"":[53562,57113,57567,58074],""d_df7d2d661c0c11a7c367c9ee4bf896c1"":[407,1308,2092,3525,63956,73345,123903,125525,129024,129042,136843,149279,169560,171662,180041,183715,184172,205188,232339],""d_72f37e5c5d192951ddc5513c2b134482"":[876,34601,37630,70507,81568,85826,87636,89245,91826,99086,99628,104624,135045],""d_0cc5f52a1f298b916f317800251057f3"":[16716,20319],""d_e97e8e7fc55b85a38babf66b0fa46b73"":[32893],""d_af2042c77ffaf0db5d75561ce9ef5688"":[12337,28708,29073,29351,30110,30406],""d_1cd970d8351b42be4a308d628a6dd9d3"":[12338],""d_31af23fdb79119ed185c256f03cb5773"":[24994,27340,30730],""d_4e3db8955fdcda6f9944097bef3d2724"":[2960,11409,14186]},""416042"":{""d_4526d47d6714d3b052eed4a30b8b1ed6"":[42657]}}",,[],
BEDOK,55,CHAI CHEE DR,74,Unmatched,Ambiguous,Missing,Missing,ConflictOrPreviouslyMatchedOutcomeChange,[9243],"{""460055"":{""d_8575e84912df3c28995b8e6e0e05205a"":[12630,16858,24272,48108,71290,74935,76086,78328,83558,85148,92281,102308,106859,125569,156342,157953,159561,165272],""d_3a3807c023c61ddfba947dc069eb53f2"":[61802,73299,77166,82446],""d_c0650f23e94c42e7a20921f4c5b75c24"":[52248,77191,99905,100131,110213,127128],""d_acbc938ec77af18f94cecc4a7c9ec720"":[10914,54958,59625,62919,72443],""d_124a9bd407c7a25f8335b93b86e50fdd"":[13348,21360,31473,84065],""d_4526d47d6714d3b052eed4a30b8b1ed6"":[15123,36197,53104,60021],""d_b58303c68e9cf0d2ae93b73ffdbfbfa1"":[59660],""d_fa2ed456cf2b8597bb7e064b08fc3c7c"":[2077,7411,11320,22687,47363,52532,70052,70623,73925,76747],""d_85518d970b8178975850457f60f1e738"":[12093,16720,50396,52571],""d_478f45a9c541cbe679ca55d1cd2b970b"":[7137,11839,24850,27647,30992,32220,40027,42596,54856,58564],""d_5573b0db0575db32190a2ad27919a7aa"":[865,9107,43677,49274,53329,55192,57570,60771,61051,61741,65552,65560,65598,76481],""d_a2141adf93ec2a3c2ec2837b78d6d46e"":[59166,63008,68230,73670,78122,79441,85600],""d_9af9317c646a1c881bb5591c91817cc6"":[38852,53874,60090,84809,89942,96768,99390,102471,103505,106073,108388,119759,123991],""d_67e99e6eabc4aad9b5d48663b579746a"":[57826],""d_5c4ef48b025fdfbc80056401f06e3df9"":[28035],""d_300ddc8da4e8f7bdc1bfc62d0d99e2e7"":[6810,20667],""d_181005ca270b45408b4cdfc954980ca2"":[70257,72800,89939],""d_4130f1d9d365d9f1633536e959f62bb7"":[12250],""d_2b8c54b2a490d2fa36b925289e5d9572"":[44373,51358,53527,54518,66776],""d_df7d2d661c0c11a7c367c9ee4bf896c1"":[1777,3304,34042,41268,41269,49122,56847,93624,97379,127749,133399,141999,147542,154170,164099,170495,172225,176143,181601,181732,181759,183702,185230,188046,188227,196189,200545,203102,204529,206636,208409,208998,214417,224251],""d_72f37e5c5d192951ddc5513c2b134482"":[12649,48314,73020,85073,92290,92745,103631,111979,113814,119272,122591,124451],""d_0cc5f52a1f298b916f317800251057f3"":[20477],""d_e97e8e7fc55b85a38babf66b0fa46b73"":[31556],""d_af2042c77ffaf0db5d75561ce9ef5688"":[46186],""d_31af23fdb79119ed185c256f03cb5773"":[805,2870,3092,4555,12741,24875,26423,33598,36722,36766,36852,37029],""d_4e3db8955fdcda6f9944097bef3d2724"":[15170]},""530154"":{""d_5573b0db0575db32190a2ad27919a7aa"":[56229]}}",,[],
BEDOK,742,BEDOK RESERVOIR RD,12,Unmatched,Ambiguous,Missing,Missing,ConflictOrPreviouslyMatchedOutcomeChange,[11649],"{""470742"":{""d_8575e84912df3c28995b8e6e0e05205a"":[8276,55364,65375,80497,114716,115460,116017,116084,120090,126094,144055],""d_3a3807c023c61ddfba947dc069eb53f2"":[9129,44891,51960,52484,53198,54427,55960,56446,59625,84726,89036],""d_c0650f23e94c42e7a20921f4c5b75c24"":[2896,12042,72986,79556,80708,81878,83276,84532,87337,93362,96992,98858,103055,103570,103678,126018],""d_acbc938ec77af18f94cecc4a7c9ec720"":[3034,22408,37313,43668,54938,55147,55451,60953,65612,69210],""d_124a9bd407c7a25f8335b93b86e50fdd"":[4868,46698,47978,48062,58038],""d_4526d47d6714d3b052eed4a30b8b1ed6"":[38236,48795,49616,50786,52175,67423],""d_b58303c68e9cf0d2ae93b73ffdbfbfa1"":[55042,59923,61753,80556],""d_fa2ed456cf2b8597bb7e064b08fc3c7c"":[53454,54113,59194,62609,64030,70429,71128,71247,73243,75964,77333,77445,81604,81608,83117],""d_478f45a9c541cbe679ca55d1cd2b970b"":[5766,31231,31390,31824,36257,36536,38184,48440],""d_5573b0db0575db32190a2ad27919a7aa"":[21966,34959,49321,50399,53358,60529,63321,67901,74966,75797,76133],""d_a2141adf93ec2a3c2ec2837b78d6d46e"":[9531,27248,51744,56673,57229,57262,57279,57942,59556,61493,68199,80023,82180],""d_9af9317c646a1c881bb5591c91817cc6"":[63899,71367,75233,76771,78068,81765,82599,88778,99004,103947,106357,115633],""d_67e99e6eabc4aad9b5d48663b579746a"":[39338,42440,54771,56107,59381],""d_5c4ef48b025fdfbc80056401f06e3df9"":[2910,16653,29650,37011,41232],""d_181005ca270b45408b4cdfc954980ca2"":[4409,56008,61865,72133,86706,93513],""d_4130f1d9d365d9f1633536e959f62bb7"":[7918,10654],""d_2b8c54b2a490d2fa36b925289e5d9572"":[2801,7117,20514,38041,38463,38991,39791,40811,43754,45125,45508,48267,55788,57983,58843,62383],""d_df7d2d661c0c11a7c367c9ee4bf896c1"":[17770,115246,124631,131518,134024,135203,136324,138575,144602,156437,160725,162355,163875,180781,184869,189536,203371,211059],""d_72f37e5c5d192951ddc5513c2b134482"":[6512,9341,13784,15531,24502,38465,66993,70755,72299,74912,77513,78449,78958,80842,83418,93598,93743,96179,98477,103911,123339,126624,132526,137660],""d_e97e8e7fc55b85a38babf66b0fa46b73"":[31384],""d_af2042c77ffaf0db5d75561ce9ef5688"":[34270,34477,36610,40721,42898,43685,55199],""d_1cd970d8351b42be4a308d628a6dd9d3"":[6898,7194,7275],""d_31af23fdb79119ed185c256f03cb5773"":[19511,19675,20268,21481,23308,26248,27317,32493],""d_4e3db8955fdcda6f9944097bef3d2724"":[15162]},""471742"":{""d_8575e84912df3c28995b8e6e0e05205a"":[118829]},""470740"":{""d_3a3807c023c61ddfba947dc069eb53f2"":[65599]},""470724"":{""d_df7d2d661c0c11a7c367c9ee4bf896c1"":[158919]}}",,[],
BEDOK,744,BEDOK RESERVOIR RD,7,Unmatched,Ambiguous,Missing,Missing,ConflictOrPreviouslyMatchedOutcomeChange,[11660],"{""470744"":{""d_8575e84912df3c28995b8e6e0e05205a"":[78267,100227,100863,113102,121982,130931,159747],""d_3a3807c023c61ddfba947dc069eb53f2"":[39564,52763,53457,57623,60503,61407,61819,63876,71861,74424,76993,92660],""d_c0650f23e94c42e7a20921f4c5b75c24"":[321,26839,101027,102388,120342],""d_acbc938ec77af18f94cecc4a7c9ec720"":[39691,50821,51878,72048],""d_124a9bd407c7a25f8335b93b86e50fdd"":[13226,20769,45435,46624,47731,47750,48851,56041,64817,76346,77500],""d_4526d47d6714d3b052eed4a30b8b1ed6"":[2434,5113,12367,29409,37943,44990,45100,50860,52653,61572],""d_b58303c68e9cf0d2ae93b73ffdbfbfa1"":[18452,76848,82823],""d_fa2ed456cf2b8597bb7e064b08fc3c7c"":[45130,51171,52003,52195,55088,58580,62952,65085,68274,69036,71432,71519,74249,88421],""d_85518d970b8178975850457f60f1e738"":[34767,35090,35668,44018],""d_478f45a9c541cbe679ca55d1cd2b970b"":[38520,42729],""d_5573b0db0575db32190a2ad27919a7aa"":[13321,38223,42293,48032,51884,54147,60670,62174,68448],""d_a2141adf93ec2a3c2ec2837b78d6d46e"":[16199,25028,51039,51343,53441,57631,64507,64508,70149,71291,77724,79057],""d_9af9317c646a1c881bb5591c91817cc6"":[16186,26620,64450,65554,67215,72876,77209,77726,79072,90293],""d_67e99e6eabc4aad9b5d48663b579746a"":[56922],""d_5c4ef48b025fdfbc80056401f06e3df9"":[4384,24850,33409,39233,39262],""d_181005ca270b45408b4cdfc954980ca2"":[21345,56107,72924,74178,81370,81605,94988,98207],""d_2b8c54b2a490d2fa36b925289e5d9572"":[51886,56329],""d_df7d2d661c0c11a7c367c9ee4bf896c1"":[6147,118522,119294,147248,156445,156446,160973,172141,172947,182126],""d_72f37e5c5d192951ddc5513c2b134482"":[77127,84938,94896,100024,105015,120589,121533,138540,139252,141777],""d_af2042c77ffaf0db5d75561ce9ef5688"":[28295,37587,45748],""d_31af23fdb79119ed185c256f03cb5773"":[20471,22555,23599,25203,27216,30808],""d_4e3db8955fdcda6f9944097bef3d2724"":[5139,9847,13016,13814]},""470724"":{""d_c0650f23e94c42e7a20921f4c5b75c24"":[102363]}}",,[],
BISHAN,150,BISHAN ST 11,4,Unmatched,Ambiguous,Missing,Missing,ConflictOrPreviouslyMatchedOutcomeChange,[1772],"{""570150"":{""d_8575e84912df3c28995b8e6e0e05205a"":[40044,49464,79135,107777,112964,118610,133409,138948],""d_3a3807c023c61ddfba947dc069eb53f2"":[24124,54168,54535,54748,56433,56853,60312,61628,63787,70100,77487],""d_c0650f23e94c42e7a20921f4c5b75c24"":[33544,71814,82862,83746,128583],""d_acbc938ec77af18f94cecc4a7c9ec720"":[2005,12736,26325,28863,39201,40228,40233,40947,42564,45124,55423,60128],""d_124a9bd407c7a25f8335b93b86e50fdd"":[48130,51490,60072,68174],""d_b58303c68e9cf0d2ae93b73ffdbfbfa1"":[3081,18489,50305,57414,66751,67645],""d_fa2ed456cf2b8597bb7e064b08fc3c7c"":[35683,51245,53054,56362,69134,78065,84922],""d_85518d970b8178975850457f60f1e738"":[36325,37343,48912],""d_478f45a9c541cbe679ca55d1cd2b970b"":[37278,62075],""d_5573b0db0575db32190a2ad27919a7aa"":[45490,71345],""d_a2141adf93ec2a3c2ec2837b78d6d46e"":[54529,55297,56913,58143,67730,68240,68428,78161],""d_9af9317c646a1c881bb5591c91817cc6"":[60033,73489,74212,78532,79882,87121,91165,93672,124123],""d_67e99e6eabc4aad9b5d48663b579746a"":[7735,16954,36367,41665,44226,46551],""d_5c4ef48b025fdfbc80056401f06e3df9"":[6220,32405],""d_300ddc8da4e8f7bdc1bfc62d0d99e2e7"":[1695,5397,11418,11462],""d_181005ca270b45408b4cdfc954980ca2"":[7744,12117,60645,61008,61009,75186,84759],""d_4130f1d9d365d9f1633536e959f62bb7"":[8974,11206],""d_2b8c54b2a490d2fa36b925289e5d9572"":[16175,36085,43079,50193,52326,53927,60239],""d_df7d2d661c0c11a7c367c9ee4bf896c1"":[11167,12263,18788,61911,136697,137880,139246,140978,141358,142840,145169,149900,151009,160362,164022,165016,170234,175918,180304,189400,190505,196863,207100,214859,217202],""d_72f37e5c5d192951ddc5513c2b134482"":[51096,80097,84486,88105,95055,95948,104344,112848,129546],""d_0cc5f52a1f298b916f317800251057f3"":[18083],""d_e97e8e7fc55b85a38babf66b0fa46b73"":[18345,20398,23880],""d_af2042c77ffaf0db5d75561ce9ef5688"":[34842,35782,42359],""d_1cd970d8351b42be4a308d628a6dd9d3"":[8187],""d_31af23fdb79119ed185c256f03cb5773"":[28405,28453,32923],""d_4e3db8955fdcda6f9944097bef3d2724"":[13404]},""570152"":{""d_181005ca270b45408b4cdfc954980ca2"":[70084]}}",,[],
BISHAN,150A,BISHAN ST 11,11,Unmatched,Ambiguous,Missing,Missing,ConflictOrPreviouslyMatchedOutcomeChange,[1788],"{""571150"":{""d_8575e84912df3c28995b8e6e0e05205a"":[44144,79755,82299,101013,131334,150047,158728,163228,172027],""d_3a3807c023c61ddfba947dc069eb53f2"":[36791,55067,58840,63885,67189,67416,73833,81547,89038],""d_c0650f23e94c42e7a20921f4c5b75c24"":[2091,82694,86335,90555,91075,106533,127485],""d_acbc938ec77af18f94cecc4a7c9ec720"":[51030,57539],""d_124a9bd407c7a25f8335b93b86e50fdd"":[16517,52223,54679,77139],""d_4526d47d6714d3b052eed4a30b8b1ed6"":[40710,41396,42957,58169,60219],""d_b58303c68e9cf0d2ae93b73ffdbfbfa1"":[22309,23416,36350,48961,50895,53728,70703,81862],""d_fa2ed456cf2b8597bb7e064b08fc3c7c"":[12780,52594,54928,55216,59663,71085,76149,80881],""d_85518d970b8178975850457f60f1e738"":[12440,56388],""d_478f45a9c541cbe679ca55d1cd2b970b"":[26386,34489,39287,41166,42149,52734],""d_5573b0db0575db32190a2ad27919a7aa"":[50971,51595,53820,55038,56922,61912],""d_a2141adf93ec2a3c2ec2837b78d6d46e"":[8451,57041,57169,60039,61920,71418,87536],""d_9af9317c646a1c881bb5591c91817cc6"":[52629,76006,76059,81724,94249,105083],""d_67e99e6eabc4aad9b5d48663b579746a"":[18925,21264,22518,36552,38003],""d_5c4ef48b025fdfbc80056401f06e3df9"":[27692,28117],""d_300ddc8da4e8f7bdc1bfc62d0d99e2e7"":[5398,15143],""d_181005ca270b45408b4cdfc954980ca2"":[13642,22263,59363,74954,76613,88808,91757,92786,98476],""d_4130f1d9d365d9f1633536e959f62bb7"":[7839],""d_2b8c54b2a490d2fa36b925289e5d9572"":[12607,16229,21306,40459,45331,49116,66067,66330,67012],""d_df7d2d661c0c11a7c367c9ee4bf896c1"":[67950,131131,136497,138395,139167,145182,151079,151578,155001,164802,171382,174311,186969,214313,217449],""d_72f37e5c5d192951ddc5513c2b134482"":[66984,87254,89267,99527,99545,108767,123552,136374,142225],""d_0cc5f52a1f298b916f317800251057f3"":[23170,23497],""d_e97e8e7fc55b85a38babf66b0fa46b73"":[25475],""d_af2042c77ffaf0db5d75561ce9ef5688"":[24846,36149,45148],""d_1cd970d8351b42be4a308d628a6dd9d3"":[7596],""d_31af23fdb79119ed185c256f03cb5773"":[4675,27234],""d_4e3db8955fdcda6f9944097bef3d2724"":[13170]},""570150"":{""d_8575e84912df3c28995b8e6e0e05205a"":[125233],""d_3a3807c023c61ddfba947dc069eb53f2"":[66143]}}",,[],
BISHAN,151,BISHAN ST 11,4,Unmatched,Ambiguous,Missing,Missing,ConflictOrPreviouslyMatchedOutcomeChange,[1794],"{""570151"":{""d_8575e84912df3c28995b8e6e0e05205a"":[26023,49981,105504,170033,173785],""d_3a3807c023c61ddfba947dc069eb53f2"":[55191],""d_c0650f23e94c42e7a20921f4c5b75c24"":[26053,66374,73689,82614,83159,84711,89478,91785,99835,110408,121360,121818,127626,127755,129670],""d_acbc938ec77af18f94cecc4a7c9ec720"":[67791,70687],""d_124a9bd407c7a25f8335b93b86e50fdd"":[18545,68964],""d_4526d47d6714d3b052eed4a30b8b1ed6"":[41722],""d_fa2ed456cf2b8597bb7e064b08fc3c7c"":[56826,64315,69998,85588],""d_85518d970b8178975850457f60f1e738"":[3241],""d_478f45a9c541cbe679ca55d1cd2b970b"":[12645,18964,30950,51529,60466,61285],""d_5573b0db0575db32190a2ad27919a7aa"":[35973,63902,70772],""d_a2141adf93ec2a3c2ec2837b78d6d46e"":[18844,21508,53540,55108,61252,73672,81249],""d_9af9317c646a1c881bb5591c91817cc6"":[74369,86703,87806,101278,103100,107054],""d_67e99e6eabc4aad9b5d48663b579746a"":[13666,18215,19273,26987,37289],""d_5c4ef48b025fdfbc80056401f06e3df9"":[25333,27420,29694],""d_300ddc8da4e8f7bdc1bfc62d0d99e2e7"":[5595],""d_181005ca270b45408b4cdfc954980ca2"":[31210],""d_df7d2d661c0c11a7c367c9ee4bf896c1"":[142164,142610,143359,150761,151354,152923,153917,157392,178101,192027,192397,204894,208748,228384],""d_72f37e5c5d192951ddc5513c2b134482"":[21913,46734,82533,84067,85182,97566,116532],""d_e97e8e7fc55b85a38babf66b0fa46b73"":[26186,35755],""d_af2042c77ffaf0db5d75561ce9ef5688"":[10577,43085],""d_31af23fdb79119ed185c256f03cb5773"":[13537]},""510440"":{""d_181005ca270b45408b4cdfc954980ca2"":[59290]}}",,[],
BISHAN,252,BISHAN ST 22,13,Unmatched,Ambiguous,Missing,Missing,ConflictOrPreviouslyMatchedOutcomeChange,[4061],"{""570252"":{""d_8575e84912df3c28995b8e6e0e05205a"":[143936,156260],""d_3a3807c023c61ddfba947dc069eb53f2"":[94575],""d_c0650f23e94c42e7a20921f4c5b75c24"":[67526,131070],""d_acbc938ec77af18f94cecc4a7c9ec720"":[34154],""d_124a9bd407c7a25f8335b93b86e50fdd"":[79610],""d_4526d47d6714d3b052eed4a30b8b1ed6"":[67290],""d_b58303c68e9cf0d2ae93b73ffdbfbfa1"":[79337],""d_fa2ed456cf2b8597bb7e064b08fc3c7c"":[63735,85974],""d_85518d970b8178975850457f60f1e738"":[8371,46162],""d_df7d2d661c0c11a7c367c9ee4bf896c1"":[11365,197289],""d_72f37e5c5d192951ddc5513c2b134482"":[107445,125420],""d_0cc5f52a1f298b916f317800251057f3"":[9830],""d_1cd970d8351b42be4a308d628a6dd9d3"":[6797],""d_31af23fdb79119ed185c256f03cb5773"":[25916],""d_4e3db8955fdcda6f9944097bef3d2724"":[12469]},""570282"":{""d_c0650f23e94c42e7a20921f4c5b75c24"":[93672]}}",,[],
BUKIT MERAH,1,TELOK BLANGAH CRES,34,Unmatched,Ambiguous,Missing,Missing,ConflictOrPreviouslyMatchedOutcomeChange,[32],"{""098915"":{""d_8575e84912df3c28995b8e6e0e05205a"":[33241],""d_a2141adf93ec2a3c2ec2837b78d6d46e"":[70664]},""090001"":{""d_8575e84912df3c28995b8e6e0e05205a"":[151327,164670,167647],""d_3a3807c023c61ddfba947dc069eb53f2"":[51454,81564],""d_c0650f23e94c42e7a20921f4c5b75c24"":[130857,134112,135882],""d_acbc938ec77af18f94cecc4a7c9ec720"":[61705,62404],""d_b58303c68e9cf0d2ae93b73ffdbfbfa1"":[74368],""d_fa2ed456cf2b8597bb7e064b08fc3c7c"":[38336,50448,77179],""d_5573b0db0575db32190a2ad27919a7aa"":[66205],""d_a2141adf93ec2a3c2ec2837b78d6d46e"":[21667,66583,67316,78818],""d_9af9317c646a1c881bb5591c91817cc6"":[110938],""d_67e99e6eabc4aad9b5d48663b579746a"":[16654,57714],""d_5c4ef48b025fdfbc80056401f06e3df9"":[34971,38263],""d_2b8c54b2a490d2fa36b925289e5d9572"":[61819],""d_df7d2d661c0c11a7c367c9ee4bf896c1"":[93875,99537,168888,196419,204798,224418,228107,231991],""d_72f37e5c5d192951ddc5513c2b134482"":[108686,112561],""d_0cc5f52a1f298b916f317800251057f3"":[21663],""d_e97e8e7fc55b85a38babf66b0fa46b73"":[26950,31207],""d_af2042c77ffaf0db5d75561ce9ef5688"":[50095,52941],""d_31af23fdb79119ed185c256f03cb5773"":[18125,37858],""d_4e3db8955fdcda6f9944097bef3d2724"":[15650]},""0409"":{""d_c0650f23e94c42e7a20921f4c5b75c24"":[74730],""d_b58303c68e9cf0d2ae93b73ffdbfbfa1"":[49807],""d_5573b0db0575db32190a2ad27919a7aa"":[36400,39704,40354],""d_a2141adf93ec2a3c2ec2837b78d6d46e"":[43284,43285],""d_181005ca270b45408b4cdfc954980ca2"":[52835]}}",,[],
BUKIT MERAH,22,HAVELOCK RD,45,Unmatched,Ambiguous,Missing,Missing,ConflictOrPreviouslyMatchedOutcomeChange,[3368],"{""160022"":{""d_8575e84912df3c28995b8e6e0e05205a"":[22114,28430,45774,47701,64906,112043,114123,114697,116180,131109,133605,135076,138224,154192,159891,161393,166304,172606],""d_3a3807c023c61ddfba947dc069eb53f2"":[21476,64715,66628,75479,76252,77701,78159,78208,84660,90415,91274],""d_c0650f23e94c42e7a20921f4c5b75c24"":[149,173,357,1546,28611,34405,35839,62987,71582,72836,91150,100624,112197,118057,121510,121962,138670],""d_acbc938ec77af18f94cecc4a7c9ec720"":[7334,36943,47347,48585,52136,55521],""d_124a9bd407c7a25f8335b93b86e50fdd"":[5519,54832,67043,71352,72541],""d_4526d47d6714d3b052eed4a30b8b1ed6"":[7384,28884,45828,55402,68835,68844],""d_b58303c68e9cf0d2ae93b73ffdbfbfa1"":[6273,18223,48945,49222,49228,54846,63812,66438,76881,84185],""d_fa2ed456cf2b8597bb7e064b08fc3c7c"":[283,56521,60677,70785,72618,72668,75341,77297,88635],""d_85518d970b8178975850457f60f1e738"":[15717,30367,39553,46240,48058,51946],""d_478f45a9c541cbe679ca55d1cd2b970b"":[6454,7929,11837,20696,41662,42158,43760,49689,54171],""d_5573b0db0575db32190a2ad27919a7aa"":[192,735,946,1787,22691,35797,38304,38471,40192,47743,49232,53644,53890,55905,61196,63803,68079,71407,72054],""d_a2141adf93ec2a3c2ec2837b78d6d46e"":[9654,20537,43241,47172,53864,57580,61119,63389,70370,70481,71454,72728,73963],""d_9af9317c646a1c881bb5591c91817cc6"":[65544,74963,86379,88185,117551],""d_67e99e6eabc4aad9b5d48663b579746a"":[87,1589,3397,8724,28544,42445,42995,47238,47729,60011],""d_5c4ef48b025fdfbc80056401f06e3df9"":[30157,40018],""d_300ddc8da4e8f7bdc1bfc62d0d99e2e7"":[12380,14426,14560,20863],""d_181005ca270b45408b4cdfc954980ca2"":[32750,51043,64510,67129,67471,70177,74465,80463],""d_4130f1d9d365d9f1633536e959f62bb7"":[9061],""d_2b8c54b2a490d2fa36b925289e5d9572"":[67837,70594],""d_df7d2d661c0c11a7c367c9ee4bf896c1"":[315,1120,1244,15209,18453,45248,58168,58267,86668,112094,130713,134364,136061,140562,151415,153208,153922,156393,170628,171112,184765,187327,189240,198157,200022,202608,203405,207861,213989,220440,224167,227598,230608,230717,232365,233202],""d_72f37e5c5d192951ddc5513c2b134482"":[364,21000,26706,31207,52080,53234,67472,71949,74983,91163,93212,99981,100451,104441,104988,105732,108818,112216,115018,115288,118533,124851,126110,130609,137473],""d_0cc5f52a1f298b916f317800251057f3"":[13608],""d_e97e8e7fc55b85a38babf66b0fa46b73"":[942,6793,22001],""d_af2042c77ffaf0db5d75561ce9ef5688"":[33454,39250,39604,43299,46017,48568,51846],""d_1cd970d8351b42be4a308d628a6dd9d3"":[1816],""d_31af23fdb79119ed185c256f03cb5773"":[18649,27397],""d_4e3db8955fdcda6f9944097bef3d2724"":[10801]},""161022"":{""d_85518d970b8178975850457f60f1e738"":[41942],""d_181005ca270b45408b4cdfc954980ca2"":[67815]},""161054"":{""d_478f45a9c541cbe679ca55d1cd2b970b"":[39790]}}",,[],
BUKIT MERAH,28,HOY FATT RD,35,Unmatched,Ambiguous,Missing,Missing,ConflictOrPreviouslyMatchedOutcomeChange,[4608],"{""151028"":{""d_8575e84912df3c28995b8e6e0e05205a"":[109337,124338,132710],""d_3a3807c023c61ddfba947dc069eb53f2"":[58857,90683],""d_c0650f23e94c42e7a20921f4c5b75c24"":[1440,1681,18273,57873,65472,74123,88807,115623,127512,136524],""d_acbc938ec77af18f94cecc4a7c9ec720"":[7283,29610,47125,51872,56844,67611],""d_124a9bd407c7a25f8335b93b86e50fdd"":[45789,60900,70939,70969],""d_4526d47d6714d3b052eed4a30b8b1ed6"":[40055,43575,47007],""d_b58303c68e9cf0d2ae93b73ffdbfbfa1"":[638,60602,71800,79842],""d_fa2ed456cf2b8597bb7e064b08fc3c7c"":[67278,69977],""d_85518d970b8178975850457f60f1e738"":[33683,38095,52398,53547],""d_478f45a9c541cbe679ca55d1cd2b970b"":[51316,52229],""d_5573b0db0575db32190a2ad27919a7aa"":[52821,68320,73258],""d_a2141adf93ec2a3c2ec2837b78d6d46e"":[2034,89214,89274],""d_9af9317c646a1c881bb5591c91817cc6"":[15884,55206,61094,62803,64908,108379,108476],""d_5c4ef48b025fdfbc80056401f06e3df9"":[33169],""d_300ddc8da4e8f7bdc1bfc62d0d99e2e7"":[923],""d_181005ca270b45408b4cdfc954980ca2"":[21810,21811,24788,31487,72191,73377,76908,77205,77496,80722,80723,87554,88620,98583],""d_4130f1d9d365d9f1633536e959f62bb7"":[6563],""d_2b8c54b2a490d2fa36b925289e5d9572"":[163,47584,70951],""d_df7d2d661c0c11a7c367c9ee4bf896c1"":[124294,185588,197599,214473,224782,225283,225652],""d_72f37e5c5d192951ddc5513c2b134482"":[74494,101809,113554,118159,128970],""d_e97e8e7fc55b85a38babf66b0fa46b73"":[36500],""d_af2042c77ffaf0db5d75561ce9ef5688"":[27251,41650,47924],""d_1cd970d8351b42be4a308d628a6dd9d3"":[6326,9791],""d_31af23fdb79119ed185c256f03cb5773"":[18127,27013,30085],""d_4e3db8955fdcda6f9944097bef3d2724"":[14148,15165]},""150128"":{""d_9af9317c646a1c881bb5591c91817cc6"":[84610],""d_67e99e6eabc4aad9b5d48663b579746a"":[39151,40158]}}",,[],
BUKIT MERAH,36,BEO CRES,27,Unmatched,Ambiguous,Missing,Missing,ConflictOrPreviouslyMatchedOutcomeChange,[6166],"{""160036"":{""d_8575e84912df3c28995b8e6e0e05205a"":[130460,155371,165229],""d_3a3807c023c61ddfba947dc069eb53f2"":[64829,70314,70947],""d_c0650f23e94c42e7a20921f4c5b75c24"":[50714,70105,90236,92278,106545,111056,117215,123600,139662],""d_acbc938ec77af18f94cecc4a7c9ec720"":[17233,26279,39174,41307,53023],""d_124a9bd407c7a25f8335b93b86e50fdd"":[617,23771,47200,47654,55006,64007,67640,77882],""d_4526d47d6714d3b052eed4a30b8b1ed6"":[18405,47061,52769,53236,54666],""d_b58303c68e9cf0d2ae93b73ffdbfbfa1"":[24814,53876,74001,84225],""d_fa2ed456cf2b8597bb7e064b08fc3c7c"":[397,63513,79032,87182],""d_85518d970b8178975850457f60f1e738"":[48985,54249],""d_478f45a9c541cbe679ca55d1cd2b970b"":[28997,47169],""d_5573b0db0575db32190a2ad27919a7aa"":[6637,17132,40826,68910,71172],""d_a2141adf93ec2a3c2ec2837b78d6d46e"":[569,21785,30629,42619,49662,53428],""d_9af9317c646a1c881bb5591c91817cc6"":[641,18093,87334,90483,92792,107253,123719],""d_5c4ef48b025fdfbc80056401f06e3df9"":[7035,25179,30402,31016,34811,40504],""d_300ddc8da4e8f7bdc1bfc62d0d99e2e7"":[14016,18238],""d_181005ca270b45408b4cdfc954980ca2"":[28434,28435,59396,61332,84816],""d_df7d2d661c0c11a7c367c9ee4bf896c1"":[1237,62584,128252,137409,141653,147758,163543,187956,189645,205591,209561],""d_72f37e5c5d192951ddc5513c2b134482"":[92782,110417,129883],""d_e97e8e7fc55b85a38babf66b0fa46b73"":[30138,32094],""d_af2042c77ffaf0db5d75561ce9ef5688"":[14872,47451],""d_31af23fdb79119ed185c256f03cb5773"":[20766,24392,27778,33373],""d_4e3db8955fdcda6f9944097bef3d2724"":[3570,7683]},""160003"":{""d_a2141adf93ec2a3c2ec2837b78d6d46e"":[63038]}}","{""CacheKey"":""bukit-merah-36-beo-cres"",""SearchValue"":""36 BEO CRES SINGAPORE"",""Status"":""HistoricalFirstHit"",""Postal"":""160036"",""UpdatedAt"":""2026-05-24T10:26:43.005Z""}",[],
BUKIT MERAH,38,BEO CRES,16,Unmatched,Ambiguous,Missing,Missing,ConflictOrPreviouslyMatchedOutcomeChange,[6388],"{""160038"":{""d_8575e84912df3c28995b8e6e0e05205a"":[97623,106614,119667,136086,140366,142497,164533],""d_3a3807c023c61ddfba947dc069eb53f2"":[18567,37195,60297,61154,65323,73149,88873],""d_c0650f23e94c42e7a20921f4c5b75c24"":[1276,70526,74139,81081,88207,90874,96204,108167,111692,113857,113982],""d_acbc938ec77af18f94cecc4a7c9ec720"":[9364,51622],""d_124a9bd407c7a25f8335b93b86e50fdd"":[42000,63567,64170,76649],""d_4526d47d6714d3b052eed4a30b8b1ed6"":[125,29138,31396,35318,45599,59229,59745],""d_b58303c68e9cf0d2ae93b73ffdbfbfa1"":[201,26358,46752,58912,73821],""d_fa2ed456cf2b8597bb7e064b08fc3c7c"":[712,789,54933,67764,71649,72124,75455,76965],""d_85518d970b8178975850457f60f1e738"":[62,33523,44519,45613,48509],""d_478f45a9c541cbe679ca55d1cd2b970b"":[19593,27142,28321,33779,40831,44452,44680,46855,48680,51747,67589],""d_5573b0db0575db32190a2ad27919a7aa"":[1801,31173,43452,51562,57621,58223,59681,60416,62394,64372,64767],""d_a2141adf93ec2a3c2ec2837b78d6d46e"":[578,1023,44730,47460,60224,65779,71068,73626,76196,76742,84533],""d_9af9317c646a1c881bb5591c91817cc6"":[39336,64023,86719,96493,99199,100528,104371,115644],""d_67e99e6eabc4aad9b5d48663b579746a"":[43149,45902,47290,58331],""d_300ddc8da4e8f7bdc1bfc62d0d99e2e7"":[15816],""d_181005ca270b45408b4cdfc954980ca2"":[33915,61814,67754,79511,85201,87226,87877],""d_4130f1d9d365d9f1633536e959f62bb7"":[11719],""d_2b8c54b2a490d2fa36b925289e5d9572"":[25527,36685,47178],""d_df7d2d661c0c11a7c367c9ee4bf896c1"":[64021,160018,171758,171804,178326,186975,188910,189474,193305,204669,227291],""d_72f37e5c5d192951ddc5513c2b134482"":[1444,20231,55565,68188,81862,90785,93165,98036,99209,100079,112077,121937,140584],""d_e97e8e7fc55b85a38babf66b0fa46b73"":[1582,20451,29099],""d_af2042c77ffaf0db5d75561ce9ef5688"":[182,236,42165,44384,48384],""d_1cd970d8351b42be4a308d628a6dd9d3"":[7824,8012],""d_31af23fdb79119ed185c256f03cb5773"":[9951,11820,31309,36282],""d_4e3db8955fdcda6f9944097bef3d2724"":[14425]},""460510"":{""d_b58303c68e9cf0d2ae93b73ffdbfbfa1"":[61943]},""160068"":{""d_df7d2d661c0c11a7c367c9ee4bf896c1"":[167638]}}",,[],
BUKIT MERAH,38,TELOK BLANGAH RISE,3,ExactAddress,Ambiguous,BlockApproximation,Missing,ConflictOrPreviouslyMatchedOutcomeChange,[6402],"{""090038"":{""d_8575e84912df3c28995b8e6e0e05205a"":[9117,66868,106283,110126,112443,135775,140605,148650],""d_3a3807c023c61ddfba947dc069eb53f2"":[811,57388,64395,88124],""d_c0650f23e94c42e7a20921f4c5b75c24"":[82132,95496,137625],""d_acbc938ec77af18f94cecc4a7c9ec720"":[45857],""d_124a9bd407c7a25f8335b93b86e50fdd"":[60680,60683,82516],""d_4526d47d6714d3b052eed4a30b8b1ed6"":[17732,68807],""d_b58303c68e9cf0d2ae93b73ffdbfbfa1"":[56877,70235],""d_fa2ed456cf2b8597bb7e064b08fc3c7c"":[33123,69838],""d_85518d970b8178975850457f60f1e738"":[48520],""d_478f45a9c541cbe679ca55d1cd2b970b"":[37276,43100,44544],""d_5573b0db0575db32190a2ad27919a7aa"":[9553,47434,51477,55465,68895,73344,73898],""d_a2141adf93ec2a3c2ec2837b78d6d46e"":[64935],""d_9af9317c646a1c881bb5591c91817cc6"":[963,5179,46522,77596,80354],""d_67e99e6eabc4aad9b5d48663b579746a"":[241,12287,22788,38105,44054,51691,54680,56911],""d_181005ca270b45408b4cdfc954980ca2"":[59792,85150,93679],""d_2b8c54b2a490d2fa36b925289e5d9572"":[35328,45395,47000,48197,48612,49025],""d_df7d2d661c0c11a7c367c9ee4bf896c1"":[9861,118736,120125,141703,155054,169018,184132,188390,221942],""d_72f37e5c5d192951ddc5513c2b134482"":[67701,70256,72147,80566,82611,87443,115723,121222,126829],""d_0cc5f52a1f298b916f317800251057f3"":[9722],""d_e97e8e7fc55b85a38babf66b0fa46b73"":[31122],""d_af2042c77ffaf0db5d75561ce9ef5688"":[15355,27705,27722],""d_1cd970d8351b42be4a308d628a6dd9d3"":[1475],""d_31af23fdb79119ed185c256f03cb5773"":[24136,24244],""d_4e3db8955fdcda6f9944097bef3d2724"":[17,4423]},""090033"":{""d_df7d2d661c0c11a7c367c9ee4bf896c1"":[167583]}}",,[],
BUKIT MERAH,46,TELOK BLANGAH DR,6,Unmatched,Ambiguous,Missing,Missing,ConflictOrPreviouslyMatchedOutcomeChange,[7781],"{""100046"":{""d_8575e84912df3c28995b8e6e0e05205a"":[154189],""d_3a3807c023c61ddfba947dc069eb53f2"":[54421,68653],""d_c0650f23e94c42e7a20921f4c5b75c24"":[2707,25722,32018,65315,97514,102206,124708,124803],""d_124a9bd407c7a25f8335b93b86e50fdd"":[54196,55689],""d_4526d47d6714d3b052eed4a30b8b1ed6"":[39961,40845,54778],""d_fa2ed456cf2b8597bb7e064b08fc3c7c"":[65933,76550],""d_478f45a9c541cbe679ca55d1cd2b970b"":[41276],""d_5573b0db0575db32190a2ad27919a7aa"":[241,34571,39251,40803,41989,43771,55279],""d_a2141adf93ec2a3c2ec2837b78d6d46e"":[42668,48325,69656,70790,81404,92089],""d_9af9317c646a1c881bb5591c91817cc6"":[77959,95533,106540],""d_67e99e6eabc4aad9b5d48663b579746a"":[37137,40566],""d_5c4ef48b025fdfbc80056401f06e3df9"":[31021,32153,32949],""d_300ddc8da4e8f7bdc1bfc62d0d99e2e7"":[13903,17935],""d_4130f1d9d365d9f1633536e959f62bb7"":[10982],""d_2b8c54b2a490d2fa36b925289e5d9572"":[49925],""d_df7d2d661c0c11a7c367c9ee4bf896c1"":[121333,128215,158123,163244,167820,181980],""d_72f37e5c5d192951ddc5513c2b134482"":[70745,87651,97569],""d_0cc5f52a1f298b916f317800251057f3"":[14687],""d_e97e8e7fc55b85a38babf66b0fa46b73"":[2532],""d_31af23fdb79119ed185c256f03cb5773"":[13100,20427]},""100045"":{""d_4130f1d9d365d9f1633536e959f62bb7"":[7946]}}",,[],
BUKIT MERAH,50,HAVELOCK RD,12,Unmatched,Ambiguous,Missing,Missing,ConflictOrPreviouslyMatchedOutcomeChange,[8421],"{""160050"":{""d_8575e84912df3c28995b8e6e0e05205a"":[5083,5397,6663,7673,14335,15770,16927,18410,19293,21251,21283,21516,21926,23180,26454,26455,29356,35485,38491,38560,38776,39273,41841,47156,49472,52029,56756,58228,61028,64552,68104,82726,86058,97898,136451],""d_3a3807c023c61ddfba947dc069eb53f2"":[832,4512,4831,12064,12874,13268,13882,17354,19284,20339,22151,23231,29287,32202,32562,36349,38746,47989,52667,82227,86928,89527],""d_c0650f23e94c42e7a20921f4c5b75c24"":[1497,2101,3758,9403,11817,12330,12678,14230,15665,16966,18001,19300,19320,19388,20620,20868,24208,26902,27046,27548,28355,29944,37905,40063,44271,47464,48609,50052,52746,54758,63289,73034,78077,78812,89817],""d_acbc938ec77af18f94cecc4a7c9ec720"":[238,4628,4684,7880,9740,11378,12244,12310,12799,15000,20743,22310,24371,27393,27641,27647,30005,35384,59874],""d_124a9bd407c7a25f8335b93b86e50fdd"":[392,6000,7754,9360,10854,11416,11504,11511,12079,12673,12787,13609,16144,19972,20324,27754,28086,44546,57019,81448,83156],""d_4526d47d6714d3b052eed4a30b8b1ed6"":[3263,3319,5108,8107,9517,10101,12693,14499,15799,18063,19023,23330,23565,28096,38742],""d_b58303c68e9cf0d2ae93b73ffdbfbfa1"":[782,3966,4444,5826,6121,6413,7253,7335,7355,10337,13701,14315,14891,16324,18026,23318,23743,24697,25545,25715,26461,26739,30793,33346,35336,35728,47606,48197,48601,49941],""d_fa2ed456cf2b8597bb7e064b08fc3c7c"":[5800,6036,6685,8353,9307,10024,12699,12808,12809,15614,15747,16368,17490,18140,18185,19459,20088,21110,22603,22643,27987,27988,27989,28162,40295,44291,46820,47742,50827],""d_85518d970b8178975850457f60f1e738"":[3281,4649,7202,7515,10022,10031,10032,13460,13461,14790,15060,20624,20978,23376,24341,34425,48775,52618],""d_478f45a9c541cbe679ca55d1cd2b970b"":[210,5108,6531,8109,8730,11172,12184,13696,20347,22616,28619,28770,31662],""d_5573b0db0575db32190a2ad27919a7aa"":[978,5309,5686,8459,9048,9120,9304,11099,11698,12761,12959,14727,22782,26690,40084,48940,50120,72559],""d_a2141adf93ec2a3c2ec2837b78d6d46e"":[5421,7809,9709,12895,16035,19703,23950,45118,46558,46878,47074,50202,90932],""d_9af9317c646a1c881bb5591c91817cc6"":[5338,5441,6625,7143,8578,8840,9008,9222,9648,10901,13419,14003,15465,17589,20138,20167,21476,21811,22514,22657,22683,23881,24397,25406,26751,27974,29112,34388,34948,36241,38112,40246,64527,64616,67501,68657,72501,73890,78864,121490],""d_67e99e6eabc4aad9b5d48663b579746a"":[824,1035,3289,4531,5005,6360,8288,9131,9508,10139,11238,11519,12537,12549,28497,33514],""d_5c4ef48b025fdfbc80056401f06e3df9"":[2762,6561,13865],""d_300ddc8da4e8f7bdc1bfc62d0d99e2e7"":[1055,7090,10301,10538],""d_181005ca270b45408b4cdfc954980ca2"":[11101,11535,12000,14006,15050,17193,19583,24148,26888,27148,34089,35350,40136,92695],""d_4130f1d9d365d9f1633536e959f62bb7"":[789,3173,3751],""d_2b8c54b2a490d2fa36b925289e5d9572"":[5106,10175,13891,14576,14913,17403,17939,18138,18743,23244,30717],""d_df7d2d661c0c11a7c367c9ee4bf896c1"":[3407,4520,14263,17297,18616,18918,21580,28808,30712,33436,33570,35569,37005,37093,38732,39459,40928,48284,49675,50062,50911,53475,57186,57321,61316,63166,66693,70253,70345,71195,72522,72557,73779,81284,84874,87028,88676,90423,95260,107269,109139,121737,122460,122868,127118,132438,135136,138767,220598],""d_72f37e5c5d192951ddc5513c2b134482"":[4612,5280,7176,9626,9905,12285,12570,15333,15412,15857,19047,19282,19283,19760,20238,20967,21285,24699,25052,26042,26364,27287,29038,40007,40148,42467,43714,46767,48077,49604,53596,55257,74192,74519,75753,78833,84864,134788],""d_0cc5f52a1f298b916f317800251057f3"":[3859,5738,9120,15218],""d_e97e8e7fc55b85a38babf66b0fa46b73"":[3193,4754,6405,8764,21853],""d_af2042c77ffaf0db5d75561ce9ef5688"":[414,4598,6033,6117,7010,8803,11109,17375,17463,20122,21206,22319,28812,29576,30511,31515,33771],""d_1cd970d8351b42be4a308d628a6dd9d3"":[44,118,1260,1442,1662,7513,11732,12754],""d_31af23fdb79119ed185c256f03cb5773"":[2113,2392,3112,3562,3628,4753,4802,5772,8441,9304,16540,19347,19940],""d_4e3db8955fdcda6f9944097bef3d2724"":[1615,2231,2997]},""160036"":{""d_72f37e5c5d192951ddc5513c2b134482"":[91590]}}",,[],
BUKIT MERAH,56,HAVELOCK RD,33,Unmatched,Ambiguous,Missing,Missing,ConflictOrPreviouslyMatchedOutcomeChange,[9346],"{""161056"":{""d_8575e84912df3c28995b8e6e0e05205a"":[81529],""d_3a3807c023c61ddfba947dc069eb53f2"":[33546,40119,93951],""d_c0650f23e94c42e7a20921f4c5b75c24"":[46384,50823,127956,137987],""d_acbc938ec77af18f94cecc4a7c9ec720"":[66352],""d_124a9bd407c7a25f8335b93b86e50fdd"":[72674,76856,78358,85335],""d_4526d47d6714d3b052eed4a30b8b1ed6"":[13993,17508,43396,57616],""d_b58303c68e9cf0d2ae93b73ffdbfbfa1"":[41360,73657,77249,79021,83066],""d_fa2ed456cf2b8597bb7e064b08fc3c7c"":[25745,82325],""d_85518d970b8178975850457f60f1e738"":[45831],""d_478f45a9c541cbe679ca55d1cd2b970b"":[58627],""d_5573b0db0575db32190a2ad27919a7aa"":[27582,27587,65977,67498],""d_a2141adf93ec2a3c2ec2837b78d6d46e"":[81136,82514,84831],""d_9af9317c646a1c881bb5591c91817cc6"":[5087,51996],""d_5c4ef48b025fdfbc80056401f06e3df9"":[36113],""d_300ddc8da4e8f7bdc1bfc62d0d99e2e7"":[6240],""d_181005ca270b45408b4cdfc954980ca2"":[88797,91919],""d_2b8c54b2a490d2fa36b925289e5d9572"":[22870],""d_0cc5f52a1f298b916f317800251057f3"":[17630],""d_e97e8e7fc55b85a38babf66b0fa46b73"":[14176],""d_af2042c77ffaf0db5d75561ce9ef5688"":[22082],""d_31af23fdb79119ed185c256f03cb5773"":[30828,33802]},""169661"":{""d_478f45a9c541cbe679ca55d1cd2b970b"":[43631]}}",,[],
BUKIT MERAH,6,KIM TIAN RD,6,Unmatched,Ambiguous,Missing,Missing,ConflictOrPreviouslyMatchedOutcomeChange,[9637],"{""169246"":{""d_8575e84912df3c28995b8e6e0e05205a"":[1908],""d_3a3807c023c61ddfba947dc069eb53f2"":[61005],""d_c0650f23e94c42e7a20921f4c5b75c24"":[97164],""d_4526d47d6714d3b052eed4a30b8b1ed6"":[30541],""d_9af9317c646a1c881bb5591c91817cc6"":[84791,89273],""d_67e99e6eabc4aad9b5d48663b579746a"":[43235],""d_31af23fdb79119ed185c256f03cb5773"":[24504]},""163006"":{""d_8575e84912df3c28995b8e6e0e05205a"":[59735,100649,147323,171315],""d_124a9bd407c7a25f8335b93b86e50fdd"":[9645],""d_fa2ed456cf2b8597bb7e064b08fc3c7c"":[77215],""d_9af9317c646a1c881bb5591c91817cc6"":[104594,114504],""d_67e99e6eabc4aad9b5d48663b579746a"":[36376],""d_181005ca270b45408b4cdfc954980ca2"":[18344,75164],""d_2b8c54b2a490d2fa36b925289e5d9572"":[52646],""d_df7d2d661c0c11a7c367c9ee4bf896c1"":[41652,214843,231069],""d_af2042c77ffaf0db5d75561ce9ef5688"":[22608,25294,45125,55596],""d_1cd970d8351b42be4a308d628a6dd9d3"":[2061]},""0316"":{""d_3a3807c023c61ddfba947dc069eb53f2"":[229,242,50427,51893,58540],""d_181005ca270b45408b4cdfc954980ca2"":[51783],""d_df7d2d661c0c11a7c367c9ee4bf896c1"":[2556]}}",,[],
BUKIT TIMAH,18,TOH YI DR,3,Unmatched,Ambiguous,Missing,Missing,ConflictOrPreviouslyMatchedOutcomeChange,[2409],"{""590018"":{""d_8575e84912df3c28995b8e6e0e05205a"":[112206,117060,162863],""d_c0650f23e94c42e7a20921f4c5b75c24"":[90896,93090],""d_acbc938ec77af18f94cecc4a7c9ec720"":[57356,61799],""d_4526d47d6714d3b052eed4a30b8b1ed6"":[40095,40274,40489,47574,57428],""d_b58303c68e9cf0d2ae93b73ffdbfbfa1"":[60390,63190,64200],""d_fa2ed456cf2b8597bb7e064b08fc3c7c"":[242,62453,69076,69881,71849],""d_478f45a9c541cbe679ca55d1cd2b970b"":[44490],""d_a2141adf93ec2a3c2ec2837b78d6d46e"":[33240,52505,53979,77559,79040,83642,88444],""d_9af9317c646a1c881bb5591c91817cc6"":[57549,59742,119345],""d_67e99e6eabc4aad9b5d48663b579746a"":[45771,55164],""d_300ddc8da4e8f7bdc1bfc62d0d99e2e7"":[9160,14985],""d_181005ca270b45408b4cdfc954980ca2"":[56452,66953,68608,68804,73378,99284],""d_4130f1d9d365d9f1633536e959f62bb7"":[8432],""d_2b8c54b2a490d2fa36b925289e5d9572"":[50355],""d_df7d2d661c0c11a7c367c9ee4bf896c1"":[769,140165,155953,199440,204730,219453],""d_72f37e5c5d192951ddc5513c2b134482"":[15078,111391],""d_e97e8e7fc55b85a38babf66b0fa46b73"":[23600],""d_af2042c77ffaf0db5d75561ce9ef5688"":[3075,16613,35676,40815],""d_31af23fdb79119ed185c256f03cb5773"":[21469,24970,28863,28945]},""599018"":{""d_8575e84912df3c28995b8e6e0e05205a"":[123359]}}",,[],
BUKIT TIMAH,2,QUEEN'S RD,21,Unmatched,Ambiguous,Missing,Missing,ConflictOrPreviouslyMatchedOutcomeChange,[2749],"{""260002"":{""d_8575e84912df3c28995b8e6e0e05205a"":[51887,148233,150256],""d_3a3807c023c61ddfba947dc069eb53f2"":[66363,68863,77078],""d_c0650f23e94c42e7a20921f4c5b75c24"":[64842,123353],""d_124a9bd407c7a25f8335b93b86e50fdd"":[78435],""d_fa2ed456cf2b8597bb7e064b08fc3c7c"":[3848],""d_478f45a9c541cbe679ca55d1cd2b970b"":[11713,24299,59298],""d_5573b0db0575db32190a2ad27919a7aa"":[38207,65222],""d_67e99e6eabc4aad9b5d48663b579746a"":[49016],""d_5c4ef48b025fdfbc80056401f06e3df9"":[37341],""d_181005ca270b45408b4cdfc954980ca2"":[84459],""d_4130f1d9d365d9f1633536e959f62bb7"":[9838],""d_2b8c54b2a490d2fa36b925289e5d9572"":[59188],""d_df7d2d661c0c11a7c367c9ee4bf896c1"":[100056,127540],""d_af2042c77ffaf0db5d75561ce9ef5688"":[11440,11989,23986,49405]},""1026"":{""d_124a9bd407c7a25f8335b93b86e50fdd"":[45725,46352],""d_5573b0db0575db32190a2ad27919a7aa"":[34970]},""266733"":{""d_9af9317c646a1c881bb5591c91817cc6"":[106259]}}",,[],
BUKIT TIMAH,2,TOH YI DR,28,Unmatched,Ambiguous,Missing,Missing,ConflictOrPreviouslyMatchedOutcomeChange,[2753],"{""596531"":{""d_8575e84912df3c28995b8e6e0e05205a"":[121286]},""590002"":{""d_8575e84912df3c28995b8e6e0e05205a"":[163132,166849],""d_3a3807c023c61ddfba947dc069eb53f2"":[22995,84353,87523],""d_c0650f23e94c42e7a20921f4c5b75c24"":[19476,113019,127281,139357],""d_124a9bd407c7a25f8335b93b86e50fdd"":[82972],""d_4526d47d6714d3b052eed4a30b8b1ed6"":[23766],""d_b58303c68e9cf0d2ae93b73ffdbfbfa1"":[82055],""d_85518d970b8178975850457f60f1e738"":[15338,53944,60217],""d_478f45a9c541cbe679ca55d1cd2b970b"":[60001],""d_a2141adf93ec2a3c2ec2837b78d6d46e"":[89153],""d_9af9317c646a1c881bb5591c91817cc6"":[33686,115108],""d_67e99e6eabc4aad9b5d48663b579746a"":[39388],""d_5c4ef48b025fdfbc80056401f06e3df9"":[37209],""d_300ddc8da4e8f7bdc1bfc62d0d99e2e7"":[20848],""d_181005ca270b45408b4cdfc954980ca2"":[96969,98374],""d_2b8c54b2a490d2fa36b925289e5d9572"":[19007],""d_df7d2d661c0c11a7c367c9ee4bf896c1"":[18597,197906,215650,225005],""d_72f37e5c5d192951ddc5513c2b134482"":[44807],""d_0cc5f52a1f298b916f317800251057f3"":[22136,24326],""d_af2042c77ffaf0db5d75561ce9ef5688"":[55680],""d_31af23fdb79119ed185c256f03cb5773"":[2881,13026]}}","{""CacheKey"":""bukit-timah-2-toh-yi-dr"",""SearchValue"":""2 TOH YI DR SINGAPORE"",""Status"":""HistoricalFirstHit"",""Postal"":""590002"",""UpdatedAt"":""2026-05-24T10:52:41.912Z""}",[],
BUKIT TIMAH,3,QUEEN'S RD,44,Unmatched,Ambiguous,Missing,Missing,ConflictOrPreviouslyMatchedOutcomeChange,[4917],"{""260003"":{""d_8575e84912df3c28995b8e6e0e05205a"":[115136,125037,147326,157819,165068,171393,174494],""d_3a3807c023c61ddfba947dc069eb53f2"":[14916,49446,68244,71845,74026,87591,89464],""d_c0650f23e94c42e7a20921f4c5b75c24"":[2885,62012,98821,103183,113575,136917,137653,138506],""d_acbc938ec77af18f94cecc4a7c9ec720"":[6241,9469,17938,55684,65256],""d_124a9bd407c7a25f8335b93b86e50fdd"":[58588,63922,67855,69157,75048,75364,78980],""d_4526d47d6714d3b052eed4a30b8b1ed6"":[6204,9359,47433,55666,61276],""d_b58303c68e9cf0d2ae93b73ffdbfbfa1"":[4831,17511,37421,49720,77799,78523],""d_fa2ed456cf2b8597bb7e064b08fc3c7c"":[75598,76204,76244,80034,80471,84907,89113],""d_85518d970b8178975850457f60f1e738"":[7756,47567],""d_478f45a9c541cbe679ca55d1cd2b970b"":[38542,52790,58785,61109],""d_a2141adf93ec2a3c2ec2837b78d6d46e"":[20366,57408,67815],""d_9af9317c646a1c881bb5591c91817cc6"":[21368,31061,33561,62306,92135,116714],""d_67e99e6eabc4aad9b5d48663b579746a"":[38055,46929,50777,55790],""d_5c4ef48b025fdfbc80056401f06e3df9"":[41428],""d_181005ca270b45408b4cdfc954980ca2"":[16620,62641,69222,69583,75294,81430,82641,84325],""d_4130f1d9d365d9f1633536e959f62bb7"":[6630,9548],""d_2b8c54b2a490d2fa36b925289e5d9572"":[21042,61372],""d_df7d2d661c0c11a7c367c9ee4bf896c1"":[1389,32404,58584,66691,114649,161581,161628,184329,184534,192840,194617,195325,215861,219258],""d_72f37e5c5d192951ddc5513c2b134482"":[18843,31734,36734,75880,92215,117368,137277,140803,142237],""d_0cc5f52a1f298b916f317800251057f3"":[13743,20574],""d_e97e8e7fc55b85a38babf66b0fa46b73"":[29856,31265,32482],""d_af2042c77ffaf0db5d75561ce9ef5688"":[3390,48070],""d_1cd970d8351b42be4a308d628a6dd9d3"":[337,8077,8112,8163,10075],""d_31af23fdb79119ed185c256f03cb5773"":[30068],""d_4e3db8955fdcda6f9944097bef3d2724"":[1134,4840]},""1026"":{""d_3a3807c023c61ddfba947dc069eb53f2"":[555,659],""d_c0650f23e94c42e7a20921f4c5b75c24"":[1675,72653,74174],""d_acbc938ec77af18f94cecc4a7c9ec720"":[119,38032],""d_4526d47d6714d3b052eed4a30b8b1ed6"":[36336],""d_fa2ed456cf2b8597bb7e064b08fc3c7c"":[62230],""d_a2141adf93ec2a3c2ec2837b78d6d46e"":[1963],""d_9af9317c646a1c881bb5591c91817cc6"":[68980],""d_67e99e6eabc4aad9b5d48663b579746a"":[36232],""d_181005ca270b45408b4cdfc954980ca2"":[59820],""d_2b8c54b2a490d2fa36b925289e5d9572"":[1948,40420],""d_72f37e5c5d192951ddc5513c2b134482"":[69009,70825,71599,73307],""d_1cd970d8351b42be4a308d628a6dd9d3"":[7061],""d_31af23fdb79119ed185c256f03cb5773"":[17252]},""149053"":{""d_3a3807c023c61ddfba947dc069eb53f2"":[54433]},""266734"":{""d_478f45a9c541cbe679ca55d1cd2b970b"":[1673],""d_9af9317c646a1c881bb5591c91817cc6"":[4417,99563]},""1024"":{""d_478f45a9c541cbe679ca55d1cd2b970b"":[38361]},""426003"":{""d_a2141adf93ec2a3c2ec2837b78d6d46e"":[58763]}}","{""CacheKey"":""bukit-timah-3-queen-s-rd"",""SearchValue"":""3 QUEEN'S RD SINGAPORE"",""Status"":""HistoricalFirstHit"",""Postal"":""266734"",""UpdatedAt"":""2026-05-24T11:09:41.329Z""}",[],
CENTRAL AREA,269A,QUEEN ST,6,Unmatched,Ambiguous,Missing,Missing,ConflictOrPreviouslyMatchedOutcomeChange,[4394],"{""181269"":{""d_8575e84912df3c28995b8e6e0e05205a"":[100021,133063,160830],""d_b58303c68e9cf0d2ae93b73ffdbfbfa1"":[62862,73765,76851],""d_a2141adf93ec2a3c2ec2837b78d6d46e"":[1250],""d_9af9317c646a1c881bb5591c91817cc6"":[55039,100540,105452],""d_67e99e6eabc4aad9b5d48663b579746a"":[47619],""d_2b8c54b2a490d2fa36b925289e5d9572"":[20086],""d_df7d2d661c0c11a7c367c9ee4bf896c1"":[151787,188660],""d_af2042c77ffaf0db5d75561ce9ef5688"":[39947]},""180269"":{""d_4526d47d6714d3b052eed4a30b8b1ed6"":[48941],""d_72f37e5c5d192951ddc5513c2b134482"":[98503]}}","{""CacheKey"":""central-area-269a-queen-st"",""SearchValue"":""269A QUEEN ST SINGAPORE"",""Status"":""HistoricalFirstHit"",""Postal"":""181269"",""UpdatedAt"":""2026-05-24T10:57:12.989Z""}",[],
CENTRAL AREA,269B,QUEEN ST,20,Unmatched,Ambiguous,Missing,Missing,ConflictOrPreviouslyMatchedOutcomeChange,[4400],"{""182269"":{""d_8575e84912df3c28995b8e6e0e05205a"":[35549,55836,100431,113783,156567],""d_3a3807c023c61ddfba947dc069eb53f2"":[59813,74455,85128],""d_c0650f23e94c42e7a20921f4c5b75c24"":[77971],""d_acbc938ec77af18f94cecc4a7c9ec720"":[39285],""d_4526d47d6714d3b052eed4a30b8b1ed6"":[36108,59595],""d_b58303c68e9cf0d2ae93b73ffdbfbfa1"":[41187,68861,70425,83675],""d_fa2ed456cf2b8597bb7e064b08fc3c7c"":[93,25690,61339,75145,76552,85513,88782,92499],""d_85518d970b8178975850457f60f1e738"":[50373],""d_478f45a9c541cbe679ca55d1cd2b970b"":[7734,58086],""d_a2141adf93ec2a3c2ec2837b78d6d46e"":[19904,46223,48844,53819],""d_9af9317c646a1c881bb5591c91817cc6"":[43509,98237],""d_67e99e6eabc4aad9b5d48663b579746a"":[48709,52190,53922,55507],""d_300ddc8da4e8f7bdc1bfc62d0d99e2e7"":[8107,16864,20430],""d_181005ca270b45408b4cdfc954980ca2"":[63946,95052],""d_2b8c54b2a490d2fa36b925289e5d9572"":[37592,43609,51491],""d_df7d2d661c0c11a7c367c9ee4bf896c1"":[76,147678],""d_72f37e5c5d192951ddc5513c2b134482"":[40967,54229,83701,85387,120130,126011,127986,131944],""d_1cd970d8351b42be4a308d628a6dd9d3"":[1181]},""180269"":{""d_df7d2d661c0c11a7c367c9ee4bf896c1"":[166669,167112]}}",,[],
CENTRAL AREA,269C,QUEEN ST,2,Unmatched,Ambiguous,Missing,Missing,ConflictOrPreviouslyMatchedOutcomeChange,[4404],"{""183269"":{""d_8575e84912df3c28995b8e6e0e05205a"":[157598],""d_3a3807c023c61ddfba947dc069eb53f2"":[71124],""d_c0650f23e94c42e7a20921f4c5b75c24"":[53793,54036,54554],""d_4526d47d6714d3b052eed4a30b8b1ed6"":[3434,45112,61767],""d_478f45a9c541cbe679ca55d1cd2b970b"":[1031],""d_a2141adf93ec2a3c2ec2837b78d6d46e"":[74252],""d_9af9317c646a1c881bb5591c91817cc6"":[105956,117906],""d_67e99e6eabc4aad9b5d48663b579746a"":[47682],""d_5c4ef48b025fdfbc80056401f06e3df9"":[21590]},""180269"":{""d_3a3807c023c61ddfba947dc069eb53f2"":[6322]}}",,[],
CENTRAL AREA,28,KELANTAN RD,27,Unmatched,Ambiguous,Missing,Missing,ConflictOrPreviouslyMatchedOutcomeChange,[4612],"{""200028"":{""d_8575e84912df3c28995b8e6e0e05205a"":[192,19733,24974,32759,70955,143631,162343],""d_3a3807c023c61ddfba947dc069eb53f2"":[67435,77815,78825,89987],""d_c0650f23e94c42e7a20921f4c5b75c24"":[55056,88531,103364,122696],""d_acbc938ec77af18f94cecc4a7c9ec720"":[59503],""d_124a9bd407c7a25f8335b93b86e50fdd"":[27631,46440,50764,83872,84909],""d_4526d47d6714d3b052eed4a30b8b1ed6"":[35793,55426],""d_b58303c68e9cf0d2ae93b73ffdbfbfa1"":[40215,47838,69182,76422],""d_fa2ed456cf2b8597bb7e064b08fc3c7c"":[1385,2208,45745,53272,80516,85139],""d_478f45a9c541cbe679ca55d1cd2b970b"":[38497,53736],""d_5573b0db0575db32190a2ad27919a7aa"":[35520,48707,64634,67647],""d_a2141adf93ec2a3c2ec2837b78d6d46e"":[2908],""d_9af9317c646a1c881bb5591c91817cc6"":[35485,94551,100111,113999,115300],""d_67e99e6eabc4aad9b5d48663b579746a"":[2473],""d_5c4ef48b025fdfbc80056401f06e3df9"":[8036,39005],""d_300ddc8da4e8f7bdc1bfc62d0d99e2e7"":[2616,21018],""d_181005ca270b45408b4cdfc954980ca2"":[91695],""d_2b8c54b2a490d2fa36b925289e5d9572"":[8609,64921],""d_df7d2d661c0c11a7c367c9ee4bf896c1"":[72017,128801,152662,175794,182537,205163,214053],""d_72f37e5c5d192951ddc5513c2b134482"":[248,12270,44013,74379,97831,128581,134769,141108],""d_0cc5f52a1f298b916f317800251057f3"":[594],""d_e97e8e7fc55b85a38babf66b0fa46b73"":[24059],""d_af2042c77ffaf0db5d75561ce9ef5688"":[53641],""d_1cd970d8351b42be4a308d628a6dd9d3"":[7143]},""330059"":{""d_72f37e5c5d192951ddc5513c2b134482"":[94840]}}",,[],
CENTRAL AREA,334,KRETA AYER RD,11,Unmatched,Ambiguous,Missing,Missing,ConflictOrPreviouslyMatchedOutcomeChange,[5729],"{""080334"":{""d_8575e84912df3c28995b8e6e0e05205a"":[989,1193,3954,5064,5190,6119,8264,24420,26222,30558,37378,46250,63514,65062,65839,66504,71576,71669,109131,114927,117258,123207,129347,136265,137038,140977,171262],""d_3a3807c023c61ddfba947dc069eb53f2"":[3173,11890,20456,20994,23150,34907,37028,38759,41837,49912,60229,63356,64477,67879,83193],""d_c0650f23e94c42e7a20921f4c5b75c24"":[456,6340,9812,9900,11767,16351,23035,23942,30373,34846,38053,52291,59265,63281,65450,75463,75775,81903,84617,85102,85126,94873,96207,102708,112232,119779,119934,125802,126099,130503,132562,132876,138359],""d_acbc938ec77af18f94cecc4a7c9ec720"":[572,3002,6219,7274,11362,13691,14551,18712,25908,39774,41966,44199,44396,51226,56646,60610,62616],""d_124a9bd407c7a25f8335b93b86e50fdd"":[5872,10433,11161,11545,23479,26294,33197,35025,38217,45648,46941,48326,52106,55723,58563,60447,63530,68027,81301],""d_4526d47d6714d3b052eed4a30b8b1ed6"":[1427,3886,12086,14310,14817,16326,29273,35369,44539,44818,48544,54775,56113,62606],""d_b58303c68e9cf0d2ae93b73ffdbfbfa1"":[739,1680,4703,12697,13205,18482,19403,21598,32148,35546,39841,45714,46623,49042,49730,52316,52486,54346,54854,55136,58059,71066,84139],""d_fa2ed456cf2b8597bb7e064b08fc3c7c"":[867,6548,10291,12028,22737,27727,28324,32826,34750,40735,41088,43229,58216,58312,58389,62261,62455,65931,80154,85647],""d_85518d970b8178975850457f60f1e738"":[1492,12260,12769,14853,25772,30652,32665,35853,37081,38088,43638,46399,51283,52119,55751,59354],""d_478f45a9c541cbe679ca55d1cd2b970b"":[456,14121,16829,23019,30478,32092,33575,36699,38785,43273,43361,48836,54033,61424,66616,66764],""d_5573b0db0575db32190a2ad27919a7aa"":[7373,11511,17810,34678,37698,40568,44493,46153,53460,55324,56203,58634,62786],""d_a2141adf93ec2a3c2ec2837b78d6d46e"":[496,9768,12970,14214,14656,15952,16756,23163,26708,32533,39446,49233,56602,57484,58029,58541,59046,61381,65926,69499,91387],""d_9af9317c646a1c881bb5591c91817cc6"":[4902,24878,35831,48167,49126,52095,52116,52117,52678,57806,65736,70874,73909,75812,75960,76632,77083,77677,87279,92708,99413,103191,106726,110504,114283,114311],""d_67e99e6eabc4aad9b5d48663b579746a"":[82,4426,6780,8855,9311,12960,21815,24012,38358,40047,47079],""d_5c4ef48b025fdfbc80056401f06e3df9"":[4221,15355,16195,27357,28199,36323,40379],""d_300ddc8da4e8f7bdc1bfc62d0d99e2e7"":[225,11384,19799],""d_181005ca270b45408b4cdfc954980ca2"":[11151,18307,21196,24173,25566,46188,58674,60240,64807,66457,66618,68327,75733,89976,98347,99449],""d_4130f1d9d365d9f1633536e959f62bb7"":[6772],""d_2b8c54b2a490d2fa36b925289e5d9572"":[2612,8849,16023,18057,19391,26204,34101,35624,35797,36812,39158,41483,48596,56305,70776],""d_df7d2d661c0c11a7c367c9ee4bf896c1"":[10297,11299,16084,16295,16560,21072,30181,33291,42479,42904,45741,47217,50207,50721,50836,53347,53348,58499,62663,62731,64957,69023,89099,97946,103345,108565,123648,127698,129265,129883,136466,147173,147998,148768,148867,148920,156657,157474,158116,162398,163556,165390,167617,187943,191254,192361,192750,198398,210167,230332,232189],""d_72f37e5c5d192951ddc5513c2b134482"":[6225,8463,9515,15639,16678,21631,23162,23287,29239,39423,40470,40800,44868,45160,57149,68304,73920,76763,81086,84490,86009,86552,87418,88391,88407,88553,90338,91084,91907,92914,117637,123332,123499],""d_0cc5f52a1f298b916f317800251057f3"":[15503,15780,16413,16996,18877],""d_e97e8e7fc55b85a38babf66b0fa46b73"":[464,1343,16643,32360],""d_af2042c77ffaf0db5d75561ce9ef5688"":[817,12717,21021,21386,31164,32086,37385,41019,44043,44949,45794,46380,47922,56964],""d_1cd970d8351b42be4a308d628a6dd9d3"":[8075],""d_31af23fdb79119ed185c256f03cb5773"":[212,7837,10993,14491,19986,29088]},""088999"":{""d_85518d970b8178975850457f60f1e738"":[41829]}}",,[],
CENTRAL AREA,335B,SMITH ST,12,Unmatched,Ambiguous,Missing,Missing,ConflictOrPreviouslyMatchedOutcomeChange,[5762],"{""052335"":{""d_8575e84912df3c28995b8e6e0e05205a"":[90280,127273,148643,150259,168841],""d_3a3807c023c61ddfba947dc069eb53f2"":[19761,69098,74281,94420],""d_c0650f23e94c42e7a20921f4c5b75c24"":[108616],""d_acbc938ec77af18f94cecc4a7c9ec720"":[17085,53978,56774,68946],""d_124a9bd407c7a25f8335b93b86e50fdd"":[85357],""d_b58303c68e9cf0d2ae93b73ffdbfbfa1"":[27852],""d_fa2ed456cf2b8597bb7e064b08fc3c7c"":[49956,79613],""d_85518d970b8178975850457f60f1e738"":[16922,22097],""d_478f45a9c541cbe679ca55d1cd2b970b"":[55104,61468],""d_5573b0db0575db32190a2ad27919a7aa"":[18087,39633],""d_a2141adf93ec2a3c2ec2837b78d6d46e"":[56558],""d_9af9317c646a1c881bb5591c91817cc6"":[3961,31289,39788,96324],""d_67e99e6eabc4aad9b5d48663b579746a"":[48809,52013],""d_5c4ef48b025fdfbc80056401f06e3df9"":[734],""d_300ddc8da4e8f7bdc1bfc62d0d99e2e7"":[15205],""d_181005ca270b45408b4cdfc954980ca2"":[20102,47499,84589,94920],""d_2b8c54b2a490d2fa36b925289e5d9572"":[62359],""d_df7d2d661c0c11a7c367c9ee4bf896c1"":[2808,67988,71323,175440,179336,207445],""d_72f37e5c5d192951ddc5513c2b134482"":[36297,40094,114313,122269,123286,124150,132505,140479],""d_e97e8e7fc55b85a38babf66b0fa46b73"":[32271,37758],""d_af2042c77ffaf0db5d75561ce9ef5688"":[46897,51113,52004],""d_1cd970d8351b42be4a308d628a6dd9d3"":[6955,8598,12120],""d_31af23fdb79119ed185c256f03cb5773"":[18479,18490,31710,32436],""d_4e3db8955fdcda6f9944097bef3d2724"":[3360]},""050335"":{""d_df7d2d661c0c11a7c367c9ee4bf896c1"":[301]}}",,[],
CENTRAL AREA,633,VEERASAMY RD,33,Unmatched,Ambiguous,Missing,Missing,ConflictOrPreviouslyMatchedOutcomeChange,[10230],"{""200633"":{""d_8575e84912df3c28995b8e6e0e05205a"":[16316,61776,77821,81528,82608,83388,87462,135233,156318,174458],""d_3a3807c023c61ddfba947dc069eb53f2"":[16967,63331,82379,83595,88267],""d_c0650f23e94c42e7a20921f4c5b75c24"":[47732,50643],""d_acbc938ec77af18f94cecc4a7c9ec720"":[17274,26544,29596],""d_124a9bd407c7a25f8335b93b86e50fdd"":[63,18516,50055,55148,67465,67989],""d_4526d47d6714d3b052eed4a30b8b1ed6"":[66500],""d_b58303c68e9cf0d2ae93b73ffdbfbfa1"":[16158,26043,35025,72425,83445],""d_fa2ed456cf2b8597bb7e064b08fc3c7c"":[2058,4664,30331,31761,43609,74809],""d_478f45a9c541cbe679ca55d1cd2b970b"":[10018,39189,41267,62776],""d_5573b0db0575db32190a2ad27919a7aa"":[843,5015,57701,64689,66298],""d_a2141adf93ec2a3c2ec2837b78d6d46e"":[158,420,6889,32106,32116,37665,57964,64010,64113,65345,67174],""d_9af9317c646a1c881bb5591c91817cc6"":[30942,60480,71255,72797,73095,105997,109290,110785,111550],""d_67e99e6eabc4aad9b5d48663b579746a"":[1529,16362,44935,46504,56556],""d_5c4ef48b025fdfbc80056401f06e3df9"":[847,31531],""d_300ddc8da4e8f7bdc1bfc62d0d99e2e7"":[12470],""d_181005ca270b45408b4cdfc954980ca2"":[58615,74401,85629],""d_2b8c54b2a490d2fa36b925289e5d9572"":[29793,66954],""d_df7d2d661c0c11a7c367c9ee4bf896c1"":[1402,42469,67022,148037,151426,151931,171760,187740,199153,199424,202053,207691,212197],""d_72f37e5c5d192951ddc5513c2b134482"":[47387,56319,102319,125572,132479],""d_0cc5f52a1f298b916f317800251057f3"":[10025,12334,20390],""d_e97e8e7fc55b85a38babf66b0fa46b73"":[8301,34584,35442],""d_1cd970d8351b42be4a308d628a6dd9d3"":[1554],""d_31af23fdb79119ed185c256f03cb5773"":[49,16147]},""200632"":{""d_b58303c68e9cf0d2ae93b73ffdbfbfa1"":[61931]}}",,[],
CENTRAL AREA,634,VEERASAMY RD,17,Unmatched,Ambiguous,Missing,Missing,ConflictOrPreviouslyMatchedOutcomeChange,[10253],"{""200634"":{""d_8575e84912df3c28995b8e6e0e05205a"":[14398,42145,121429,159277,160898],""d_3a3807c023c61ddfba947dc069eb53f2"":[37509,38764,52441,57858,59520,66282,66476],""d_c0650f23e94c42e7a20921f4c5b75c24"":[12562,15396,48007,57476,95245,98425,98477,99868,104587,106145],""d_acbc938ec77af18f94cecc4a7c9ec720"":[22453,47172,56467],""d_124a9bd407c7a25f8335b93b86e50fdd"":[50155,57100,58990],""d_4526d47d6714d3b052eed4a30b8b1ed6"":[46034,46271,46593,47252,50376,58721],""d_b58303c68e9cf0d2ae93b73ffdbfbfa1"":[5803,7471,8601,54209,59065,62271],""d_fa2ed456cf2b8597bb7e064b08fc3c7c"":[64793,65818,66320,66789,67976,72381,74591,85278,91399],""d_85518d970b8178975850457f60f1e738"":[5573,22366],""d_478f45a9c541cbe679ca55d1cd2b970b"":[38651,38875,40579,41424,41462,41860],""d_5573b0db0575db32190a2ad27919a7aa"":[9085,10368,30901,47082],""d_a2141adf93ec2a3c2ec2837b78d6d46e"":[7372,9950,21753,40481,60888,61085,65151,80420],""d_9af9317c646a1c881bb5591c91817cc6"":[76454],""d_67e99e6eabc4aad9b5d48663b579746a"":[4774,34475,40060],""d_5c4ef48b025fdfbc80056401f06e3df9"":[19328,28474,30692,30926],""d_181005ca270b45408b4cdfc954980ca2"":[9893,50688,53592,68771,95918],""d_2b8c54b2a490d2fa36b925289e5d9572"":[27441,33465,34711,47243,47710,53476,63200,65308,67999],""d_df7d2d661c0c11a7c367c9ee4bf896c1"":[2241,23837,23885,106117,107166,111791,146792,161666,162061,164471,164720,166290,166360,168329,169284,170210,173612,174853,184069,204076],""d_72f37e5c5d192951ddc5513c2b134482"":[19292,24859,44897,101361,107783],""d_0cc5f52a1f298b916f317800251057f3"":[12862,24233],""d_e97e8e7fc55b85a38babf66b0fa46b73"":[16238,28800],""d_af2042c77ffaf0db5d75561ce9ef5688"":[39712,39852,41250,53187],""d_1cd970d8351b42be4a308d628a6dd9d3"":[11006],""d_31af23fdb79119ed185c256f03cb5773"":[226,14392,24843,25876,26812,27441],""d_4e3db8955fdcda6f9944097bef3d2724"":[11421]},""200635"":{""d_8575e84912df3c28995b8e6e0e05205a"":[117441]},""299530"":{""d_9af9317c646a1c881bb5591c91817cc6"":[80345]}}",,[],
CENTRAL AREA,637,VEERASAMY RD,17,Unmatched,Ambiguous,Missing,Missing,ConflictOrPreviouslyMatchedOutcomeChange,[10314],"{""200637"":{""d_8575e84912df3c28995b8e6e0e05205a"":[178,6282,8357,10380,13420,15899,20374,49927,101157,103160,106550,116797,131931,133111,136998,138451,140630,147692,155487],""d_3a3807c023c61ddfba947dc069eb53f2"":[4274,5873,7872,7893,8142,8378,15977,19247,23979,26938,27446,28107,46287,47060,56234,58134,60267,61237,62029,63136,63199,69929,70326,77107],""d_c0650f23e94c42e7a20921f4c5b75c24"":[9704,13442,14318,17817,24226,28173,42568,59599,63092,63924,83937,85784,86060,89992,90909,95792,95998,96031,97868,100326,101239,105651,109432,111151,113002,123575],""d_acbc938ec77af18f94cecc4a7c9ec720"":[7775,19585,34183,37089,44654,44930,48236,55053],""d_124a9bd407c7a25f8335b93b86e50fdd"":[8110,8830,10288,13833,14613,15196,18875,27914,35127,44211,53663,54037,57125,59931,66671,72130],""d_4526d47d6714d3b052eed4a30b8b1ed6"":[13812,15064,18529,29602,43315,43422,48057,56544],""d_b58303c68e9cf0d2ae93b73ffdbfbfa1"":[11347,13389,13790,17427,28070,39067,45423,47242,61046,61399,62078,73165,80634],""d_fa2ed456cf2b8597bb7e064b08fc3c7c"":[1366,2341,4146,7211,8499,10273,11504,13059,16772,21248,31512,45684,49327,61292,66064,66223,67357,67517,67583,68340,69454,69790,74115,75012,75132,75918,76137,84512,91351],""d_85518d970b8178975850457f60f1e738"":[4753,12773,16156,25788,41652,42900],""d_478f45a9c541cbe679ca55d1cd2b970b"":[4381,5821,6445,7258,11092,15437,24993,40414,45777,46062,47677,50761,54627],""d_5573b0db0575db32190a2ad27919a7aa"":[7501,9483,16219,17151,30990,51559,55490,55603,55907,58809,60736,62516],""d_a2141adf93ec2a3c2ec2837b78d6d46e"":[25,29,10408,10701,11254,11738,12016,13754,14010,15963,16428,20912,21259,56686,57809,57888,61927,62165,63352,63499,63563,65295,69442,71196,74688,89665,91025,91062],""d_9af9317c646a1c881bb5591c91817cc6"":[131,225,7107,8928,9263,10201,25298,27799,28044,28896,59226,60279,83503,83783,91931,116857,117856,117876],""d_67e99e6eabc4aad9b5d48663b579746a"":[3586,4568,6075,6076,8113,10407,13251,34424,40336,41542,43414,48724],""d_5c4ef48b025fdfbc80056401f06e3df9"":[3427,4538,11485,13081,23794,23876,24518,26055,28666,31159],""d_300ddc8da4e8f7bdc1bfc62d0d99e2e7"":[14209,15862,16364],""d_181005ca270b45408b4cdfc954980ca2"":[7006,9545,11674,15484,24296,24885,32768,37796,50452,51089,63519,65550,67435,68182,69898,70957,73241,73704,76386,78682,79219,83335],""d_4130f1d9d365d9f1633536e959f62bb7"":[676,8001,9691],""d_2b8c54b2a490d2fa36b925289e5d9572"":[6034,7911,11016,12871,13214,18436,23528,44677,45962,56326,67360],""d_df7d2d661c0c11a7c367c9ee4bf896c1"":[18114,18761,25774,27188,31246,32334,36094,38051,38537,40977,43803,64172,95143,102001,103606,107606,111165,114800,115264,127835,135217,141108,148177,148883,150750,151221,156957,159699,160027,161752,164407,165076,166191,166304,167098,168459,169013,172914,173535,177782,179940,186700,192699,193128,193563,199180,203100,203684,222186],""d_72f37e5c5d192951ddc5513c2b134482"":[14997,16850,17993,19535,32250,33265,35667,36206,36680,43104,44989,72487,74639,76416,90841,96637,96715,97893,99071,103703,106705,106854,107557,109119,113749,118588,125764,127919],""d_0cc5f52a1f298b916f317800251057f3"":[2082,2687,3189,17771],""d_e97e8e7fc55b85a38babf66b0fa46b73"":[123,1325,3961,20962,22297,27052],""d_af2042c77ffaf0db5d75561ce9ef5688"":[5336,6607,13387,39286,42330,44923,48604,54261,55623],""d_1cd970d8351b42be4a308d628a6dd9d3"":[1116,8193,9637,10343,10440,10460,11431,11890],""d_31af23fdb79119ed185c256f03cb5773"":[2243,5605,6623,14652,19138,19139,24888,30277,31253,31357],""d_4e3db8955fdcda6f9944097bef3d2724"":[7807,7852,13094,14328]},""200638"":{""d_c0650f23e94c42e7a20921f4c5b75c24"":[95521]},""208637"":{""d_4526d47d6714d3b052eed4a30b8b1ed6"":[48046]}}","{""CacheKey"":""central-area-637-veerasamy-rd"",""SearchValue"":""637 VEERASAMY RD SINGAPORE"",""Status"":""HistoricalFirstHit"",""Postal"":""200637"",""UpdatedAt"":""2026-05-24T10:52:41.912Z""}",[],
CENTRAL AREA,640,ROWELL RD,32,Unmatched,Ambiguous,Missing,Missing,ConflictOrPreviouslyMatchedOutcomeChange,[10383],"{""200640"":{""d_8575e84912df3c28995b8e6e0e05205a"":[117,31951,53397,58955,82362,82526,93244,97178,118767,119490,132356,147444,148181,152489,162103,162345],""d_3a3807c023c61ddfba947dc069eb53f2"":[576,20980,24486,34688,44084,46632,48125,62388,64882,73347,80567,87201],""d_c0650f23e94c42e7a20921f4c5b75c24"":[2269,2943,43971,45750,46142,69295,109235,120292,125165,128215],""d_acbc938ec77af18f94cecc4a7c9ec720"":[2385,37977,51767,51852,54595,60930,63158,71894],""d_124a9bd407c7a25f8335b93b86e50fdd"":[29151,57424],""d_4526d47d6714d3b052eed4a30b8b1ed6"":[11086,18079,23029,52681,55591,65171],""d_b58303c68e9cf0d2ae93b73ffdbfbfa1"":[34061,61221,72928],""d_fa2ed456cf2b8597bb7e064b08fc3c7c"":[251,29913,46012,50587,51803,66975,94283],""d_85518d970b8178975850457f60f1e738"":[31284,31999,41512,42455,59499],""d_478f45a9c541cbe679ca55d1cd2b970b"":[11122,26518,30630,40181,47239,47261,54370,63990],""d_5573b0db0575db32190a2ad27919a7aa"":[1426,1572,17991,22117,31986,34409,36774,43076,51943,57347,58073,60052,60306,62629,63295,68311],""d_a2141adf93ec2a3c2ec2837b78d6d46e"":[40764,45322,80646,90734],""d_9af9317c646a1c881bb5591c91817cc6"":[35531,40272,50405,56031,60421,102967,112293,116339,117183,119099,124182],""d_67e99e6eabc4aad9b5d48663b579746a"":[13328,21331,46613,55630],""d_5c4ef48b025fdfbc80056401f06e3df9"":[1289,2075,7761,8435,9228,10103,33699],""d_300ddc8da4e8f7bdc1bfc62d0d99e2e7"":[4224,4686,5683,16227,18113],""d_181005ca270b45408b4cdfc954980ca2"":[22439,26968,92016,93912],""d_4130f1d9d365d9f1633536e959f62bb7"":[2555],""d_2b8c54b2a490d2fa36b925289e5d9572"":[31742,32843,35011,47509,57301,60641],""d_df7d2d661c0c11a7c367c9ee4bf896c1"":[43608,48728,49580,78568,79093,88932,90905,93303,94173,98070,102028,104633,110571,111643,112544,112987,113658,128477,133169,141799,148476,151037,151851,153717,155744,159090,165965,168890,184024,186108,192785,193019,198384,200119,211284,214378,217733,218734,230123],""d_72f37e5c5d192951ddc5513c2b134482"":[45,728,29674,36543,89075,106824,107984,108821,109267,110938,114349,135343],""d_0cc5f52a1f298b916f317800251057f3"":[1631],""d_e97e8e7fc55b85a38babf66b0fa46b73"":[7349,8012,11739,13657,22550,25947,30056,31773,37943],""d_af2042c77ffaf0db5d75561ce9ef5688"":[30112,30412,35449],""d_31af23fdb79119ed185c256f03cb5773"":[26228,26967],""d_4e3db8955fdcda6f9944097bef3d2724"":[16529]},""188211"":{""d_9af9317c646a1c881bb5591c91817cc6"":[83399]}}",,[],
CENTRAL AREA,668,CHANDER RD,15,Unmatched,Ambiguous,Missing,Missing,ConflictOrPreviouslyMatchedOutcomeChange,[10812],"{""210668"":{""d_8575e84912df3c28995b8e6e0e05205a"":[8188,15637,17941,33844,46742,49457,58381,72202,74480,74553,108915,118891,127795,128022,139705,152872,152877,156726,156743,157022,158010,166038,166168],""d_3a3807c023c61ddfba947dc069eb53f2"":[6762,14426,55137,63980,84202,84508,84561,87098,90133],""d_c0650f23e94c42e7a20921f4c5b75c24"":[4362,31326,45755,64550,70140,94987,121285,123879,140501],""d_acbc938ec77af18f94cecc4a7c9ec720"":[1112,13469,23509,56833,67460],""d_124a9bd407c7a25f8335b93b86e50fdd"":[11908,16183,23102,51408,59978,62528,78550],""d_4526d47d6714d3b052eed4a30b8b1ed6"":[9198,12184,54959],""d_b58303c68e9cf0d2ae93b73ffdbfbfa1"":[11264,16870,17136,52900,54395,58113,67952,70062,70285,70945,72199,75063,77345],""d_fa2ed456cf2b8597bb7e064b08fc3c7c"":[15317,48616,67578,70065,80489,81846],""d_85518d970b8178975850457f60f1e738"":[14253,14838,34645,43245,46635,47945,51419],""d_478f45a9c541cbe679ca55d1cd2b970b"":[1713,3722,25750,35394,40254,46296,53122],""d_5573b0db0575db32190a2ad27919a7aa"":[14557,51339,62346,62761,65350,69675,74468],""d_a2141adf93ec2a3c2ec2837b78d6d46e"":[18226,18368,41442,42576,69901,73779,85947],""d_9af9317c646a1c881bb5591c91817cc6"":[904,3204,5710,5767,7682,10051,11618,23796,24890,27850,28129,37307,52533,52534,57454,57803,60514,67056,70897,77339,79647,81369,84479,85498,86249,92422,98659,100857,112417,116221,119018],""d_67e99e6eabc4aad9b5d48663b579746a"":[9463,12286,13224,13570,37874,48736,51060,51517],""d_5c4ef48b025fdfbc80056401f06e3df9"":[2522,11932,22305,37073],""d_300ddc8da4e8f7bdc1bfc62d0d99e2e7"":[5047],""d_181005ca270b45408b4cdfc954980ca2"":[1477,6981,11111,28049,34159,65472,72964,74059,79813,82698,84574,86211,88243],""d_4130f1d9d365d9f1633536e959f62bb7"":[5049],""d_2b8c54b2a490d2fa36b925289e5d9572"":[14042,14054,17336,26607,33090,40622,45930,49329,49458,55112,57251,57553,68339,69549],""d_df7d2d661c0c11a7c367c9ee4bf896c1"":[2480,10075,26332,26346,29780,31102,41189,45662,47269,51533,53284,55466,65427,68554,72793,73625,99153,104849,110791,117393,118518,132623,135094,141064,151738,154091,160494,164210,173210,182358,186125,187695,191379,195527,197251,197610,200943,203659,205447,205884,214338,214783,226316,232762],""d_72f37e5c5d192951ddc5513c2b134482"":[23788,32342,40271,53894,66924,80928,87441,91757,100280,111206,112946,112951,116617,127717,128620],""d_e97e8e7fc55b85a38babf66b0fa46b73"":[3549,5570,6049,19302,21403,22623,28332,28797,30562,31573],""d_af2042c77ffaf0db5d75561ce9ef5688"":[8661,12304,28272,50472],""d_1cd970d8351b42be4a308d628a6dd9d3"":[2234,10876],""d_31af23fdb79119ed185c256f03cb5773"":[4237,16679,26087,30937,33278]},""218080"":{""d_c0650f23e94c42e7a20921f4c5b75c24"":[96668],""d_5573b0db0575db32190a2ad27919a7aa"":[52390]}}",,[],
CENTRAL AREA,8,SELEGIE RD,24,Unmatched,Ambiguous,Missing,Missing,ConflictOrPreviouslyMatchedOutcomeChange,[12073],"{""180008"":{""d_8575e84912df3c28995b8e6e0e05205a"":[922,4479,15414,40275,45439,47265,93362,93678,124607,125252,156415],""d_3a3807c023c61ddfba947dc069eb53f2"":[55836,59298,59550,70032,74166,77450],""d_c0650f23e94c42e7a20921f4c5b75c24"":[75889,79692,83900,100461,106306,121459],""d_acbc938ec77af18f94cecc4a7c9ec720"":[42201],""d_124a9bd407c7a25f8335b93b86e50fdd"":[177,36187,44362,53916,58000,78583],""d_4526d47d6714d3b052eed4a30b8b1ed6"":[65,51255],""d_b58303c68e9cf0d2ae93b73ffdbfbfa1"":[268,2020,24285,40268,79772],""d_fa2ed456cf2b8597bb7e064b08fc3c7c"":[24564,25977,29479,41711,63678,88316,93899],""d_85518d970b8178975850457f60f1e738"":[1539,8192],""d_478f45a9c541cbe679ca55d1cd2b970b"":[11254],""d_5573b0db0575db32190a2ad27919a7aa"":[129,31411,47966,49530,56482,57273,62148],""d_a2141adf93ec2a3c2ec2837b78d6d46e"":[45730,73364,74015,85403],""d_9af9317c646a1c881bb5591c91817cc6"":[268,1688,10459,52374,57836,76712,79758,81962,93660,107620,107766,110740],""d_67e99e6eabc4aad9b5d48663b579746a"":[841,1703,45705],""d_5c4ef48b025fdfbc80056401f06e3df9"":[24013,25750],""d_181005ca270b45408b4cdfc954980ca2"":[5830,10465,34003,43533,60741,65521,72788,82240,82724],""d_4130f1d9d365d9f1633536e959f62bb7"":[8727],""d_2b8c54b2a490d2fa36b925289e5d9572"":[65611],""d_df7d2d661c0c11a7c367c9ee4bf896c1"":[494,756,1020,7541,65632,82805,96451,126581,136217,156918,158284,160467,164963,196825,208078,208816,213459],""d_72f37e5c5d192951ddc5513c2b134482"":[67990,88528,112739,139368],""d_0cc5f52a1f298b916f317800251057f3"":[16465,23322],""d_e97e8e7fc55b85a38babf66b0fa46b73"":[5405,34855],""d_af2042c77ffaf0db5d75561ce9ef5688"":[41989],""d_1cd970d8351b42be4a308d628a6dd9d3"":[951,12794],""d_31af23fdb79119ed185c256f03cb5773"":[7594,30711]},""180009"":{""d_fa2ed456cf2b8597bb7e064b08fc3c7c"":[932]},""188351"":{""d_a2141adf93ec2a3c2ec2837b78d6d46e"":[60489]}}",,[],
CHOA CHU KANG,141,TECK WHYE LANE,17,ExactAddress,Ambiguous,BlockApproximation,Missing,ConflictOrPreviouslyMatchedOutcomeChange,[1601],"{""680141"":{""d_8575e84912df3c28995b8e6e0e05205a"":[42125,62633,66793,104923,107779,108380,115568,120689,131655,140301,144741,146690,159141,165112],""d_3a3807c023c61ddfba947dc069eb53f2"":[53439,62659,83207],""d_c0650f23e94c42e7a20921f4c5b75c24"":[84616,88881,93369,130461,136470],""d_acbc938ec77af18f94cecc4a7c9ec720"":[41777,44559,54333,64231],""d_124a9bd407c7a25f8335b93b86e50fdd"":[58994,77454],""d_b58303c68e9cf0d2ae93b73ffdbfbfa1"":[9967,57957,62909,70619,79928,80833],""d_fa2ed456cf2b8597bb7e064b08fc3c7c"":[64518,66717],""d_85518d970b8178975850457f60f1e738"":[30226,32042],""d_478f45a9c541cbe679ca55d1cd2b970b"":[4078,34929,55528,64991,65753],""d_5573b0db0575db32190a2ad27919a7aa"":[49605,69780],""d_a2141adf93ec2a3c2ec2837b78d6d46e"":[29371,29372,51545,53354,53430,57338,60559,65827,69426],""d_9af9317c646a1c881bb5591c91817cc6"":[43143,80056,90234,90235,104206],""d_67e99e6eabc4aad9b5d48663b579746a"":[21329,31332,41139,42690,44552,47983,49921],""d_5c4ef48b025fdfbc80056401f06e3df9"":[39573,40088],""d_181005ca270b45408b4cdfc954980ca2"":[66708,82029,89755,90395],""d_2b8c54b2a490d2fa36b925289e5d9572"":[23404,66372],""d_df7d2d661c0c11a7c367c9ee4bf896c1"":[6943,144645,145963,155729,160656,163541,166003,194957,212656,223244],""d_72f37e5c5d192951ddc5513c2b134482"":[45111,79387,79688,81441,81534,84222,92040,108616,124002,131488],""d_0cc5f52a1f298b916f317800251057f3"":[10593,17061],""d_e97e8e7fc55b85a38babf66b0fa46b73"":[25731],""d_af2042c77ffaf0db5d75561ce9ef5688"":[24013,26354],""d_31af23fdb79119ed185c256f03cb5773"":[19929,25661]},""680144"":{""d_4e3db8955fdcda6f9944097bef3d2724"":[11639]}}",,[],
CHOA CHU KANG,204,CHOA CHU KANG AVE 1,31,Ambiguous,Ambiguous,Missing,Missing,ConflictOrPreviouslyMatchedOutcomeChange,[2908],"{""680204"":{""d_8575e84912df3c28995b8e6e0e05205a"":[25620,149019,153174,158902],""d_3a3807c023c61ddfba947dc069eb53f2"":[3150,19723,56842,58658,72295,90408],""d_c0650f23e94c42e7a20921f4c5b75c24"":[131278],""d_acbc938ec77af18f94cecc4a7c9ec720"":[15805,33292,33783,36201,58831],""d_124a9bd407c7a25f8335b93b86e50fdd"":[9370,22033,73292,78507],""d_4526d47d6714d3b052eed4a30b8b1ed6"":[42910,65012],""d_b58303c68e9cf0d2ae93b73ffdbfbfa1"":[71165,81971],""d_85518d970b8178975850457f60f1e738"":[45462,60163],""d_478f45a9c541cbe679ca55d1cd2b970b"":[60884,67783],""d_5573b0db0575db32190a2ad27919a7aa"":[23267,68197,71446],""d_9af9317c646a1c881bb5591c91817cc6"":[103545],""d_67e99e6eabc4aad9b5d48663b579746a"":[51090,56859],""d_5c4ef48b025fdfbc80056401f06e3df9"":[32848],""d_300ddc8da4e8f7bdc1bfc62d0d99e2e7"":[17787],""d_181005ca270b45408b4cdfc954980ca2"":[90413],""d_4130f1d9d365d9f1633536e959f62bb7"":[11518],""d_df7d2d661c0c11a7c367c9ee4bf896c1"":[45525,178845],""d_72f37e5c5d192951ddc5513c2b134482"":[9971,47413,122017,127636,132315],""d_e97e8e7fc55b85a38babf66b0fa46b73"":[28646],""d_af2042c77ffaf0db5d75561ce9ef5688"":[37468,38662],""d_4e3db8955fdcda6f9944097bef3d2724"":[16287]},""689471"":{""d_8575e84912df3c28995b8e6e0e05205a"":[100903],""d_3a3807c023c61ddfba947dc069eb53f2"":[53243],""d_c0650f23e94c42e7a20921f4c5b75c24"":[18092,72953],""d_fa2ed456cf2b8597bb7e064b08fc3c7c"":[19881,54049,60886],""d_478f45a9c541cbe679ca55d1cd2b970b"":[36875],""d_df7d2d661c0c11a7c367c9ee4bf896c1"":[155197,159181],""d_31af23fdb79119ed185c256f03cb5773"":[19396]}}",,[],
CHOA CHU KANG,307,CHOA CHU KANG AVE 4,22,NormalizedAddress,Ambiguous,BlockApproximation,Missing,ConflictOrPreviouslyMatchedOutcomeChange,[5111],"{""680307"":{""d_8575e84912df3c28995b8e6e0e05205a"":[20151,121713],""d_3a3807c023c61ddfba947dc069eb53f2"":[26979,80776,93712],""d_c0650f23e94c42e7a20921f4c5b75c24"":[47244,89572,91732,92579,97120,116329],""d_acbc938ec77af18f94cecc4a7c9ec720"":[11916,23901,61258],""d_124a9bd407c7a25f8335b93b86e50fdd"":[63164],""d_4526d47d6714d3b052eed4a30b8b1ed6"":[22125,24341,42212,45579,66736],""d_b58303c68e9cf0d2ae93b73ffdbfbfa1"":[59947,68260],""d_fa2ed456cf2b8597bb7e064b08fc3c7c"":[64957,69752,76919,83543],""d_85518d970b8178975850457f60f1e738"":[10255,57843,58643,59879],""d_478f45a9c541cbe679ca55d1cd2b970b"":[10868,41833,49759,53962],""d_5573b0db0575db32190a2ad27919a7aa"":[55679,57386,59599,60692,61847,70201],""d_a2141adf93ec2a3c2ec2837b78d6d46e"":[23466],""d_9af9317c646a1c881bb5591c91817cc6"":[78267,89322,108412],""d_67e99e6eabc4aad9b5d48663b579746a"":[26731,42205],""d_300ddc8da4e8f7bdc1bfc62d0d99e2e7"":[11955],""d_2b8c54b2a490d2fa36b925289e5d9572"":[50575,64934],""d_df7d2d661c0c11a7c367c9ee4bf896c1"":[19143,107321,146329,148566,152243,170291,194094,197209,197638,207295,215265],""d_72f37e5c5d192951ddc5513c2b134482"":[92472,93911,95447,108441,116664,137036],""d_0cc5f52a1f298b916f317800251057f3"":[6754,19000,22661],""d_e97e8e7fc55b85a38babf66b0fa46b73"":[12674],""d_af2042c77ffaf0db5d75561ce9ef5688"":[18098,50260,50981,55265],""d_1cd970d8351b42be4a308d628a6dd9d3"":[11844],""d_4e3db8955fdcda6f9944097bef3d2724"":[11698]},""560427"":{""d_4526d47d6714d3b052eed4a30b8b1ed6"":[44849]}}",,[],
CLEMENTI,302,CLEMENTI AVE 4,15,NormalizedAddress,Ambiguous,BlockApproximation,Missing,ConflictOrPreviouslyMatchedOutcomeChange,[4991],"{""120302"":{""d_8575e84912df3c28995b8e6e0e05205a"":[141098,162672,164626],""d_3a3807c023c61ddfba947dc069eb53f2"":[82623,94630],""d_c0650f23e94c42e7a20921f4c5b75c24"":[43918,61084,129009,130125],""d_acbc938ec77af18f94cecc4a7c9ec720"":[58514,65992],""d_124a9bd407c7a25f8335b93b86e50fdd"":[23489,68691],""d_4526d47d6714d3b052eed4a30b8b1ed6"":[44214,46898,58399],""d_b58303c68e9cf0d2ae93b73ffdbfbfa1"":[49578],""d_fa2ed456cf2b8597bb7e064b08fc3c7c"":[2095],""d_85518d970b8178975850457f60f1e738"":[13506,55378],""d_478f45a9c541cbe679ca55d1cd2b970b"":[56354,58195],""d_5573b0db0575db32190a2ad27919a7aa"":[21472,69508,74482,76340],""d_a2141adf93ec2a3c2ec2837b78d6d46e"":[21251,44919,46696,79360],""d_9af9317c646a1c881bb5591c91817cc6"":[98433,101386],""d_67e99e6eabc4aad9b5d48663b579746a"":[57150],""d_2b8c54b2a490d2fa36b925289e5d9572"":[40103,60837,65599],""d_df7d2d661c0c11a7c367c9ee4bf896c1"":[125869,200183,202880,204992,205944,211291,211292,211936,227681],""d_72f37e5c5d192951ddc5513c2b134482"":[70353,123343],""d_0cc5f52a1f298b916f317800251057f3"":[18068],""d_e97e8e7fc55b85a38babf66b0fa46b73"":[33720],""d_af2042c77ffaf0db5d75561ce9ef5688"":[44565]},""120320"":{""d_5c4ef48b025fdfbc80056401f06e3df9"":[26983]}}",,[],
CLEMENTI,320,CLEMENTI AVE 4,20,NormalizedAddress,Ambiguous,BlockApproximation,Missing,ConflictOrPreviouslyMatchedOutcomeChange,[5441],"{""120320"":{""d_8575e84912df3c28995b8e6e0e05205a"":[11864,32870,45976,47138,93919,94545,97250,106594,113509,119587,123531,125835,129269,139009,143869,144042,144807,149445,163603],""d_3a3807c023c61ddfba947dc069eb53f2"":[326,58571,61186,61578,63635,64765,71220,72009,72116,78738],""d_c0650f23e94c42e7a20921f4c5b75c24"":[70953,92126,109007,109580,112470,114189,124312,135273,135346,136957],""d_acbc938ec77af18f94cecc4a7c9ec720"":[8446,24677,68778,70388],""d_124a9bd407c7a25f8335b93b86e50fdd"":[22355,32404,32646,37150,38503,48505,66906,85574,85595],""d_4526d47d6714d3b052eed4a30b8b1ed6"":[10162,13369,39396,40914,50040,65115],""d_b58303c68e9cf0d2ae93b73ffdbfbfa1"":[49495,60149,80201],""d_fa2ed456cf2b8597bb7e064b08fc3c7c"":[3025,64105,65619,67427,71084,75199,78265],""d_85518d970b8178975850457f60f1e738"":[52687],""d_478f45a9c541cbe679ca55d1cd2b970b"":[177,28339,33078,33573,33778,36816,36833,38843,47228,56223],""d_5573b0db0575db32190a2ad27919a7aa"":[820,30492,36095,36118,49923,58676,62127,62224],""d_a2141adf93ec2a3c2ec2837b78d6d46e"":[35455,46623,55068,57255,61621,66832,69641,70716,79188,81256,84690,92287],""d_9af9317c646a1c881bb5591c91817cc6"":[60979,63521,67667,77179,78409,79646,89085,94891,105103,110734,120766],""d_67e99e6eabc4aad9b5d48663b579746a"":[39058,39499,39723,40973,42094,47213,48475,48676,50340,56391],""d_5c4ef48b025fdfbc80056401f06e3df9"":[1531,5692],""d_300ddc8da4e8f7bdc1bfc62d0d99e2e7"":[9411,20219],""d_181005ca270b45408b4cdfc954980ca2"":[43119,48553,57138,58686,65806,71758,74926,76683,99247],""d_4130f1d9d365d9f1633536e959f62bb7"":[9677],""d_2b8c54b2a490d2fa36b925289e5d9572"":[57785,63720],""d_df7d2d661c0c11a7c367c9ee4bf896c1"":[75759,128313,131688,132108,134204,145163,147707,147902,153018,157163,158887,164741,166394,171477,177281,178239,179928,183352,212678,226668],""d_72f37e5c5d192951ddc5513c2b134482"":[27667,40478,42674,75954,83406,86128,90101,92048,109519,117105,126787],""d_0cc5f52a1f298b916f317800251057f3"":[3312,17838,19010,20784,22413],""d_e97e8e7fc55b85a38babf66b0fa46b73"":[2441,3622,25039,25961,28867],""d_af2042c77ffaf0db5d75561ce9ef5688"":[28419,31240,39832,49946,51129,52159],""d_1cd970d8351b42be4a308d628a6dd9d3"":[7877],""d_31af23fdb79119ed185c256f03cb5773"":[23497,24168],""d_4e3db8955fdcda6f9944097bef3d2724"":[13137]},""120313"":{""d_df7d2d661c0c11a7c367c9ee4bf896c1"":[154714]}}",,[],
CLEMENTI,354,CLEMENTI AVE 2,10,NormalizedAddress,Ambiguous,BlockApproximation,Missing,ConflictOrPreviouslyMatchedOutcomeChange,[6078],"{""120354"":{""d_8575e84912df3c28995b8e6e0e05205a"":[158,57057,59494,63021,68776,71318,77162,85927,94235,94413,100681,105692,106926,107520,107597,107959,110241,117317,117567,119508,119527,120678,121990,123151,125891,127693,133831,134617,137408,138644,139425,140840,149100,150935,153466,159171,163401,163527,165492,168163,168175],""d_3a3807c023c61ddfba947dc069eb53f2"":[7,655,6514,16383,21303,32418,43386,48023,48817,48840,48935,49021,54108,55803,56649,64316,65069,65089,65233,65312,65403,68219,69952,70462,71364,75642,76570,80869,81448,88337,89465],""d_c0650f23e94c42e7a20921f4c5b75c24"":[2324,8462,10033,27650,60989,71021,71692,71701,76945,78437,79878,81154,85251,85805,85940,86089,87586,88548,90554,90983,93454,93640,96147,99623,99692,100335,102333,103025,104383,108673,109551,112699,120099,122541,123968,132064,138090],""d_acbc938ec77af18f94cecc4a7c9ec720"":[14096,14803,17749,28649,47838,52492,52593,52728,54237,55148,58621,59041,60170,64427,72082],""d_124a9bd407c7a25f8335b93b86e50fdd"":[12217,15341,15456,18931,45071,49953,50774,51294,55361,59995,60490,61526,61608,62262,63814,64746,64952,65645,73058,75322,77121,77350,83005,84677],""d_4526d47d6714d3b052eed4a30b8b1ed6"":[2518,3538,4019,16945,34784,34841,37717,38408,41713,41898,45380,45526,47462,52363,56996,59094,61259,61469,63582,65516,68431],""d_b58303c68e9cf0d2ae93b73ffdbfbfa1"":[18708,20361,29740,33963,47400,47420,47756,54757,55318,57501,58548,61366,64977,66090,68203,73456,75720],""d_fa2ed456cf2b8597bb7e064b08fc3c7c"":[849,993,9454,17622,24817,45884,51067,56593,57384,59891,65045,67852,68724,69172,70125,72480,75359,79638,83983],""d_85518d970b8178975850457f60f1e738"":[26930,37508,39217,42260,42468,43270,43766,45083,45881,46463,51284,56368,56736],""d_478f45a9c541cbe679ca55d1cd2b970b"":[14453,21407,29851,35160,35732,36659,40577,42236,42807,43388,51552,54132,54276,60727,62779,63239,64429,64976],""d_5573b0db0575db32190a2ad27919a7aa"":[1642,27610,36160,36393,40656,42799,47376,48471,48623,48967,49419,53078,53727,66461,66603,71835,73315,73631,74638],""d_a2141adf93ec2a3c2ec2837b78d6d46e"":[3609,5143,6392,19194,31370,35241,41987,52733,54031,54430,58187,60867,62692,63066,63355,64287,66089,69784,71758,87065,87815,89059,89868],""d_9af9317c646a1c881bb5591c91817cc6"":[55528,62243,62615,62939,69999,75072,75804,77817,77820,77878,78849,80086,81053,81153,83251,87674,96195,98714,99149,99179,100005,103151,107184,109564,113181,115086,116442],""d_67e99e6eabc4aad9b5d48663b579746a"":[5638,15021,26029,31823,32371,32490,34462,34633,35854,37549,38127,42044,43279,44543,45282,49483,49527,56663,57596],""d_5c4ef48b025fdfbc80056401f06e3df9"":[216,15726,23575,23608,26069,29093,31010,31357,32110,34625],""d_300ddc8da4e8f7bdc1bfc62d0d99e2e7"":[3771,5560,7696,9494,11280,11752,15309,15349,15539,15944,16198,16327],""d_181005ca270b45408b4cdfc954980ca2"":[5181,19977,35876,44542,51828,60616,60781,62467,64884,64956,66058,66316,68203,68745,70575,72604,76356,76640,78222,81075,83590,93813,94119],""d_4130f1d9d365d9f1633536e959f62bb7"":[7115],""d_2b8c54b2a490d2fa36b925289e5d9572"":[6994,9571,31969,41185,44794,45075,46210,47948,49243,49742,52013,53996,54527,55450,56512,64109,66011,66043],""d_df7d2d661c0c11a7c367c9ee4bf896c1"":[1652,3489,10902,22467,25230,27354,32448,33019,40094,41174,71106,93309,119148,119264,121249,122049,124222,126346,133768,135278,137480,137695,139780,143478,143875,145705,148605,149156,153578,155352,157359,158136,158296,159599,160742,162032,164076,164195,164656,167891,170057,170976,172753,175877,179442,179617,182038,182330,183034,183224,185269,185874,189948,190349,191232,194690,195034,195368,196191,197198,198055,198358,201380,203106,203971,203972,203973,205177,206374,206749,213288,214574,220826,221930,225921,227350,227400,229866,233498],""d_72f37e5c5d192951ddc5513c2b134482"":[2199,32587,35901,38568,43631,69438,69647,70536,74005,77016,82848,86707,88119,92414,94956,95308,95426,96169,99001,102290,103344,111313,113691,120171,125421,125540,127333,129698,130444,130480,136914],""d_0cc5f52a1f298b916f317800251057f3"":[15905,16609,18262,18392,20726],""d_e97e8e7fc55b85a38babf66b0fa46b73"":[18073,18938,23679,26667,27826,28178,29430,30507,31388,31965,34782,35818],""d_af2042c77ffaf0db5d75561ce9ef5688"":[313,8339,9039,14384,28464,28470,28617,33700,34076,34775,35980,39270,42078,44219,44980,46299,46452,46805,50019,50974],""d_1cd970d8351b42be4a308d628a6dd9d3"":[9412,9774,9982,13042],""d_31af23fdb79119ed185c256f03cb5773"":[16603,18161,21936,23028,24020,27141,27450,27622,30089,30571,35890,36707,37187],""d_4e3db8955fdcda6f9944097bef3d2724"":[5969,6462,8475,9869,10138,10838,10925,13308,13668,14009,14032,17254]},""120355"":{""d_c0650f23e94c42e7a20921f4c5b75c24"":[95817]}}",,[],
CLEMENTI,433,CLEMENTI AVE 3,15,NormalizedAddress,Ambiguous,BlockApproximation,Missing,ConflictOrPreviouslyMatchedOutcomeChange,[7265],"{""120433"":{""d_8575e84912df3c28995b8e6e0e05205a"":[9881,31461,33136,81427,106380,115378,117835,123658,125290,130745,144852,163406],""d_3a3807c023c61ddfba947dc069eb53f2"":[61955,65036,73090,80389],""d_c0650f23e94c42e7a20921f4c5b75c24"":[78321,90790,97777,98261,98642,99932,99985,101094,122288],""d_acbc938ec77af18f94cecc4a7c9ec720"":[35312,40523,41781,42666,50094],""d_124a9bd407c7a25f8335b93b86e50fdd"":[46055,65724,66873,71406,73142],""d_4526d47d6714d3b052eed4a30b8b1ed6"":[9862,35208,52209,61538],""d_b58303c68e9cf0d2ae93b73ffdbfbfa1"":[31948,47140,47383,58372,65253,65443,75054],""d_fa2ed456cf2b8597bb7e064b08fc3c7c"":[8399,49882,54598,68786,69771,71295,72468,73693,77430,84721,90503],""d_85518d970b8178975850457f60f1e738"":[39949],""d_478f45a9c541cbe679ca55d1cd2b970b"":[36087,36739,39801,41627,44858,46900,48020,48247,48587,63593],""d_5573b0db0575db32190a2ad27919a7aa"":[16218,33108,55938],""d_a2141adf93ec2a3c2ec2837b78d6d46e"":[28328,57475],""d_9af9317c646a1c881bb5591c91817cc6"":[64730,78223,86892,101396,102853],""d_67e99e6eabc4aad9b5d48663b579746a"":[33289,39506,43803],""d_5c4ef48b025fdfbc80056401f06e3df9"":[19342,35655],""d_300ddc8da4e8f7bdc1bfc62d0d99e2e7"":[13353],""d_181005ca270b45408b4cdfc954980ca2"":[25974,53147,87722,95877],""d_4130f1d9d365d9f1633536e959f62bb7"":[11647],""d_2b8c54b2a490d2fa36b925289e5d9572"":[59984,61606],""d_df7d2d661c0c11a7c367c9ee4bf896c1"":[29157,31145,35206,60829,131663,131844,139549,149507,165215,166598,180001,181389,184044,184448,197169,217704],""d_72f37e5c5d192951ddc5513c2b134482"":[12971,29018,84127,99031,102392,125915,139643],""d_0cc5f52a1f298b916f317800251057f3"":[16319,19984],""d_e97e8e7fc55b85a38babf66b0fa46b73"":[4986],""d_af2042c77ffaf0db5d75561ce9ef5688"":[36606,44140],""d_1cd970d8351b42be4a308d628a6dd9d3"":[9239],""d_31af23fdb79119ed185c256f03cb5773"":[3013,3548,25668,26893]},""118752"":{""d_8575e84912df3c28995b8e6e0e05205a"":[113081]},""120453"":{""d_478f45a9c541cbe679ca55d1cd2b970b"":[40624]}}",,[],
CLEMENTI,510,WEST COAST DR,47,Unmatched,Ambiguous,Missing,Missing,ConflictOrPreviouslyMatchedOutcomeChange,[8663],"{""120510"":{""d_8575e84912df3c28995b8e6e0e05205a"":[162031],""d_c0650f23e94c42e7a20921f4c5b75c24"":[112900],""d_acbc938ec77af18f94cecc4a7c9ec720"":[52018,67289,70594],""d_4526d47d6714d3b052eed4a30b8b1ed6"":[16054,55502],""d_b58303c68e9cf0d2ae93b73ffdbfbfa1"":[28111],""d_fa2ed456cf2b8597bb7e064b08fc3c7c"":[49135,84336,90442],""d_478f45a9c541cbe679ca55d1cd2b970b"":[48716,56239],""d_a2141adf93ec2a3c2ec2837b78d6d46e"":[40506,72281,75172,82253],""d_9af9317c646a1c881bb5591c91817cc6"":[22966,104544,116805,117979],""d_67e99e6eabc4aad9b5d48663b579746a"":[54388],""d_181005ca270b45408b4cdfc954980ca2"":[5463],""d_2b8c54b2a490d2fa36b925289e5d9572"":[14559],""d_df7d2d661c0c11a7c367c9ee4bf896c1"":[33510,34612,113779,129731,197123,226256],""d_72f37e5c5d192951ddc5513c2b134482"":[117951],""d_e97e8e7fc55b85a38babf66b0fa46b73"":[33874],""d_af2042c77ffaf0db5d75561ce9ef5688"":[52348],""d_31af23fdb79119ed185c256f03cb5773"":[22335]},""127501"":{""d_af2042c77ffaf0db5d75561ce9ef5688"":[42081]}}",,[],
CLEMENTI,713,CLEMENTI WEST ST 2,26,Unmatched,Ambiguous,Missing,Missing,ConflictOrPreviouslyMatchedOutcomeChange,[11414],"{""120713"":{""d_8575e84912df3c28995b8e6e0e05205a"":[130713,141524,144098,157073,160976],""d_3a3807c023c61ddfba947dc069eb53f2"":[50650,72325,75067,75737],""d_c0650f23e94c42e7a20921f4c5b75c24"":[15973,68916,82385,83367,101859,101881,106202,116022,120989,134401],""d_acbc938ec77af18f94cecc4a7c9ec720"":[13644,40808,51826,56925,59614],""d_124a9bd407c7a25f8335b93b86e50fdd"":[18648,20600,50151,68678,70914,72345,81274],""d_4526d47d6714d3b052eed4a30b8b1ed6"":[29108,29462,37297,43086,53148,56658,65433],""d_b58303c68e9cf0d2ae93b73ffdbfbfa1"":[46564,72762,73143],""d_fa2ed456cf2b8597bb7e064b08fc3c7c"":[39752,49499,63795,83585,83757],""d_85518d970b8178975850457f60f1e738"":[7583],""d_478f45a9c541cbe679ca55d1cd2b970b"":[38704,60165,65765],""d_5573b0db0575db32190a2ad27919a7aa"":[67079],""d_a2141adf93ec2a3c2ec2837b78d6d46e"":[7502,43992,52301,59770,62411,89193],""d_9af9317c646a1c881bb5591c91817cc6"":[60898,73668,75706,84621,90096],""d_67e99e6eabc4aad9b5d48663b579746a"":[6651,20788,44407],""d_5c4ef48b025fdfbc80056401f06e3df9"":[21200],""d_300ddc8da4e8f7bdc1bfc62d0d99e2e7"":[14245],""d_181005ca270b45408b4cdfc954980ca2"":[53927,69117,80942],""d_2b8c54b2a490d2fa36b925289e5d9572"":[30060,58850,64327],""d_df7d2d661c0c11a7c367c9ee4bf896c1"":[117888,123121,123209,130243,155564,159579,159707,161790,189372,197022,200428,208514],""d_72f37e5c5d192951ddc5513c2b134482"":[38323,40116,85865,92526,135366,139148,139718],""d_0cc5f52a1f298b916f317800251057f3"":[20489],""d_af2042c77ffaf0db5d75561ce9ef5688"":[29292,40937],""d_31af23fdb79119ed185c256f03cb5773"":[26016,29651]},""120723"":{""d_72f37e5c5d192951ddc5513c2b134482"":[96005]}}",,[],
GEYLANG,1,HAIG RD,37,Unmatched,Ambiguous,Missing,Missing,ConflictOrPreviouslyMatchedOutcomeChange,[13],"{""430001"":{""d_8575e84912df3c28995b8e6e0e05205a"":[143474,164184],""d_3a3807c023c61ddfba947dc069eb53f2"":[45251,89865],""d_c0650f23e94c42e7a20921f4c5b75c24"":[56249,72799,120016,129242,133540],""d_124a9bd407c7a25f8335b93b86e50fdd"":[46850,70793],""d_4526d47d6714d3b052eed4a30b8b1ed6"":[22344,52610,56580,58684],""d_b58303c68e9cf0d2ae93b73ffdbfbfa1"":[81723],""d_fa2ed456cf2b8597bb7e064b08fc3c7c"":[1522,45625,48787,71522,86820],""d_85518d970b8178975850457f60f1e738"":[21255],""d_478f45a9c541cbe679ca55d1cd2b970b"":[63967],""d_5573b0db0575db32190a2ad27919a7aa"":[37452],""d_a2141adf93ec2a3c2ec2837b78d6d46e"":[36483,44917,74940,82053,89051,91410],""d_9af9317c646a1c881bb5591c91817cc6"":[105072],""d_67e99e6eabc4aad9b5d48663b579746a"":[57520],""d_5c4ef48b025fdfbc80056401f06e3df9"":[35117,39853],""d_181005ca270b45408b4cdfc954980ca2"":[31270,51248,54202],""d_2b8c54b2a490d2fa36b925289e5d9572"":[37366],""d_df7d2d661c0c11a7c367c9ee4bf896c1"":[98964,110078,123360,203738,222353,228016],""d_72f37e5c5d192951ddc5513c2b134482"":[29496,48151,126145],""d_e97e8e7fc55b85a38babf66b0fa46b73"":[21574],""d_af2042c77ffaf0db5d75561ce9ef5688"":[29890,55348],""d_1cd970d8351b42be4a308d628a6dd9d3"":[11912],""d_31af23fdb79119ed185c256f03cb5773"":[259]},""438758"":{""d_67e99e6eabc4aad9b5d48663b579746a"":[41493]}}",,[],
GEYLANG,10,HAIG RD,30,Unmatched,Ambiguous,Missing,Missing,ConflictOrPreviouslyMatchedOutcomeChange,[60],"{""430010"":{""d_8575e84912df3c28995b8e6e0e05205a"":[843,7665,8005,24412,53095,84903,100832,127994,141387,146209,165867],""d_3a3807c023c61ddfba947dc069eb53f2"":[26857,42315,44225],""d_c0650f23e94c42e7a20921f4c5b75c24"":[70715,123532],""d_acbc938ec77af18f94cecc4a7c9ec720"":[24758,31033,60712,63850,65130,65823],""d_124a9bd407c7a25f8335b93b86e50fdd"":[4477,26082,42005,42886,43083,43566,45249],""d_4526d47d6714d3b052eed4a30b8b1ed6"":[1252,7786,19645,52706,57733],""d_b58303c68e9cf0d2ae93b73ffdbfbfa1"":[1223,18172,18861,72098],""d_fa2ed456cf2b8597bb7e064b08fc3c7c"":[237,78988,80812,86777,89380,90695],""d_85518d970b8178975850457f60f1e738"":[250,24184,40043,41196,48286,56174],""d_478f45a9c541cbe679ca55d1cd2b970b"":[7767,57241,59014,60380],""d_5573b0db0575db32190a2ad27919a7aa"":[960,1596,39821,73785],""d_a2141adf93ec2a3c2ec2837b78d6d46e"":[981,6040,46156,78409,86484],""d_9af9317c646a1c881bb5591c91817cc6"":[16440,35254,54200,81240],""d_67e99e6eabc4aad9b5d48663b579746a"":[334,396,24118,30447,32762,53943],""d_181005ca270b45408b4cdfc954980ca2"":[31068,35520,52636,59569,71486,79758],""d_4130f1d9d365d9f1633536e959f62bb7"":[11653],""d_2b8c54b2a490d2fa36b925289e5d9572"":[19504,46648,65437],""d_df7d2d661c0c11a7c367c9ee4bf896c1"":[6589,39613,45229,86977,115524,221192,234016],""d_72f37e5c5d192951ddc5513c2b134482"":[660,29024,55814,81004,104489,116960,124576,132864],""d_e97e8e7fc55b85a38babf66b0fa46b73"":[3661],""d_af2042c77ffaf0db5d75561ce9ef5688"":[21271,28092,37814,45585],""d_31af23fdb79119ed185c256f03cb5773"":[31359]},""430001"":{""d_df7d2d661c0c11a7c367c9ee4bf896c1"":[158545]}}",,[],
GEYLANG,115,ALJUNIED AVE 2,1,NormalizedAddress,Ambiguous,BlockApproximation,Missing,ConflictOrPreviouslyMatchedOutcomeChange,[696],"{""380115"":{""d_8575e84912df3c28995b8e6e0e05205a"":[17205,75511,116363,131582,166075],""d_3a3807c023c61ddfba947dc069eb53f2"":[7685,8460,54205,70574,85283],""d_c0650f23e94c42e7a20921f4c5b75c24"":[3080,20259,90307,92547],""d_acbc938ec77af18f94cecc4a7c9ec720"":[4492,40729],""d_124a9bd407c7a25f8335b93b86e50fdd"":[303,59882,73861],""d_4526d47d6714d3b052eed4a30b8b1ed6"":[15862,17643,20366,44500,51626,57973,58075,62454,64864,65558],""d_b58303c68e9cf0d2ae93b73ffdbfbfa1"":[4653,29998,53613,54714],""d_fa2ed456cf2b8597bb7e064b08fc3c7c"":[28621,46413,70356],""d_478f45a9c541cbe679ca55d1cd2b970b"":[4083,5777,20059,31236,39427,65285],""d_5573b0db0575db32190a2ad27919a7aa"":[39911,52752,57162,65461,67701,74324],""d_a2141adf93ec2a3c2ec2837b78d6d46e"":[3484,41838,41862,50709],""d_9af9317c646a1c881bb5591c91817cc6"":[62105,94675,106085,116555,116793],""d_67e99e6eabc4aad9b5d48663b579746a"":[38379],""d_5c4ef48b025fdfbc80056401f06e3df9"":[35572],""d_300ddc8da4e8f7bdc1bfc62d0d99e2e7"":[9650],""d_181005ca270b45408b4cdfc954980ca2"":[41086,71663],""d_4130f1d9d365d9f1633536e959f62bb7"":[458],""d_2b8c54b2a490d2fa36b925289e5d9572"":[65621,68283],""d_df7d2d661c0c11a7c367c9ee4bf896c1"":[925,21855,106875,184655,196918,207632,218414,230590],""d_72f37e5c5d192951ddc5513c2b134482"":[879,6197,72094,93388,109073],""d_0cc5f52a1f298b916f317800251057f3"":[12733,24432],""d_e97e8e7fc55b85a38babf66b0fa46b73"":[3688,10128,28025],""d_af2042c77ffaf0db5d75561ce9ef5688"":[28375],""d_4e3db8955fdcda6f9944097bef3d2724"":[9524,11155]},""380015"":{""d_5c4ef48b025fdfbc80056401f06e3df9"":[27981]}}",,[],
GEYLANG,301,UBI AVE 1,32,NormalizedAddress,Ambiguous,BlockApproximation,Missing,ConflictOrPreviouslyMatchedOutcomeChange,[4972],"{""400301"":{""d_8575e84912df3c28995b8e6e0e05205a"":[9402,19057,25848,29105,60047,72530,90202,98910,104347,104351,104823,108342,110031,111174,115347,120812,132520,138940,140305,147915,150658,150663,150793,155824,157758,158332,172669],""d_3a3807c023c61ddfba947dc069eb53f2"":[1840,15384,46205,50892,54046,55222,55962,62205,63245,64227,65361,80691,85242,91829],""d_c0650f23e94c42e7a20921f4c5b75c24"":[31074,60549,68859,77582,80890,84849,87634,88164,89779,95492,102762,103271,103477,109948,113707,115687,120655,121340,128519],""d_acbc938ec77af18f94cecc4a7c9ec720"":[14224,17459,39413,39465,42731,48657,50693,51227,53140,53763,59078,70841],""d_124a9bd407c7a25f8335b93b86e50fdd"":[5435,51095,54528,54953,56840,57108,58943,70689,74396,81333],""d_4526d47d6714d3b052eed4a30b8b1ed6"":[17142,33407,40654,42396,46741,48773,53901,54731,63681,66407],""d_b58303c68e9cf0d2ae93b73ffdbfbfa1"":[19987,20401,54990,74886,75303,80105],""d_fa2ed456cf2b8597bb7e064b08fc3c7c"":[7143,23342,40815,42767,50602,51944,54619,56246,58048,62399,63579,68999,73587,80657,84202],""d_85518d970b8178975850457f60f1e738"":[30173,39618,41164,55542],""d_478f45a9c541cbe679ca55d1cd2b970b"":[5993,22262,25064,26050,27177,33965,34650,36342,39110,39258,52252,55999,57349,60235,63772,65373],""d_5573b0db0575db32190a2ad27919a7aa"":[1692,27473,34056,37267,44053,44285,61539,66588,69997,74504],""d_a2141adf93ec2a3c2ec2837b78d6d46e"":[1241,26498,37530,49270,51259,54974,55123,57699,59082,59361,62019,72683,73266,76998,78926,87417,88103,89983],""d_9af9317c646a1c881bb5591c91817cc6"":[20616,58158,58409,59413,59648,59658,69679,73722,73898,77839,80103,82737,83840,84717,86905,88180,95352,103231,105678],""d_67e99e6eabc4aad9b5d48663b579746a"":[393,19238,37390,38274,40819,46924,47980,51393,55350],""d_300ddc8da4e8f7bdc1bfc62d0d99e2e7"":[3250,11023,12078,12859,14776,16391,16737],""d_181005ca270b45408b4cdfc954980ca2"":[60863,61060,62544,64864,68815,70651,82482,85441,91151,91325,92929],""d_4130f1d9d365d9f1633536e959f62bb7"":[11511],""d_2b8c54b2a490d2fa36b925289e5d9572"":[3033,8434,55596],""d_df7d2d661c0c11a7c367c9ee4bf896c1"":[329,1519,50356,54649,91530,103851,110753,111346,111376,133875,136047,137827,138366,141262,142907,147106,148180,149668,151291,154968,159704,159985,160212,164779,166842,169024,173675,179521,187668,187713,194239,194858,196937,205856,208728,214410],""d_72f37e5c5d192951ddc5513c2b134482"":[9122,24496,28815,28981,36708,40157,41749,79281,79283,80213,81295,84436,86972,99840,101025,104466,105511,106163,106819,109435,109584,111157],""d_0cc5f52a1f298b916f317800251057f3"":[649,14916,16372,16974,17144,17192,19398,19672,19717,20496,20724],""d_e97e8e7fc55b85a38babf66b0fa46b73"":[23776],""d_af2042c77ffaf0db5d75561ce9ef5688"":[23183,30809,32285,35535,37646,42931,48956],""d_1cd970d8351b42be4a308d628a6dd9d3"":[8059,9896,11701,12856],""d_31af23fdb79119ed185c256f03cb5773"":[18668,24385,25074,32643],""d_4e3db8955fdcda6f9944097bef3d2724"":[9698,16344]},""400306"":{""d_df7d2d661c0c11a7c367c9ee4bf896c1"":[138502]}}",,[],
GEYLANG,302,UBI AVE 1,34,NormalizedAddress,Ambiguous,BlockApproximation,Missing,ConflictOrPreviouslyMatchedOutcomeChange,[4999],"{""400302"":{""d_8575e84912df3c28995b8e6e0e05205a"":[13549,15407,15539,15868,16471,19824,37660,41316,45990,47935,54062,65913,99491,103448,104043,108843,125336,125479,133668,134461,137034,138747,144322,145313,151169,151185,152551,158519,159235,171618,172496],""d_3a3807c023c61ddfba947dc069eb53f2"":[44253,62249,67985,70433,70639,71827,73520,75595],""d_c0650f23e94c42e7a20921f4c5b75c24"":[152,61281,69828,76581,81639,89220,97102,98314,101361,104960,110155],""d_acbc938ec77af18f94cecc4a7c9ec720"":[50011,53708,54998,58362,58978,64443,70042],""d_124a9bd407c7a25f8335b93b86e50fdd"":[26153,42297,45986,48903,55610,56391,57245,62330,62898,69831],""d_4526d47d6714d3b052eed4a30b8b1ed6"":[26736,29499,37980,38754,41948,44877,48656,54252],""d_b58303c68e9cf0d2ae93b73ffdbfbfa1"":[26706,27281,52521,54778,56655,59180,72091,78274,79610,79616,82726],""d_fa2ed456cf2b8597bb7e064b08fc3c7c"":[11236,12313,16299,30724,37555,54211,54532,54568,57746,59474,59525,67783,73171,73338,78101,89667,90920,92078],""d_85518d970b8178975850457f60f1e738"":[10160,10176,12631,12794,17556,38595,43094,50262],""d_478f45a9c541cbe679ca55d1cd2b970b"":[4626,10375,16923,26051,27028,33366,42754,42842,51587,53740,54523,66599],""d_5573b0db0575db32190a2ad27919a7aa"":[1271,34865,43855,45629,49415,55724,56090,57457,58574,58808,62481,68263,69488,73820],""d_a2141adf93ec2a3c2ec2837b78d6d46e"":[4196,7717,39773,53491,57410,59319,60347,61400,65454,65816,66774,68915,70184,75794,76263,77171,78666,91171],""d_9af9317c646a1c881bb5591c91817cc6"":[24805,29069,37223,47691,57754,68864,69418,69541,81801,96569,102344,102720,104174,107361,110449,110669,112281,114745,116269,118541,119965],""d_67e99e6eabc4aad9b5d48663b579746a"":[22405,26663,35668,36719,44343,51073],""d_5c4ef48b025fdfbc80056401f06e3df9"":[2998,17031,19492,33271,35867],""d_300ddc8da4e8f7bdc1bfc62d0d99e2e7"":[5555,7346,16295,16964,17788,21072],""d_181005ca270b45408b4cdfc954980ca2"":[57811,61266,65660,75914,78507,78577,82195,89482,92280],""d_2b8c54b2a490d2fa36b925289e5d9572"":[42538,45434,45670,47125,53968,63711,67437],""d_df7d2d661c0c11a7c367c9ee4bf896c1"":[25140,26007,28213,58465,89122,89123,116516,134853,137359,137526,137896,138089,139296,142132,145226,146965,147635,148836,149098,150618,159072,160801,165815,169313,175416,175772,187726,192831,198829,209175,230040],""d_72f37e5c5d192951ddc5513c2b134482"":[12614,69095,78971,85595,85772,93107,104787,108734,117120,130427,132914,133183,133436,134415,135494,136615,136878],""d_0cc5f52a1f298b916f317800251057f3"":[4245,4553,4743,14879,16708,17248,19659,21070],""d_e97e8e7fc55b85a38babf66b0fa46b73"":[33413],""d_af2042c77ffaf0db5d75561ce9ef5688"":[2025,5463,29477,31708,32866,33882,35211,36473,37432,40818,40844,42688,42818,43544,44371,44479,49045,51605,53205],""d_31af23fdb79119ed185c256f03cb5773"":[4583,9032,20368,21526,22961,23137,25212,31984,34817,35096],""d_4e3db8955fdcda6f9944097bef3d2724"":[1326,6811,12564,14927]},""659003"":{""d_c0650f23e94c42e7a20921f4c5b75c24"":[98672]}}",,[],
GEYLANG,304,UBI AVE 1,16,NormalizedAddress,Ambiguous,BlockApproximation,Missing,ConflictOrPreviouslyMatchedOutcomeChange,[5046],"{""400304"":{""d_8575e84912df3c28995b8e6e0e05205a"":[19143,44182,61921,79450,88951,91969,95538,105805,120368,121401,122788,128834,158867,166801],""d_3a3807c023c61ddfba947dc069eb53f2"":[41969,46240,53898,57720,59723,67027,69120,71466,74458],""d_c0650f23e94c42e7a20921f4c5b75c24"":[20901,21179,25265,77043,79311,82032,82566,84538,84783,87995,90395,90578,91633,92193,94803,107323,114922,117155,117696],""d_acbc938ec77af18f94cecc4a7c9ec720"":[44218,44994,47252,47364,51397,53961],""d_124a9bd407c7a25f8335b93b86e50fdd"":[49764,50058,50728,54818,56316,64942],""d_4526d47d6714d3b052eed4a30b8b1ed6"":[39511,41755,48163,49459,50823],""d_b58303c68e9cf0d2ae93b73ffdbfbfa1"":[55913,57863,64499,64639,69642,84422],""d_fa2ed456cf2b8597bb7e064b08fc3c7c"":[32802,58082,61627,62415,62577,63523,67422,73225,74586,76591,78817,78901,81340,87003,90646],""d_478f45a9c541cbe679ca55d1cd2b970b"":[15751,33227,35043,35098,36215,36522,38082,38166,52494,56463],""d_5573b0db0575db32190a2ad27919a7aa"":[5557,25708,33820,35233,36116,37878,43851,46972,47164,47792,48059,64281],""d_a2141adf93ec2a3c2ec2837b78d6d46e"":[17431,32208,54858,56231,57710,58917,66151,78956,83557],""d_9af9317c646a1c881bb5591c91817cc6"":[10074,13261,22726,60852,68386,69876,71573,74421,75232,75293,80672,83575,89130,96182,102451,122402],""d_67e99e6eabc4aad9b5d48663b579746a"":[39192,40441,42550,49628,57028],""d_300ddc8da4e8f7bdc1bfc62d0d99e2e7"":[15317,15318,21355],""d_181005ca270b45408b4cdfc954980ca2"":[28161,57003,60051,63821,65897,77712,79412,90763],""d_2b8c54b2a490d2fa36b925289e5d9572"":[39686,39941,46784,55752,56041,57197,57307,59457,60145,68831],""d_df7d2d661c0c11a7c367c9ee4bf896c1"":[60114,71021,109573,130539,136256,137364,139800,141559,149850,154931,155292,156292,163453,175349,175674,185616,196765,211648,215586],""d_72f37e5c5d192951ddc5513c2b134482"":[79050,85390,87256,87887,101083,101915,103284,107749,114723,115576,124254,136044],""d_0cc5f52a1f298b916f317800251057f3"":[6828,14888,15053,16953,22706],""d_e97e8e7fc55b85a38babf66b0fa46b73"":[30497,37993,38308],""d_af2042c77ffaf0db5d75561ce9ef5688"":[47327],""d_1cd970d8351b42be4a308d628a6dd9d3"":[7622,11468],""d_31af23fdb79119ed185c256f03cb5773"":[8938,20985,22695,22834],""d_4e3db8955fdcda6f9944097bef3d2724"":[3607,9955,12573]},""400306"":{""d_9af9317c646a1c881bb5591c91817cc6"":[74079]},""400301"":{""d_300ddc8da4e8f7bdc1bfc62d0d99e2e7"":[12057]}}",,[],
GEYLANG,45,SIMS DR,30,Unmatched,Ambiguous,Missing,Missing,ConflictOrPreviouslyMatchedOutcomeChange,[7600],"{""380045"":{""d_8575e84912df3c28995b8e6e0e05205a"":[7136,96162,129884,147245],""d_3a3807c023c61ddfba947dc069eb53f2"":[180,50648,68974,71631,79737,83605],""d_c0650f23e94c42e7a20921f4c5b75c24"":[86978,87501,91521,93808,102263,113069,113265,124152,126519,128116],""d_acbc938ec77af18f94cecc4a7c9ec720"":[7332,51231,52183,65185,67974,68414],""d_124a9bd407c7a25f8335b93b86e50fdd"":[3317,29529,45547,45566,55520,57197,77471,78803],""d_4526d47d6714d3b052eed4a30b8b1ed6"":[5776,33029,45623,55990,64061],""d_b58303c68e9cf0d2ae93b73ffdbfbfa1"":[7962,21545,40905,50788,52961,57785,68554,72313,73303],""d_fa2ed456cf2b8597bb7e064b08fc3c7c"":[21932,28360,34304,39829,43612,54840,61193,62460,64267,64477,64512,70602,70687,75655,81437,84455,90392],""d_478f45a9c541cbe679ca55d1cd2b970b"":[45996,53993,55048,60371],""d_5573b0db0575db32190a2ad27919a7aa"":[501,37105,46407,50823,53654,58132,62038,62367,66721,73169],""d_a2141adf93ec2a3c2ec2837b78d6d46e"":[43021,45877,62977,84833,86383],""d_9af9317c646a1c881bb5591c91817cc6"":[8316,24816,65786,74197,82900,83394,96980,98171,104927,114450,119601],""d_67e99e6eabc4aad9b5d48663b579746a"":[51,32058,36657,47627,52125,54797,56981],""d_5c4ef48b025fdfbc80056401f06e3df9"":[20223,41481],""d_300ddc8da4e8f7bdc1bfc62d0d99e2e7"":[4729,11573,15313,17362],""d_181005ca270b45408b4cdfc954980ca2"":[65244,77872,81429],""d_2b8c54b2a490d2fa36b925289e5d9572"":[35407,47700,50952,53623],""d_df7d2d661c0c11a7c367c9ee4bf896c1"":[20507,33584,64554,66468,107122,109849,122256,122464,122470,129143,151204,153797,154388,161985,162811,171665,177371,203597,205807,206165,219927],""d_72f37e5c5d192951ddc5513c2b134482"":[1117,1863,67883,81540,86577,86979,87353,92377,94250],""d_e97e8e7fc55b85a38babf66b0fa46b73"":[31829,35250],""d_af2042c77ffaf0db5d75561ce9ef5688"":[13159,14261,27923,38511],""d_1cd970d8351b42be4a308d628a6dd9d3"":[10380],""d_31af23fdb79119ed185c256f03cb5773"":[15865,16663],""d_4e3db8955fdcda6f9944097bef3d2724"":[11564,14115,15346]},""380095"":{""d_72f37e5c5d192951ddc5513c2b134482"":[95690]}}",,[],
GEYLANG,67,CIRCUIT RD,36,Unmatched,Ambiguous,Missing,Missing,ConflictOrPreviouslyMatchedOutcomeChange,[10841],"{""370067"":{""d_8575e84912df3c28995b8e6e0e05205a"":[85277,147432,155349,161827],""d_3a3807c023c61ddfba947dc069eb53f2"":[30825,87000],""d_c0650f23e94c42e7a20921f4c5b75c24"":[42211,133842],""d_124a9bd407c7a25f8335b93b86e50fdd"":[26581,79067],""d_b58303c68e9cf0d2ae93b73ffdbfbfa1"":[78963],""d_fa2ed456cf2b8597bb7e064b08fc3c7c"":[81261,83304],""d_478f45a9c541cbe679ca55d1cd2b970b"":[26967,45407,51801],""d_a2141adf93ec2a3c2ec2837b78d6d46e"":[86020],""d_9af9317c646a1c881bb5591c91817cc6"":[32059,41408,52741,90704,111735],""d_67e99e6eabc4aad9b5d48663b579746a"":[23907,56172,57379],""d_181005ca270b45408b4cdfc954980ca2"":[2935,47777,82758],""d_2b8c54b2a490d2fa36b925289e5d9572"":[32989],""d_72f37e5c5d192951ddc5513c2b134482"":[59258],""d_1cd970d8351b42be4a308d628a6dd9d3"":[11017],""d_4e3db8955fdcda6f9944097bef3d2724"":[15742,16779]},""370064"":{""d_9af9317c646a1c881bb5591c91817cc6"":[79457]}}",,[],
GEYLANG,82,MACPHERSON LANE,3,Unmatched,Unmatched,Missing,Missing,ConflictOrPreviouslyMatchedOutcomeChange,[],"{""360082"":{""d_8575e84912df3c28995b8e6e0e05205a"":[15794,93071,97599,117334,148167,157623],""d_3a3807c023c61ddfba947dc069eb53f2"":[65335,73020,73400,85621],""d_c0650f23e94c42e7a20921f4c5b75c24"":[20666],""d_acbc938ec77af18f94cecc4a7c9ec720"":[35643,46916,62452],""d_124a9bd407c7a25f8335b93b86e50fdd"":[25168,26698,44804,70066],""d_4526d47d6714d3b052eed4a30b8b1ed6"":[16559,40947,46912,50488,52418],""d_fa2ed456cf2b8597bb7e064b08fc3c7c"":[2075,7003,10718,12778,19799,59798,78722,83098,86550,90145],""d_85518d970b8178975850457f60f1e738"":[24034,41012,47154,51933],""d_478f45a9c541cbe679ca55d1cd2b970b"":[35798,36155,54636,56742,66212],""d_5573b0db0575db32190a2ad27919a7aa"":[965,27254],""d_a2141adf93ec2a3c2ec2837b78d6d46e"":[45657],""d_9af9317c646a1c881bb5591c91817cc6"":[62520,69124,75601,78552,87189,97544,104383,110698],""d_67e99e6eabc4aad9b5d48663b579746a"":[645,49361,52727],""d_5c4ef48b025fdfbc80056401f06e3df9"":[7222,31878],""d_300ddc8da4e8f7bdc1bfc62d0d99e2e7"":[1021,15685,17158,17440,18392],""d_181005ca270b45408b4cdfc954980ca2"":[26357,79211,80261],""d_2b8c54b2a490d2fa36b925289e5d9572"":[36025,43707,70424],""d_df7d2d661c0c11a7c367c9ee4bf896c1"":[3319,20791,128821,141828,142503,157129,190395,196500],""d_72f37e5c5d192951ddc5513c2b134482"":[29516,90692,113989,117574,134011,134020],""d_0cc5f52a1f298b916f317800251057f3"":[6103],""d_af2042c77ffaf0db5d75561ce9ef5688"":[56448],""d_1cd970d8351b42be4a308d628a6dd9d3"":[8961],""d_31af23fdb79119ed185c256f03cb5773"":[639]},""368227"":{""d_478f45a9c541cbe679ca55d1cd2b970b"":[32279]}}",,[],
GEYLANG,83,MACPHERSON LANE,3,ExactAddress,Ambiguous,BlockApproximation,Missing,ConflictOrPreviouslyMatchedOutcomeChange,[12353],"{""360083"":{""d_8575e84912df3c28995b8e6e0e05205a"":[116338,121010,132429,145298,159071,167334],""d_3a3807c023c61ddfba947dc069eb53f2"":[17694,57169,57848,61368],""d_c0650f23e94c42e7a20921f4c5b75c24"":[1791,1846,3030,75809,81234,81888,92283,92925,93357,95324,98313,107813],""d_acbc938ec77af18f94cecc4a7c9ec720"":[36528],""d_124a9bd407c7a25f8335b93b86e50fdd"":[77173],""d_4526d47d6714d3b052eed4a30b8b1ed6"":[34975,38440,50385,65166],""d_b58303c68e9cf0d2ae93b73ffdbfbfa1"":[66008,67565,72019],""d_fa2ed456cf2b8597bb7e064b08fc3c7c"":[1050,27383,50637,51132,59180,61614,64042,74386,81760,82409,83944],""d_478f45a9c541cbe679ca55d1cd2b970b"":[27575,27689,40061,42633,63722,66162],""d_5573b0db0575db32190a2ad27919a7aa"":[5226,44875,69361],""d_a2141adf93ec2a3c2ec2837b78d6d46e"":[11603,29652,42157,56658,58163,63964,73034],""d_9af9317c646a1c881bb5591c91817cc6"":[643,4646,26029,42523,72905,74445,89081,102318,102818,106870],""d_67e99e6eabc4aad9b5d48663b579746a"":[1127,38558,45707],""d_5c4ef48b025fdfbc80056401f06e3df9"":[9121,31019],""d_300ddc8da4e8f7bdc1bfc62d0d99e2e7"":[3488],""d_181005ca270b45408b4cdfc954980ca2"":[31745,63010],""d_4130f1d9d365d9f1633536e959f62bb7"":[10197,10506,11282,11357],""d_df7d2d661c0c11a7c367c9ee4bf896c1"":[31190,120341,142177,154162,154825,156539,157192,164303,166089,182212,210086],""d_72f37e5c5d192951ddc5513c2b134482"":[72891,75817,84881,120571],""d_0cc5f52a1f298b916f317800251057f3"":[20185,21723,24303],""d_e97e8e7fc55b85a38babf66b0fa46b73"":[5903,22165,25537],""d_af2042c77ffaf0db5d75561ce9ef5688"":[4935,48459,52020],""d_31af23fdb79119ed185c256f03cb5773"":[200,467,17439,17512,20984,24500,28757,30891],""d_4e3db8955fdcda6f9944097bef3d2724"":[9696]},""321105"":{""d_4e3db8955fdcda6f9944097bef3d2724"":[11321]}}",,[],
GEYLANG,87,CIRCUIT RD,19,Unmatched,Ambiguous,Missing,Missing,ConflictOrPreviouslyMatchedOutcomeChange,[12633],"{""370087"":{""d_8575e84912df3c28995b8e6e0e05205a"":[530,68872,85280,88481,130405,155690,167097],""d_3a3807c023c61ddfba947dc069eb53f2"":[26619,44173,63644,72496,73994,79036,80966,94521],""d_c0650f23e94c42e7a20921f4c5b75c24"":[2080],""d_acbc938ec77af18f94cecc4a7c9ec720"":[25525,33028,36968,58407],""d_124a9bd407c7a25f8335b93b86e50fdd"":[56921,62644,77484],""d_4526d47d6714d3b052eed4a30b8b1ed6"":[30948,52102,52494,54021],""d_b58303c68e9cf0d2ae93b73ffdbfbfa1"":[28826,62660,63842,70855,74526],""d_fa2ed456cf2b8597bb7e064b08fc3c7c"":[68177,78320,81147,82941,84447,88161],""d_85518d970b8178975850457f60f1e738"":[42753,51017],""d_478f45a9c541cbe679ca55d1cd2b970b"":[10162,25814,45721,46856,50902,51892,55198],""d_5573b0db0575db32190a2ad27919a7aa"":[1138,1306,1326,53735,57496,61489,70638],""d_a2141adf93ec2a3c2ec2837b78d6d46e"":[49157,50000,64620,76098],""d_9af9317c646a1c881bb5591c91817cc6"":[54256,54681,79809],""d_67e99e6eabc4aad9b5d48663b579746a"":[1135,1848,19206,44112,47255,55299],""d_5c4ef48b025fdfbc80056401f06e3df9"":[35320],""d_181005ca270b45408b4cdfc954980ca2"":[42771,68164,71000,87418],""d_4130f1d9d365d9f1633536e959f62bb7"":[5884],""d_2b8c54b2a490d2fa36b925289e5d9572"":[35985],""d_df7d2d661c0c11a7c367c9ee4bf896c1"":[2329,58579,99151,126255,157158,163375,164931,175036,184663,196651,206118],""d_72f37e5c5d192951ddc5513c2b134482"":[2059,93126,110216,112121],""d_e97e8e7fc55b85a38babf66b0fa46b73"":[15405,15741,15895,16401,34755],""d_1cd970d8351b42be4a308d628a6dd9d3"":[5534],""d_31af23fdb79119ed185c256f03cb5773"":[27456,28498,30811,31298,31743]},""370089"":{""d_5573b0db0575db32190a2ad27919a7aa"":[55959],""d_df7d2d661c0c11a7c367c9ee4bf896c1"":[152550]}}",,[],
HOUGANG,106,HOUGANG AVE 1,13,NormalizedAddress,Ambiguous,BlockApproximation,Missing,ConflictOrPreviouslyMatchedOutcomeChange,[319],"{""530106"":{""d_8575e84912df3c28995b8e6e0e05205a"":[117989,121842,132552,138754],""d_3a3807c023c61ddfba947dc069eb53f2"":[62693,89488,91139],""d_c0650f23e94c42e7a20921f4c5b75c24"":[2173,73087,83707,88554,105045,107322,107762,111005,112438,114862,137005],""d_124a9bd407c7a25f8335b93b86e50fdd"":[3113,54720,56677,68033,77256],""d_4526d47d6714d3b052eed4a30b8b1ed6"":[12282,12661,62138,65846],""d_b58303c68e9cf0d2ae93b73ffdbfbfa1"":[51531,54723,58400,67879,68692,79970,82348],""d_fa2ed456cf2b8597bb7e064b08fc3c7c"":[13419,14484,55769,64123,68002,69826,90499],""d_85518d970b8178975850457f60f1e738"":[22168,36601,56689],""d_478f45a9c541cbe679ca55d1cd2b970b"":[15011,30135,34005,38982,42789,58393,63192,65853],""d_5573b0db0575db32190a2ad27919a7aa"":[3764,39202,47711,54639,66015,72572],""d_a2141adf93ec2a3c2ec2837b78d6d46e"":[870,10119,12575,15838,41086,43864,75019,76172],""d_9af9317c646a1c881bb5591c91817cc6"":[798,50356,78247,91616,117847],""d_67e99e6eabc4aad9b5d48663b579746a"":[33958,52281],""d_5c4ef48b025fdfbc80056401f06e3df9"":[9705],""d_300ddc8da4e8f7bdc1bfc62d0d99e2e7"":[1142,1674,1675,6655,12528,19772],""d_181005ca270b45408b4cdfc954980ca2"":[77674,77675,78616,87294],""d_4130f1d9d365d9f1633536e959f62bb7"":[9325,11664],""d_2b8c54b2a490d2fa36b925289e5d9572"":[45071,57181,62016,63794,64047],""d_df7d2d661c0c11a7c367c9ee4bf896c1"":[1598,88791,127294,149715,157817,159164,159735,175784,177485,178887,195263,196520,200356,203584],""d_72f37e5c5d192951ddc5513c2b134482"":[11491,15440,78366,84217,92118,92714,98971,101299,105466,106072,106346],""d_e97e8e7fc55b85a38babf66b0fa46b73"":[5729,21571,33158],""d_af2042c77ffaf0db5d75561ce9ef5688"":[37015],""d_31af23fdb79119ed185c256f03cb5773"":[19824,24728],""d_4e3db8955fdcda6f9944097bef3d2724"":[1706]},""530103"":{""d_181005ca270b45408b4cdfc954980ca2"":[65319]}}",,[],
HOUGANG,211,HOUGANG ST 21,7,Unmatched,Ambiguous,Missing,Missing,ConflictOrPreviouslyMatchedOutcomeChange,[3134],"{""530211"":{""d_8575e84912df3c28995b8e6e0e05205a"":[967,7170,83664,111108,117120,119185,120381,123352,126392,129711,161564],""d_3a3807c023c61ddfba947dc069eb53f2"":[17080,33403,37601,60558,62941,76599,87296],""d_c0650f23e94c42e7a20921f4c5b75c24"":[19760,74633,78446,85194,98676,104531,107623,109323,114075,127110],""d_acbc938ec77af18f94cecc4a7c9ec720"":[44,2279,29103,41870,41955,44512,50481,60748,66815],""d_124a9bd407c7a25f8335b93b86e50fdd"":[11086,47082,48023,51211,55828,60622,66124],""d_4526d47d6714d3b052eed4a30b8b1ed6"":[13014,38486,46003,49711,52667,56266],""d_b58303c68e9cf0d2ae93b73ffdbfbfa1"":[6835,34367,58415,66762],""d_fa2ed456cf2b8597bb7e064b08fc3c7c"":[7561,51458,58149,61383,61720,65364,66009,66166,72514,84407],""d_85518d970b8178975850457f60f1e738"":[39109],""d_478f45a9c541cbe679ca55d1cd2b970b"":[8990,38763,38880,41781,64707],""d_5573b0db0575db32190a2ad27919a7aa"":[617,20088,40653,43707,43989,49548,60607,64179,64567,68525],""d_a2141adf93ec2a3c2ec2837b78d6d46e"":[7640,14143,53752,56368,56972,61976,71584,72718],""d_9af9317c646a1c881bb5591c91817cc6"":[66330,78503,115105],""d_67e99e6eabc4aad9b5d48663b579746a"":[4357,31664,50372,51468,54366],""d_5c4ef48b025fdfbc80056401f06e3df9"":[4665,8234,12850,12924,26556,27141,36500],""d_300ddc8da4e8f7bdc1bfc62d0d99e2e7"":[21709,21792],""d_181005ca270b45408b4cdfc954980ca2"":[59291,64530,65467,72546,75669],""d_2b8c54b2a490d2fa36b925289e5d9572"":[15523,16946,43828,51309,63397],""d_df7d2d661c0c11a7c367c9ee4bf896c1"":[38675,50104,57130,64713,126252,144756,145422,145936,148994,152093,152617,169485,170698,170765,192778,194306,220087],""d_72f37e5c5d192951ddc5513c2b134482"":[45271,72551,86930,87791,88720,95386,111133,130423,132185],""d_0cc5f52a1f298b916f317800251057f3"":[14701,15268,17199,20174,23133],""d_e97e8e7fc55b85a38babf66b0fa46b73"":[169,24775,24779,28633,28811],""d_af2042c77ffaf0db5d75561ce9ef5688"":[7626,25269,32280,32589,32845,34884,37369],""d_1cd970d8351b42be4a308d628a6dd9d3"":[5536,9695],""d_31af23fdb79119ed185c256f03cb5773"":[2238,21801,23691,25173,28479],""d_4e3db8955fdcda6f9944097bef3d2724"":[15224]},""530231"":{""d_2b8c54b2a490d2fa36b925289e5d9572"":[46167]}}",,[],
HOUGANG,247,HOUGANG AVE 3,22,NormalizedAddress,Ambiguous,BlockApproximation,Missing,ConflictOrPreviouslyMatchedOutcomeChange,[3981],"{""530247"":{""d_8575e84912df3c28995b8e6e0e05205a"":[44619,136447,139080,143288,168692,168777],""d_3a3807c023c61ddfba947dc069eb53f2"":[10110,27802,30997,49209,51377,64584,67436,70425,71341,82032,88672],""d_c0650f23e94c42e7a20921f4c5b75c24"":[2694,13601,24151,75330,91529,112506,112525,113285,115920,120719],""d_acbc938ec77af18f94cecc4a7c9ec720"":[11206],""d_124a9bd407c7a25f8335b93b86e50fdd"":[9330,23319,42333,50872,59473,65351,66886,71869,75607,75833],""d_4526d47d6714d3b052eed4a30b8b1ed6"":[40210,44368,50276,59016,64977],""d_b58303c68e9cf0d2ae93b73ffdbfbfa1"":[39414,39870,58710,61857,68832,74469,75402,76970],""d_fa2ed456cf2b8597bb7e064b08fc3c7c"":[13663,24379,47056,52805,54514,60081,66968,67430,70589,71396,78232,80259,89158,91090],""d_85518d970b8178975850457f60f1e738"":[14233,14239,14240,51302,51743,59706],""d_478f45a9c541cbe679ca55d1cd2b970b"":[47229,54979,59839,61139],""d_5573b0db0575db32190a2ad27919a7aa"":[1165,14990,31324,45695,55892,58111,64037,69621],""d_a2141adf93ec2a3c2ec2837b78d6d46e"":[48143,48314,49423,55087,61812,80543,82158,86895],""d_9af9317c646a1c881bb5591c91817cc6"":[15046,81133,83724,86340,99454,104363,105837],""d_67e99e6eabc4aad9b5d48663b579746a"":[49825],""d_5c4ef48b025fdfbc80056401f06e3df9"":[31301],""d_300ddc8da4e8f7bdc1bfc62d0d99e2e7"":[2057,4331,5997,10568,15048,18679],""d_181005ca270b45408b4cdfc954980ca2"":[21849,61228,64676,71072,71580,72733,76531,81831],""d_4130f1d9d365d9f1633536e959f62bb7"":[11802],""d_2b8c54b2a490d2fa36b925289e5d9572"":[9611,46295,58060],""d_df7d2d661c0c11a7c367c9ee4bf896c1"":[139101,164312,171556,171965,176652,180036,204222,215847,219738],""d_72f37e5c5d192951ddc5513c2b134482"":[24007,24008,28011,84561,90976,95734,101794,109436,113888],""d_0cc5f52a1f298b916f317800251057f3"":[16607,17839,20495],""d_e97e8e7fc55b85a38babf66b0fa46b73"":[6266,23084,34520],""d_af2042c77ffaf0db5d75561ce9ef5688"":[38726,43999,51773],""d_1cd970d8351b42be4a308d628a6dd9d3"":[10147],""d_31af23fdb79119ed185c256f03cb5773"":[19092,19568,27348,31776,35952]},""530246"":{""d_124a9bd407c7a25f8335b93b86e50fdd"":[59290]}}",,[],
HOUGANG,356,HOUGANG AVE 7,4,Ambiguous,Ambiguous,Missing,Missing,ConflictOrPreviouslyMatchedOutcomeChange,[6109],"{""530356"":{""d_8575e84912df3c28995b8e6e0e05205a"":[34479,36223,116358,129384,140531,150239,159050,172152],""d_3a3807c023c61ddfba947dc069eb53f2"":[55409,63542],""d_c0650f23e94c42e7a20921f4c5b75c24"":[1510,2945,83202,85747,94838],""d_acbc938ec77af18f94cecc4a7c9ec720"":[14414,30819,37857,43250,50896],""d_124a9bd407c7a25f8335b93b86e50fdd"":[79599],""d_4526d47d6714d3b052eed4a30b8b1ed6"":[66004],""d_b58303c68e9cf0d2ae93b73ffdbfbfa1"":[54641,68046],""d_fa2ed456cf2b8597bb7e064b08fc3c7c"":[47145,52702,58126,69852],""d_478f45a9c541cbe679ca55d1cd2b970b"":[35018,66586],""d_5573b0db0575db32190a2ad27919a7aa"":[36186,46064,63898,64223,73909],""d_a2141adf93ec2a3c2ec2837b78d6d46e"":[15765,43689,48829,52651,55147,59302,62447,87076],""d_9af9317c646a1c881bb5591c91817cc6"":[39821,62971,67001,70962,77068],""d_67e99e6eabc4aad9b5d48663b579746a"":[36754,39453,41379],""d_5c4ef48b025fdfbc80056401f06e3df9"":[24812],""d_181005ca270b45408b4cdfc954980ca2"":[57544,60696,61753],""d_4130f1d9d365d9f1633536e959f62bb7"":[11341],""d_2b8c54b2a490d2fa36b925289e5d9572"":[26391,68384],""d_df7d2d661c0c11a7c367c9ee4bf896c1"":[102873,125975,136368,139744,142553,148021,149086,178859,214682,226748],""d_72f37e5c5d192951ddc5513c2b134482"":[16575,75427,76338,83255,91441,118592,126850,140238],""d_e97e8e7fc55b85a38babf66b0fa46b73"":[34809],""d_af2042c77ffaf0db5d75561ce9ef5688"":[50761],""d_1cd970d8351b42be4a308d628a6dd9d3"":[2916,7209,7330,11666,11747],""d_31af23fdb79119ed185c256f03cb5773"":[26397,30583,35709],""d_4e3db8955fdcda6f9944097bef3d2724"":[16822]},""530359"":{""d_3a3807c023c61ddfba947dc069eb53f2"":[64928]}}",,[],
HOUGANG,435,HOUGANG AVE 8,16,NormalizedAddress,Ambiguous,BlockApproximation,Missing,ConflictOrPreviouslyMatchedOutcomeChange,[7295],"{""530435"":{""d_8575e84912df3c28995b8e6e0e05205a"":[55651,77649,122037,123955,128932,152864,165506,173169,173632],""d_3a3807c023c61ddfba947dc069eb53f2"":[67354,88102],""d_c0650f23e94c42e7a20921f4c5b75c24"":[107964,132166,135781],""d_acbc938ec77af18f94cecc4a7c9ec720"":[61152],""d_124a9bd407c7a25f8335b93b86e50fdd"":[58910,64865],""d_4526d47d6714d3b052eed4a30b8b1ed6"":[17562,65147],""d_b58303c68e9cf0d2ae93b73ffdbfbfa1"":[27107],""d_fa2ed456cf2b8597bb7e064b08fc3c7c"":[75641],""d_85518d970b8178975850457f60f1e738"":[13997],""d_478f45a9c541cbe679ca55d1cd2b970b"":[36613,53295],""d_5573b0db0575db32190a2ad27919a7aa"":[56874,66546],""d_9af9317c646a1c881bb5591c91817cc6"":[29260,87232,88131],""d_67e99e6eabc4aad9b5d48663b579746a"":[56558],""d_181005ca270b45408b4cdfc954980ca2"":[52827],""d_df7d2d661c0c11a7c367c9ee4bf896c1"":[202110,203053,211517,216714,225188],""d_72f37e5c5d192951ddc5513c2b134482"":[29679,47369,60434,139944],""d_e97e8e7fc55b85a38babf66b0fa46b73"":[28386],""d_31af23fdb79119ed185c256f03cb5773"":[31788,32834],""d_4e3db8955fdcda6f9944097bef3d2724"":[15589,16495]},""538435"":{""d_df7d2d661c0c11a7c367c9ee4bf896c1"":[171934]}}",,[],
HOUGANG,446,HOUGANG AVE 8,28,Ambiguous,Ambiguous,Missing,Missing,ConflictOrPreviouslyMatchedOutcomeChange,[7522],"{""530446"":{""d_8575e84912df3c28995b8e6e0e05205a"":[9926,11279,12129,12303,13084,13929,16339,18411,20127,26301,29461,36534,41132,44382,47940,51926,69911,79876,84885,95521,96472,106032,106114,106214,106471,106479,107100,107174,107465,107610,107628,109226,109329,109391,109468,109587,109616,109968,110523,110571,111156,111479,111552,111580,111851,112145,112182,112221,112538,112877,113414,113589,113966,114233,114539,114556,114857,115307,115536,115653,116031,116074,116856,116940,117592,117652,118304,118374,118843,119021,119081,119299,119699,120281,120701,121431,122389,122403,122485,122563,123075,123145,123196,123572,123583,123682,124460,124561,124637,124681,125457,125504,125857,126000,126344,126429,126681,126834,127018,128485,128620,128663,129074,129085,129321,130895,131051,131547,132365,132745,132818,132970,133327,133370,133994,134038,134232,134310,134350,134373,134490,134633,134709,135344,135460,135573,135848,136912,137016,137293,137506,137719,138110,138178,138765,139805,140672,140758,140994,142670,143357,143539,144315,144394,145393,145403,145473,145782,146751,146999,148156,149104,150144,150680,153747,157675,159133,162773,163298,163689,163882,168791,171087,171204,171767,172536,174082],""d_3a3807c023c61ddfba947dc069eb53f2"":[6286,6382,6476,6886,9097,10201,11506,11692,11806,21137,22140,22648,25919,50208,52937,53096,53283,54848,56568,57826,58378,58819,59023,59519,59535,59600,59621,60763,60886,61010,61202,61227,61585,61814,61847,62123,62166,62328,62749,62759,62770,62802,63194,63805,64141,64390,64926,64983,65058,65185,65439,66386,66785,66913,67736,67940,69258,69325,69504,69744,70612,70836,71167,71317,71511,71853,71997,72735,74314,84280,88673,91160,93168],""d_c0650f23e94c42e7a20921f4c5b75c24"":[2639,9376,11104,11442,13200,13408,13727,14543,14980,20202,23707,31194,44058,60557,67175,71698,73048,73385,73529,75664,76022,77154,77874,80576,80724,80797,84693,85087,85913,87153,87361,87426,88885,88952,89357,89645,89802,89826,90295,90904,90919,91316,91588,91661,91884,91979,91996,92310,92661,92900,93145,93180,93309,93474,93533,93772,93868,93978,94043,94126,94158,94274,94358,94506,94662,94688,94764,94904,95060,95160,95413,95485,95628,95698,95874,96348,96386,96435,96625,96749,96915,97076,97328,97627,97832,98013,98037,98262,98621,98653,98888,98913,98963,99456,99825,100103,100120,101044,101138,101269,101487,101599,101817,102037,102339,102558,102699,103301,103707,104558,105403,105454,105617,106882,107535,108280,108783,109049,109394,109638,110087,110422,110873,111309,111709,112981,113336,113744,113877,114228,114627,115370,115570,116029,116156,116523,116856,117533,117745,117905,119804,120367,121922,122920,124754,125543,127199,129744,131645,131804,134341,137606,139862],""d_acbc938ec77af18f94cecc4a7c9ec720"":[3895,5888,6281,7127,9654,10024,23017,25123,36950,37140,37335,37607,40610,40874,41013,41891,42626,42670,42961,43092,44086,44201,45062,45114,45243,45409,45442,45483,46080,46295,46426,46674,46749,46752,46843,46854,46881,46986,47108,47144,47166,47254,47296,47310,47348,47643,47772,47861,48372,48684,49007,49012,49044,49321,49880,50413,50512,50789,50828,50856,51632,51736,51978,52953,53022,53084,54696,55321,56306,56566,57058,57351,58811,59774,63382,63909,65319,66055,66253,72296,72948],""d_124a9bd407c7a25f8335b93b86e50fdd"":[4621,6382,6764,6893,7159,7422,7793,8998,11752,11982,14571,18802,20269,24161,25859,28703,38867,43113,44084,44858,48462,49791,50285,51461,52507,53218,53579,53672,54036,54144,54492,54510,54914,54918,54956,55233,55424,55973,56189,56238,56307,56346,56505,56568,56820,56965,57493,57537,57611,58259,58439,58604,58726,58772,58921,59078,59143,59342,59477,59791,60158,60218,60731,60733,60859,61286,61521,62200,62239,62292,62361,63581,63638,63912,63935,64141,64337,64957,65150,65392,65524,65651,65853,67040,67141,68379,68783,68789,69447,69541,69752,70251,70666,70963,70982,71109,71110,72430,73659,74189,76578,80299,81409,84430,84503,84782],""d_4526d47d6714d3b052eed4a30b8b1ed6"":[6274,9012,10029,10963,11160,14187,17409,20581,35704,38415,40611,43200,43798,43801,44129,44325,44561,44596,44962,45335,45354,45873,45874,46396,46545,46576,46711,46714,47149,47417,47702,47734,47791,47902,48145,48437,48498,48572,48869,48978,49613,50178,50420,50917,50937,51231,52041,53052,53191,53228,54036,54573,55291,55733,55822,56448,57648,59084,60739,64287,65089,68348],""d_b58303c68e9cf0d2ae93b73ffdbfbfa1"":[5345,9601,12035,13672,14314,22488,38739,48020,50199,51586,51603,52049,53396,53497,53888,54787,56435,56519,56815,56868,57188,57400,57620,59087,59214,59429,59599,59637,59713,59730,59900,59950,59995,60204,60215,60407,60433,60561,60599,60780,60819,60820,61026,61080,61081,61193,61374,62279,62436,62439,62472,62856,63135,64118,64319,64460,64591,64729,65442,65772,66602,66654,66686,67127,67261,67889,67983,68550,69371,69882,70077,73382,73823,76224,77926,77986,78296,78498,79359],""d_fa2ed456cf2b8597bb7e064b08fc3c7c"":[5139,7769,9045,9121,10427,12013,13057,17878,18295,35232,44420,44938,47276,48327,48703,52609,53787,54478,57563,58753,59093,59336,59508,59914,59923,60935,61542,61745,62115,62567,62735,62893,63269,63353,63477,63478,63507,63511,63541,63543,63556,63573,63690,63813,63850,63938,64684,65125,65139,65802,66138,66493,66632,66666,66734,66759,67187,67375,67512,67626,67767,67888,68038,68048,68351,68604,69034,69119,69178,69212,69559,69702,69888,70003,70027,70158,70298,70505,70583,70681,70906,71212,71275,71453,72512,72599,72671,72879,73200,73766,74071,74390,74863,74868,75096,75097,75170,75180,75448,75905,77312,77438,78063,78721,79254,79296,79960,81790,85971,88817,88968,89195,89541,93185,94033],""d_85518d970b8178975850457f60f1e738"":[5106,20888,24732,33985,36914,37533,37591,38621,38726,38797,39004,39410,39730,40486,40676,40794,41062,41229,41461,41784,42027,42037,42336,43819,45669,46406,48213,49191,51975,52972,53292,54421,56722],""d_478f45a9c541cbe679ca55d1cd2b970b"":[2950,2989,3153,3821,4312,5297,10017,12631,18438,31198,34222,34465,34865,35479,36272,36301,36621,36658,36715,36757,36769,37553,38092,38196,38257,38328,38414,38734,38753,39353,39589,39867,39891,39927,40081,40413,40663,41217,41221,41229,41429,41782,42115,42636,42745,42792,43017,43082,43235,43566,44287,44592,44784,45403,45522,45611,45723,46701,47553,48761,48884,49382,49408,50262,51169,51367,52534,53668,53833,54418,55597,56739,62287,63111,67246],""d_5573b0db0575db32190a2ad27919a7aa"":[1565,7477,8569,8897,9220,11187,11670,12029,23607,34576,36031,36873,39433,40241,41839,42248,43479,44257,47706,47829,47938,48274,48418,48419,48670,48671,48724,48726,48763,50167,50381,50530,50679,50900,51392,51851,51923,51924,52143,52260,52466,52722,52907,53730,53948,54076,54313,54597,54772,54856,54924,54966,55158,55467,55570,55682,55928,55951,56062,56074,56214,56456,56569,57139,57421,57901,58214,58644,58714,59355,59444,59804,60028,60220,60259,60457,60498,60525,60808,62702,63506,63944,64147,64392,64411,64487,64649,65781,65832,65936,66341,67728,70396,72819],""d_a2141adf93ec2a3c2ec2837b78d6d46e"":[1591,7025,7356,8049,8395,9687,16104,25985,36204,42077,43851,48792,48830,50830,52779,53239,53324,53815,54714,54879,55999,56454,56458,56895,56974,57373,57619,57797,57828,57861,57961,58131,58378,58646,58758,58890,59052,59188,59236,59248,59337,59354,59479,59536,59781,59908,59961,60030,60360,60401,60470,60576,60605,60712,60873,61023,61043,61105,61353,61393,61395,61501,61549,61751,61752,61833,61844,61989,62342,62427,62548,62634,62788,63200,63639,64057,64090,64757,64917,64993,65047,65421,65511,65633,66103,66127,66205,66474,66488,66935,67275,67775,69132,69919,70015,70383,70441,71000,72166,73286,73632,74541,75779,77205,79932,80117,82605,83214,83594,85334,90249,91506],""d_9af9317c646a1c881bb5591c91817cc6"":[10277,15290,17991,19526,28671,35347,37383,39615,49794,61118,68714,70281,72916,73381,75105,75930,76012,76233,76394,76709,76817,76993,77578,77863,78071,78330,78422,78723,78997,79191,79395,79443,79533,79664,79689,79913,80111,80203,80525,80541,80694,80805,80836,80948,81014,81076,81372,81634,81830,82036,82147,82783,83043,83461,84139,84212,84533,84657,84755,84845,85073,85228,85493,85529,85778,85924,86075,86140,86169,86251,86253,86283,86408,86814,87441,87467,88001,88163,88601,90010,90319,90328,91063,91697,91718,93195,93664,93977,94794,95884,96035,96614,96908,97020,97511,97573,101165,104281,107120,107583,112837,114164,115178,115299,122859,123476,123911],""d_67e99e6eabc4aad9b5d48663b579746a"":[5437,10257,17162,18365,19746,31546,33881,37433,38138,38335,39014,39478,39819,40077,40196,40372,40598,40717,40831,40900,41537,42321,43103,44441,44501,45195,45506,47164,47554,47782,47841,48061,48184,48685,49323,49683,50211,51376,51655,53407,53432,53706,53746,53903,54885,55463],""d_5c4ef48b025fdfbc80056401f06e3df9"":[2418,2565,3147,17922,25596,26187,26372,26428,26593,27413,27454,27559,28018,28230,28406,29227,29429,29818,32442,32817],""d_300ddc8da4e8f7bdc1bfc62d0d99e2e7"":[2124,5018,10914,12391,12716,12975,13170],""d_181005ca270b45408b4cdfc954980ca2"":[548,7056,9466,10595,12163,12952,13891,23922,33453,47032,58273,58402,60648,60666,61091,61325,62090,62664,62902,63120,63184,63378,63604,63779,64291,64504,64505,64937,64954,65218,65264,65275,65675,65858,66102,66814,66856,66900,67160,67165,67221,67322,67482,68070,68075,68183,68338,68366,68702,69133,69449,69491,69816,69929,70285,70378,70647,70784,71122,71294,71515,71795,72025,72177,72240,73161,73369,73415,73536,73682,74134,75094,75345,75720,76442,77141,78290,79547,81569,86689,87303,88219,91454,91959,91983,94647],""d_4130f1d9d365d9f1633536e959f62bb7"":[6502,6503,7855,8171,8224,9341,9558,9792,11610,11632,12233,12436],""d_2b8c54b2a490d2fa36b925289e5d9572"":[3094,9510,10771,16908,20948,27973,30099,30399,38490,38570,39342,42315,42514,43494,43783,44025,44312,44485,44549,44837,45452,45706,46513,46542,47227,47351,47399,47711,47914,48410,48508,49052,49348,49747,49858,49927,50028,50637,50791,50816,51315,51404,51925,52028,52272,52374,52525,53502,55018,56026,56346,56489,57726,60801,62765,66123],""d_df7d2d661c0c11a7c367c9ee4bf896c1"":[10333,13080,14496,17766,18703,19727,20897,22104,25917,29733,34135,38676,41562,44395,54842,68337,78385,102841,103949,107507,119274,121315,125283,128176,128679,128808,131256,135361,139465,139789,140542,141040,141604,143404,143651,143903,144574,145925,146055,146389,147131,147384,148030,148042,148173,148321,148444,148773,148871,149222,149745,149848,150285,150364,150365,150507,150566,150752,151597,151685,151825,151906,152010,152181,152343,152672,152788,152931,152995,153124,153156,153190,153743,153806,153961,154331,154478,154539,154679,154722,155072,155221,155460,155485,155625,156045,156213,156235,156425,156554,156799,156871,157029,157420,157542,157605,157732,157847,158356,158359,158467,158555,158872,159800,159895,160011,160516,160670,160862,161065,161151,161166,161270,161546,161898,162005,162164,162300,162562,162595,162649,162702,162784,162795,162905,162969,163140,163159,163176,163276,163625,163870,163880,164009,164228,164403,164777,164778,165323,165567,165715,165752,165769,165883,166095,166112,166143,166352,166714,166998,167641,168052,168466,168777,168875,169646,169993,170028,170098,170187,170519,170795,171164,171627,171647,171680,172417,172650,172805,174243,175786,176107,176297,178164,178724,179429,179985,181012,181048,181716,181863,182061,182114,184031,184397,184923,185899,186038,186066,186082,186220,186889,187406,187719,187898,188113,188415,189168,190430,190504,191485,194868,196428,197963,198350,199923,200469,201806,204226,205114,206343,210209,212171,213895,217832,229855,230247,230940,231643,231706],""d_72f37e5c5d192951ddc5513c2b134482"":[1546,2335,4779,8759,13419,14996,15212,15848,16310,16573,29564,37531,54212,67642,68164,68618,73398,73628,75800,76568,78297,78298,79228,79864,79961,81209,83624,83739,83988,85291,85468,85621,86143,86470,86752,87161,87223,87581,87676,87846,89322,89527,89953,90827,91204,91606,91768,91980,92114,92242,92325,92483,92635,92711,92983,93059,93199,93595,93896,94018,94072,94389,94417,94775,94803,95003,95110,95158,95361,95579,95771,95952,96566,96609,96953,96989,97703,97883,98034,98482,98632,98636,98733,98813,99203,99377,99510,99575,99995,100050,100080,100195,101378,102686,102694,103241,103319,103934,104103,104136,104886,105934,107577,108037,108065,111585,111956,111964,112391,112458,113608,114604,115567,116041,117080,117167,117244,118092,119746,120355,120446,120999,121300,122716,122982,124490,132295,132444,133336,133585],""d_0cc5f52a1f298b916f317800251057f3"":[1760,4105,6897,9044,15548,15575,16188,16206,16207,16452,16681,16972,17235,17308,17510,17560,17569,17610,18040,18927,19297,19475,19817,20493,20918,21983,22595],""d_e97e8e7fc55b85a38babf66b0fa46b73"":[2365,3850,5625,8816,9199,21887,22178,23000,23060,23281,23738,24415,24886,24925,25091,25137,25332,25432,25822,25898,25963,25986,26206,26487,26640,26969,27150,27290,27383,27939,28192,28367,28470,28623,29422,29627,30100,30357,31415,31838,32888,33083,35548,36683],""d_af2042c77ffaf0db5d75561ce9ef5688"":[90,5332,5524,7761,8951,13440,14501,15939,24508,27724,30276,32390,32723,34295,35393,35949,36397,36686,36903,36928,37279,37361,37367,37885,37932,38102,38171,38213,38324,39109,39185,39530,39580,39663,39974,39979,39988,40466,40656,40675,40809,40812,40813,41146,41205,41408,41657,42146,42468,42558,42927,43360,43376,43856,43873,43897,43899,44081,44537,44957,45257,45341,45363,45630,45884,46198,46468,47137,47736,48237,48434,49004,49049,49322,49940,52163,53499,53790],""d_1cd970d8351b42be4a308d628a6dd9d3"":[1105,4125,7384,7897,7944,8024,8104,8164,8251,8473,9193,9638,9752,10435],""d_31af23fdb79119ed185c256f03cb5773"":[2807,6647,7003,8110,17641,20309,20916,21260,21806,21937,22622,22947,22951,23272,23380,23436,23773,23892,23941,24291,24589,24592,24611,24739,24800,25245,25383,25737,25789,25911,26002,26192,26219,26414,26606,26745,26917,27463,27822,27824,28503,28906,29141,30033,30911,31159,31383,31593,31951,32985,34321],""d_4e3db8955fdcda6f9944097bef3d2724"":[635,4656,10723,10856,11259,11278,11289,11337,11417,11584,11933,11945,12007,12166,12204,12341,12893,13531,15464]},""538784"":{""d_8575e84912df3c28995b8e6e0e05205a"":[117040]},""530836"":{""d_3a3807c023c61ddfba947dc069eb53f2"":[60428]},""530466"":{""d_c0650f23e94c42e7a20921f4c5b75c24"":[95364],""d_4526d47d6714d3b052eed4a30b8b1ed6"":[44378],""d_5573b0db0575db32190a2ad27919a7aa"":[53778],""d_9af9317c646a1c881bb5591c91817cc6"":[78041],""d_67e99e6eabc4aad9b5d48663b579746a"":[42380],""d_5c4ef48b025fdfbc80056401f06e3df9"":[28041,28726],""d_af2042c77ffaf0db5d75561ce9ef5688"":[40020]},""530021"":{""d_acbc938ec77af18f94cecc4a7c9ec720"":[45982]},""530635"":{""d_124a9bd407c7a25f8335b93b86e50fdd"":[59249]},""530627"":{""d_5573b0db0575db32190a2ad27919a7aa"":[53440]},""530673"":{""d_a2141adf93ec2a3c2ec2837b78d6d46e"":[59050]},""538446"":{""d_df7d2d661c0c11a7c367c9ee4bf896c1"":[156665]}}","{""CacheKey"":""hougang-446-hougang-ave-8"",""SearchValue"":""446 HOUGANG AVE 8 SINGAPORE"",""Status"":""HistoricalFirstHit"",""Postal"":""530446"",""UpdatedAt"":""2026-05-24T10:52:41.912Z""}",[],
HOUGANG,466,HOUGANG AVE 8,11,Unmatched,Ambiguous,Missing,Missing,ConflictOrPreviouslyMatchedOutcomeChange,[7902],"{""530466"":{""d_8575e84912df3c28995b8e6e0e05205a"":[27262,85067],""d_c0650f23e94c42e7a20921f4c5b75c24"":[136775],""d_acbc938ec77af18f94cecc4a7c9ec720"":[9606,25256,39547,53666],""d_124a9bd407c7a25f8335b93b86e50fdd"":[14505,75414],""d_4526d47d6714d3b052eed4a30b8b1ed6"":[60755],""d_b58303c68e9cf0d2ae93b73ffdbfbfa1"":[13553,75571,79062],""d_fa2ed456cf2b8597bb7e064b08fc3c7c"":[69029],""d_85518d970b8178975850457f60f1e738"":[56833],""d_a2141adf93ec2a3c2ec2837b78d6d46e"":[23624,75050],""d_9af9317c646a1c881bb5591c91817cc6"":[104108,123154],""d_67e99e6eabc4aad9b5d48663b579746a"":[52985],""d_5c4ef48b025fdfbc80056401f06e3df9"":[14780],""d_181005ca270b45408b4cdfc954980ca2"":[97979],""d_4130f1d9d365d9f1633536e959f62bb7"":[9410,10447,10540],""d_2b8c54b2a490d2fa36b925289e5d9572"":[61528],""d_72f37e5c5d192951ddc5513c2b134482"":[11466,58851,65936,118231,120337,125362],""d_0cc5f52a1f298b916f317800251057f3"":[24008,24017],""d_e97e8e7fc55b85a38babf66b0fa46b73"":[30696],""d_af2042c77ffaf0db5d75561ce9ef5688"":[44291],""d_31af23fdb79119ed185c256f03cb5773"":[35749],""d_4e3db8955fdcda6f9944097bef3d2724"":[10617]},""530446"":{""d_acbc938ec77af18f94cecc4a7c9ec720"":[47000],""d_a2141adf93ec2a3c2ec2837b78d6d46e"":[8228]},""560446"":{""d_df7d2d661c0c11a7c367c9ee4bf896c1"":[156195]}}",,[],
HOUGANG,511,HOUGANG AVE 10,27,NormalizedAddress,Ambiguous,BlockApproximation,Missing,ConflictOrPreviouslyMatchedOutcomeChange,[8676],"{""530511"":{""d_3a3807c023c61ddfba947dc069eb53f2"":[81745,84184,86561,90084,90250],""d_c0650f23e94c42e7a20921f4c5b75c24"":[122943],""d_124a9bd407c7a25f8335b93b86e50fdd"":[67670,71335],""d_4526d47d6714d3b052eed4a30b8b1ed6"":[60718,61362],""d_b58303c68e9cf0d2ae93b73ffdbfbfa1"":[51207,67190,77738],""d_fa2ed456cf2b8597bb7e064b08fc3c7c"":[52483,85735],""d_85518d970b8178975850457f60f1e738"":[49849,55712],""d_5573b0db0575db32190a2ad27919a7aa"":[53914],""d_a2141adf93ec2a3c2ec2837b78d6d46e"":[51556,52368],""d_67e99e6eabc4aad9b5d48663b579746a"":[21198,60922],""d_5c4ef48b025fdfbc80056401f06e3df9"":[33448,37870],""d_181005ca270b45408b4cdfc954980ca2"":[85313,96037],""d_df7d2d661c0c11a7c367c9ee4bf896c1"":[137901],""d_72f37e5c5d192951ddc5513c2b134482"":[84388,105057,105862,115914,117293],""d_af2042c77ffaf0db5d75561ce9ef5688"":[33809,46428,50163,54241],""d_31af23fdb79119ed185c256f03cb5773"":[35898]},""530517"":{""d_b58303c68e9cf0d2ae93b73ffdbfbfa1"":[63025]}}",,[],
HOUGANG,528,HOUGANG AVE 6,22,NormalizedAddress,Ambiguous,BlockApproximation,Missing,ConflictOrPreviouslyMatchedOutcomeChange,[8945],"{""530528"":{""d_8575e84912df3c28995b8e6e0e05205a"":[19903,61784,94097],""d_3a3807c023c61ddfba947dc069eb53f2"":[55744,57374,59900,70727,80906],""d_c0650f23e94c42e7a20921f4c5b75c24"":[49991,64859,106981,138628],""d_acbc938ec77af18f94cecc4a7c9ec720"":[43908],""d_124a9bd407c7a25f8335b93b86e50fdd"":[68834,69992,79237],""d_4526d47d6714d3b052eed4a30b8b1ed6"":[53463],""d_fa2ed456cf2b8597bb7e064b08fc3c7c"":[12723,31626,67916,76012],""d_85518d970b8178975850457f60f1e738"":[49346,50081,50340,53034],""d_478f45a9c541cbe679ca55d1cd2b970b"":[32503,35119],""d_5573b0db0575db32190a2ad27919a7aa"":[838],""d_a2141adf93ec2a3c2ec2837b78d6d46e"":[86127],""d_9af9317c646a1c881bb5591c91817cc6"":[68876,102065],""d_300ddc8da4e8f7bdc1bfc62d0d99e2e7"":[13797],""d_181005ca270b45408b4cdfc954980ca2"":[58345,86586,90928,96738],""d_df7d2d661c0c11a7c367c9ee4bf896c1"":[46055,61883,82425,178481],""d_72f37e5c5d192951ddc5513c2b134482"":[77504],""d_af2042c77ffaf0db5d75561ce9ef5688"":[48745,48747],""d_31af23fdb79119ed185c256f03cb5773"":[1873,21334]},""530539"":{""d_a2141adf93ec2a3c2ec2837b78d6d46e"":[55826]}}",,[],
HOUGANG,529,HOUGANG AVE 6,24,NormalizedAddress,Ambiguous,BlockApproximation,Missing,ConflictOrPreviouslyMatchedOutcomeChange,[8957],"{""530529"":{""d_8575e84912df3c28995b8e6e0e05205a"":[52601,129158,138955,169154],""d_3a3807c023c61ddfba947dc069eb53f2"":[9416,53397,72189,75285,88252],""d_c0650f23e94c42e7a20921f4c5b75c24"":[36541,123546],""d_acbc938ec77af18f94cecc4a7c9ec720"":[54940,55337,65771,72782],""d_4526d47d6714d3b052eed4a30b8b1ed6"":[42459],""d_b58303c68e9cf0d2ae93b73ffdbfbfa1"":[73054],""d_fa2ed456cf2b8597bb7e064b08fc3c7c"":[18603,54636,80705],""d_85518d970b8178975850457f60f1e738"":[54231],""d_478f45a9c541cbe679ca55d1cd2b970b"":[25902,50375],""d_5573b0db0575db32190a2ad27919a7aa"":[61256,74470],""d_a2141adf93ec2a3c2ec2837b78d6d46e"":[71002,72686,85001],""d_9af9317c646a1c881bb5591c91817cc6"":[58421,93261,94474],""d_67e99e6eabc4aad9b5d48663b579746a"":[49377],""d_5c4ef48b025fdfbc80056401f06e3df9"":[35214],""d_2b8c54b2a490d2fa36b925289e5d9572"":[62472,65272,66253],""d_df7d2d661c0c11a7c367c9ee4bf896c1"":[7573,138343,145728,190253,191888,198598,210281,232268],""d_72f37e5c5d192951ddc5513c2b134482"":[38582],""d_1cd970d8351b42be4a308d628a6dd9d3"":[11387,12947],""d_31af23fdb79119ed185c256f03cb5773"":[30394],""d_4e3db8955fdcda6f9944097bef3d2724"":[10306,13919]},""538529"":{""d_5573b0db0575db32190a2ad27919a7aa"":[56344]}}",,[],
HOUGANG,536,HOUGANG ST 52,10,Unmatched,Ambiguous,Missing,Missing,ConflictOrPreviouslyMatchedOutcomeChange,[9070],"{""530536"":{""d_8575e84912df3c28995b8e6e0e05205a"":[42252,141346,149577,154259],""d_3a3807c023c61ddfba947dc069eb53f2"":[38497,57707,88707],""d_124a9bd407c7a25f8335b93b86e50fdd"":[68645,74023],""d_b58303c68e9cf0d2ae93b73ffdbfbfa1"":[68749],""d_fa2ed456cf2b8597bb7e064b08fc3c7c"":[68053],""d_85518d970b8178975850457f60f1e738"":[12519],""d_478f45a9c541cbe679ca55d1cd2b970b"":[63394],""d_5573b0db0575db32190a2ad27919a7aa"":[57207],""d_a2141adf93ec2a3c2ec2837b78d6d46e"":[67533],""d_9af9317c646a1c881bb5591c91817cc6"":[103327,105009],""d_181005ca270b45408b4cdfc954980ca2"":[98147],""d_df7d2d661c0c11a7c367c9ee4bf896c1"":[154588,192383,201326,210968,212034],""d_72f37e5c5d192951ddc5513c2b134482"":[103428],""d_af2042c77ffaf0db5d75561ce9ef5688"":[3622,40906]},""530538"":{""d_300ddc8da4e8f7bdc1bfc62d0d99e2e7"":[13002]}}",,[],
HOUGANG,620,HOUGANG AVE 8,27,NormalizedAddress,Ambiguous,BlockApproximation,Missing,ConflictOrPreviouslyMatchedOutcomeChange,[10014],"{""530620"":{""d_8575e84912df3c28995b8e6e0e05205a"":[53939,68769,82366,96521,105688,121641,125477,147232,160197,161746,165992],""d_3a3807c023c61ddfba947dc069eb53f2"":[426,18245,25217,52373,61748,73341,75381,90577,91253],""d_c0650f23e94c42e7a20921f4c5b75c24"":[1569,8106,8330,91811,95094,97101,101609,108409,108969,111114,121160],""d_acbc938ec77af18f94cecc4a7c9ec720"":[5665,37150,41193,56807,58050],""d_124a9bd407c7a25f8335b93b86e50fdd"":[22298,48974,51575,56005,66128,66792],""d_4526d47d6714d3b052eed4a30b8b1ed6"":[33761,40391,44027,44417,46123,48366,57944,59599,61576,66176],""d_b58303c68e9cf0d2ae93b73ffdbfbfa1"":[33531,56896,81396,82743],""d_fa2ed456cf2b8597bb7e064b08fc3c7c"":[691,5319,14030,33572,48953,60075,61707,63664,66639,66935,68157,73329,86644,90422,92674],""d_85518d970b8178975850457f60f1e738"":[39538,43460],""d_478f45a9c541cbe679ca55d1cd2b970b"":[16056,20702,37667,58442,59255],""d_5573b0db0575db32190a2ad27919a7aa"":[51808,63741,64678,65792,75117],""d_a2141adf93ec2a3c2ec2837b78d6d46e"":[10171,59670,68583,76704,78649,88720],""d_9af9317c646a1c881bb5591c91817cc6"":[39917,82538,87697,93191,96178,119171],""d_67e99e6eabc4aad9b5d48663b579746a"":[17703,29008,32647,41584,49133,51727,59384],""d_5c4ef48b025fdfbc80056401f06e3df9"":[27857,36293],""d_181005ca270b45408b4cdfc954980ca2"":[14015,27189,32990,38169,59501,68482,77131,78462,82112],""d_2b8c54b2a490d2fa36b925289e5d9572"":[38930,42319,45304,48102,48521,53552,58151,62549],""d_df7d2d661c0c11a7c367c9ee4bf896c1"":[21159,43710,112656,118232,129397,141351,150331,151601,152787,156707,156708,156709,158018,166258,186181,189092,192020,200798,217739,224228],""d_72f37e5c5d192951ddc5513c2b134482"":[930,52478,56321,62767,76454,80989,83409,91292,91784,92977,115758,119871,124900,129953,131218,131562],""d_e97e8e7fc55b85a38babf66b0fa46b73"":[6146,25507],""d_af2042c77ffaf0db5d75561ce9ef5688"":[34547,35859,48178,50217],""d_1cd970d8351b42be4a308d628a6dd9d3"":[7978,10766],""d_31af23fdb79119ed185c256f03cb5773"":[335,3122,18990,28569],""d_4e3db8955fdcda6f9944097bef3d2724"":[15056]},""530629"":{""d_c0650f23e94c42e7a20921f4c5b75c24"":[91600]}}",,[],
HOUGANG,642,HOUGANG AVE 8,28,NormalizedAddress,Ambiguous,BlockApproximation,Missing,ConflictOrPreviouslyMatchedOutcomeChange,[10417],"{""530642"":{""d_8575e84912df3c28995b8e6e0e05205a"":[69301,110956,142735,145998,165118],""d_3a3807c023c61ddfba947dc069eb53f2"":[23810,50314],""d_c0650f23e94c42e7a20921f4c5b75c24"":[39845,109283,120372],""d_acbc938ec77af18f94cecc4a7c9ec720"":[34904,67841],""d_124a9bd407c7a25f8335b93b86e50fdd"":[81901,82234],""d_4526d47d6714d3b052eed4a30b8b1ed6"":[61473],""d_b58303c68e9cf0d2ae93b73ffdbfbfa1"":[61068,81247],""d_fa2ed456cf2b8597bb7e064b08fc3c7c"":[836,58770],""d_85518d970b8178975850457f60f1e738"":[32969],""d_478f45a9c541cbe679ca55d1cd2b970b"":[22331,67240,67660],""d_5573b0db0575db32190a2ad27919a7aa"":[58302],""d_a2141adf93ec2a3c2ec2837b78d6d46e"":[6440,18415,57034,61962,73561],""d_9af9317c646a1c881bb5591c91817cc6"":[49980],""d_67e99e6eabc4aad9b5d48663b579746a"":[52827,55811],""d_300ddc8da4e8f7bdc1bfc62d0d99e2e7"":[10566],""d_4130f1d9d365d9f1633536e959f62bb7"":[2286,9605,10518],""d_df7d2d661c0c11a7c367c9ee4bf896c1"":[138172,138919,142202,172722,177474,200824],""d_72f37e5c5d192951ddc5513c2b134482"":[9847],""d_e97e8e7fc55b85a38babf66b0fa46b73"":[34034],""d_af2042c77ffaf0db5d75561ce9ef5688"":[53649],""d_31af23fdb79119ed185c256f03cb5773"":[23828,32455]},""530644"":{""d_2b8c54b2a490d2fa36b925289e5d9572"":[47848]}}",,[],
HOUGANG,644,HOUGANG AVE 8,26,NormalizedAddress,Ambiguous,BlockApproximation,Missing,ConflictOrPreviouslyMatchedOutcomeChange,[10444],"{""530644"":{""d_8575e84912df3c28995b8e6e0e05205a"":[35480,71739,86408,120828,172721],""d_3a3807c023c61ddfba947dc069eb53f2"":[36323,53325,60158,61489,72928],""d_c0650f23e94c42e7a20921f4c5b75c24"":[18640,87982,102197,121573],""d_acbc938ec77af18f94cecc4a7c9ec720"":[52707,56901,57267,60204],""d_124a9bd407c7a25f8335b93b86e50fdd"":[51407,71087,74914,80577,81320],""d_4526d47d6714d3b052eed4a30b8b1ed6"":[11607,46963,63352],""d_fa2ed456cf2b8597bb7e064b08fc3c7c"":[61927,62463,65356,74737,78173,92665],""d_478f45a9c541cbe679ca55d1cd2b970b"":[468,67064],""d_5573b0db0575db32190a2ad27919a7aa"":[50525,65807,74098],""d_a2141adf93ec2a3c2ec2837b78d6d46e"":[47955,51097,77864],""d_9af9317c646a1c881bb5591c91817cc6"":[416,108403],""d_67e99e6eabc4aad9b5d48663b579746a"":[35230,55987],""d_5c4ef48b025fdfbc80056401f06e3df9"":[6663],""d_300ddc8da4e8f7bdc1bfc62d0d99e2e7"":[12575,20202,20962,21787],""d_181005ca270b45408b4cdfc954980ca2"":[315,85243,89246],""d_4130f1d9d365d9f1633536e959f62bb7"":[553,10105],""d_2b8c54b2a490d2fa36b925289e5d9572"":[39002,45522],""d_df7d2d661c0c11a7c367c9ee4bf896c1"":[1227,169333,178569,200387,212111,213994,214698,224179],""d_72f37e5c5d192951ddc5513c2b134482"":[90479,97768,98317,98637,99576,100818],""d_e97e8e7fc55b85a38babf66b0fa46b73"":[26590],""d_af2042c77ffaf0db5d75561ce9ef5688"":[6408,37595,41476],""d_1cd970d8351b42be4a308d628a6dd9d3"":[10228],""d_31af23fdb79119ed185c256f03cb5773"":[19501,20278,37285],""d_4e3db8955fdcda6f9944097bef3d2724"":[16465]},""530544"":{""d_67e99e6eabc4aad9b5d48663b579746a"":[41967],""d_df7d2d661c0c11a7c367c9ee4bf896c1"":[155472]},""530651"":{""d_72f37e5c5d192951ddc5513c2b134482"":[100590]}}","{""CacheKey"":""hougang-644-hougang-ave-8"",""SearchValue"":""644 HOUGANG AVE 8 SINGAPORE"",""Status"":""HistoricalFirstHit"",""Postal"":""530644"",""UpdatedAt"":""2026-05-24T10:28:29.339Z""}",[],
HOUGANG,682,HOUGANG AVE 4,18,NormalizedAddress,Ambiguous,BlockApproximation,Missing,ConflictOrPreviouslyMatchedOutcomeChange,[11027],"{""530682"":{""d_8575e84912df3c28995b8e6e0e05205a"":[106264,126634,127794,127805,131926,141152,144567,174630],""d_3a3807c023c61ddfba947dc069eb53f2"":[12901,54023,58927,63240,63341,63997,72335,79426,79676,81043],""d_c0650f23e94c42e7a20921f4c5b75c24"":[44002,70101,90065,95091,95389,108596,110106,115158,116505,117714,138609],""d_acbc938ec77af18f94cecc4a7c9ec720"":[29397,39318,39726,40217,41577,43591,45751,46349,50508,51573],""d_124a9bd407c7a25f8335b93b86e50fdd"":[6316,15820,19914,49119,51586,54430,56304,61688,63068,63193,65676,74918,79593],""d_4526d47d6714d3b052eed4a30b8b1ed6"":[3044,38848,40115,41729,42373,45831,47894,49629,49703,50328,52338,54494,61749,64838,69787],""d_b58303c68e9cf0d2ae93b73ffdbfbfa1"":[52748,57787,59914,66101],""d_fa2ed456cf2b8597bb7e064b08fc3c7c"":[7196,11470,54225,54837,58848,60821,61078,62055,64902,66039,67642,69110,70048,70192,71383,72424,72495,73993,74442,76773,78593,79507,92524],""d_85518d970b8178975850457f60f1e738"":[6311,37113,37324,41382,43921,44805,46227,46335,47102,49164,52211],""d_478f45a9c541cbe679ca55d1cd2b970b"":[21529,30669,32870,33117,35152,35185,42469,44303,46487,47259,49357,56750],""d_5573b0db0575db32190a2ad27919a7aa"":[6556,16379,30242,35479,41057,43674,43719,44167,47037,53192,56677,60705,60962,62009,69895,71466,75581],""d_a2141adf93ec2a3c2ec2837b78d6d46e"":[42233,51240,53808,55044,57531,59588,59987,60237,62371,70793,72513,73110,76971,85927],""d_9af9317c646a1c881bb5591c91817cc6"":[5751,14745,44490,71648,76318,77888,78568,81102,82635,82870,83070,85895,86957,87486,87685,91278,92375,93877,99437,101729,115340,121580,121958],""d_67e99e6eabc4aad9b5d48663b579746a"":[18032,39632,41444,42027,42564,42855,46168],""d_5c4ef48b025fdfbc80056401f06e3df9"":[27820,28121,29382,30073,34236,35153,36095],""d_300ddc8da4e8f7bdc1bfc62d0d99e2e7"":[2566,13384,15523],""d_181005ca270b45408b4cdfc954980ca2"":[3478,26935,57888,62645,67328,89155],""d_4130f1d9d365d9f1633536e959f62bb7"":[6595,7143],""d_2b8c54b2a490d2fa36b925289e5d9572"":[32169,33210,36232,38107,43861,46575,48340,52245,59995],""d_df7d2d661c0c11a7c367c9ee4bf896c1"":[1493,11441,14980,15090,31965,88925,127566,132933,136956,140449,141461,141719,143548,147927,151398,153297,154613,157078,157535,158935,159016,165974,166789,167471,168181,168722,171190,190461,195214,196697,198154,201728,225268,232545],""d_72f37e5c5d192951ddc5513c2b134482"":[9893,15473,17222,31259,83376,84332,85025,88799,94823,94944,96689,99073,102538],""d_0cc5f52a1f298b916f317800251057f3"":[15712,15895,19184,20852,22120],""d_e97e8e7fc55b85a38babf66b0fa46b73"":[4043,11349,22156,22931,23748,25014,31722,32484,34447],""d_af2042c77ffaf0db5d75561ce9ef5688"":[1960,47188],""d_1cd970d8351b42be4a308d628a6dd9d3"":[5192],""d_31af23fdb79119ed185c256f03cb5773"":[1300,17606,20533,21831,21842,23492,24184,24758,27392,35840],""d_4e3db8955fdcda6f9944097bef3d2724"":[234,10291,11257]},""530683"":{""d_b58303c68e9cf0d2ae93b73ffdbfbfa1"":[51523]},""510456"":{""d_df7d2d661c0c11a7c367c9ee4bf896c1"":[159635]}}",,[],
HOUGANG,683,HOUGANG AVE 8,7,NormalizedAddress,Ambiguous,BlockApproximation,Missing,ConflictOrPreviouslyMatchedOutcomeChange,[11043],"{""530683"":{""d_8575e84912df3c28995b8e6e0e05205a"":[17548,102705,104220,107508,110450,144744,146337,154508],""d_3a3807c023c61ddfba947dc069eb53f2"":[57830],""d_c0650f23e94c42e7a20921f4c5b75c24"":[24899,94587,98350,139380],""d_acbc938ec77af18f94cecc4a7c9ec720"":[6051,20968,51032,51089,52193,54030,58773,63833,65650],""d_124a9bd407c7a25f8335b93b86e50fdd"":[1312,3412,33902,35655,50475,50901,55769,59893,65911,67151],""d_4526d47d6714d3b052eed4a30b8b1ed6"":[27736,51585,52139],""d_b58303c68e9cf0d2ae93b73ffdbfbfa1"":[580,12695,67535,68386,68479],""d_fa2ed456cf2b8597bb7e064b08fc3c7c"":[394,13295,53144,54354,67372,67749,73783,75186,76297,76413,78000,84490,86483],""d_85518d970b8178975850457f60f1e738"":[4532,45847],""d_478f45a9c541cbe679ca55d1cd2b970b"":[36322,39807,40873,44706,46516,48434],""d_5573b0db0575db32190a2ad27919a7aa"":[43733],""d_a2141adf93ec2a3c2ec2837b78d6d46e"":[52933,62518,67244,67247,67498,70294,73061,74793,75170,75908,76946],""d_9af9317c646a1c881bb5591c91817cc6"":[52327,72084,90277,91402,99731,102515,109284,120807],""d_67e99e6eabc4aad9b5d48663b579746a"":[3803,46770,46774,47063],""d_5c4ef48b025fdfbc80056401f06e3df9"":[16213,28157,28501,29309,31757],""d_300ddc8da4e8f7bdc1bfc62d0d99e2e7"":[5768,13154,16344],""d_181005ca270b45408b4cdfc954980ca2"":[11696,57606,76291,84155,91264],""d_2b8c54b2a490d2fa36b925289e5d9572"":[53161,68983],""d_df7d2d661c0c11a7c367c9ee4bf896c1"":[38158,137772,156939,156954,158455,169635,170535,190485,199282,200441,204110,208023,214044],""d_72f37e5c5d192951ddc5513c2b134482"":[1864,79570,85673,106199,109868,124454,126761,127412],""d_0cc5f52a1f298b916f317800251057f3"":[19947],""d_e97e8e7fc55b85a38babf66b0fa46b73"":[32061,34684],""d_af2042c77ffaf0db5d75561ce9ef5688"":[22339,43359],""d_1cd970d8351b42be4a308d628a6dd9d3"":[4118,8555,8558,10232],""d_31af23fdb79119ed185c256f03cb5773"":[353,1658,21390,21991,24906,28153,36498,37329]},""538683"":{""d_2b8c54b2a490d2fa36b925289e5d9572"":[48109]},""530249"":{""d_72f37e5c5d192951ddc5513c2b134482"":[88833]}}",,[],
JURONG EAST,104,JURONG EAST ST 13,4,Unmatched,Ambiguous,Missing,Missing,ConflictOrPreviouslyMatchedOutcomeChange,[238],"{""600104"":{""d_8575e84912df3c28995b8e6e0e05205a"":[2014,87857,124478],""d_3a3807c023c61ddfba947dc069eb53f2"":[54482,72125,80177],""d_c0650f23e94c42e7a20921f4c5b75c24"":[75331,93291,104189],""d_acbc938ec77af18f94cecc4a7c9ec720"":[53293],""d_124a9bd407c7a25f8335b93b86e50fdd"":[40474,42622,52005,58078],""d_4526d47d6714d3b052eed4a30b8b1ed6"":[48449,53877,61578,64397],""d_b58303c68e9cf0d2ae93b73ffdbfbfa1"":[49188,57944,64344,68960,73960],""d_fa2ed456cf2b8597bb7e064b08fc3c7c"":[18585,52363,73150],""d_478f45a9c541cbe679ca55d1cd2b970b"":[17434,25282,29677,32923],""d_5573b0db0575db32190a2ad27919a7aa"":[44799],""d_9af9317c646a1c881bb5591c91817cc6"":[53593,64467,71051,72305,75529,94371,95534,96477,113428],""d_67e99e6eabc4aad9b5d48663b579746a"":[15223],""d_181005ca270b45408b4cdfc954980ca2"":[40870,46020,63695],""d_df7d2d661c0c11a7c367c9ee4bf896c1"":[37017,81718,96322,126814,139286,170752,192861],""d_72f37e5c5d192951ddc5513c2b134482"":[15655,31903,119152],""d_e97e8e7fc55b85a38babf66b0fa46b73"":[18574,26787,35364],""d_31af23fdb79119ed185c256f03cb5773"":[20669,28682],""d_4e3db8955fdcda6f9944097bef3d2724"":[6190]},""119260"":{""d_af2042c77ffaf0db5d75561ce9ef5688"":[41452]}}","{""CacheKey"":""jurong-east-104-jurong-east-st-13"",""SearchValue"":""104 JURONG EAST ST 13 SINGAPORE"",""Status"":""HistoricalFirstHit"",""Postal"":""600104"",""UpdatedAt"":""2026-05-24T11:17:58.617Z""}",[],
JURONG EAST,217A,JURONG EAST ST 21,6,Unmatched,Ambiguous,Missing,Missing,ConflictOrPreviouslyMatchedOutcomeChange,[3310],"{""601217"":{""d_8575e84912df3c28995b8e6e0e05205a"":[26001,140567,143269,152246],""d_3a3807c023c61ddfba947dc069eb53f2"":[14,67245,87427],""d_c0650f23e94c42e7a20921f4c5b75c24"":[91906,97032,111540],""d_acbc938ec77af18f94cecc4a7c9ec720"":[44470,50072,56078],""d_124a9bd407c7a25f8335b93b86e50fdd"":[61835],""d_4526d47d6714d3b052eed4a30b8b1ed6"":[421,47729,64719,64889,65602],""d_b58303c68e9cf0d2ae93b73ffdbfbfa1"":[58535,61005,61566,61795,63457,66134,66807,70668,79958],""d_fa2ed456cf2b8597bb7e064b08fc3c7c"":[69717],""d_85518d970b8178975850457f60f1e738"":[17089],""d_478f45a9c541cbe679ca55d1cd2b970b"":[25616,31157],""d_5573b0db0575db32190a2ad27919a7aa"":[24274,53111],""d_a2141adf93ec2a3c2ec2837b78d6d46e"":[3423,58728,76053],""d_9af9317c646a1c881bb5591c91817cc6"":[113816,115242],""d_67e99e6eabc4aad9b5d48663b579746a"":[18016,29412,52263],""d_5c4ef48b025fdfbc80056401f06e3df9"":[28126],""d_300ddc8da4e8f7bdc1bfc62d0d99e2e7"":[1942,5826,6359,19853,20426],""d_df7d2d661c0c11a7c367c9ee4bf896c1"":[91155,154671,155843,165776,180416,181299],""d_72f37e5c5d192951ddc5513c2b134482"":[24103,27137,88484,97344,98380,111477],""d_0cc5f52a1f298b916f317800251057f3"":[17054,24047],""d_e97e8e7fc55b85a38babf66b0fa46b73"":[24870,29342,29401,30036,30271],""d_af2042c77ffaf0db5d75561ce9ef5688"":[40437],""d_1cd970d8351b42be4a308d628a6dd9d3"":[7039]},""600217"":{""d_300ddc8da4e8f7bdc1bfc62d0d99e2e7"":[12970],""d_181005ca270b45408b4cdfc954980ca2"":[71673],""d_e97e8e7fc55b85a38babf66b0fa46b73"":[26461,27444],""d_af2042c77ffaf0db5d75561ce9ef5688"":[40235]}}",,[],
JURONG EAST,242,JURONG EAST ST 24,5,Unmatched,Ambiguous,Missing,Missing,ConflictOrPreviouslyMatchedOutcomeChange,[3909],"{""600242"":{""d_8575e84912df3c28995b8e6e0e05205a"":[71848,80196,105161,105388,172857],""d_3a3807c023c61ddfba947dc069eb53f2"":[44679,74468],""d_c0650f23e94c42e7a20921f4c5b75c24"":[81682,132937],""d_acbc938ec77af18f94cecc4a7c9ec720"":[42061,50012],""d_124a9bd407c7a25f8335b93b86e50fdd"":[2421,50400,59888],""d_b58303c68e9cf0d2ae93b73ffdbfbfa1"":[21536,75859],""d_fa2ed456cf2b8597bb7e064b08fc3c7c"":[8174,19013,61725],""d_85518d970b8178975850457f60f1e738"":[43752],""d_478f45a9c541cbe679ca55d1cd2b970b"":[21263,22451,29663,42112],""d_5573b0db0575db32190a2ad27919a7aa"":[57923],""d_a2141adf93ec2a3c2ec2837b78d6d46e"":[29178,51743],""d_9af9317c646a1c881bb5591c91817cc6"":[23468],""d_67e99e6eabc4aad9b5d48663b579746a"":[49015],""d_300ddc8da4e8f7bdc1bfc62d0d99e2e7"":[14929],""d_181005ca270b45408b4cdfc954980ca2"":[23090,74125,86802],""d_2b8c54b2a490d2fa36b925289e5d9572"":[29926,48428],""d_df7d2d661c0c11a7c367c9ee4bf896c1"":[30523,43966,105917,126193,139382,142587,151870,217330],""d_72f37e5c5d192951ddc5513c2b134482"":[73075,90802,92713,97097,118568],""d_0cc5f52a1f298b916f317800251057f3"":[16402],""d_1cd970d8351b42be4a308d628a6dd9d3"":[7101]},""600251"":{""d_a2141adf93ec2a3c2ec2837b78d6d46e"":[61485]}}",,[],
JURONG EAST,249,JURONG EAST ST 24,29,Unmatched,Ambiguous,Missing,Missing,ConflictOrPreviouslyMatchedOutcomeChange,[4008],"{""600249"":{""d_8575e84912df3c28995b8e6e0e05205a"":[873,81052,91518,102549,105776,112012,113860,126196,143557,143716,147274,148356],""d_3a3807c023c61ddfba947dc069eb53f2"":[60277,76725,81540,85000,88141,91762],""d_c0650f23e94c42e7a20921f4c5b75c24"":[20421,52177,73627,74872,91503,92585,92586,95609,101613,110369,113149,127162,131765],""d_acbc938ec77af18f94cecc4a7c9ec720"":[2668,35007,49572,56219,59794,62672,64881],""d_124a9bd407c7a25f8335b93b86e50fdd"":[16171,46332,51797,63083,78986,79176],""d_4526d47d6714d3b052eed4a30b8b1ed6"":[18083,18286,18698,43246,55612,62446],""d_b58303c68e9cf0d2ae93b73ffdbfbfa1"":[2631,47494,57572,69497,70258,78340],""d_fa2ed456cf2b8597bb7e064b08fc3c7c"":[18042,53123,53216,58694,60172,60595,63198,64710,65371,66780,67286,68417,70128,70178,76663,79415,81830,83564,90780],""d_85518d970b8178975850457f60f1e738"":[29286,52325],""d_478f45a9c541cbe679ca55d1cd2b970b"":[6618,21042,26505,29702,29811,38475,46863,49538,50229,55428,59908],""d_5573b0db0575db32190a2ad27919a7aa"":[43207,49580,54989,56055,66247],""d_a2141adf93ec2a3c2ec2837b78d6d46e"":[47441,68058,71362,75277,75296,79988,86008],""d_9af9317c646a1c881bb5591c91817cc6"":[46091,55913,61157,92577,95663,99581,103851,107357],""d_67e99e6eabc4aad9b5d48663b579746a"":[41081,42396,48514,49184],""d_5c4ef48b025fdfbc80056401f06e3df9"":[19416,20173,26014,26028,27106,38216,38513,39300],""d_300ddc8da4e8f7bdc1bfc62d0d99e2e7"":[15797,19643,20412,21354,21577,21726],""d_181005ca270b45408b4cdfc954980ca2"":[57525,57793,62734,63645,63935,65538,68996,74188,80976,84283,89075,89854,97587],""d_4130f1d9d365d9f1633536e959f62bb7"":[7921,8024,10446,10746],""d_2b8c54b2a490d2fa36b925289e5d9572"":[37117,38987,44356,44812,44834,55139,55870,57613,60776],""d_df7d2d661c0c11a7c367c9ee4bf896c1"":[15182,29386,101407,117175,131386,148936,151456,152108,158457,163839,167366,183946,190992,193520,193701,195156,198118,223343,230598],""d_72f37e5c5d192951ddc5513c2b134482"":[31410,71223,84711,89702,91149,92051,96891,105322,115704,129420,130561,131049],""d_0cc5f52a1f298b916f317800251057f3"":[15493,18650],""d_e97e8e7fc55b85a38babf66b0fa46b73"":[22036,22970,23283,24032,26732,36574],""d_af2042c77ffaf0db5d75561ce9ef5688"":[9549,29947],""d_31af23fdb79119ed185c256f03cb5773"":[3290,7138,12920,18622,20819,22634,23265,23295,23798,24146,27165,29846,31141,31559],""d_4e3db8955fdcda6f9944097bef3d2724"":[10572,11636]},""670111"":{""d_b58303c68e9cf0d2ae93b73ffdbfbfa1"":[64031]},""600248"":{""d_df7d2d661c0c11a7c367c9ee4bf896c1"":[159326]}}",,[],
JURONG EAST,252,JURONG EAST ST 24,33,Unmatched,Ambiguous,Missing,Missing,ConflictOrPreviouslyMatchedOutcomeChange,[4066],"{""600252"":{""d_8575e84912df3c28995b8e6e0e05205a"":[60515,67496,97328,121181,123914,136565,137182,137570,140414,155737,169271],""d_3a3807c023c61ddfba947dc069eb53f2"":[20,103,391,17558,18584,68352,71199,74280,77521,78279,81657,88826],""d_c0650f23e94c42e7a20921f4c5b75c24"":[249,1965,10443,20711,30764,67152,75901,84466,85823,94564,98969,100821,101282,104877,110982,111245,120692,132181],""d_acbc938ec77af18f94cecc4a7c9ec720"":[13486,13600,34093,35545,45155,62365,64440,66517,66656,70597],""d_124a9bd407c7a25f8335b93b86e50fdd"":[321,361,40562,62134,64252,68315,72996,74381,75901,78125,81163],""d_4526d47d6714d3b052eed4a30b8b1ed6"":[28358,30886,34757,41932,45605,47982,48379,51507,53041,55164,55974,56629],""d_b58303c68e9cf0d2ae93b73ffdbfbfa1"":[400,673,48069,49670,55684,66824,70615,84593],""d_fa2ed456cf2b8597bb7e064b08fc3c7c"":[1184,1216,48324,62865,74845,78138,85549,85685,90991],""d_85518d970b8178975850457f60f1e738"":[20783,30793,38682,44512,48672,51786],""d_478f45a9c541cbe679ca55d1cd2b970b"":[21330,28208,32225,41732,48396,51328,52460,52791,52956,53385,54806,57126,59902,66956],""d_5573b0db0575db32190a2ad27919a7aa"":[493,1204,36940,36970,51160,51340,60871,71449],""d_a2141adf93ec2a3c2ec2837b78d6d46e"":[943,28811,41663,55698,57611,61050,61327,62149,62901,71937,77686,87340,88336,89488],""d_9af9317c646a1c881bb5591c91817cc6"":[702,715,33963,64227,75348,87780,95285,96802,113470,114863,117345],""d_67e99e6eabc4aad9b5d48663b579746a"":[677,31777,33759,37061,39543,41893,47866,55342,56262,57251],""d_5c4ef48b025fdfbc80056401f06e3df9"":[141,25787,28149,33101],""d_300ddc8da4e8f7bdc1bfc62d0d99e2e7"":[18982],""d_181005ca270b45408b4cdfc954980ca2"":[33797,59642,62252,73496,73784,87362,93216,94501],""d_4130f1d9d365d9f1633536e959f62bb7"":[7131],""d_2b8c54b2a490d2fa36b925289e5d9572"":[57264],""d_df7d2d661c0c11a7c367c9ee4bf896c1"":[1336,2125,10571,45418,74147,85572,133174,135725,140671,143333,144024,150498,150546,160381,160912,161869,167060,175127,180326,180406,181204,182084,185705,191801,193813,196207,209918,213311,221996,231688,231830,232347],""d_72f37e5c5d192951ddc5513c2b134482"":[1263,18226,31827,37212,52483,58625,79853,95583,101487,105588,113753,120644,123354,131198,140309],""d_0cc5f52a1f298b916f317800251057f3"":[17893],""d_e97e8e7fc55b85a38babf66b0fa46b73"":[26749,28424,34780,38072],""d_af2042c77ffaf0db5d75561ce9ef5688"":[2546,20542,20639,23682,24474,28750,31184,32229,33811,34703,35324,50421,52906],""d_1cd970d8351b42be4a308d628a6dd9d3"":[6251,7613,7620,10783],""d_31af23fdb79119ed185c256f03cb5773"":[529,3677,7347,8008,13960,14510,16157,20046,27427,27900,29032,35041,37248],""d_4e3db8955fdcda6f9944097bef3d2724"":[12403,14702,17563]},""600257"":{""d_df7d2d661c0c11a7c367c9ee4bf896c1"":[154191]}}",,[],
JURONG EAST,253,JURONG EAST ST 24,34,Unmatched,Ambiguous,Missing,Missing,ConflictOrPreviouslyMatchedOutcomeChange,[4079],"{""600253"":{""d_8575e84912df3c28995b8e6e0e05205a"":[5656,51188,53932,57012,75144,78585,79705,85607,90853,96281,103116,111853,119742,121993,122463,124917,135591,144598,154143,161719,162675],""d_3a3807c023c61ddfba947dc069eb53f2"":[18849,27624,51555,52118,56683,64175,65057,70007,74502,75214,78949,85089],""d_c0650f23e94c42e7a20921f4c5b75c24"":[16323,38806,38810,54292,57378,71972,78693,91704,97855,98457,103042,103815,106725,118994,130679,134131,134254,136430],""d_acbc938ec77af18f94cecc4a7c9ec720"":[13482,40031,42245,48074,48489,48829,51751,54780,56092,59917,62159],""d_124a9bd407c7a25f8335b93b86e50fdd"":[6535,31409,57392,60771,62572,65694,76270,76618,85745],""d_4526d47d6714d3b052eed4a30b8b1ed6"":[6332,31357,39668,46642,49068,51888,55549,58525,61879,65176],""d_b58303c68e9cf0d2ae93b73ffdbfbfa1"":[11234,64302,69292,70577,77455,84398],""d_fa2ed456cf2b8597bb7e064b08fc3c7c"":[443,27902,45691,51930,52399,53395,58015,59117,70311,70417,74832,87804],""d_85518d970b8178975850457f60f1e738"":[10274,39706,39916,43432,47266,48261],""d_478f45a9c541cbe679ca55d1cd2b970b"":[28735,30000,30776,31866,32769,32910,33008,33354,35002,39696,43051,44099,44327,45527,46496,47793,47912,48344,51680,55800,62182,63805,64064],""d_5573b0db0575db32190a2ad27919a7aa"":[12626,56779,60485,62255,72455],""d_a2141adf93ec2a3c2ec2837b78d6d46e"":[7699,20534,28217,52071,54051,55569,57284,59526,63693,74145,75996,82184,84882,86860,87202],""d_9af9317c646a1c881bb5591c91817cc6"":[5433,8396,62638,63292,70968,74750,75217,81289,82126,82975,84189,94979,96183,99300,101927,102758,103719,104440,118482,121761,123064],""d_67e99e6eabc4aad9b5d48663b579746a"":[530,5426,20681,32744,39746,40666,41821,46495,46499],""d_5c4ef48b025fdfbc80056401f06e3df9"":[9525,16601,19776,20328,21440,29838],""d_300ddc8da4e8f7bdc1bfc62d0d99e2e7"":[10694,21283],""d_181005ca270b45408b4cdfc954980ca2"":[11908,54995,59084,61601,62654,70799,71389,72515,76898,85760],""d_4130f1d9d365d9f1633536e959f62bb7"":[6319],""d_2b8c54b2a490d2fa36b925289e5d9572"":[9691,10013,41840,45355,50799,51600,54986,56465,64508],""d_df7d2d661c0c11a7c367c9ee4bf896c1"":[54564,80667,88561,89244,119714,130275,138594,141165,147483,155688,162151,172404,174316,174643,177744,178292,182230,183782,187295,189492,192748,195049,197405,203634,209702,210426,212204,214765,215641,227286],""d_72f37e5c5d192951ddc5513c2b134482"":[4798,75059,94476,97792,98427,99661,103416,105422,105971,115197,123098,126479,127801,132173],""d_0cc5f52a1f298b916f317800251057f3"":[17051,17190,19120,19192,20475],""d_e97e8e7fc55b85a38babf66b0fa46b73"":[19632,20952,34622,35376],""d_af2042c77ffaf0db5d75561ce9ef5688"":[29820,30929,53078],""d_1cd970d8351b42be4a308d628a6dd9d3"":[11497,11746,12314,12579],""d_31af23fdb79119ed185c256f03cb5773"":[18954,21142,22278,22346,23571,27094,29980,33499,33975],""d_4e3db8955fdcda6f9944097bef3d2724"":[3802,10196,15936,16122,16362,17706,18213]},""600257"":{""d_8575e84912df3c28995b8e6e0e05205a"":[123604]},""600025"":{""d_c0650f23e94c42e7a20921f4c5b75c24"":[98134]}}",,[],
JURONG EAST,262,JURONG EAST ST 24,7,Unmatched,Ambiguous,Missing,Missing,ConflictOrPreviouslyMatchedOutcomeChange,[4261],"{""600262"":{""d_8575e84912df3c28995b8e6e0e05205a"":[66033,111488,112837,126997,162707],""d_3a3807c023c61ddfba947dc069eb53f2"":[57063,63921],""d_c0650f23e94c42e7a20921f4c5b75c24"":[105455],""d_acbc938ec77af18f94cecc4a7c9ec720"":[41637],""d_124a9bd407c7a25f8335b93b86e50fdd"":[75767],""d_4526d47d6714d3b052eed4a30b8b1ed6"":[36934,49456],""d_fa2ed456cf2b8597bb7e064b08fc3c7c"":[163,54447,55617,72246,88445,91798,92405],""d_478f45a9c541cbe679ca55d1cd2b970b"":[22022,43435],""d_5573b0db0575db32190a2ad27919a7aa"":[14261,54069,55735,64360,69580],""d_a2141adf93ec2a3c2ec2837b78d6d46e"":[48202,55475],""d_9af9317c646a1c881bb5591c91817cc6"":[33273,122076],""d_67e99e6eabc4aad9b5d48663b579746a"":[21295,56197],""d_300ddc8da4e8f7bdc1bfc62d0d99e2e7"":[13792,16258,22071],""d_4130f1d9d365d9f1633536e959f62bb7"":[6687],""d_df7d2d661c0c11a7c367c9ee4bf896c1"":[123294,130709,137387,184293,216703,226242],""d_72f37e5c5d192951ddc5513c2b134482"":[31967,105529,123163],""d_af2042c77ffaf0db5d75561ce9ef5688"":[33965,35788,42773]},""600202"":{""d_5c4ef48b025fdfbc80056401f06e3df9"":[29629]}}",,[],
JURONG EAST,345,JURONG EAST ST 31,2,Unmatched,Ambiguous,Missing,Missing,ConflictOrPreviouslyMatchedOutcomeChange,[5931],"{""600345"":{""d_8575e84912df3c28995b8e6e0e05205a"":[24847,117523,134934],""d_3a3807c023c61ddfba947dc069eb53f2"":[7817,50871,61902,75915,86101,87564],""d_c0650f23e94c42e7a20921f4c5b75c24"":[1389,93397,107151,110752,111358],""d_acbc938ec77af18f94cecc4a7c9ec720"":[48,16892,50366,61321],""d_124a9bd407c7a25f8335b93b86e50fdd"":[8254,10250,11392,13516,56337,72867],""d_4526d47d6714d3b052eed4a30b8b1ed6"":[5082,10330,29560,32317,40485,43718,46242,47378,48943,58342],""d_b58303c68e9cf0d2ae93b73ffdbfbfa1"":[18729,42794,52859,57312],""d_fa2ed456cf2b8597bb7e064b08fc3c7c"":[54179,61596,67290,67640,72682],""d_85518d970b8178975850457f60f1e738"":[26600],""d_478f45a9c541cbe679ca55d1cd2b970b"":[39808,41590,44038,47629],""d_5573b0db0575db32190a2ad27919a7aa"":[9320,31633,43538,47944,53530,54469,54906,55263,62099],""d_a2141adf93ec2a3c2ec2837b78d6d46e"":[30324,50082,50824,60947,61877,90423,91475],""d_9af9317c646a1c881bb5591c91817cc6"":[70770,71457,74500,79772,90572,96365],""d_67e99e6eabc4aad9b5d48663b579746a"":[43955,48089,48261],""d_5c4ef48b025fdfbc80056401f06e3df9"":[23742,41349],""d_181005ca270b45408b4cdfc954980ca2"":[16193,55550],""d_4130f1d9d365d9f1633536e959f62bb7"":[1154,7529],""d_2b8c54b2a490d2fa36b925289e5d9572"":[51479,54643,67464],""d_df7d2d661c0c11a7c367c9ee4bf896c1"":[8,8467,45484,61579,131721,132595,136000,149951,150844,153251,163409,166966,178214,186481,195454,199442,209933],""d_72f37e5c5d192951ddc5513c2b134482"":[64783,68939,71180,88432,90143,91630,108894,115681,119017],""d_0cc5f52a1f298b916f317800251057f3"":[15719,24156],""d_e97e8e7fc55b85a38babf66b0fa46b73"":[36255],""d_af2042c77ffaf0db5d75561ce9ef5688"":[8776,26537,28585,56859],""d_1cd970d8351b42be4a308d628a6dd9d3"":[12241],""d_31af23fdb79119ed185c256f03cb5773"":[19819,34295],""d_4e3db8955fdcda6f9944097bef3d2724"":[10048]},""640503"":{""d_a2141adf93ec2a3c2ec2837b78d6d46e"":[59304]},""160075"":{""d_af2042c77ffaf0db5d75561ce9ef5688"":[38701]}}",,[],
JURONG EAST,351,JURONG EAST ST 31,1,Unmatched,Ambiguous,Missing,Missing,ConflictOrPreviouslyMatchedOutcomeChange,[6026],"{""600351"":{""d_8575e84912df3c28995b8e6e0e05205a"":[63171,75796,80990,98993,110157,114851,130655,156667,161223],""d_3a3807c023c61ddfba947dc069eb53f2"":[55891,59484,67708,82173],""d_c0650f23e94c42e7a20921f4c5b75c24"":[18583,72451,78139,83701,91889,98694,106648,113225,114993,115032,128549],""d_acbc938ec77af18f94cecc4a7c9ec720"":[7177,12753,30911,38553,49990,61019,65719,69089],""d_124a9bd407c7a25f8335b93b86e50fdd"":[22517],""d_4526d47d6714d3b052eed4a30b8b1ed6"":[44547,49406,51530,66212],""d_b58303c68e9cf0d2ae93b73ffdbfbfa1"":[13642,21108,30619,50662,57030,57666,58851,61725,61788,66337,76296,76688],""d_fa2ed456cf2b8597bb7e064b08fc3c7c"":[15964,19825,55114,57661,71204,80404,84661,85030,87879,91066],""d_85518d970b8178975850457f60f1e738"":[9338,49739,60489],""d_478f45a9c541cbe679ca55d1cd2b970b"":[6089,11269,13189,13541,20507,35306,41401,63851],""d_5573b0db0575db32190a2ad27919a7aa"":[8972,13523,16942,51092,56576,71472,72561,73808,74109,74172],""d_a2141adf93ec2a3c2ec2837b78d6d46e"":[7898,26722,42745,49410,51557,54269,58754,65590,65963,66107,72063,80541],""d_9af9317c646a1c881bb5591c91817cc6"":[37861,69365,71941,72108,99879],""d_67e99e6eabc4aad9b5d48663b579746a"":[41984,45117,54433],""d_5c4ef48b025fdfbc80056401f06e3df9"":[26210,34627,35583,37204],""d_300ddc8da4e8f7bdc1bfc62d0d99e2e7"":[3442,12280,13391],""d_181005ca270b45408b4cdfc954980ca2"":[18904,56110,60525,75400,85551],""d_4130f1d9d365d9f1633536e959f62bb7"":[10089],""d_2b8c54b2a490d2fa36b925289e5d9572"":[15532,25159,38191,49762,52611],""d_df7d2d661c0c11a7c367c9ee4bf896c1"":[58674,76993,86319,99241,119672,131760,136206,137631,143678,144345,162626,164003,171619,180570,198885,199972,228224],""d_72f37e5c5d192951ddc5513c2b134482"":[79414,83230,87588,89331,96032,136826],""d_0cc5f52a1f298b916f317800251057f3"":[19773],""d_e97e8e7fc55b85a38babf66b0fa46b73"":[1377],""d_af2042c77ffaf0db5d75561ce9ef5688"":[37589,47892,48356,51327],""d_1cd970d8351b42be4a308d628a6dd9d3"":[12875],""d_31af23fdb79119ed185c256f03cb5773"":[19167,19976,26559,29671],""d_4e3db8955fdcda6f9944097bef3d2724"":[9792,15002]},""600251"":{""d_acbc938ec77af18f94cecc4a7c9ec720"":[50516]}}",,[],
JURONG WEST,176,BOON LAY DR,40,Unmatched,Ambiguous,Missing,Missing,ConflictOrPreviouslyMatchedOutcomeChange,[2334],"{""640176"":{""d_8575e84912df3c28995b8e6e0e05205a"":[70043,87924,122979,145311,152587,164111,165731,174700],""d_3a3807c023c61ddfba947dc069eb53f2"":[49206,67390,70843,76622,78619,79386,91049],""d_c0650f23e94c42e7a20921f4c5b75c24"":[113431,131975],""d_acbc938ec77af18f94cecc4a7c9ec720"":[54138,64711,65832,71315],""d_124a9bd407c7a25f8335b93b86e50fdd"":[17227,19405,35686,71486,75020],""d_4526d47d6714d3b052eed4a30b8b1ed6"":[12075,53471,55176,61213,69602],""d_b58303c68e9cf0d2ae93b73ffdbfbfa1"":[42111,76519],""d_fa2ed456cf2b8597bb7e064b08fc3c7c"":[16666,44237,44399,79103],""d_85518d970b8178975850457f60f1e738"":[13710,41110],""d_5573b0db0575db32190a2ad27919a7aa"":[23904,32374,59419],""d_a2141adf93ec2a3c2ec2837b78d6d46e"":[1008,21440,25543,41073,41399,45966,55907,61598,70459,73648,77658,79849,84886,87935,88796],""d_9af9317c646a1c881bb5591c91817cc6"":[3478,24098,33184,103221],""d_67e99e6eabc4aad9b5d48663b579746a"":[4624,33532,36123,50075],""d_5c4ef48b025fdfbc80056401f06e3df9"":[23774,39182],""d_300ddc8da4e8f7bdc1bfc62d0d99e2e7"":[5950,16214],""d_181005ca270b45408b4cdfc954980ca2"":[2916,47050,53452,53574,61644,67356,95954],""d_2b8c54b2a490d2fa36b925289e5d9572"":[11507,21400,51103,56746,63082,63824,67244],""d_df7d2d661c0c11a7c367c9ee4bf896c1"":[2608,8761,28758,54204,80438,89742,118661,119733,120821,129334,139577,156041,162394,163085,169115,182360,193691,194000,199018,202061,202143,203234,206961,216008],""d_72f37e5c5d192951ddc5513c2b134482"":[1470,37618,38248,65821,68733,70425,78211,83399,129773,136633,137048,141744,141954],""d_e97e8e7fc55b85a38babf66b0fa46b73"":[11229,19017,23722,36366],""d_af2042c77ffaf0db5d75561ce9ef5688"":[38158],""d_1cd970d8351b42be4a308d628a6dd9d3"":[10807],""d_31af23fdb79119ed185c256f03cb5773"":[32976],""d_4e3db8955fdcda6f9944097bef3d2724"":[14835]},""640175"":{""d_fa2ed456cf2b8597bb7e064b08fc3c7c"":[69794]}}",,[],
JURONG WEST,406,JURONG WEST ST 42,11,Unmatched,Ambiguous,Missing,Missing,ConflictOrPreviouslyMatchedOutcomeChange,[6685],"{""640406"":{""d_8575e84912df3c28995b8e6e0e05205a"":[45037,126494,140559,144147],""d_3a3807c023c61ddfba947dc069eb53f2"":[27245,63004],""d_c0650f23e94c42e7a20921f4c5b75c24"":[35776,51425,71703,87029,90692,107387,130942,134126],""d_acbc938ec77af18f94cecc4a7c9ec720"":[40303,64978],""d_124a9bd407c7a25f8335b93b86e50fdd"":[48033,49666,50900,61300,62362,78814],""d_4526d47d6714d3b052eed4a30b8b1ed6"":[38874,39991,47038,59026,61176,62435],""d_b58303c68e9cf0d2ae93b73ffdbfbfa1"":[15551,50625,58193,67500,71835,83661],""d_fa2ed456cf2b8597bb7e064b08fc3c7c"":[29625,55080,63455,67843,77189,78223,81396,81818],""d_85518d970b8178975850457f60f1e738"":[55181],""d_478f45a9c541cbe679ca55d1cd2b970b"":[5267,33587,44689,53724,60493],""d_5573b0db0575db32190a2ad27919a7aa"":[35416,39226,50144,53607,54032,61424,63376,67918,68052,73973],""d_a2141adf93ec2a3c2ec2837b78d6d46e"":[40326,69974,86422,90289],""d_9af9317c646a1c881bb5591c91817cc6"":[22022,69950,82990,93580,97688,114375,117930,123571],""d_67e99e6eabc4aad9b5d48663b579746a"":[10710,30577,36001,39396,42752,42905,46276,54186],""d_5c4ef48b025fdfbc80056401f06e3df9"":[24400,27403,29708],""d_300ddc8da4e8f7bdc1bfc62d0d99e2e7"":[10822,17273],""d_181005ca270b45408b4cdfc954980ca2"":[35370,56112,68743,69525,70824,79393],""d_2b8c54b2a490d2fa36b925289e5d9572"":[25533,46823],""d_df7d2d661c0c11a7c367c9ee4bf896c1"":[3807,123947,142273,148680,154078,168926,169967,182548,186597,197214,210306,210309,212580,219881,230567,233687],""d_72f37e5c5d192951ddc5513c2b134482"":[26904,31624,48713,87434,126470,133914],""d_0cc5f52a1f298b916f317800251057f3"":[16490,20882],""d_e97e8e7fc55b85a38babf66b0fa46b73"":[22621,30600,33212],""d_1cd970d8351b42be4a308d628a6dd9d3"":[9337,9812,12336],""d_31af23fdb79119ed185c256f03cb5773"":[18832,31387],""d_4e3db8955fdcda6f9944097bef3d2724"":[9034,13850]},""640404"":{""d_b58303c68e9cf0d2ae93b73ffdbfbfa1"":[64372]}}",,[],
JURONG WEST,414,JURONG WEST ST 42,13,Unmatched,Ambiguous,Missing,Missing,ConflictOrPreviouslyMatchedOutcomeChange,[6882],"{""640414"":{""d_8575e84912df3c28995b8e6e0e05205a"":[124209,137885,137989,139629],""d_3a3807c023c61ddfba947dc069eb53f2"":[19982,57867,58025,58297],""d_c0650f23e94c42e7a20921f4c5b75c24"":[91160,98772,115642,116436,118687,129164],""d_acbc938ec77af18f94cecc4a7c9ec720"":[26363,49099,61903,72306],""d_124a9bd407c7a25f8335b93b86e50fdd"":[8810,55965,61822,82452,83909],""d_4526d47d6714d3b052eed4a30b8b1ed6"":[51993,56990,60673,61579,66889,67361,67579],""d_b58303c68e9cf0d2ae93b73ffdbfbfa1"":[37837,50160,79505,81263,84738],""d_fa2ed456cf2b8597bb7e064b08fc3c7c"":[79822,85434],""d_478f45a9c541cbe679ca55d1cd2b970b"":[10502,44387,51372,53279],""d_5573b0db0575db32190a2ad27919a7aa"":[1097,34880,40865,46926,49154,49448,51148,60827],""d_a2141adf93ec2a3c2ec2837b78d6d46e"":[20932,51506,52115,60211,68126,74294,79017],""d_9af9317c646a1c881bb5591c91817cc6"":[89595,104774,112395,120935,123137],""d_67e99e6eabc4aad9b5d48663b579746a"":[6684,20040,23410,55936,58184],""d_5c4ef48b025fdfbc80056401f06e3df9"":[35748],""d_300ddc8da4e8f7bdc1bfc62d0d99e2e7"":[14499,15315],""d_181005ca270b45408b4cdfc954980ca2"":[72020,82984],""d_2b8c54b2a490d2fa36b925289e5d9572"":[20233,41591],""d_df7d2d661c0c11a7c367c9ee4bf896c1"":[246,2100,3706,149662,153481,153999,172385,204203,216257,220588],""d_72f37e5c5d192951ddc5513c2b134482"":[74363,79166,114307,118359],""d_0cc5f52a1f298b916f317800251057f3"":[22895],""d_e97e8e7fc55b85a38babf66b0fa46b73"":[31827,34303,35118],""d_af2042c77ffaf0db5d75561ce9ef5688"":[30275,31166,35284,36038,37538,44937,49759,55962],""d_31af23fdb79119ed185c256f03cb5773"":[23249,25615,31466]},""640404"":{""d_b58303c68e9cf0d2ae93b73ffdbfbfa1"":[58202]}}",,[],
JURONG WEST,463,JURONG WEST ST 41,33,Unmatched,Ambiguous,Missing,Missing,ConflictOrPreviouslyMatchedOutcomeChange,[7849],"{""640463"":{""d_8575e84912df3c28995b8e6e0e05205a"":[43957,58884,64330,127871,153658,165817,171427,174273],""d_3a3807c023c61ddfba947dc069eb53f2"":[51356,60350,60783,61245,71248,83526,84983,86906],""d_c0650f23e94c42e7a20921f4c5b75c24"":[27318,29416,34505,87732,93975,95167,96161,98341,99600,100674,105800,125638],""d_acbc938ec77af18f94cecc4a7c9ec720"":[49233,54661],""d_124a9bd407c7a25f8335b93b86e50fdd"":[6741,20121,47436],""d_4526d47d6714d3b052eed4a30b8b1ed6"":[2532,15869,58079],""d_b58303c68e9cf0d2ae93b73ffdbfbfa1"":[19636,56021,63450,84430],""d_fa2ed456cf2b8597bb7e064b08fc3c7c"":[18841,22163,49207,65607,67417,72976,76324,77763],""d_85518d970b8178975850457f60f1e738"":[11441,19643],""d_478f45a9c541cbe679ca55d1cd2b970b"":[1736,18303,22409,29549,31110,49424],""d_5573b0db0575db32190a2ad27919a7aa"":[22516,26215,30831,41518,42885,50918,52185,60395,61700],""d_a2141adf93ec2a3c2ec2837b78d6d46e"":[7902,44595,57261,61879,64939,64980],""d_9af9317c646a1c881bb5591c91817cc6"":[38020,75490,95447,106871,118201],""d_67e99e6eabc4aad9b5d48663b579746a"":[7862,40689,46397,49655,53437],""d_5c4ef48b025fdfbc80056401f06e3df9"":[34204],""d_300ddc8da4e8f7bdc1bfc62d0d99e2e7"":[9200,10353,12394,12436,13254,16702,21459],""d_181005ca270b45408b4cdfc954980ca2"":[8578,16317,20822,24232,24233,60281,71719,79353,80215,80704,88767,88791,99313],""d_4130f1d9d365d9f1633536e959f62bb7"":[9863],""d_2b8c54b2a490d2fa36b925289e5d9572"":[8717,11251,46197],""d_df7d2d661c0c11a7c367c9ee4bf896c1"":[68182,74235,110268,123307,137296,161372,162565,162893,171381,171983,185927,186767,187736,193835,194663,199444,208884,224178,226799],""d_72f37e5c5d192951ddc5513c2b134482"":[24299,49535,71140,79728,80116,81055,92609,95941,96858,100498,117912],""d_0cc5f52a1f298b916f317800251057f3"":[4348,14716],""d_e97e8e7fc55b85a38babf66b0fa46b73"":[1556,5597,11334,24681,31315,32224,33622,38038],""d_31af23fdb79119ed185c256f03cb5773"":[511,14617,22324,26065,29418,36470],""d_4e3db8955fdcda6f9944097bef3d2724"":[13159,15520,17762,17865]},""640462"":{""d_181005ca270b45408b4cdfc954980ca2"":[69247]}}",,[],
JURONG WEST,498,JURONG WEST ST 41,19,Unmatched,Ambiguous,Missing,Missing,ConflictOrPreviouslyMatchedOutcomeChange,[8363],"{""640498"":{""d_8575e84912df3c28995b8e6e0e05205a"":[9701,53641,70353,102202,103203,109220,113211,116696,121649,136606,146834,151558,153871,154341,160097],""d_3a3807c023c61ddfba947dc069eb53f2"":[5107,41661,59019,62257,65311,77239,77255,77789,79566,88559,91019],""d_c0650f23e94c42e7a20921f4c5b75c24"":[35135,65081,80709,81923,86838,89043,90259,90500,91699,93942,103377,105161,105163,107743,107999,108831,111442,114331,119511],""d_acbc938ec77af18f94cecc4a7c9ec720"":[11598,13107,23214,48713,51447,56394,57181,62389,66621,70116],""d_124a9bd407c7a25f8335b93b86e50fdd"":[53845,66890],""d_4526d47d6714d3b052eed4a30b8b1ed6"":[33152,56260,64575],""d_b58303c68e9cf0d2ae93b73ffdbfbfa1"":[92,52282,53581,62202,63710,66033,67245,67406,69688],""d_fa2ed456cf2b8597bb7e064b08fc3c7c"":[52524,53329,53957,55515,60256,61353,65231,67215,72285,75187,76607,80565,84645,86030,89793],""d_85518d970b8178975850457f60f1e738"":[36212,37151,49232,54685],""d_478f45a9c541cbe679ca55d1cd2b970b"":[14819,22774,26070,31810,36851,37652,39540,42732,44224,48259,48673,49002,49127,52316,53818,61731,63584],""d_5573b0db0575db32190a2ad27919a7aa"":[14498,36682,43081,43974,46391,56129,62941,65016,67518,71806],""d_a2141adf93ec2a3c2ec2837b78d6d46e"":[9180,40571,46783,51690,52288,52991,60320,60523,65770,66706,76145,77820,91382],""d_9af9317c646a1c881bb5591c91817cc6"":[84375,84624,88031,91462,99037,102614,114762,116869,117690,120573],""d_67e99e6eabc4aad9b5d48663b579746a"":[38273,40877,43734,48907,58447],""d_5c4ef48b025fdfbc80056401f06e3df9"":[14069,17077,19070,21724,24824,26609,31156],""d_300ddc8da4e8f7bdc1bfc62d0d99e2e7"":[10858,11417,11542,13436,15369,15487],""d_181005ca270b45408b4cdfc954980ca2"":[4731,7487,55984,61510,67019,74758,85785],""d_4130f1d9d365d9f1633536e959f62bb7"":[7596],""d_2b8c54b2a490d2fa36b925289e5d9572"":[38338,52375,54830,55546,56821],""d_df7d2d661c0c11a7c367c9ee4bf896c1"":[3283,95204,125698,129292,133179,133235,133529,133560,135539,145973,147510,151797,155395,162227,165648,190429,215228,223186],""d_72f37e5c5d192951ddc5513c2b134482"":[78684,80024,80590,90069,91665,95395,97520,109202,124177,128304,132905],""d_0cc5f52a1f298b916f317800251057f3"":[12899,15003,15137],""d_e97e8e7fc55b85a38babf66b0fa46b73"":[28905,29532,31230],""d_af2042c77ffaf0db5d75561ce9ef5688"":[33953],""d_1cd970d8351b42be4a308d628a6dd9d3"":[10851,11093,12209,12255,12529,12588,13063],""d_31af23fdb79119ed185c256f03cb5773"":[398,907,3052,19530,19647,22805,24699,27630,28156,29000,29396,32264,32910,37507],""d_4e3db8955fdcda6f9944097bef3d2724"":[8348,14501]},""640478"":{""d_acbc938ec77af18f94cecc4a7c9ec720"":[45602]},""460213"":{""d_72f37e5c5d192951ddc5513c2b134482"":[91159]},""640476"":{""d_72f37e5c5d192951ddc5513c2b134482"":[96145]}}",,[],
JURONG WEST,526,JURONG WEST ST 52,3,Unmatched,Ambiguous,Missing,Missing,ConflictOrPreviouslyMatchedOutcomeChange,[8917],"{""640526"":{""d_8575e84912df3c28995b8e6e0e05205a"":[127546,144497],""d_3a3807c023c61ddfba947dc069eb53f2"":[54550,77909],""d_c0650f23e94c42e7a20921f4c5b75c24"":[16939,43781,108948,127323],""d_acbc938ec77af18f94cecc4a7c9ec720"":[45728,63436],""d_124a9bd407c7a25f8335b93b86e50fdd"":[5081,77576],""d_4526d47d6714d3b052eed4a30b8b1ed6"":[42998],""d_b58303c68e9cf0d2ae93b73ffdbfbfa1"":[52713,62695],""d_fa2ed456cf2b8597bb7e064b08fc3c7c"":[810,53962,61323,66719,71146,78618],""d_85518d970b8178975850457f60f1e738"":[39684,41037,47894],""d_478f45a9c541cbe679ca55d1cd2b970b"":[28451,51141,60871,62948],""d_5573b0db0575db32190a2ad27919a7aa"":[55546],""d_a2141adf93ec2a3c2ec2837b78d6d46e"":[44054,54203,60525,63101,74893],""d_9af9317c646a1c881bb5591c91817cc6"":[31567,87319,88276,96863],""d_67e99e6eabc4aad9b5d48663b579746a"":[5100,9370,32780,44890],""d_5c4ef48b025fdfbc80056401f06e3df9"":[31186],""d_181005ca270b45408b4cdfc954980ca2"":[46372,77568],""d_2b8c54b2a490d2fa36b925289e5d9572"":[22182,69917],""d_df7d2d661c0c11a7c367c9ee4bf896c1"":[46775,109659,144385,156991,167461,172811],""d_72f37e5c5d192951ddc5513c2b134482"":[22187,24529,86822],""d_e97e8e7fc55b85a38babf66b0fa46b73"":[4752,28842,32063],""d_af2042c77ffaf0db5d75561ce9ef5688"":[14915,25057,29997],""d_1cd970d8351b42be4a308d628a6dd9d3"":[7614,9080,9164,12081],""d_31af23fdb79119ed185c256f03cb5773"":[18713]},""640461"":{""d_df7d2d661c0c11a7c367c9ee4bf896c1"":[160968]}}",,[],
JURONG WEST,551,JURONG WEST ST 42,14,Unmatched,Ambiguous,Missing,Missing,ConflictOrPreviouslyMatchedOutcomeChange,[9274],"{""640551"":{""d_8575e84912df3c28995b8e6e0e05205a"":[48716,49389,57399,105627,153060,153818,166301],""d_3a3807c023c61ddfba947dc069eb53f2"":[73759,80009],""d_c0650f23e94c42e7a20921f4c5b75c24"":[124677],""d_acbc938ec77af18f94cecc4a7c9ec720"":[62330,64840],""d_4526d47d6714d3b052eed4a30b8b1ed6"":[54197],""d_b58303c68e9cf0d2ae93b73ffdbfbfa1"":[28551,66934,67255],""d_fa2ed456cf2b8597bb7e064b08fc3c7c"":[13079,81701],""d_85518d970b8178975850457f60f1e738"":[45310],""d_478f45a9c541cbe679ca55d1cd2b970b"":[34096,54246,55654,55697,60015,61734],""d_5573b0db0575db32190a2ad27919a7aa"":[14636,68407],""d_a2141adf93ec2a3c2ec2837b78d6d46e"":[81604],""d_9af9317c646a1c881bb5591c91817cc6"":[37781,54370],""d_67e99e6eabc4aad9b5d48663b579746a"":[53285],""d_5c4ef48b025fdfbc80056401f06e3df9"":[4593,31001],""d_181005ca270b45408b4cdfc954980ca2"":[91262,98113],""d_4130f1d9d365d9f1633536e959f62bb7"":[9354],""d_2b8c54b2a490d2fa36b925289e5d9572"":[55031,56208,63091,63952,68660],""d_df7d2d661c0c11a7c367c9ee4bf896c1"":[46624,185134],""d_72f37e5c5d192951ddc5513c2b134482"":[30105,108708,120955],""d_0cc5f52a1f298b916f317800251057f3"":[9684,21853],""d_e97e8e7fc55b85a38babf66b0fa46b73"":[24067],""d_af2042c77ffaf0db5d75561ce9ef5688"":[48155,51552],""d_1cd970d8351b42be4a308d628a6dd9d3"":[9850,10492,12603],""d_31af23fdb79119ed185c256f03cb5773"":[24320,31491]},""640557"":{""d_5c4ef48b025fdfbc80056401f06e3df9"":[28991]}}",,[],
JURONG WEST,660D,JURONG WEST ST 64,34,Unmatched,Ambiguous,Missing,Missing,ConflictOrPreviouslyMatchedOutcomeChange,[10696],"{""644660"":{""d_8575e84912df3c28995b8e6e0e05205a"":[91419,157689],""d_3a3807c023c61ddfba947dc069eb53f2"":[17074,81320],""d_c0650f23e94c42e7a20921f4c5b75c24"":[105721],""d_acbc938ec77af18f94cecc4a7c9ec720"":[62360],""d_124a9bd407c7a25f8335b93b86e50fdd"":[39013],""d_4526d47d6714d3b052eed4a30b8b1ed6"":[12895,17248,30203],""d_fa2ed456cf2b8597bb7e064b08fc3c7c"":[85348],""d_85518d970b8178975850457f60f1e738"":[7468],""d_478f45a9c541cbe679ca55d1cd2b970b"":[11358,53350,66652],""d_5573b0db0575db32190a2ad27919a7aa"":[18849,59440,69465],""d_a2141adf93ec2a3c2ec2837b78d6d46e"":[33096,63422,82414,89401],""d_9af9317c646a1c881bb5591c91817cc6"":[98330,124063],""d_5c4ef48b025fdfbc80056401f06e3df9"":[20435,36176],""d_181005ca270b45408b4cdfc954980ca2"":[26619,27985,39126,86591,93368],""d_2b8c54b2a490d2fa36b925289e5d9572"":[64783,65457],""d_df7d2d661c0c11a7c367c9ee4bf896c1"":[177010,201984,202856,202964,203892,219603],""d_72f37e5c5d192951ddc5513c2b134482"":[103657,122861,141143],""d_0cc5f52a1f298b916f317800251057f3"":[21299],""d_e97e8e7fc55b85a38babf66b0fa46b73"":[33500],""d_af2042c77ffaf0db5d75561ce9ef5688"":[14870,16447,47526,51518],""d_4e3db8955fdcda6f9944097bef3d2724"":[2304]},""640660"":{""d_9af9317c646a1c881bb5591c91817cc6"":[87610]}}",,[],
JURONG WEST,823,JURONG WEST ST 81,19,Unmatched,Ambiguous,Missing,Missing,ConflictOrPreviouslyMatchedOutcomeChange,[12314],"{""640823"":{""d_8575e84912df3c28995b8e6e0e05205a"":[80827,120930,161840],""d_3a3807c023c61ddfba947dc069eb53f2"":[74074,88415],""d_c0650f23e94c42e7a20921f4c5b75c24"":[133003],""d_acbc938ec77af18f94cecc4a7c9ec720"":[34390,48847],""d_124a9bd407c7a25f8335b93b86e50fdd"":[11452,36192,75703,78197],""d_4526d47d6714d3b052eed4a30b8b1ed6"":[3430,59163],""d_b58303c68e9cf0d2ae93b73ffdbfbfa1"":[78590],""d_fa2ed456cf2b8597bb7e064b08fc3c7c"":[76459,86862,87509,94193],""d_85518d970b8178975850457f60f1e738"":[53302,54865],""d_5573b0db0575db32190a2ad27919a7aa"":[30719,68883],""d_a2141adf93ec2a3c2ec2837b78d6d46e"":[12794,72314,82999,85321,92854],""d_9af9317c646a1c881bb5591c91817cc6"":[71571,100023,101972,108997],""d_67e99e6eabc4aad9b5d48663b579746a"":[27743,47873,58874],""d_5c4ef48b025fdfbc80056401f06e3df9"":[40134],""d_300ddc8da4e8f7bdc1bfc62d0d99e2e7"":[11588],""d_df7d2d661c0c11a7c367c9ee4bf896c1"":[183647,196109,213800,218645],""d_72f37e5c5d192951ddc5513c2b134482"":[91305,112735,113485,128353,130433,131651],""d_0cc5f52a1f298b916f317800251057f3"":[24422],""d_e97e8e7fc55b85a38babf66b0fa46b73"":[19786,32495],""d_af2042c77ffaf0db5d75561ce9ef5688"":[16852],""d_31af23fdb79119ed185c256f03cb5773"":[27899,35061],""d_4e3db8955fdcda6f9944097bef3d2724"":[14485]},""357920"":{""d_4526d47d6714d3b052eed4a30b8b1ed6"":[46507]}}",,[],
JURONG WEST,946,JURONG WEST ST 91,20,Unmatched,Ambiguous,Missing,Missing,ConflictOrPreviouslyMatchedOutcomeChange,[13072],"{""640946"":{""d_8575e84912df3c28995b8e6e0e05205a"":[147616,150948,160173,167185],""d_3a3807c023c61ddfba947dc069eb53f2"":[44860,84267],""d_c0650f23e94c42e7a20921f4c5b75c24"":[103982,114286,119608],""d_acbc938ec77af18f94cecc4a7c9ec720"":[53659],""d_fa2ed456cf2b8597bb7e064b08fc3c7c"":[83540],""d_478f45a9c541cbe679ca55d1cd2b970b"":[55537],""d_5573b0db0575db32190a2ad27919a7aa"":[66500],""d_a2141adf93ec2a3c2ec2837b78d6d46e"":[90706],""d_67e99e6eabc4aad9b5d48663b579746a"":[57763],""d_181005ca270b45408b4cdfc954980ca2"":[88741],""d_2b8c54b2a490d2fa36b925289e5d9572"":[50210],""d_df7d2d661c0c11a7c367c9ee4bf896c1"":[99472,162623,226688,232925],""d_72f37e5c5d192951ddc5513c2b134482"":[18324,55795,132195],""d_af2042c77ffaf0db5d75561ce9ef5688"":[14191,56307],""d_31af23fdb79119ed185c256f03cb5773"":[35023]},""640964"":{""d_df7d2d661c0c11a7c367c9ee4bf896c1"":[164214]}}",,[],
KALLANG/WHAMPOA,1,BEACH RD,30,Unmatched,Ambiguous,Missing,Missing,ConflictOrPreviouslyMatchedOutcomeChange,[2],"{""0719"":{""d_8575e84912df3c28995b8e6e0e05205a"":[546,96091,104194],""d_3a3807c023c61ddfba947dc069eb53f2"":[48113,53835,56766,56767],""d_c0650f23e94c42e7a20921f4c5b75c24"":[826,28699],""d_acbc938ec77af18f94cecc4a7c9ec720"":[35851],""d_4526d47d6714d3b052eed4a30b8b1ed6"":[39589,42201],""d_b58303c68e9cf0d2ae93b73ffdbfbfa1"":[198],""d_fa2ed456cf2b8597bb7e064b08fc3c7c"":[52799,62065],""d_a2141adf93ec2a3c2ec2837b78d6d46e"":[1268],""d_9af9317c646a1c881bb5591c91817cc6"":[618,64811],""d_181005ca270b45408b4cdfc954980ca2"":[167,52892],""d_2b8c54b2a490d2fa36b925289e5d9572"":[41755],""d_df7d2d661c0c11a7c367c9ee4bf896c1"":[618,773,138103],""d_72f37e5c5d192951ddc5513c2b134482"":[78230],""d_31af23fdb79119ed185c256f03cb5773"":[19127],""d_4e3db8955fdcda6f9944097bef3d2724"":[10226]},""190001"":{""d_8575e84912df3c28995b8e6e0e05205a"":[14995,15815,62021,74491,103481,141962,149192,150515,159541],""d_3a3807c023c61ddfba947dc069eb53f2"":[21047,60227,60738,72610,74910,82382,83783],""d_c0650f23e94c42e7a20921f4c5b75c24"":[16449,22716,25980,56051,76579,107810,111700,113722,114990,128665],""d_acbc938ec77af18f94cecc4a7c9ec720"":[44493,55707,56373,58133,61230,66975],""d_124a9bd407c7a25f8335b93b86e50fdd"":[9639,42436,63085],""d_4526d47d6714d3b052eed4a30b8b1ed6"":[21201,48433,62555],""d_b58303c68e9cf0d2ae93b73ffdbfbfa1"":[12307,19888,40614,47981,57431,58300,70262,84236],""d_fa2ed456cf2b8597bb7e064b08fc3c7c"":[235,1403,34642,70169,79378,80202,80207,85247],""d_85518d970b8178975850457f60f1e738"":[47269],""d_478f45a9c541cbe679ca55d1cd2b970b"":[8291,36961,58192,61596],""d_5573b0db0575db32190a2ad27919a7aa"":[53941,72993],""d_a2141adf93ec2a3c2ec2837b78d6d46e"":[22677,22754,36468,65372,71806,82191,91989],""d_9af9317c646a1c881bb5591c91817cc6"":[25826,83500,103868,108700,110659,111359,112142,112744,114007,122331],""d_67e99e6eabc4aad9b5d48663b579746a"":[48006,49513,52922,53953],""d_5c4ef48b025fdfbc80056401f06e3df9"":[34911,35783,35785,36402,36991],""d_300ddc8da4e8f7bdc1bfc62d0d99e2e7"":[2952,11858,16349,16868,17412],""d_181005ca270b45408b4cdfc954980ca2"":[37699,79871,81276,90982,95194],""d_2b8c54b2a490d2fa36b925289e5d9572"":[47906,48775,48921,69970],""d_df7d2d661c0c11a7c367c9ee4bf896c1"":[3745,11191,23428,155102,170326,173434,176447,182280,185693,201252,214201,219647],""d_72f37e5c5d192951ddc5513c2b134482"":[284,106407,106416,109180,110496,111800,112189,113096,116763,123994,135734],""d_e97e8e7fc55b85a38babf66b0fa46b73"":[29646,31659],""d_af2042c77ffaf0db5d75561ce9ef5688"":[17690,47412,51886],""d_1cd970d8351b42be4a308d628a6dd9d3"":[11023,11983],""d_31af23fdb79119ed185c256f03cb5773"":[30496,31909,31939],""d_4e3db8955fdcda6f9944097bef3d2724"":[16331]},""189673"":{""d_8575e84912df3c28995b8e6e0e05205a"":[101501],""d_3a3807c023c61ddfba947dc069eb53f2"":[610],""d_c0650f23e94c42e7a20921f4c5b75c24"":[955,1032,91683,91684],""d_acbc938ec77af18f94cecc4a7c9ec720"":[43194,44603],""d_124a9bd407c7a25f8335b93b86e50fdd"":[50291,54295],""d_4526d47d6714d3b052eed4a30b8b1ed6"":[43466,44020],""d_fa2ed456cf2b8597bb7e064b08fc3c7c"":[1405],""d_478f45a9c541cbe679ca55d1cd2b970b"":[38183],""d_a2141adf93ec2a3c2ec2837b78d6d46e"":[58288,63158],""d_67e99e6eabc4aad9b5d48663b579746a"":[36281],""d_181005ca270b45408b4cdfc954980ca2"":[62701],""d_2b8c54b2a490d2fa36b925289e5d9572"":[43959,43981,43988,44013,44014,44016,44298,44451,48007,48009,53836,56226],""d_df7d2d661c0c11a7c367c9ee4bf896c1"":[1998,141939,153899,191192],""d_72f37e5c5d192951ddc5513c2b134482"":[88448,96800,96841]},""0718"":{""d_124a9bd407c7a25f8335b93b86e50fdd"":[323],""d_5573b0db0575db32190a2ad27919a7aa"":[38875],""d_72f37e5c5d192951ddc5513c2b134482"":[75278]},""189671"":{""d_478f45a9c541cbe679ca55d1cd2b970b"":[43168]},""0513"":{""d_181005ca270b45408b4cdfc954980ca2"":[65347]},""199588"":{""d_72f37e5c5d192951ddc5513c2b134482"":[89377]}}",,[],
KALLANG/WHAMPOA,101,WHAMPOA DR,20,Unmatched,Ambiguous,Missing,Missing,ConflictOrPreviouslyMatchedOutcomeChange,[128],"{""323101"":{""d_8575e84912df3c28995b8e6e0e05205a"":[30903,45391,94312,164657],""d_3a3807c023c61ddfba947dc069eb53f2"":[32052,70422,79760,88699,88831],""d_c0650f23e94c42e7a20921f4c5b75c24"":[49216,122438,126089],""d_acbc938ec77af18f94cecc4a7c9ec720"":[11398,64474],""d_4526d47d6714d3b052eed4a30b8b1ed6"":[24225,65343],""d_b58303c68e9cf0d2ae93b73ffdbfbfa1"":[49389,82296],""d_fa2ed456cf2b8597bb7e064b08fc3c7c"":[16493,41690,76194,77537],""d_478f45a9c541cbe679ca55d1cd2b970b"":[10534],""d_a2141adf93ec2a3c2ec2837b78d6d46e"":[72681],""d_9af9317c646a1c881bb5591c91817cc6"":[302,84832,97022],""d_5c4ef48b025fdfbc80056401f06e3df9"":[31138,32469,37741],""d_300ddc8da4e8f7bdc1bfc62d0d99e2e7"":[3838],""d_2b8c54b2a490d2fa36b925289e5d9572"":[38969],""d_df7d2d661c0c11a7c367c9ee4bf896c1"":[43073,52882,88023,122241,165766,200749],""d_72f37e5c5d192951ddc5513c2b134482"":[65421,74219,101292,108666,112263,113339,122948,126774,129605],""d_0cc5f52a1f298b916f317800251057f3"":[192],""d_af2042c77ffaf0db5d75561ce9ef5688"":[14701],""d_31af23fdb79119ed185c256f03cb5773"":[25675],""d_4e3db8955fdcda6f9944097bef3d2724"":[5536,17292]},""310101"":{""d_8575e84912df3c28995b8e6e0e05205a"":[122106]}}",,[],
KALLANG/WHAMPOA,102,TOWNER RD,6,Unmatched,Ambiguous,Missing,Missing,ConflictOrPreviouslyMatchedOutcomeChange,[171],"{""322102"":{""d_8575e84912df3c28995b8e6e0e05205a"":[12633,23786,84811,93883,94843,97667,100317,113345,117748,119710,128975,132369,145402],""d_3a3807c023c61ddfba947dc069eb53f2"":[44128,48601,64746,92771],""d_c0650f23e94c42e7a20921f4c5b75c24"":[70342,91454,119354,126661],""d_acbc938ec77af18f94cecc4a7c9ec720"":[16385,17754,37341,40593,51611],""d_124a9bd407c7a25f8335b93b86e50fdd"":[18083,28529,63730],""d_4526d47d6714d3b052eed4a30b8b1ed6"":[13252,13930,46228],""d_b58303c68e9cf0d2ae93b73ffdbfbfa1"":[9707,49655,56468,56930,60285,72581,79726],""d_fa2ed456cf2b8597bb7e064b08fc3c7c"":[50427,71348,85320],""d_478f45a9c541cbe679ca55d1cd2b970b"":[27324,38058,64268],""d_5573b0db0575db32190a2ad27919a7aa"":[45942,49528,57831,62708],""d_a2141adf93ec2a3c2ec2837b78d6d46e"":[5276,43838,47432,70574],""d_9af9317c646a1c881bb5591c91817cc6"":[16410,28064,115909,119804],""d_67e99e6eabc4aad9b5d48663b579746a"":[43986,45407],""d_5c4ef48b025fdfbc80056401f06e3df9"":[24123,34385],""d_181005ca270b45408b4cdfc954980ca2"":[27245,61376,70484,85420],""d_4130f1d9d365d9f1633536e959f62bb7"":[6204],""d_2b8c54b2a490d2fa36b925289e5d9572"":[6240,40440,54479,60564,62058,62670,63727,64019],""d_df7d2d661c0c11a7c367c9ee4bf896c1"":[2402,9420,13746,49937,68358,135189,141633,148482,151229,160061,175039,188760,194872,205161,230166],""d_72f37e5c5d192951ddc5513c2b134482"":[2041,2908,64512,86251,115135,121575],""d_0cc5f52a1f298b916f317800251057f3"":[15071],""d_af2042c77ffaf0db5d75561ce9ef5688"":[27685,31776,39047,54666],""d_1cd970d8351b42be4a308d628a6dd9d3"":[1066,13044],""d_4e3db8955fdcda6f9944097bef3d2724"":[15688]},""327826"":{""d_c0650f23e94c42e7a20921f4c5b75c24"":[113140,126291],""d_181005ca270b45408b4cdfc954980ca2"":[25996,85927]},""1232"":{""d_4e3db8955fdcda6f9944097bef3d2724"":[10996]}}",,[],
KALLANG/WHAMPOA,104,TOWNER RD,26,Unmatched,Ambiguous,Missing,Missing,ConflictOrPreviouslyMatchedOutcomeChange,[248],"{""322104"":{""d_8575e84912df3c28995b8e6e0e05205a"":[148480],""d_c0650f23e94c42e7a20921f4c5b75c24"":[11011,34425,71551,117853],""d_acbc938ec77af18f94cecc4a7c9ec720"":[32444,52464,72622],""d_124a9bd407c7a25f8335b93b86e50fdd"":[58941,71727],""d_4526d47d6714d3b052eed4a30b8b1ed6"":[15263],""d_b58303c68e9cf0d2ae93b73ffdbfbfa1"":[49836],""d_85518d970b8178975850457f60f1e738"":[48212],""d_478f45a9c541cbe679ca55d1cd2b970b"":[7354],""d_5573b0db0575db32190a2ad27919a7aa"":[12581,16304,36238],""d_a2141adf93ec2a3c2ec2837b78d6d46e"":[19246,76247],""d_9af9317c646a1c881bb5591c91817cc6"":[24874,28716,92312],""d_300ddc8da4e8f7bdc1bfc62d0d99e2e7"":[16945],""d_181005ca270b45408b4cdfc954980ca2"":[55851,82247],""d_2b8c54b2a490d2fa36b925289e5d9572"":[54538],""d_df7d2d661c0c11a7c367c9ee4bf896c1"":[34774,66094,116404,131447,151975,206262],""d_72f37e5c5d192951ddc5513c2b134482"":[127779],""d_0cc5f52a1f298b916f317800251057f3"":[10790],""d_e97e8e7fc55b85a38babf66b0fa46b73"":[22201]},""327827"":{""d_3a3807c023c61ddfba947dc069eb53f2"":[15051],""d_b58303c68e9cf0d2ae93b73ffdbfbfa1"":[22793],""d_df7d2d661c0c11a7c367c9ee4bf896c1"":[186425]}}",,[],
KALLANG/WHAMPOA,106,TOWNER RD,17,Unmatched,Ambiguous,Missing,Missing,ConflictOrPreviouslyMatchedOutcomeChange,[335],"{""322106"":{""d_8575e84912df3c28995b8e6e0e05205a"":[144483,148450],""d_3a3807c023c61ddfba947dc069eb53f2"":[75755,75802,79176,84502],""d_c0650f23e94c42e7a20921f4c5b75c24"":[46215],""d_b58303c68e9cf0d2ae93b73ffdbfbfa1"":[73627],""d_fa2ed456cf2b8597bb7e064b08fc3c7c"":[60119,71717],""d_85518d970b8178975850457f60f1e738"":[34945],""d_478f45a9c541cbe679ca55d1cd2b970b"":[56535,61630],""d_a2141adf93ec2a3c2ec2837b78d6d46e"":[22607,70695,84917],""d_9af9317c646a1c881bb5591c91817cc6"":[101666,122932,123615],""d_67e99e6eabc4aad9b5d48663b579746a"":[33034,57813],""d_5c4ef48b025fdfbc80056401f06e3df9"":[9870,36367],""d_df7d2d661c0c11a7c367c9ee4bf896c1"":[168327,188734,193617,209687,211736,220571,221410],""d_72f37e5c5d192951ddc5513c2b134482"":[50026],""d_af2042c77ffaf0db5d75561ce9ef5688"":[12307,46068]},""327828"":{""d_df7d2d661c0c11a7c367c9ee4bf896c1"":[100130]}}","{""CacheKey"":""kallang-whampoa-106-towner-rd"",""SearchValue"":""106 TOWNER RD SINGAPORE"",""Status"":""HistoricalFirstHit"",""Postal"":""322106"",""UpdatedAt"":""2026-05-24T10:57:12.989Z""}",[],
KALLANG/WHAMPOA,15,BEACH RD,9,Unmatched,Ambiguous,Missing,Missing,ConflictOrPreviouslyMatchedOutcomeChange,[1754],"{""189677"":{""d_8575e84912df3c28995b8e6e0e05205a"":[2110,2951,3308,3344,3487,3883,4196,4787,5240,5511,6144,6166,8184,8322,8518,9705,9891,10075,10142,10768,10780,11327,11389,12080,12184,12408,13048,13307,14082,14469,14787,15033,15178,15253,17166,18336,20068,20475,23504,26050,27568,28647,28906,33306,33417,33423,45010,47650,53324,53751,60349,60378,60540,60720,60744,61480,62586,63048,63399,65709,70826,70986,71051,71852,72611,73397,73649,73722,73868,75318,78486,79973,80067,80086,80326,80367,81588,82017,82586,83041,83857,84938,85123,85621,85737,86290,87917,89551,92708,101198,110517,110518,113512,118074,120873,120876,121007,133264,135433,137945,174409],""d_3a3807c023c61ddfba947dc069eb53f2"":[2490,3244,4534,5077,6064,6451,6540,6746,7717,9716,9729,12690,12943,13003,13989,16913,28213,29039,29756,30749,31045,33056,33475,33754,35026,35426,36794,36849,36990,37312,37429,38316,38572,39434,39520,39911,40604,41748,42498,44278,44790,44969,46166,51232,66023,92557],""d_c0650f23e94c42e7a20921f4c5b75c24"":[4510,5743,6253,6611,6761,7225,9264,9503,9961,10486,10759,11097,12989,12993,13136,13190,14384,14399,14644,15232,16101,17618,20566,20793,21769,23828,24247,25159,25677,25956,26797,27221,30957,32940,42267,42302,43159,43943,48725,48734,52724,55275,56375,57618,57652,58264,58550,59197,61070,61604,61884,63120,63125,63227,63468,80720,86903,91201,94448,100598,120591,137149,137383,137534,138859],""d_acbc938ec77af18f94cecc4a7c9ec720"":[925,1604,2718,3544,5086,7708,7736,8595,9324,11979,21029,22446,22953,25187,25199,27813,28972,30233,31296,31383,32153,32235,32236,32313,32580,33234,34914,36862,37102,45837,50487],""d_124a9bd407c7a25f8335b93b86e50fdd"":[3047,3050,3281,3688,4472,4590,4653,5277,7371,7396,7430,7527,7915,8159,8264,8705,10476,10581,12296,12427,14982,17199,21505,23237,28453,29969,30777,30891,31065,31474,31912,32702,32867,35177,35575,39020,39796,40631,40803,40934,42203,43075,51632,51651,57668,60504,78257],""d_4526d47d6714d3b052eed4a30b8b1ed6"":[1034,2507,3049,3123,3186,3448,3922,4917,5468,5797,6229,6312,6387,8722,10103,11576,12817,21877,22648,23414,24034,24642,25043,26031,27163,27627,29303,29539,30604,30737,31611,31905,33802,44803,45447,48413,50271,63863],""d_b58303c68e9cf0d2ae93b73ffdbfbfa1"":[1861,2672,3220,3258,3637,4039,4190,4545,7332,7481,7664,7878,8360,9100,10765,15172,27103,28007,28373,29583,29901,30348,30663,31123,32498,32621,35848,37319,37646,39328,40699,40756,41207,41623,41665,41712,42153,42669,43100,45932,61348,80766],""d_fa2ed456cf2b8597bb7e064b08fc3c7c"":[3364,4961,5616,5961,7329,8981,9120,9267,9705,9781,12241,12242,16066,26010,28854,29149,29481,29644,30153,30642,31036,33425,33529,34659,34974,35355,35371,35594,35819,37105,37195,37731,37754,37984,38030,38070,38484,38872,40703,43134,63861,64491],""d_85518d970b8178975850457f60f1e738"":[530,1290,2023,2709,2780,2976,3053,3495,3729,3841,4278,5016,6763,6790,7792,8149,8213,11811,12819,13508,14285,20394,21814,22786,23343,24261,24538,24739,24888,25385,25413,25505,25556,26219,26970,27000,27374,27422,30442,30678,30942,31097,32175,34915,35114,60438,60643],""d_478f45a9c541cbe679ca55d1cd2b970b"":[1071,1766,3063,3889,4585,4944,11050,15533,16935,18951,20133,21433,21564,21674,21836,21876,23550,23697,23849,24444,27617,49923],""d_5573b0db0575db32190a2ad27919a7aa"":[5963,7382,7431,7703,7827,11357,12479,14492,14748,21055,22097,25898,26755,29424,31279,31616,32145,32442,32602,33165,42381,47012,53511,54118,76804],""d_a2141adf93ec2a3c2ec2837b78d6d46e"":[2220,3159,3849,3975,4247,4792,5807,6142,6335,8043,8170,9245,9322,9345,11449,12048,13031,13188,13872,14040,15138,23452,24835,25554,26842,28022,28596,28643,28744,28998,29386,31217,32073,32608,33400,33816,35419,35504,35793,38159,38564,39080,39650,84194],""d_9af9317c646a1c881bb5591c91817cc6"":[5627,5649,5936,6267,6280,6411,6516,7441,7516,7712,9647,9877,10070,10654,11328,12524,14888,16206,21591,25425,33366,36814,37294,38196,38749,38904,39778,41347,43469,43730,43745,43805,44922,45846,45849,47377,47764,48079,49081,49325,49562,52423,52738,53320,53618,54573,54791,55127,56946,58755,60615,67803,73314],""d_67e99e6eabc4aad9b5d48663b579746a"":[3361,3417,4641,4896,5176,5268,5541,5657,5909,6160,8480,10740,21393,22857,23391,25863,26412,26573,27225,27226,27990,28432,28526,29916,37725,42904,43611,44678,59597,59653],""d_5c4ef48b025fdfbc80056401f06e3df9"":[962,1086,1296,2457,3840,3866,3999,4005,4149,4541,4707,5253,5293,5840,10673,12141,16020,17986,18004,18053,19875,19951,20010,20398,20631,21114,32689],""d_300ddc8da4e8f7bdc1bfc62d0d99e2e7"":[525,8684,9324],""d_181005ca270b45408b4cdfc954980ca2"":[2372,2887,3384,3627,3952,3957,5105,5149,5709,6709,6741,6823,7602,7603,8029,8225,8365,9295,10136,12484,12599,15172,17865,20131,30921,31580,32140,34306,35397,36543,36570,36813,37959,38325,39124,39537,42848,44247,44276,44432,44945,45535,46106,64622,73451,74022,79723],""d_4130f1d9d365d9f1633536e959f62bb7"":[4570],""d_2b8c54b2a490d2fa36b925289e5d9572"":[586,2232,2623,2928,3317,3886,4314,5316,5578,5606,5758,5797,6117,6308,7918,7981,9598,11870,12469,12693,13605,14977,15173,22494,24088,25108,25266,25849,27887,28178,28735,29013,30471,32357,34209,34918,47110,64191],""d_df7d2d661c0c11a7c367c9ee4bf896c1"":[4613,6510,8176,8333,8440,8815,10601,12723,13099,13792,13913,14140,14141,15794,16169,16296,17166,18337,18970,19314,19723,20139,20158,20170,23165,23652,24944,28229,28922,30216,30550,30674,31219,31438,33014,34975,36740,36741,37679,38267,42041,43818,46677,48375,50449,52428,58761,65431,68735,74797,79061,79105,80289,80400,81648,81661,82041,82283,83724,84178,84453,85448,85457,87420,88601,88731,89069,90071,90081,90226,90379,91452,91466,92858,92861,93371,93378,93491,94565,94596,94908,95098,96411,96949,97061,97237,97515,97605,97845,97886,98049,98150,98397,99510,100542,100647,101304,101715,102354,102496,105517,106093,106405,107256,107539,107800,109581,111129,112109,112498,113070,114147,114520,118446,140524,142184,145006,164434,171273,213803,220375,229180,229304,232424],""d_72f37e5c5d192951ddc5513c2b134482"":[6307,7900,9557,10046,10467,10939,12076,12516,12674,12689,14162,15548,16410,17194,20281,21062,21205,21247,22748,23251,24213,26660,27403,28624,38613,39864,41167,42967,43344,45577,46276,46324,47393,47412,47444,49046,53022,53180,53718,54773,55561,56636,56930,58819,60311,60680,61393,61687,62624,63561,66979,70217,93930,95038,99155,108123,132156,140636],""d_0cc5f52a1f298b916f317800251057f3"":[344,1379,1446,1447,1684,2669,2926,3648,4981,5503,5528,9067,9209,9451,9726,10252,11084,11193,11412,11501],""d_e97e8e7fc55b85a38babf66b0fa46b73"":[285,502,752,1376,1493,1646,1734,2359,3511,4841,9380,9804,12578,15844,16728,17327,17382,17517,17689,18249,18674,18972,19483,19484,19485,19499,19500,31133,37668],""d_af2042c77ffaf0db5d75561ce9ef5688"":[1728,2735,3130,3260,5291,5428,5914,6349,7995,8129,16022,17805,18239,19059,19442,19591,20136,22414,22839,22957,23099,23226,24240,26228,27427],""d_1cd970d8351b42be4a308d628a6dd9d3"":[314,3967,4809,5256,5275,5804,5984,6157,6569,6794,8687],""d_31af23fdb79119ed185c256f03cb5773"":[1382,2183,2367,2901,3095,10646,10689,10703,11590,14632,26312],""d_4e3db8955fdcda6f9944097bef3d2724"":[4819,5107,5108,5175,5411,7070,7245,7385,7412,7645]},""0718"":{""d_8575e84912df3c28995b8e6e0e05205a"":[3432,5512,5896,101885,107748,112802,170773],""d_3a3807c023c61ddfba947dc069eb53f2"":[53568,54340,57891],""d_c0650f23e94c42e7a20921f4c5b75c24"":[5163,88015],""d_acbc938ec77af18f94cecc4a7c9ec720"":[386],""d_124a9bd407c7a25f8335b93b86e50fdd"":[3552,52790],""d_b58303c68e9cf0d2ae93b73ffdbfbfa1"":[1502,2657],""d_fa2ed456cf2b8597bb7e064b08fc3c7c"":[58841],""d_85518d970b8178975850457f60f1e738"":[2297],""d_5573b0db0575db32190a2ad27919a7aa"":[4467,44883],""d_a2141adf93ec2a3c2ec2837b78d6d46e"":[51519],""d_181005ca270b45408b4cdfc954980ca2"":[4655,4880],""d_2b8c54b2a490d2fa36b925289e5d9572"":[1682,2056,2352,36093],""d_df7d2d661c0c11a7c367c9ee4bf896c1"":[11516,146000,146743],""d_72f37e5c5d192951ddc5513c2b134482"":[4116,4918,76559],""d_af2042c77ffaf0db5d75561ce9ef5688"":[2136,28798],""d_31af23fdb79119ed185c256f03cb5773"":[1228]},""0719"":{""d_8575e84912df3c28995b8e6e0e05205a"":[5047,95316],""d_3a3807c023c61ddfba947dc069eb53f2"":[48515,48516],""d_c0650f23e94c42e7a20921f4c5b75c24"":[87607],""d_b58303c68e9cf0d2ae93b73ffdbfbfa1"":[47067],""d_9af9317c646a1c881bb5591c91817cc6"":[61246],""d_df7d2d661c0c11a7c367c9ee4bf896c1"":[4130],""d_72f37e5c5d192951ddc5513c2b134482"":[70602]},""190015"":{""d_8575e84912df3c28995b8e6e0e05205a"":[6134,99874,109009,150820],""d_3a3807c023c61ddfba947dc069eb53f2"":[4129,52536,58137],""d_c0650f23e94c42e7a20921f4c5b75c24"":[689,11289,18087],""d_acbc938ec77af18f94cecc4a7c9ec720"":[12793,41732,56547],""d_124a9bd407c7a25f8335b93b86e50fdd"":[2376,3519,35746,51928,71263],""d_b58303c68e9cf0d2ae93b73ffdbfbfa1"":[51196],""d_fa2ed456cf2b8597bb7e064b08fc3c7c"":[6207,75487,77934,82366],""d_85518d970b8178975850457f60f1e738"":[2302,2406,2428,16312,47868],""d_478f45a9c541cbe679ca55d1cd2b970b"":[33777,49239],""d_5573b0db0575db32190a2ad27919a7aa"":[46679,49314,68573,74758],""d_a2141adf93ec2a3c2ec2837b78d6d46e"":[67,49573,51597,70525,72835,79244],""d_9af9317c646a1c881bb5591c91817cc6"":[191,67097,72107,73725,117703],""d_5c4ef48b025fdfbc80056401f06e3df9"":[37524,41159],""d_300ddc8da4e8f7bdc1bfc62d0d99e2e7"":[17204],""d_181005ca270b45408b4cdfc954980ca2"":[6845,41456,55781],""d_2b8c54b2a490d2fa36b925289e5d9572"":[55114],""d_df7d2d661c0c11a7c367c9ee4bf896c1"":[12708,12716,13301,16484,33459,148827,150599,186364],""d_72f37e5c5d192951ddc5513c2b134482"":[80593,84058],""d_e97e8e7fc55b85a38babf66b0fa46b73"":[4618,31822,32600],""d_af2042c77ffaf0db5d75561ce9ef5688"":[32993],""d_31af23fdb79119ed185c256f03cb5773"":[34494],""d_4e3db8955fdcda6f9944097bef3d2724"":[2120,13674]},""089677"":{""d_67e99e6eabc4aad9b5d48663b579746a"":[4260]},""534416"":{""d_df7d2d661c0c11a7c367c9ee4bf896c1"":[138909]}}",,[],
KALLANG/WHAMPOA,2,BEACH RD,25,Unmatched,Ambiguous,Missing,Missing,ConflictOrPreviouslyMatchedOutcomeChange,[2725],"{""190002"":{""d_8575e84912df3c28995b8e6e0e05205a"":[50010,95266,95567,102808,109117,140947,143634,150232,158175],""d_3a3807c023c61ddfba947dc069eb53f2"":[360,3235,3617,5591,47576,47783,48793,57729,78860],""d_c0650f23e94c42e7a20921f4c5b75c24"":[237,288,351,15965,33846,39955,53977,61412,68036,74238,74340,76623,76781,101204,108357,115373,134275,136864],""d_acbc938ec77af18f94cecc4a7c9ec720"":[14987,28094,48243,66239,67249],""d_124a9bd407c7a25f8335b93b86e50fdd"":[42907,76191,81731],""d_4526d47d6714d3b052eed4a30b8b1ed6"":[22511,27857,43513,50662,53422,53776],""d_b58303c68e9cf0d2ae93b73ffdbfbfa1"":[15484,51670,82905],""d_fa2ed456cf2b8597bb7e064b08fc3c7c"":[1041,1752,18157,45097,50985,58418,66764,69507,76871,91027],""d_85518d970b8178975850457f60f1e738"":[745,34491,48741],""d_478f45a9c541cbe679ca55d1cd2b970b"":[107,6285,12290,21814,31977,38976,39046,41552,41751,44708,58834,64538],""d_5573b0db0575db32190a2ad27919a7aa"":[3201,5435,6386,12768,27730,32727,34420,34883,43550,47069,55440,59627],""d_a2141adf93ec2a3c2ec2837b78d6d46e"":[18,871,3136,15266,40297,41562,45436,70843,77989,85047,85075,85502,86866,88222],""d_9af9317c646a1c881bb5591c91817cc6"":[111,41920,60467,69523,94943,104235],""d_67e99e6eabc4aad9b5d48663b579746a"":[31367,33262],""d_5c4ef48b025fdfbc80056401f06e3df9"":[23089,28968,40410],""d_300ddc8da4e8f7bdc1bfc62d0d99e2e7"":[3753,3759,6035,16062],""d_181005ca270b45408b4cdfc954980ca2"":[18835,24008,35325,39192,39666,52476,54420,87281],""d_2b8c54b2a490d2fa36b925289e5d9572"":[17947,34366,35438,55545,56513,63343,64699],""d_df7d2d661c0c11a7c367c9ee4bf896c1"":[1984,3445,87197,104033,116647,119396,136270,136414,152674,159826,165406,165471,182607,188553,199350,200176,201589,202371,211842,214560,219684],""d_72f37e5c5d192951ddc5513c2b134482"":[31542,70569,74270,74289,85478,96374,97153,112788,114178,134307],""d_0cc5f52a1f298b916f317800251057f3"":[838,16949],""d_e97e8e7fc55b85a38babf66b0fa46b73"":[56,9797,19438],""d_af2042c77ffaf0db5d75561ce9ef5688"":[14971,15122,16346,27733,49132,51547,53870,57733],""d_31af23fdb79119ed185c256f03cb5773"":[4003,28562,29940,32230,32576],""d_4e3db8955fdcda6f9944097bef3d2724"":[4342,17952]},""190003"":{""d_8575e84912df3c28995b8e6e0e05205a"":[117707]}}",,[],
KALLANG/WHAMPOA,2,ST. GEORGE'S RD,35,Unmatched,Ambiguous,Missing,Missing,ConflictOrPreviouslyMatchedOutcomeChange,[2750],"{""322002"":{""d_8575e84912df3c28995b8e6e0e05205a"":[82436,161088,167056,169995],""d_3a3807c023c61ddfba947dc069eb53f2"":[82608],""d_c0650f23e94c42e7a20921f4c5b75c24"":[63935],""d_acbc938ec77af18f94cecc4a7c9ec720"":[56324,57873,65204],""d_124a9bd407c7a25f8335b93b86e50fdd"":[24486],""d_4526d47d6714d3b052eed4a30b8b1ed6"":[13994,51835],""d_b58303c68e9cf0d2ae93b73ffdbfbfa1"":[75802,84263],""d_fa2ed456cf2b8597bb7e064b08fc3c7c"":[33446,71534,78044,80387,83711,84665,85828],""d_85518d970b8178975850457f60f1e738"":[45697,58698],""d_478f45a9c541cbe679ca55d1cd2b970b"":[10597,48276],""d_5573b0db0575db32190a2ad27919a7aa"":[40188],""d_a2141adf93ec2a3c2ec2837b78d6d46e"":[33198,33373,69569],""d_9af9317c646a1c881bb5591c91817cc6"":[56587,116192],""d_67e99e6eabc4aad9b5d48663b579746a"":[31250,59367],""d_5c4ef48b025fdfbc80056401f06e3df9"":[20583],""d_300ddc8da4e8f7bdc1bfc62d0d99e2e7"":[20660],""d_181005ca270b45408b4cdfc954980ca2"":[37917,44843,45334,46993,47144,92207],""d_df7d2d661c0c11a7c367c9ee4bf896c1"":[38804,94956,105762,181756,209057,210494,216901],""d_72f37e5c5d192951ddc5513c2b134482"":[30513,117511,117590,125786,126305,127498,142026]},""1232"":{""d_fa2ed456cf2b8597bb7e064b08fc3c7c"":[51706,51707],""d_5c4ef48b025fdfbc80056401f06e3df9"":[25364],""d_181005ca270b45408b4cdfc954980ca2"":[58528],""d_af2042c77ffaf0db5d75561ce9ef5688"":[27720]},""328023"":{""d_85518d970b8178975850457f60f1e738"":[2326],""d_9af9317c646a1c881bb5591c91817cc6"":[5695]}}",,[],
KALLANG/WHAMPOA,3,BEACH RD,29,Unmatched,Ambiguous,Missing,Missing,ConflictOrPreviouslyMatchedOutcomeChange,[4896],"{""190003"":{""d_8575e84912df3c28995b8e6e0e05205a"":[13712,16584,21148,48071,84497,119130,138937,140339,142957,143007,143618,144973,147482,158220,163744,165527],""d_3a3807c023c61ddfba947dc069eb53f2"":[7702,62044,64285,68079,70834,75695,76658,76882,76925,79595],""d_c0650f23e94c42e7a20921f4c5b75c24"":[558,7063,20563,20887,29951,34017,44027,73933,112352,116287,123314,124819,125839,131179],""d_acbc938ec77af18f94cecc4a7c9ec720"":[14438,16089,34832,60932,65736,69915],""d_124a9bd407c7a25f8335b93b86e50fdd"":[26341,63615,70682,70862,72450,73873,79075],""d_4526d47d6714d3b052eed4a30b8b1ed6"":[28149,51915,53097,53860,54251,54910,59586,65373,66067],""d_b58303c68e9cf0d2ae93b73ffdbfbfa1"":[6014,14139,15612,24747,25359,41365,50444,56811,60727,61740,63995,64026,64781,66794,68322,69431,69685,70246,71614,71987,71999,73026,74026,75481,76495,82456],""d_fa2ed456cf2b8597bb7e064b08fc3c7c"":[2458,38851,44611,69075,74395,76230,78490,86634,88200],""d_85518d970b8178975850457f60f1e738"":[4985,13607,18886,40073,50252,50282],""d_478f45a9c541cbe679ca55d1cd2b970b"":[15477,28000,32164,40278],""d_5573b0db0575db32190a2ad27919a7aa"":[97,4848,22949,27979,54262,56296,57709,63322,64650],""d_a2141adf93ec2a3c2ec2837b78d6d46e"":[13813,31948,39927,59310,70598],""d_9af9317c646a1c881bb5591c91817cc6"":[23031,23032,23033,23034,23036,86523,91366,95570,100377,100554,105609,106187,114795],""d_67e99e6eabc4aad9b5d48663b579746a"":[11657,22484,34896,38176,38584,40694,60362,60369],""d_5c4ef48b025fdfbc80056401f06e3df9"":[174,11965,22144,27877,31938],""d_300ddc8da4e8f7bdc1bfc62d0d99e2e7"":[5089,12733,12849,17142],""d_181005ca270b45408b4cdfc954980ca2"":[15917,24238,30361,37232,58635,71434,71766,80094,88694,88769,89873,91240],""d_4130f1d9d365d9f1633536e959f62bb7"":[10006],""d_2b8c54b2a490d2fa36b925289e5d9572"":[12261,34075,45560,47334,49321,57135,64188],""d_df7d2d661c0c11a7c367c9ee4bf896c1"":[5997,44860,46457,54340,55890,56568,58415,61662,68851,77283,137655,159582,170527,170821,175181,175379,175586,180915,196748,199893,204705,209221,210826,225802,231903],""d_72f37e5c5d192951ddc5513c2b134482"":[4704,9015,29450,31082,38752,45089,57019,59485,100708,104541,106512,111004,111689],""d_e97e8e7fc55b85a38babf66b0fa46b73"":[2224,25082,31937,33816,35011],""d_af2042c77ffaf0db5d75561ce9ef5688"":[6519,9580,36002,38039,41441,41781,49444],""d_4e3db8955fdcda6f9944097bef3d2724"":[13122,14015,14592,17698,18118]},""0719"":{""d_3a3807c023c61ddfba947dc069eb53f2"":[56488],""d_c0650f23e94c42e7a20921f4c5b75c24"":[92275],""d_124a9bd407c7a25f8335b93b86e50fdd"":[46293],""d_fa2ed456cf2b8597bb7e064b08fc3c7c"":[50230,58179],""d_478f45a9c541cbe679ca55d1cd2b970b"":[29256,29538,31209,36008],""d_5573b0db0575db32190a2ad27919a7aa"":[1551,39657,42314,43884,51296],""d_a2141adf93ec2a3c2ec2837b78d6d46e"":[980],""d_9af9317c646a1c881bb5591c91817cc6"":[66586],""d_181005ca270b45408b4cdfc954980ca2"":[52292,52699],""d_4130f1d9d365d9f1633536e959f62bb7"":[7353],""d_2b8c54b2a490d2fa36b925289e5d9572"":[35701,39317],""d_df7d2d661c0c11a7c367c9ee4bf896c1"":[119751],""d_af2042c77ffaf0db5d75561ce9ef5688"":[30899,36643],""d_31af23fdb79119ed185c256f03cb5773"":[77,650]},""0512"":{""d_85518d970b8178975850457f60f1e738"":[42583]},""190002"":{""d_a2141adf93ec2a3c2ec2837b78d6d46e"":[50213]},""0718"":{""d_181005ca270b45408b4cdfc954980ca2"":[700],""d_df7d2d661c0c11a7c367c9ee4bf896c1"":[222,2424],""d_af2042c77ffaf0db5d75561ce9ef5688"":[82]},""189673"":{""d_2b8c54b2a490d2fa36b925289e5d9572"":[276]},""189643"":{""d_df7d2d661c0c11a7c367c9ee4bf896c1"":[2426]},""199003"":{""d_31af23fdb79119ed185c256f03cb5773"":[2035]},""189674"":{""d_31af23fdb79119ed185c256f03cb5773"":[27172]}}",,[],
KALLANG/WHAMPOA,3,ST. GEORGE'S RD,70,Unmatched,Ambiguous,Missing,Missing,ConflictOrPreviouslyMatchedOutcomeChange,[4918],"{""320003"":{""d_8575e84912df3c28995b8e6e0e05205a"":[898,36825,55297,57371,70382,77020,86074,87327,88584,93348,99648,102480,152572,154961,156127,161227,161738,162548],""d_3a3807c023c61ddfba947dc069eb53f2"":[3440,4181,42289,42895,50919,60061,63224,63229,69457,82748,91998],""d_c0650f23e94c42e7a20921f4c5b75c24"":[1601,1914,1976,33397,76121,83482,106904,116380,116563,116781,117426,126957],""d_acbc938ec77af18f94cecc4a7c9ec720"":[17721,22768,23716,28478,36405,47894,48939,58518,60676,69715,73026,73032],""d_124a9bd407c7a25f8335b93b86e50fdd"":[4611,14553,24482,41076,44440,62420,65338,66540,68709,74287,81399,85941],""d_4526d47d6714d3b052eed4a30b8b1ed6"":[38294,40508,44396,48307,48513,49489,56986,57487,59226,61026,66005],""d_b58303c68e9cf0d2ae93b73ffdbfbfa1"":[13252,37108,52337,61307,66943,67616,67895,69041,70906,74658,76786,76933,77088],""d_fa2ed456cf2b8597bb7e064b08fc3c7c"":[918,1878,13143,44749,45976,49414,58595,61425,62968,69739,73427,77071,81375,85829,87557,90418,90447,90732,91069,91527,91694,92336],""d_85518d970b8178975850457f60f1e738"":[10337,10501,11103,35642,52216,56533,57475],""d_478f45a9c541cbe679ca55d1cd2b970b"":[11280,12923,25525,46097,58684],""d_5573b0db0575db32190a2ad27919a7aa"":[235,12322,20274,49044,50360,60067,69699,69848,71595],""d_a2141adf93ec2a3c2ec2837b78d6d46e"":[145,2132,26132,27433,37965,41865,65837,66000,73962,78924,85361],""d_9af9317c646a1c881bb5591c91817cc6"":[229,1221,2009,71512,97293,97985,103598,105613,106859,107688,117605,117893],""d_67e99e6eabc4aad9b5d48663b579746a"":[48161],""d_5c4ef48b025fdfbc80056401f06e3df9"":[26052,32189,39589],""d_300ddc8da4e8f7bdc1bfc62d0d99e2e7"":[2704,9871,10039,11543,18011],""d_181005ca270b45408b4cdfc954980ca2"":[1827,13236,19879,44674,50843,52346,53312,53496,63421,68461,70771,74217,78612,86457,89872,90325,93564,99092],""d_2b8c54b2a490d2fa36b925289e5d9572"":[10205,12440,15826,16154,19585,32104,32516,32791,34788,43157,51493,55933,61192,62307,66542,66636,70315],""d_df7d2d661c0c11a7c367c9ee4bf896c1"":[2134,5668,68946,85343,89225,102655,106993,107163,111140,118591,137473,170952,186584,186691,191258,192428,194090,196383,198887,204087,206691,209030,218865,220172,227058],""d_72f37e5c5d192951ddc5513c2b134482"":[54084,74576,74978,98848,101711,107055,116180,116970,120009,125428,125770,127304],""d_0cc5f52a1f298b916f317800251057f3"":[612,10586,17366,18309,21289],""d_e97e8e7fc55b85a38babf66b0fa46b73"":[19149,27889,28532,32543],""d_af2042c77ffaf0db5d75561ce9ef5688"":[812,41493,45002,54697],""d_1cd970d8351b42be4a308d628a6dd9d3"":[9767,12542,12685],""d_31af23fdb79119ed185c256f03cb5773"":[20917,34081,36874],""d_4e3db8955fdcda6f9944097bef3d2724"":[11918,18121]},""320001"":{""d_8575e84912df3c28995b8e6e0e05205a"":[126777]}}",,[],
KALLANG/WHAMPOA,30,BENDEMEER RD,27,Unmatched,Ambiguous,Missing,Missing,ConflictOrPreviouslyMatchedOutcomeChange,[4937],"{""330030"":{""d_8575e84912df3c28995b8e6e0e05205a"":[73472,86109,118937,122477,122831,127472,133162,143610,159991,167263],""d_c0650f23e94c42e7a20921f4c5b75c24"":[89251,110035,119728,129217,135661],""d_acbc938ec77af18f94cecc4a7c9ec720"":[16931,32053,48931,65897],""d_124a9bd407c7a25f8335b93b86e50fdd"":[5253,26248,75344],""d_4526d47d6714d3b052eed4a30b8b1ed6"":[38117,56063],""d_b58303c68e9cf0d2ae93b73ffdbfbfa1"":[65622],""d_fa2ed456cf2b8597bb7e064b08fc3c7c"":[7863,44197,52964,64437,81918,88044],""d_85518d970b8178975850457f60f1e738"":[22598,35137],""d_478f45a9c541cbe679ca55d1cd2b970b"":[48222],""d_5573b0db0575db32190a2ad27919a7aa"":[59840,73729],""d_a2141adf93ec2a3c2ec2837b78d6d46e"":[65860,76097,76290],""d_9af9317c646a1c881bb5591c91817cc6"":[4862,5801,65238,70277,75538,96063,96533,101177,102800,105305,105389],""d_67e99e6eabc4aad9b5d48663b579746a"":[863,32776,42989,51761],""d_5c4ef48b025fdfbc80056401f06e3df9"":[32824],""d_181005ca270b45408b4cdfc954980ca2"":[53071],""d_2b8c54b2a490d2fa36b925289e5d9572"":[47070],""d_df7d2d661c0c11a7c367c9ee4bf896c1"":[8291,84305,119052,130639,131553,143342,149527,161835,166223,166780,182053],""d_72f37e5c5d192951ddc5513c2b134482"":[4768,71098,97936,114685,124665,135847],""d_e97e8e7fc55b85a38babf66b0fa46b73"":[26593],""d_af2042c77ffaf0db5d75561ce9ef5688"":[2284,2768,3483],""d_1cd970d8351b42be4a308d628a6dd9d3"":[12042],""d_31af23fdb79119ed185c256f03cb5773"":[118,21020]},""545730"":{""d_acbc938ec77af18f94cecc4a7c9ec720"":[48110]},""1233"":{""d_2b8c54b2a490d2fa36b925289e5d9572"":[37976]}}",,[],
KALLANG/WHAMPOA,34,WHAMPOA WEST,91,ExactAddress,Ambiguous,BlockApproximation,Missing,ConflictOrPreviouslyMatchedOutcomeChange,[5866],"{""330034"":{""d_8575e84912df3c28995b8e6e0e05205a"":[6529,28768,30396,31964,39307,68574,69591,73377,90112,90118,94192,94193,95087,103766,120419,156673,159430,159511,165295,168745,173430],""d_3a3807c023c61ddfba947dc069eb53f2"":[28221,43753,71288,75859,83885,84544,89984],""d_c0650f23e94c42e7a20921f4c5b75c24"":[2283,2383,4211,5155,7585,69541,73011,73462,74565,74817,75880,76414,84760,87513,91579,91596],""d_acbc938ec77af18f94cecc4a7c9ec720"":[3208,12212,13255,37066,41511,52271,52365,54091,58406,70184],""d_124a9bd407c7a25f8335b93b86e50fdd"":[489,2253,17325,23533,27581,52134,52281,53474,57871,65830,66600,73764,75571,80701],""d_4526d47d6714d3b052eed4a30b8b1ed6"":[6974,16493,35988,53659,54296,55701,60188,61595,61787,67163],""d_b58303c68e9cf0d2ae93b73ffdbfbfa1"":[646,1684,45022,52171,55822,56222,66788,67161,69035],""d_fa2ed456cf2b8597bb7e064b08fc3c7c"":[490,1350,18181,21308,33053,33637,40461,46769,52222,52409,54562,56431,59917,73550,75149,75509,84179,85789,86177],""d_85518d970b8178975850457f60f1e738"":[4459,6970,22688,55681,58544],""d_478f45a9c541cbe679ca55d1cd2b970b"":[16014,25553,42295,49684,52220,60831,60903,64106],""d_5573b0db0575db32190a2ad27919a7aa"":[4974,11227,16101,18464,19449,36103,59222,61800,62891,66712,66889,70421,70611,74918],""d_a2141adf93ec2a3c2ec2837b78d6d46e"":[5054,10361,22152,22587,22711,35624,35703,42010,44020,64462,70989,84857,86053,90697],""d_9af9317c646a1c881bb5591c91817cc6"":[4737,19727,19949,25034,29819,30321,58534,77185,80856,84990,109029,117299],""d_67e99e6eabc4aad9b5d48663b579746a"":[3220,3948,34114,36811,46790,53190,58139,59427],""d_5c4ef48b025fdfbc80056401f06e3df9"":[102,15915,20814,23155,24173,26714,35784,40887],""d_300ddc8da4e8f7bdc1bfc62d0d99e2e7"":[6580,22104],""d_181005ca270b45408b4cdfc954980ca2"":[30874,36520,52667,52958,53205,54033,77188,81693,82877,83350,86621,96124],""d_4130f1d9d365d9f1633536e959f62bb7"":[5786,10165,10414],""d_2b8c54b2a490d2fa36b925289e5d9572"":[298,909,6276,19546,33867,34957,36696,43685,68207],""d_df7d2d661c0c11a7c367c9ee4bf896c1"":[2736,2788,25020,36868,49691,70871,89238,117686,122212,123316,126817,132545,135903,188630,198488,218350,222522,223637,230977,231387,232644],""d_72f37e5c5d192951ddc5513c2b134482"":[38934,40895,50521,70501,89680,94622,97294,101845,105620,109568,109999,111194,114784,116812,117249,119575,120930,121629,122778,122927,125259],""d_0cc5f52a1f298b916f317800251057f3"":[460,1227,14925,19825],""d_e97e8e7fc55b85a38babf66b0fa46b73"":[82,19960,20881,20994,29530,29986,31947,36067],""d_af2042c77ffaf0db5d75561ce9ef5688"":[8190,12102,30693,30869,30902,49450],""d_1cd970d8351b42be4a308d628a6dd9d3"":[5789,6229,10030],""d_31af23fdb79119ed185c256f03cb5773"":[5699,17990,18896,26355,29448],""d_4e3db8955fdcda6f9944097bef3d2724"":[14828]},""1233"":{""d_df7d2d661c0c11a7c367c9ee4bf896c1"":[126378]}}",,[],
KALLANG/WHAMPOA,44,OWEN RD,16,Unmatched,Ambiguous,Missing,Missing,ConflictOrPreviouslyMatchedOutcomeChange,[7384],"{""210044"":{""d_8575e84912df3c28995b8e6e0e05205a"":[37195,57159,60067,120185,125433,141724,157640,166399],""d_3a3807c023c61ddfba947dc069eb53f2"":[43708,75275],""d_c0650f23e94c42e7a20921f4c5b75c24"":[4528,84010,102216,105155],""d_acbc938ec77af18f94cecc4a7c9ec720"":[7720,51955,54762,64608],""d_124a9bd407c7a25f8335b93b86e50fdd"":[73946],""d_4526d47d6714d3b052eed4a30b8b1ed6"":[2398,38512,61773,62889,66455],""d_b58303c68e9cf0d2ae93b73ffdbfbfa1"":[56536,62685,65587,83737],""d_fa2ed456cf2b8597bb7e064b08fc3c7c"":[10409,15858,65903,74657,76082,77092,83020,84405,86947,92214],""d_85518d970b8178975850457f60f1e738"":[12847],""d_478f45a9c541cbe679ca55d1cd2b970b"":[25127,38620,44532,56793],""d_5573b0db0575db32190a2ad27919a7aa"":[8996,17737,31258,48692,63296,68135,74037],""d_a2141adf93ec2a3c2ec2837b78d6d46e"":[66651,74979,75427,75990,76451,81634],""d_9af9317c646a1c881bb5591c91817cc6"":[31893,91537,94084,96970,110904,114961,118346],""d_67e99e6eabc4aad9b5d48663b579746a"":[17285,29149,29740,47037,48628,50177],""d_5c4ef48b025fdfbc80056401f06e3df9"":[27395,28565,28676],""d_300ddc8da4e8f7bdc1bfc62d0d99e2e7"":[12426,14545],""d_181005ca270b45408b4cdfc954980ca2"":[85,17931,26223,44566,71201,91594],""d_4130f1d9d365d9f1633536e959f62bb7"":[11948],""d_2b8c54b2a490d2fa36b925289e5d9572"":[46863,62116,68832,69755],""d_df7d2d661c0c11a7c367c9ee4bf896c1"":[547,29653,81412,127261,170773,177822,181747,182115,195820,199500,209661,211793],""d_72f37e5c5d192951ddc5513c2b134482"":[95484,101990,120317],""d_31af23fdb79119ed185c256f03cb5773"":[129,18976,28587,35209,36428,36749]},""0821"":{""d_8575e84912df3c28995b8e6e0e05205a"":[104934],""d_c0650f23e94c42e7a20921f4c5b75c24"":[2376],""d_5573b0db0575db32190a2ad27919a7aa"":[47416],""d_9af9317c646a1c881bb5591c91817cc6"":[1184],""d_df7d2d661c0c11a7c367c9ee4bf896c1"":[710,2720],""d_72f37e5c5d192951ddc5513c2b134482"":[71230,72059],""d_af2042c77ffaf0db5d75561ce9ef5688"":[31415,37708],""d_31af23fdb79119ed185c256f03cb5773"":[28,121,17697,18528]},""218865"":{""d_8575e84912df3c28995b8e6e0e05205a"":[104951],""d_c0650f23e94c42e7a20921f4c5b75c24"":[673],""d_478f45a9c541cbe679ca55d1cd2b970b"":[96],""d_a2141adf93ec2a3c2ec2837b78d6d46e"":[256]},""0820"":{""d_b58303c68e9cf0d2ae93b73ffdbfbfa1"":[51978],""d_df7d2d661c0c11a7c367c9ee4bf896c1"":[138142]},""218866"":{""d_31af23fdb79119ed185c256f03cb5773"":[325]}}",,[],
KALLANG/WHAMPOA,46,BENDEMEER RD,18,Unmatched,Ambiguous,Missing,Missing,ConflictOrPreviouslyMatchedOutcomeChange,[7768],"{""330046"":{""d_8575e84912df3c28995b8e6e0e05205a"":[59014,139958,151597,151598],""d_3a3807c023c61ddfba947dc069eb53f2"":[19809,87124],""d_c0650f23e94c42e7a20921f4c5b75c24"":[106467,111768,115281,120754],""d_acbc938ec77af18f94cecc4a7c9ec720"":[42172],""d_124a9bd407c7a25f8335b93b86e50fdd"":[2276,80630],""d_b58303c68e9cf0d2ae93b73ffdbfbfa1"":[78861],""d_5573b0db0575db32190a2ad27919a7aa"":[23165,25133,33079],""d_9af9317c646a1c881bb5591c91817cc6"":[35879,57438],""d_181005ca270b45408b4cdfc954980ca2"":[33741,40556,84073],""d_2b8c54b2a490d2fa36b925289e5d9572"":[15157,18535,51541,52911,60396],""d_df7d2d661c0c11a7c367c9ee4bf896c1"":[197336,215239],""d_72f37e5c5d192951ddc5513c2b134482"":[104099],""d_0cc5f52a1f298b916f317800251057f3"":[7595],""d_e97e8e7fc55b85a38babf66b0fa46b73"":[17129],""d_af2042c77ffaf0db5d75561ce9ef5688"":[14930]},""1233"":{""d_8575e84912df3c28995b8e6e0e05205a"":[103307]},""339931"":{""d_fa2ed456cf2b8597bb7e064b08fc3c7c"":[10674],""d_72f37e5c5d192951ddc5513c2b134482"":[77004]}}",,[],
KALLANG/WHAMPOA,46,OWEN RD,6,Unmatched,Ambiguous,Missing,Missing,ConflictOrPreviouslyMatchedOutcomeChange,[7776],"{""210046"":{""d_8575e84912df3c28995b8e6e0e05205a"":[16628,36294,50079,130743,131017,131281,166882],""d_3a3807c023c61ddfba947dc069eb53f2"":[114,5771,77336],""d_c0650f23e94c42e7a20921f4c5b75c24"":[24993,32906,42373,69434],""d_124a9bd407c7a25f8335b93b86e50fdd"":[4918,20805,53686,69319,70664,70698,72610],""d_4526d47d6714d3b052eed4a30b8b1ed6"":[24049,50011,56538,56738],""d_b58303c68e9cf0d2ae93b73ffdbfbfa1"":[68109,80003],""d_fa2ed456cf2b8597bb7e064b08fc3c7c"":[12784,14537,18505,18611,25534],""d_478f45a9c541cbe679ca55d1cd2b970b"":[55666],""d_5573b0db0575db32190a2ad27919a7aa"":[52124,64159,65210],""d_a2141adf93ec2a3c2ec2837b78d6d46e"":[55056,55982,65594,78118],""d_9af9317c646a1c881bb5591c91817cc6"":[85898,99063],""d_67e99e6eabc4aad9b5d48663b579746a"":[45829],""d_5c4ef48b025fdfbc80056401f06e3df9"":[9858],""d_300ddc8da4e8f7bdc1bfc62d0d99e2e7"":[12747,19258],""d_181005ca270b45408b4cdfc954980ca2"":[23185,41911,47092,47727,47728],""d_4130f1d9d365d9f1633536e959f62bb7"":[4852],""d_2b8c54b2a490d2fa36b925289e5d9572"":[40675,60742],""d_df7d2d661c0c11a7c367c9ee4bf896c1"":[3688,18151,27483,43166,44651,45419,99900,149815,150949,154171,161390,191181,207961,210063],""d_72f37e5c5d192951ddc5513c2b134482"":[41158,50919,53849,60327,89155,99131,122889],""d_0cc5f52a1f298b916f317800251057f3"":[3401],""d_e97e8e7fc55b85a38babf66b0fa46b73"":[3913],""d_af2042c77ffaf0db5d75561ce9ef5688"":[46274],""d_1cd970d8351b42be4a308d628a6dd9d3"":[2563,2578,5307,5900],""d_31af23fdb79119ed185c256f03cb5773"":[14624,31445],""d_4e3db8955fdcda6f9944097bef3d2724"":[11339,15174,16093]},""0821"":{""d_3a3807c023c61ddfba947dc069eb53f2"":[58860],""d_124a9bd407c7a25f8335b93b86e50fdd"":[11],""d_fa2ed456cf2b8597bb7e064b08fc3c7c"":[452],""d_5573b0db0575db32190a2ad27919a7aa"":[50137],""d_a2141adf93ec2a3c2ec2837b78d6d46e"":[47196],""d_9af9317c646a1c881bb5591c91817cc6"":[965],""d_67e99e6eabc4aad9b5d48663b579746a"":[174,38735],""d_5c4ef48b025fdfbc80056401f06e3df9"":[27146],""d_df7d2d661c0c11a7c367c9ee4bf896c1"":[1326,4895,35834,119084,127817],""d_31af23fdb79119ed185c256f03cb5773"":[18796,19222]},""218866"":{""d_acbc938ec77af18f94cecc4a7c9ec720"":[50127],""d_5573b0db0575db32190a2ad27919a7aa"":[10776,10965],""d_df7d2d661c0c11a7c367c9ee4bf896c1"":[1222],""d_72f37e5c5d192951ddc5513c2b134482"":[643],""d_31af23fdb79119ed185c256f03cb5773"":[19952]},""210026"":{""d_9af9317c646a1c881bb5591c91817cc6"":[79636]}}",,[],
KALLANG/WHAMPOA,462,CRAWFORD LANE,25,ExactAddress,Ambiguous,BlockApproximation,Missing,ConflictOrPreviouslyMatchedOutcomeChange,[7825],"{""190462"":{""d_8575e84912df3c28995b8e6e0e05205a"":[601,6320,6724,11790,12415,12807,12813,21325,35626,37088,37662,38784,43746,44979,45649,46042,50012,56303,57609,63404,63819,66375,67519,68156,68180,75703,75709,76840,83946,84607,88365,89672,96251,121455,125541,129787,134045,135227,136517,143164,146368,146535,149126,159643,167699,174591],""d_3a3807c023c61ddfba947dc069eb53f2"":[4835,8368,14761,16279,16959,17000,18856,19197,19872,21956,23535,23621,25007,27230,31490,34363,35560,38613,41590,73515,74267],""d_c0650f23e94c42e7a20921f4c5b75c24"":[5337,6415,10939,11593,14302,23213,23283,28413,31105,32438,32445,33905,41581,42196,45648,47233,48332,58749,62690,66070,68950,69993,70012,74936,76102,79348,80079,84088,100095,102368,110397,111136,114219,117405,119035,125228,128236,137022],""d_acbc938ec77af18f94cecc4a7c9ec720"":[6114,8001,14079,18794,22914,30536,30983,38184,42102,42642,44974,56160,57883,60138,63383,64152,65289,65704,66085,67204,67215,70165],""d_124a9bd407c7a25f8335b93b86e50fdd"":[9774,11072,17287,21383,32107,32532,39062,42362,44821,48489,63876,66087,75462,85370],""d_4526d47d6714d3b052eed4a30b8b1ed6"":[8482,12626,12967,14672,17389,32181,40483,42199,46552,50452,51726,53931,56764,68769],""d_b58303c68e9cf0d2ae93b73ffdbfbfa1"":[6691,15235,19275,22173,23019,26299,26771,41246,44786,46981,47379,62993,63107,65250,71030,73534,81267],""d_fa2ed456cf2b8597bb7e064b08fc3c7c"":[2242,2778,4599,6636,10952,12877,15831,20128,21027,23314,24569,25252,27839,30620,41025,44174,49779,54137,69595,72030,75429,75686,76479,78785,79357,79555,82799,83197,85711,92216,93869,94325],""d_85518d970b8178975850457f60f1e738"":[3898,4227,7689,8148,9277,11369,12579,16087,17024,17485,18431,18525,25361,26961,29093,43431,49902,54712,55135,55932,58626],""d_478f45a9c541cbe679ca55d1cd2b970b"":[22,391,2708,3718,7313,8182,22362,40154,43841,47944,55942,56704,56772,58581],""d_5573b0db0575db32190a2ad27919a7aa"":[3384,10870,18118,19207,22628,25254,29567,32469,38730,39650,45626,49410,52986,71875],""d_a2141adf93ec2a3c2ec2837b78d6d46e"":[1762,3027,3926,4319,16626,16627,18340,21015,21821,25026,25409,27319,33875,36360,39343,45950,58390,67297,77010,82155,89836],""d_9af9317c646a1c881bb5591c91817cc6"":[2328,4741,11558,13118,14792,24955,24982,25490,27304,29869,30574,31719,36583,37106,39853,44483,46212,50548,53575,54046,54634,58499,62578,64180,64695,78493,79637,81229,86617,90692,90848,91271,94774,99432,108380,108559,110771,112457,112954,113066,115307,118154],""d_67e99e6eabc4aad9b5d48663b579746a"":[7463,7820,11105,12305,14010,14369,14488,16838,16859,18005,19634,20057,21410,21625,21912,22886,31606,32772,34124,40640,45514,53192,53302,53469,57771,59436],""d_5c4ef48b025fdfbc80056401f06e3df9"":[8349,8877,10209,14453,24460,25239,26668,28682,30618,33442],""d_300ddc8da4e8f7bdc1bfc62d0d99e2e7"":[2047,2490,9931],""d_181005ca270b45408b4cdfc954980ca2"":[18912,19065,21665,22878,23133,23573,23635,33091,36624,39433,39449,46570,51356,56769,59835,88345,92466,96419,98585],""d_4130f1d9d365d9f1633536e959f62bb7"":[8948,9174,9458],""d_2b8c54b2a490d2fa36b925289e5d9572"":[1091,1480,8836,12858,15773,15986,18116,18159,24528,25282,26327,27759,27934,30606,31385,36337,43269,45243,47226,52933,54191,58247,66783,69706,70983],""d_df7d2d661c0c11a7c367c9ee4bf896c1"":[30,131,1410,10015,15922,16487,21786,27882,35265,40398,42540,43306,46612,47568,48462,51076,51078,53002,53456,56194,56323,61619,65744,69229,82233,86164,95698,102877,109667,112178,116081,118234,123163,130629,131413,135963,139513,145465,148845,150964,154742,162921,167526,171320,174818,177025,186230,186376,186717,188903,191448,199805,204515,208170,214329,222898],""d_72f37e5c5d192951ddc5513c2b134482"":[8322,22837,23217,27149,28176,30591,30991,30993,31083,35626,42747,44236,48429,54677,67634,69100,70215,71787,73927,89425,99470,110934,110958,129211,131290,138938],""d_0cc5f52a1f298b916f317800251057f3"":[3167,7970,12004,17801,17911,18913,20073],""d_e97e8e7fc55b85a38babf66b0fa46b73"":[14925,17392,27175,34002],""d_af2042c77ffaf0db5d75561ce9ef5688"":[7221,7311,16902,19904,20429,23910,29398,35787,35871,44127,45703,45707,47103,47888,50677,51890,53948,54755],""d_1cd970d8351b42be4a308d628a6dd9d3"":[2418,4073,7106,9917,10788,12108,12437],""d_31af23fdb79119ed185c256f03cb5773"":[309,10579,16156,22113,23478,23734,26359,27196,28142,28370,29561],""d_4e3db8955fdcda6f9944097bef3d2724"":[1013,2147,7276,13379,13469]},""488077"":{""d_72f37e5c5d192951ddc5513c2b134482"":[101341]}}",,[],
KALLANG/WHAMPOA,47,BENDEMEER RD,26,Unmatched,Ambiguous,Missing,Missing,ConflictOrPreviouslyMatchedOutcomeChange,[7981],"{""330047"":{""d_8575e84912df3c28995b8e6e0e05205a"":[58988,64104,64299,129757,162243,168357],""d_3a3807c023c61ddfba947dc069eb53f2"":[8883,51257,64096,87611],""d_c0650f23e94c42e7a20921f4c5b75c24"":[1438,7786,47047,48598,70994,86772],""d_acbc938ec77af18f94cecc4a7c9ec720"":[36694,57330],""d_124a9bd407c7a25f8335b93b86e50fdd"":[490,75208,80967],""d_4526d47d6714d3b052eed4a30b8b1ed6"":[49195],""d_b58303c68e9cf0d2ae93b73ffdbfbfa1"":[46985,51255,79262],""d_fa2ed456cf2b8597bb7e064b08fc3c7c"":[467,4792,5959,44530,45333,61519,85913],""d_478f45a9c541cbe679ca55d1cd2b970b"":[45394],""d_5573b0db0575db32190a2ad27919a7aa"":[35599,41059,68635,73606,76096],""d_a2141adf93ec2a3c2ec2837b78d6d46e"":[30330,47823,79043,87855,92844],""d_9af9317c646a1c881bb5591c91817cc6"":[25550,56634,110473],""d_67e99e6eabc4aad9b5d48663b579746a"":[59115],""d_5c4ef48b025fdfbc80056401f06e3df9"":[39509],""d_181005ca270b45408b4cdfc954980ca2"":[42287,61873,82218,93883,94442],""d_df7d2d661c0c11a7c367c9ee4bf896c1"":[32003,45880,124028,129421,149000,183923,199601,211512,224479,231796],""d_72f37e5c5d192951ddc5513c2b134482"":[562,70788,73058,110294],""d_af2042c77ffaf0db5d75561ce9ef5688"":[49117],""d_1cd970d8351b42be4a308d628a6dd9d3"":[2294],""d_31af23fdb79119ed185c256f03cb5773"":[34821],""d_4e3db8955fdcda6f9944097bef3d2724"":[15150]},""330008"":{""d_181005ca270b45408b4cdfc954980ca2"":[66723]}}",,[],
KALLANG/WHAMPOA,48,BENDEMEER RD,18,Unmatched,Ambiguous,Missing,Missing,ConflictOrPreviouslyMatchedOutcomeChange,[8145],"{""330048"":{""d_8575e84912df3c28995b8e6e0e05205a"":[158931],""d_3a3807c023c61ddfba947dc069eb53f2"":[19963],""d_c0650f23e94c42e7a20921f4c5b75c24"":[127707],""d_acbc938ec77af18f94cecc4a7c9ec720"":[62992],""d_124a9bd407c7a25f8335b93b86e50fdd"":[15094,74108,82320,85381],""d_4526d47d6714d3b052eed4a30b8b1ed6"":[19453,67900],""d_fa2ed456cf2b8597bb7e064b08fc3c7c"":[88590],""d_85518d970b8178975850457f60f1e738"":[19348,54872],""d_478f45a9c541cbe679ca55d1cd2b970b"":[42632],""d_5573b0db0575db32190a2ad27919a7aa"":[24757,59885],""d_a2141adf93ec2a3c2ec2837b78d6d46e"":[32181,59041],""d_9af9317c646a1c881bb5591c91817cc6"":[107475],""d_67e99e6eabc4aad9b5d48663b579746a"":[2468],""d_300ddc8da4e8f7bdc1bfc62d0d99e2e7"":[15730],""d_4130f1d9d365d9f1633536e959f62bb7"":[10992],""d_df7d2d661c0c11a7c367c9ee4bf896c1"":[45387,63855,188265,193895],""d_72f37e5c5d192951ddc5513c2b134482"":[28941,41528,76350],""d_e97e8e7fc55b85a38babf66b0fa46b73"":[18723],""d_af2042c77ffaf0db5d75561ce9ef5688"":[15728,18890,43294,44496],""d_31af23fdb79119ed185c256f03cb5773"":[173]},""1233"":{""d_fa2ed456cf2b8597bb7e064b08fc3c7c"":[47808],""d_85518d970b8178975850457f60f1e738"":[34339],""d_72f37e5c5d192951ddc5513c2b134482"":[73866]},""339932"":{""d_fa2ed456cf2b8597bb7e064b08fc3c7c"":[79431]}}","{""CacheKey"":""kallang-whampoa-48-bendemeer-rd"",""SearchValue"":""48 BENDEMEER RD SINGAPORE"",""Status"":""HistoricalFirstHit"",""Postal"":""330048"",""UpdatedAt"":""2026-05-24T11:00:32.819Z""}",[],
KALLANG/WHAMPOA,57,GEYLANG BAHRU,89,ExactAddress,Ambiguous,BlockApproximation,Missing,ConflictOrPreviouslyMatchedOutcomeChange,[9426],"{""330057"":{""d_8575e84912df3c28995b8e6e0e05205a"":[27682,31650,73069,104609,118769,138491,139597,140653,148718,158806,162892,167244,168982],""d_3a3807c023c61ddfba947dc069eb53f2"":[888,24207,27730,43757,44115,52073,64448,78898,79606,80780,81251],""d_c0650f23e94c42e7a20921f4c5b75c24"":[616,3115,73735,74468,76886,77765,105858,107598,110409,114308,122182],""d_acbc938ec77af18f94cecc4a7c9ec720"":[11365,37159,57363],""d_124a9bd407c7a25f8335b93b86e50fdd"":[2352,11677,17630,22735,24600,42828,62339,68718,73908,73919,74267,79265,83709],""d_4526d47d6714d3b052eed4a30b8b1ed6"":[1076,21237,24809,36714,50412,51477,53386,55784,55852,57031,57165,60234,61558,67866],""d_b58303c68e9cf0d2ae93b73ffdbfbfa1"":[134,46484,47959,63869,69922,84062],""d_fa2ed456cf2b8597bb7e064b08fc3c7c"":[33926,37260,70929,79859,84413,86844,87120,87370,87876],""d_85518d970b8178975850457f60f1e738"":[25203,34414,36935],""d_478f45a9c541cbe679ca55d1cd2b970b"":[13452,20045,44319,45279,46168,50502,56315],""d_5573b0db0575db32190a2ad27919a7aa"":[31153,35678,38636,39059,40700,50689,53062,59595,62874,63264,64015,65371,69678,75925],""d_a2141adf93ec2a3c2ec2837b78d6d46e"":[29639,46096,67183,72002,78328,82928,86093,86175,87874],""d_9af9317c646a1c881bb5591c91817cc6"":[47551,49263,51878,67225,70949,79880,82146,82482,84385,97501,106112,107124,111797],""d_67e99e6eabc4aad9b5d48663b579746a"":[26556,47738,48629,52732,59320],""d_5c4ef48b025fdfbc80056401f06e3df9"":[31501,33769,39681,40347],""d_300ddc8da4e8f7bdc1bfc62d0d99e2e7"":[6331,7713,12416,12897,19795,20286,20422],""d_181005ca270b45408b4cdfc954980ca2"":[23076,42782,43946,50319,54780,77823,93518,98472],""d_4130f1d9d365d9f1633536e959f62bb7"":[4134],""d_2b8c54b2a490d2fa36b925289e5d9572"":[2026,13885,18119,38455,45232,49195,55471,69708],""d_df7d2d661c0c11a7c367c9ee4bf896c1"":[1542,5616,27178,117438,128677,134930,141838,150380,179622,180719,199620,208999,215366,219946],""d_72f37e5c5d192951ddc5513c2b134482"":[45050,48766,49529,65678,73240,74708,107700,111994,120576,122143,123772,134461,139925,141201],""d_0cc5f52a1f298b916f317800251057f3"":[20363,22126],""d_e97e8e7fc55b85a38babf66b0fa46b73"":[14373,18597],""d_af2042c77ffaf0db5d75561ce9ef5688"":[4536,8354,13559,23972,28401,29154,45150,47203,47775,48551,55243,56029,57293],""d_1cd970d8351b42be4a308d628a6dd9d3"":[10779,11970],""d_31af23fdb79119ed185c256f03cb5773"":[18350,18480,24185,26969,27954,30718,31293,31660],""d_4e3db8955fdcda6f9944097bef3d2724"":[14365]},""330055"":{""d_67e99e6eabc4aad9b5d48663b579746a"":[42022]}}",,[],
KALLANG/WHAMPOA,67,KALLANG BAHRU,7,ExactAddress,Ambiguous,BlockApproximation,Missing,ConflictOrPreviouslyMatchedOutcomeChange,[10842],"{""330067"":{""d_8575e84912df3c28995b8e6e0e05205a"":[78719,100582,113528,115392,116792,126333,131021,137779],""d_3a3807c023c61ddfba947dc069eb53f2"":[76869],""d_c0650f23e94c42e7a20921f4c5b75c24"":[37798,66585,81712,82155,103496,103714,107067,108876,111096,112049,113180,132815,134361,137636],""d_acbc938ec77af18f94cecc4a7c9ec720"":[38597,56895],""d_124a9bd407c7a25f8335b93b86e50fdd"":[46894,56534,59858,70081,71904,85084],""d_4526d47d6714d3b052eed4a30b8b1ed6"":[443,23252,50195,56371,62802,63719,65960],""d_b58303c68e9cf0d2ae93b73ffdbfbfa1"":[853,22624,46571,56683,57392,67877,71259,73826,82860],""d_fa2ed456cf2b8597bb7e064b08fc3c7c"":[8854,58707,64375,64633,67424,70210,72101,72885,75823,87307],""d_85518d970b8178975850457f60f1e738"":[231,40658,41269,41707,43104,49521],""d_478f45a9c541cbe679ca55d1cd2b970b"":[24739,38368,42863,48436,49082,50025,50412,51786,58003,59092,59790],""d_5573b0db0575db32190a2ad27919a7aa"":[451,26554,40463,45126,45881,49276,52620,53999,57913,58140,60608,61091,62557,62579,62653,65982,69209,75119],""d_a2141adf93ec2a3c2ec2837b78d6d46e"":[7524,29863,54069,61887,65471,86138],""d_9af9317c646a1c881bb5591c91817cc6"":[1240,11015,52348,54708,62440,64656,83867,93512,102918],""d_67e99e6eabc4aad9b5d48663b579746a"":[1089,31962,37489,38345,50260],""d_5c4ef48b025fdfbc80056401f06e3df9"":[26358,29754,34389,36948],""d_300ddc8da4e8f7bdc1bfc62d0d99e2e7"":[13918,14898,15098,15573,16033],""d_181005ca270b45408b4cdfc954980ca2"":[35955,45994,51952,64219,77551,89375],""d_2b8c54b2a490d2fa36b925289e5d9572"":[12099,18759,42038,50484,51824,53945],""d_df7d2d661c0c11a7c367c9ee4bf896c1"":[21173,122989,126498,144495,148741,173912,174262,175632,178104,178904,227361],""d_72f37e5c5d192951ddc5513c2b134482"":[1564,96538,101417,113796],""d_0cc5f52a1f298b916f317800251057f3"":[6139,6217,6260,20366],""d_e97e8e7fc55b85a38babf66b0fa46b73"":[27614,33336],""d_af2042c77ffaf0db5d75561ce9ef5688"":[27939,31175,37377,39167],""d_1cd970d8351b42be4a308d628a6dd9d3"":[11226,11317,12751],""d_31af23fdb79119ed185c256f03cb5773"":[32384],""d_4e3db8955fdcda6f9944097bef3d2724"":[13439]},""330060"":{""d_fa2ed456cf2b8597bb7e064b08fc3c7c"":[69219]},""330066"":{""d_a2141adf93ec2a3c2ec2837b78d6d46e"":[61968]}}",,[],
KALLANG/WHAMPOA,681,RACE COURSE RD,15,Unmatched,Ambiguous,Missing,Missing,ConflictOrPreviouslyMatchedOutcomeChange,[11016],"{""210681"":{""d_8575e84912df3c28995b8e6e0e05205a"":[185,8617,9642,43413,58543,76408,77336,78648,84268,87490,103574,126929,131875,141193,152403,158274],""d_3a3807c023c61ddfba947dc069eb53f2"":[59194],""d_c0650f23e94c42e7a20921f4c5b75c24"":[2880,20091,53456,55529,59584,61258,62663,102792,108904,110957,114604,119101,126772,131186],""d_acbc938ec77af18f94cecc4a7c9ec720"":[23687,33547,40972,58529],""d_124a9bd407c7a25f8335b93b86e50fdd"":[17674,44559,66752],""d_4526d47d6714d3b052eed4a30b8b1ed6"":[30583,45699,47209,49909],""d_b58303c68e9cf0d2ae93b73ffdbfbfa1"":[21578,54373,60191,62482,68113,75127,77692,78497,79265],""d_fa2ed456cf2b8597bb7e064b08fc3c7c"":[5171,13912,35182,75029,83844,89278],""d_85518d970b8178975850457f60f1e738"":[25604,47916,59918],""d_478f45a9c541cbe679ca55d1cd2b970b"":[26083,27414,40116,63692,64765],""d_5573b0db0575db32190a2ad27919a7aa"":[1757,36188,36223,67072,67371,72739],""d_a2141adf93ec2a3c2ec2837b78d6d46e"":[1959,24344,37884,70656,74724,83480],""d_9af9317c646a1c881bb5591c91817cc6"":[18494,72550,80522,87223,120330],""d_67e99e6eabc4aad9b5d48663b579746a"":[799,996,31858,36810,48183,48789,51388,52622,53358,54161],""d_181005ca270b45408b4cdfc954980ca2"":[19293,19441,64496,69320,71589,94546],""d_4130f1d9d365d9f1633536e959f62bb7"":[439],""d_2b8c54b2a490d2fa36b925289e5d9572"":[48572,48591,49137,50007,58698,61496],""d_df7d2d661c0c11a7c367c9ee4bf896c1"":[23200,47057,117384,122719,124905,166266,167212,175068,198328,212746,217898,219650,226258,226492],""d_72f37e5c5d192951ddc5513c2b134482"":[441,11270,60398,96123,112549,123138],""d_0cc5f52a1f298b916f317800251057f3"":[3009,13546,17562,22885],""d_e97e8e7fc55b85a38babf66b0fa46b73"":[624,16853,21212,21419,25497,27411,33062,34386,34682],""d_af2042c77ffaf0db5d75561ce9ef5688"":[51660],""d_1cd970d8351b42be4a308d628a6dd9d3"":[10656],""d_31af23fdb79119ed185c256f03cb5773"":[17303,24792,33612]},""218537"":{""d_df7d2d661c0c11a7c367c9ee4bf896c1"":[162831]}}",,[],
KALLANG/WHAMPOA,682,RACE COURSE RD,5,Unmatched,Ambiguous,Missing,Missing,ConflictOrPreviouslyMatchedOutcomeChange,[11029],"{""210682"":{""d_8575e84912df3c28995b8e6e0e05205a"":[47365,49710,53498,53537,140182],""d_c0650f23e94c42e7a20921f4c5b75c24"":[69156,116391],""d_acbc938ec77af18f94cecc4a7c9ec720"":[32365,43248,53625,58292],""d_124a9bd407c7a25f8335b93b86e50fdd"":[476],""d_b58303c68e9cf0d2ae93b73ffdbfbfa1"":[22352,65951],""d_fa2ed456cf2b8597bb7e064b08fc3c7c"":[75623,81593],""d_478f45a9c541cbe679ca55d1cd2b970b"":[47083,47940,52107],""d_5573b0db0575db32190a2ad27919a7aa"":[28641],""d_a2141adf93ec2a3c2ec2837b78d6d46e"":[46011,63025,86221],""d_67e99e6eabc4aad9b5d48663b579746a"":[35477,35981,57937],""d_181005ca270b45408b4cdfc954980ca2"":[93452],""d_df7d2d661c0c11a7c367c9ee4bf896c1"":[25196,54114,138153,139807,196601,199278,209695,225656],""d_72f37e5c5d192951ddc5513c2b134482"":[79282,118924],""d_0cc5f52a1f298b916f317800251057f3"":[19588],""d_e97e8e7fc55b85a38babf66b0fa46b73"":[25720],""d_31af23fdb79119ed185c256f03cb5773"":[6830,30756,31469,31607],""d_4e3db8955fdcda6f9944097bef3d2724"":[11]},""219682"":{""d_67e99e6eabc4aad9b5d48663b579746a"":[37342]}}",,[],
KALLANG/WHAMPOA,683,TESSENSOHN RD,17,Unmatched,Ambiguous,Missing,Missing,ConflictOrPreviouslyMatchedOutcomeChange,[11045],"{""210683"":{""d_8575e84912df3c28995b8e6e0e05205a"":[3721,32935,33839,48908,62366,64287,85501,115787,115998,132584,134992,147627,149784,155342,162109],""d_3a3807c023c61ddfba947dc069eb53f2"":[925,61463,88553,89413],""d_c0650f23e94c42e7a20921f4c5b75c24"":[9019,24141,52459,57108,65419,67852,84792,85000,97652,107157,109774,128184,133204,133908,140433],""d_acbc938ec77af18f94cecc4a7c9ec720"":[10035,45870,54094,56590],""d_124a9bd407c7a25f8335b93b86e50fdd"":[28255,37325,60359,64481],""d_4526d47d6714d3b052eed4a30b8b1ed6"":[362,18798,46614,53464,63416,63488,64382],""d_b58303c68e9cf0d2ae93b73ffdbfbfa1"":[12617,36437,45727,67291,70268],""d_fa2ed456cf2b8597bb7e064b08fc3c7c"":[9994,44610,44877,53110,66619,70068,81923,92005],""d_85518d970b8178975850457f60f1e738"":[4738,40740,41733,42863,44758,52769],""d_478f45a9c541cbe679ca55d1cd2b970b"":[1678,33567,44893],""d_5573b0db0575db32190a2ad27919a7aa"":[10997,19263,22448,40712,48616,50682,56356,62370,66563,69710,72183,73269],""d_a2141adf93ec2a3c2ec2837b78d6d46e"":[853,1154,1638,12838,18075,49432,50427,54998,60481,67547,71066,75927,87677],""d_9af9317c646a1c881bb5591c91817cc6"":[68494,108049,108241,113983],""d_67e99e6eabc4aad9b5d48663b579746a"":[19889,49339,57255],""d_5c4ef48b025fdfbc80056401f06e3df9"":[12479,39544],""d_181005ca270b45408b4cdfc954980ca2"":[13541,16227,48749,66268,91048,91391],""d_2b8c54b2a490d2fa36b925289e5d9572"":[37032,42674,49778,50998,66682],""d_df7d2d661c0c11a7c367c9ee4bf896c1"":[2628,13465,17697,26758,35833,81250,96061,101601,106453,120250,133559,139586,159632,172046,183789,187131,189625,200093,200095,205572,205874,208201,216071,226650],""d_72f37e5c5d192951ddc5513c2b134482"":[2018,65299,84615,87326,95589,96002,106272],""d_0cc5f52a1f298b916f317800251057f3"":[12353,15504],""d_af2042c77ffaf0db5d75561ce9ef5688"":[26119,43144],""d_1cd970d8351b42be4a308d628a6dd9d3"":[1630,8377,9856],""d_31af23fdb79119ed185c256f03cb5773"":[20678,25378,31802]},""210681"":{""d_9af9317c646a1c881bb5591c91817cc6"":[85613]}}",,[],
KALLANG/WHAMPOA,685,RACE COURSE RD,31,Unmatched,Ambiguous,Missing,Missing,ConflictOrPreviouslyMatchedOutcomeChange,[11082],"{""210685"":{""d_3a3807c023c61ddfba947dc069eb53f2"":[695,4391,43925,49627,54285,86054,89129],""d_c0650f23e94c42e7a20921f4c5b75c24"":[24297],""d_acbc938ec77af18f94cecc4a7c9ec720"":[45049,45731,48771],""d_4526d47d6714d3b052eed4a30b8b1ed6"":[27115,48932,49189,65082],""d_b58303c68e9cf0d2ae93b73ffdbfbfa1"":[815,7392,66533],""d_fa2ed456cf2b8597bb7e064b08fc3c7c"":[15001,40643,85746],""d_5573b0db0575db32190a2ad27919a7aa"":[24013,52291,53088,66284],""d_a2141adf93ec2a3c2ec2837b78d6d46e"":[58904,61600,63669],""d_9af9317c646a1c881bb5591c91817cc6"":[21243,67490,75376,84644,105940],""d_67e99e6eabc4aad9b5d48663b579746a"":[18119],""d_5c4ef48b025fdfbc80056401f06e3df9"":[19932,28801,33506,33563,35530],""d_181005ca270b45408b4cdfc954980ca2"":[70345,74773,89564],""d_2b8c54b2a490d2fa36b925289e5d9572"":[35083,45187,49393,60951,70939],""d_df7d2d661c0c11a7c367c9ee4bf896c1"":[45874,68486,102013,102948,107411,137463,176329,194435,194744,203368,205855,216260,226294],""d_72f37e5c5d192951ddc5513c2b134482"":[1484,45819,123183],""d_e97e8e7fc55b85a38babf66b0fa46b73"":[11872,28035,34193],""d_31af23fdb79119ed185c256f03cb5773"":[37142,37148],""d_4e3db8955fdcda6f9944097bef3d2724"":[2655]},""730123"":{""d_df7d2d661c0c11a7c367c9ee4bf896c1"":[157992]}}",,[],
KALLANG/WHAMPOA,8,BOON KENG RD,97,Unmatched,Ambiguous,Missing,Missing,ConflictOrPreviouslyMatchedOutcomeChange,[12054],"{""330008"":{""d_8575e84912df3c28995b8e6e0e05205a"":[59251,59252,59253,69807,70398,78167,84189,88017,101322,130633,141017],""d_3a3807c023c61ddfba947dc069eb53f2"":[76603,78699,79992,84954,85534],""d_c0650f23e94c42e7a20921f4c5b75c24"":[118524,121773,125556,130263,139587],""d_acbc938ec77af18f94cecc4a7c9ec720"":[63,26777,51139,59075,63380,69098],""d_124a9bd407c7a25f8335b93b86e50fdd"":[238,81804,83290],""d_4526d47d6714d3b052eed4a30b8b1ed6"":[31043,60194,60208,64921,65464,66436],""d_b58303c68e9cf0d2ae93b73ffdbfbfa1"":[29598,30114,31560,38109,38709,45482,73450,77238,79761,81065,82203],""d_fa2ed456cf2b8597bb7e064b08fc3c7c"":[20240,34247,40266,40858,59955,65424],""d_85518d970b8178975850457f60f1e738"":[21651,55511],""d_478f45a9c541cbe679ca55d1cd2b970b"":[59678,64513],""d_5573b0db0575db32190a2ad27919a7aa"":[63761,66881,74927],""d_a2141adf93ec2a3c2ec2837b78d6d46e"":[841,21591,26281,35803,68661,81752],""d_9af9317c646a1c881bb5591c91817cc6"":[23705,43926,77623,86465,99343,106673,110120],""d_67e99e6eabc4aad9b5d48663b579746a"":[14505,53332],""d_5c4ef48b025fdfbc80056401f06e3df9"":[10024],""d_300ddc8da4e8f7bdc1bfc62d0d99e2e7"":[8893,21002],""d_181005ca270b45408b4cdfc954980ca2"":[85258,85416,86542,94705],""d_4130f1d9d365d9f1633536e959f62bb7"":[3983],""d_2b8c54b2a490d2fa36b925289e5d9572"":[22456],""d_df7d2d661c0c11a7c367c9ee4bf896c1"":[4739,23035,39849,53717,84529,105718,124544,160620,190815,196625,202315,212542,214985,215549,217196,219504,220872],""d_72f37e5c5d192951ddc5513c2b134482"":[5242,52015,116938,126675,140679],""d_0cc5f52a1f298b916f317800251057f3"":[23228],""d_e97e8e7fc55b85a38babf66b0fa46b73"":[31823,35000],""d_af2042c77ffaf0db5d75561ce9ef5688"":[20367,21176,21479,41811],""d_31af23fdb79119ed185c256f03cb5773"":[24368,33068]},""330006"":{""d_c0650f23e94c42e7a20921f4c5b75c24"":[2711]}}","{""CacheKey"":""kallang-whampoa-8-boon-keng-rd"",""SearchValue"":""8 BOON KENG RD SINGAPORE"",""Status"":""HistoricalFirstHit"",""Postal"":""330008"",""UpdatedAt"":""2026-05-24T10:35:02.890Z""}",[],
KALLANG/WHAMPOA,801,FRENCH RD,23,Unmatched,Ambiguous,Missing,Missing,ConflictOrPreviouslyMatchedOutcomeChange,[12110],"{""200801"":{""d_8575e84912df3c28995b8e6e0e05205a"":[40967,112097,114457,118062,122743,125311,127199,135932,155639,158831],""d_3a3807c023c61ddfba947dc069eb53f2"":[1726,10112,20328,21635,21637,21638,21639,49425,62270,62609,94390],""d_c0650f23e94c42e7a20921f4c5b75c24"":[739,2413,9528,27509,43820,71049,92173,92695,98575,99148,104020,104830,111405,112733,114564,115513,127020,128917],""d_acbc938ec77af18f94cecc4a7c9ec720"":[14131,17192,18980,18983,44281,51694,56161,60153],""d_124a9bd407c7a25f8335b93b86e50fdd"":[21819,27865,44585,45715,50782,53501,54774,55881,59149,60044,60572,62284,64587,73616,83935],""d_4526d47d6714d3b052eed4a30b8b1ed6"":[7209,12803,12831,19797,39311,61915],""d_b58303c68e9cf0d2ae93b73ffdbfbfa1"":[11502,23423,27378,51546,79130,81307],""d_fa2ed456cf2b8597bb7e064b08fc3c7c"":[1276,1456,10863,11802,25405,39989,48301,48377,49130,53904,57130,62887,72657],""d_85518d970b8178975850457f60f1e738"":[12073,14318,24260,39886],""d_478f45a9c541cbe679ca55d1cd2b970b"":[8103,10093,12788,27720,28931,37973,62079,67613],""d_5573b0db0575db32190a2ad27919a7aa"":[22697,38315,52326,62453,63163],""d_a2141adf93ec2a3c2ec2837b78d6d46e"":[10615,15982,16247,16852,22875,23890,50429,60306,73023,73177,74348,75818,78126,83025,83282,92711],""d_9af9317c646a1c881bb5591c91817cc6"":[86009,87440,91230,114268],""d_67e99e6eabc4aad9b5d48663b579746a"":[13800,35916,44532,47190],""d_5c4ef48b025fdfbc80056401f06e3df9"":[5748,20292,25959,26125,35186,35230],""d_300ddc8da4e8f7bdc1bfc62d0d99e2e7"":[8300,20098],""d_181005ca270b45408b4cdfc954980ca2"":[8229,48514,48945,53035,67406,70088,70548,77351,79863,80283],""d_4130f1d9d365d9f1633536e959f62bb7"":[7323],""d_2b8c54b2a490d2fa36b925289e5d9572"":[37,4112,11636,45319],""d_df7d2d661c0c11a7c367c9ee4bf896c1"":[17034,36323,40400,44551,46095,118514,126001,158193,171335,174976,192320,212008,212009,212010],""d_72f37e5c5d192951ddc5513c2b134482"":[32029,40158,56395,67658,70010,85162,87299,94975,96247,107996,114359,121130],""d_0cc5f52a1f298b916f317800251057f3"":[1539,2670,13684,20346],""d_e97e8e7fc55b85a38babf66b0fa46b73"":[20028,27612,31798],""d_af2042c77ffaf0db5d75561ce9ef5688"":[5305,10151,10558,33157,55278],""d_31af23fdb79119ed185c256f03cb5773"":[3805,21396,25304,29360],""d_4e3db8955fdcda6f9944097bef3d2724"":[7438,10357]},""200809"":{""d_8575e84912df3c28995b8e6e0e05205a"":[115285]},""208010"":{""d_acbc938ec77af18f94cecc4a7c9ec720"":[48809]},""200808"":{""d_124a9bd407c7a25f8335b93b86e50fdd"":[57890],""d_af2042c77ffaf0db5d75561ce9ef5688"":[38831]},""208191"":{""d_181005ca270b45408b4cdfc954980ca2"":[10687]}}",,[],
KALLANG/WHAMPOA,802,FRENCH RD,3,Unmatched,Ambiguous,Missing,Missing,ConflictOrPreviouslyMatchedOutcomeChange,[12123],"{""200802"":{""d_8575e84912df3c28995b8e6e0e05205a"":[6251,12342,87338,95664,112607,115499,145513,154164],""d_3a3807c023c61ddfba947dc069eb53f2"":[51496,85222],""d_c0650f23e94c42e7a20921f4c5b75c24"":[2840,28731,40232,62110,75515,87354,92368,94465,102136,110227],""d_acbc938ec77af18f94cecc4a7c9ec720"":[12136,30920,40693,53767,69978],""d_124a9bd407c7a25f8335b93b86e50fdd"":[1760,24542,48265,53370,54903],""d_4526d47d6714d3b052eed4a30b8b1ed6"":[8388,41108,46165,60291],""d_b58303c68e9cf0d2ae93b73ffdbfbfa1"":[27703,53166,71034,74765],""d_fa2ed456cf2b8597bb7e064b08fc3c7c"":[16747,37798,55867,84666],""d_478f45a9c541cbe679ca55d1cd2b970b"":[406,39132,54889],""d_5573b0db0575db32190a2ad27919a7aa"":[4139,28629],""d_a2141adf93ec2a3c2ec2837b78d6d46e"":[29710,29950,50197],""d_9af9317c646a1c881bb5591c91817cc6"":[5000,61293],""d_67e99e6eabc4aad9b5d48663b579746a"":[32622],""d_5c4ef48b025fdfbc80056401f06e3df9"":[31893],""d_300ddc8da4e8f7bdc1bfc62d0d99e2e7"":[12821,15442],""d_181005ca270b45408b4cdfc954980ca2"":[21672,66156,73410],""d_4130f1d9d365d9f1633536e959f62bb7"":[37],""d_2b8c54b2a490d2fa36b925289e5d9572"":[27593,48507],""d_df7d2d661c0c11a7c367c9ee4bf896c1"":[36273,55078,101507,180481,183516,188810,197654,213278,214587],""d_72f37e5c5d192951ddc5513c2b134482"":[1720,33603,57805,69246,69304,72579,80775,95865,119476],""d_e97e8e7fc55b85a38babf66b0fa46b73"":[28221],""d_af2042c77ffaf0db5d75561ce9ef5688"":[10500,16558,39424,53047],""d_31af23fdb79119ed185c256f03cb5773"":[527,1957,3227,15777,20048,21740,23807]},""680151"":{""d_df7d2d661c0c11a7c367c9ee4bf896c1"":[164828]}}",,[],
KALLANG/WHAMPOA,82,WHAMPOA DR,42,Unmatched,Ambiguous,Missing,Missing,ConflictOrPreviouslyMatchedOutcomeChange,[12292],"{""320082"":{""d_8575e84912df3c28995b8e6e0e05205a"":[28905,93076,113784,118982,139786,145042,168333],""d_3a3807c023c61ddfba947dc069eb53f2"":[12279,18916,23771,34046,63379,74806,78112,91922,94460],""d_c0650f23e94c42e7a20921f4c5b75c24"":[63955,72997,73251,74250,75940,95755,117641,124746],""d_acbc938ec77af18f94cecc4a7c9ec720"":[41345],""d_124a9bd407c7a25f8335b93b86e50fdd"":[46687,70767],""d_4526d47d6714d3b052eed4a30b8b1ed6"":[61154,64869],""d_b58303c68e9cf0d2ae93b73ffdbfbfa1"":[11850,70300,84604],""d_fa2ed456cf2b8597bb7e064b08fc3c7c"":[2129,27527,44904,61787,65925,72810,76300,81931,86559],""d_478f45a9c541cbe679ca55d1cd2b970b"":[29656,36289,50863,59690,60852,61412],""d_5573b0db0575db32190a2ad27919a7aa"":[510,2145,46566],""d_a2141adf93ec2a3c2ec2837b78d6d46e"":[15187,74417,76001,82718,82946],""d_9af9317c646a1c881bb5591c91817cc6"":[976,1272,37306,65732,105063,110032,110451,117404,118657],""d_67e99e6eabc4aad9b5d48663b579746a"":[31502,56963],""d_5c4ef48b025fdfbc80056401f06e3df9"":[33516,34849,36956,38527,39832],""d_181005ca270b45408b4cdfc954980ca2"":[414,46132,74662,84719],""d_4130f1d9d365d9f1633536e959f62bb7"":[9764],""d_2b8c54b2a490d2fa36b925289e5d9572"":[32904,36862,45586],""d_df7d2d661c0c11a7c367c9ee4bf896c1"":[3627,3717,111764,121965,137029,138023,152734,156927,167548,174758,182015,184303,185873,188754,197359,198138,207033],""d_72f37e5c5d192951ddc5513c2b134482"":[89136,105810,106918,117710,124932],""d_0cc5f52a1f298b916f317800251057f3"":[17999,22436],""d_af2042c77ffaf0db5d75561ce9ef5688"":[796],""d_1cd970d8351b42be4a308d628a6dd9d3"":[12589],""d_31af23fdb79119ed185c256f03cb5773"":[777,7246,24445]},""320062"":{""d_8575e84912df3c28995b8e6e0e05205a"":[120618]},""680642"":{""d_c0650f23e94c42e7a20921f4c5b75c24"":[95341]}}",,[],
PASIR RIS,1,CHANGI VILLAGE RD,16,Unmatched,Ambiguous,Missing,Missing,ConflictOrPreviouslyMatchedOutcomeChange,[6],"{""500001"":{""d_8575e84912df3c28995b8e6e0e05205a"":[31,769,24819,73015,73503,81799,87644,98501,104703,121108,122613,125438,126396,126676,129608,137529,137576,141073,141643,146092,148309,148758,156927,161875,163294,165552,167176],""d_3a3807c023c61ddfba947dc069eb53f2"":[56447,68869,70525,70726,79933,80556,82827,83390,86576,88080,93898],""d_c0650f23e94c42e7a20921f4c5b75c24"":[20995,30511,31349,32284,51497,52007,54640,54647,83920,85509,91074,100454,102399,103013,109637,110950,111534,112227,116210,116949,117254,117676,122166,131091,138283],""d_acbc938ec77af18f94cecc4a7c9ec720"":[35194,41549,43520,50320,51239,52701,56645,58211,58758,60304],""d_124a9bd407c7a25f8335b93b86e50fdd"":[44268,48952,51392,52174,56118,80526],""d_4526d47d6714d3b052eed4a30b8b1ed6"":[2341,6842,46314,46914,48789,57004,67497],""d_b58303c68e9cf0d2ae93b73ffdbfbfa1"":[120,13287,61406,62527,64438,66481,68670],""d_fa2ed456cf2b8597bb7e064b08fc3c7c"":[157,37001,39774,44289,51410,63002,63917,69947,75479],""d_85518d970b8178975850457f60f1e738"":[39479,41249,46019,47708,54186],""d_478f45a9c541cbe679ca55d1cd2b970b"":[8921,16490,35712,38426,43197,45820,48471,50907,57389],""d_5573b0db0575db32190a2ad27919a7aa"":[1151,49595,50619,53448,53485,57721,61818,71112,74235,74627],""d_a2141adf93ec2a3c2ec2837b78d6d46e"":[41506,41610,57514,61532,64418,70220],""d_9af9317c646a1c881bb5591c91817cc6"":[104,12411,23879,57193,74926,79917,80909,81850,84194,92245,93471,103637,103696,106799,108704,124027],""d_67e99e6eabc4aad9b5d48663b579746a"":[6321,10383,10925,37326,39919,55798,56372,60443],""d_5c4ef48b025fdfbc80056401f06e3df9"":[37479],""d_300ddc8da4e8f7bdc1bfc62d0d99e2e7"":[12475,20375],""d_181005ca270b45408b4cdfc954980ca2"":[16337,59823,71949,72677,73891,81921,84165,90759],""d_2b8c54b2a490d2fa36b925289e5d9572"":[5885,36660,44203,45032,45728,48075,52227,53531,54222,56924,58065,61602,64492,70755],""d_df7d2d661c0c11a7c367c9ee4bf896c1"":[277,363,368,30000,84255,104553,137401,156320,156389,163459,172688,175425,189294,190428,197157,201783,203700,215118,215325,215918],""d_72f37e5c5d192951ddc5513c2b134482"":[11623,25601,32633,33202,33323,53997,53998,53999,84979,100727,101534,103286,103788,106582,109313,111244,111484,112977,113505,116259,120879,123832,125766],""d_0cc5f52a1f298b916f317800251057f3"":[15511,16159,16806],""d_e97e8e7fc55b85a38babf66b0fa46b73"":[4366,31754,32805],""d_af2042c77ffaf0db5d75561ce9ef5688"":[38572,41553,50316],""d_31af23fdb79119ed185c256f03cb5773"":[24464,30250,30251,35859],""d_4e3db8955fdcda6f9944097bef3d2724"":[1554,9172,11237,11275,13542]},""509913"":{""d_fa2ed456cf2b8597bb7e064b08fc3c7c"":[69617]}}","{""CacheKey"":""pasir-ris-1-changi-village-rd"",""SearchValue"":""1 CHANGI VILLAGE RD SINGAPORE"",""Status"":""HistoricalFirstHit"",""Postal"":""500001"",""UpdatedAt"":""2026-05-24T10:57:12.989Z""}",[],
PASIR RIS,4,CHANGI VILLAGE RD,8,Unmatched,Ambiguous,Missing,Missing,ConflictOrPreviouslyMatchedOutcomeChange,[6506],"{""500004"":{""d_8575e84912df3c28995b8e6e0e05205a"":[791,105142,119762,120104,127681,131383],""d_3a3807c023c61ddfba947dc069eb53f2"":[37464,75678,86073],""d_c0650f23e94c42e7a20921f4c5b75c24"":[20242,45803,52191,52195,55641,86915,92019,104276,106748,107117,107772,107974,113590,114526,114912,116049,116567,118203,119480,121571],""d_acbc938ec77af18f94cecc4a7c9ec720"":[57355,66558],""d_124a9bd407c7a25f8335b93b86e50fdd"":[59680],""d_4526d47d6714d3b052eed4a30b8b1ed6"":[259,44722,45363,47506,50536,52705,52768],""d_b58303c68e9cf0d2ae93b73ffdbfbfa1"":[27262,44023,57634,62222,66167,66540],""d_fa2ed456cf2b8597bb7e064b08fc3c7c"":[39014,56479,92247],""d_85518d970b8178975850457f60f1e738"":[47516,47671],""d_478f45a9c541cbe679ca55d1cd2b970b"":[35,35293],""d_5573b0db0575db32190a2ad27919a7aa"":[1846,17017,31347,32195,32781,38483,55179,58999,66057],""d_a2141adf93ec2a3c2ec2837b78d6d46e"":[56080,65773],""d_9af9317c646a1c881bb5591c91817cc6"":[72400,87784,92392,107118,113044],""d_67e99e6eabc4aad9b5d48663b579746a"":[36794,40217,44842,47418,47750,48376,52363],""d_5c4ef48b025fdfbc80056401f06e3df9"":[26629,29032,29197,32154,41119],""d_300ddc8da4e8f7bdc1bfc62d0d99e2e7"":[2467,14891,16559],""d_181005ca270b45408b4cdfc954980ca2"":[68597,68759],""d_2b8c54b2a490d2fa36b925289e5d9572"":[47768,50550,53287,54661],""d_df7d2d661c0c11a7c367c9ee4bf896c1"":[90078,142885,152554,158495,164421,175773,192925],""d_72f37e5c5d192951ddc5513c2b134482"":[85647,89510,97488,103587,109494,109594,109595],""d_0cc5f52a1f298b916f317800251057f3"":[13958],""d_e97e8e7fc55b85a38babf66b0fa46b73"":[20967,21322,27779,29554],""d_af2042c77ffaf0db5d75561ce9ef5688"":[43421,44122,52199,53057],""d_31af23fdb79119ed185c256f03cb5773"":[22420,22618,23465]},""800004"":{""d_fa2ed456cf2b8597bb7e064b08fc3c7c"":[65915]}}",,[],
PASIR RIS,442,PASIR RIS DR 6,6,Unmatched,Ambiguous,Missing,Missing,ConflictOrPreviouslyMatchedOutcomeChange,[7448],"{""510442"":{""d_8575e84912df3c28995b8e6e0e05205a"":[58011,70641,162155,168422],""d_3a3807c023c61ddfba947dc069eb53f2"":[44705,79265],""d_c0650f23e94c42e7a20921f4c5b75c24"":[119295,120361],""d_124a9bd407c7a25f8335b93b86e50fdd"":[1900,10514,50925,55211,57287,84911],""d_4526d47d6714d3b052eed4a30b8b1ed6"":[47552,53560,56572],""d_b58303c68e9cf0d2ae93b73ffdbfbfa1"":[27487,54208,57956,67493,70476],""d_fa2ed456cf2b8597bb7e064b08fc3c7c"":[51001,57404],""d_85518d970b8178975850457f60f1e738"":[2597,43416],""d_478f45a9c541cbe679ca55d1cd2b970b"":[4630,43573,55677,60156],""d_a2141adf93ec2a3c2ec2837b78d6d46e"":[53852,53875,61273,61984,72288,75291],""d_9af9317c646a1c881bb5591c91817cc6"":[6738,15773,22111,50367,76063,76680,77478,81062,81556,92512,98628,102819],""d_5c4ef48b025fdfbc80056401f06e3df9"":[26004],""d_300ddc8da4e8f7bdc1bfc62d0d99e2e7"":[11367,21188],""d_181005ca270b45408b4cdfc954980ca2"":[18971,63235,73338,73467,75897,77995,79436],""d_2b8c54b2a490d2fa36b925289e5d9572"":[3864,47969,62776],""d_df7d2d661c0c11a7c367c9ee4bf896c1"":[27560,143510,161118,166700,168088,168627,168718,178920,184384,185672,224159],""d_72f37e5c5d192951ddc5513c2b134482"":[92938,97962,98589,108315,128710,138822],""d_0cc5f52a1f298b916f317800251057f3"":[15528,15937],""d_e97e8e7fc55b85a38babf66b0fa46b73"":[29127],""d_af2042c77ffaf0db5d75561ce9ef5688"":[7396,11265,27593,31198],""d_31af23fdb79119ed185c256f03cb5773"":[21756,22455],""d_4e3db8955fdcda6f9944097bef3d2724"":[8116]},""510266"":{""d_c0650f23e94c42e7a20921f4c5b75c24"":[102430]},""519419"":{""d_4526d47d6714d3b052eed4a30b8b1ed6"":[43654]}}",,[],
PASIR RIS,5,CHANGI VILLAGE RD,27,Unmatched,Ambiguous,Missing,Missing,ConflictOrPreviouslyMatchedOutcomeChange,[8387],"{""500005"":{""d_8575e84912df3c28995b8e6e0e05205a"":[12914,85570,85571,110719,112436,118466,119231,121943,133148,154729],""d_3a3807c023c61ddfba947dc069eb53f2"":[44387,50541,64789,66395,75030,80829,82646,93099],""d_c0650f23e94c42e7a20921f4c5b75c24"":[14188,16614,23230,23916,23917,26201,26895,33896,38483,57623,64602,67948,69579,75507,78540,79097,85063,85902,87165,88278,89343,90984,91962,98437,100286,104041,105795,113515,125346,131568],""d_acbc938ec77af18f94cecc4a7c9ec720"":[7527,19222,38436,48814,51259,52614,54283,55005,66791,70847],""d_124a9bd407c7a25f8335b93b86e50fdd"":[50991,51504,71951],""d_4526d47d6714d3b052eed4a30b8b1ed6"":[5219,14690,42988,45256],""d_b58303c68e9cf0d2ae93b73ffdbfbfa1"":[862,13071,26946,60543,64073,71740,77336,79905],""d_fa2ed456cf2b8597bb7e064b08fc3c7c"":[11214,32423,47653,61132,61915,63052,64180,65024,65815,77716,81008,92170],""d_85518d970b8178975850457f60f1e738"":[33510,46650,58833],""d_478f45a9c541cbe679ca55d1cd2b970b"":[9438,10354,36820,41750,41936,45769,51679,52396,56621,61578,66444],""d_5573b0db0575db32190a2ad27919a7aa"":[29541,49905,54745,58028,64051,65838,68040,68141,69745,73573],""d_a2141adf93ec2a3c2ec2837b78d6d46e"":[16379,17951,25451,28131,32643,51768,61872,62617,67917,71561,73453,81474,81892,82087,89088],""d_9af9317c646a1c881bb5591c91817cc6"":[133,13144,14129,16875,42079,55042,62015,76247,84886,86427,87346,89512,92590,93648,99571,100103,100152,111180],""d_67e99e6eabc4aad9b5d48663b579746a"":[3252,5792,11026,35816,45766,55799],""d_5c4ef48b025fdfbc80056401f06e3df9"":[28639,28641,33126],""d_300ddc8da4e8f7bdc1bfc62d0d99e2e7"":[1905,11197,12469],""d_181005ca270b45408b4cdfc954980ca2"":[10902,31249,31591,58926,75410,82367,85326,88448,88547,90125,90645,91044,91190,91554],""d_4130f1d9d365d9f1633536e959f62bb7"":[9051,9476,12220],""d_2b8c54b2a490d2fa36b925289e5d9572"":[19995,20995,46130,46468,49591,52031,53656,53781,60781,61142,70373,70374,70376,70383,70431,70432,70433,70445,70446],""d_df7d2d661c0c11a7c367c9ee4bf896c1"":[9882,19117,39825,64049,73291,90114,98803,105488,114689,147281,157412,158038,180882,184637,185715,190552,190997,202195,231962,231965],""d_72f37e5c5d192951ddc5513c2b134482"":[9072,20173,27130,40146,66778,67959,86338,100213,101931,104345,105456,107463,110943,114492,114754,118269,118360,123417,125123,131968],""d_af2042c77ffaf0db5d75561ce9ef5688"":[33243,37086,44141,51061,53490,54866],""d_1cd970d8351b42be4a308d628a6dd9d3"":[10517],""d_31af23fdb79119ed185c256f03cb5773"":[12449,25065],""d_4e3db8955fdcda6f9944097bef3d2724"":[442,14933]},""509917"":{""d_85518d970b8178975850457f60f1e738"":[42051]}}",,[],
PASIR RIS,760,PASIR RIS ST 71,26,Unmatched,Ambiguous,Missing,Missing,ConflictOrPreviouslyMatchedOutcomeChange,[11784],"{""510760"":{""d_8575e84912df3c28995b8e6e0e05205a"":[137405],""d_3a3807c023c61ddfba947dc069eb53f2"":[76350],""d_c0650f23e94c42e7a20921f4c5b75c24"":[88728],""d_acbc938ec77af18f94cecc4a7c9ec720"":[31722,52117,68501],""d_124a9bd407c7a25f8335b93b86e50fdd"":[24541,78193],""d_4526d47d6714d3b052eed4a30b8b1ed6"":[65907],""d_b58303c68e9cf0d2ae93b73ffdbfbfa1"":[9204,68015],""d_fa2ed456cf2b8597bb7e064b08fc3c7c"":[93449],""d_a2141adf93ec2a3c2ec2837b78d6d46e"":[70469,83631,88226],""d_9af9317c646a1c881bb5591c91817cc6"":[27826,28407,48343,115009],""d_67e99e6eabc4aad9b5d48663b579746a"":[54284],""d_5c4ef48b025fdfbc80056401f06e3df9"":[10230],""d_181005ca270b45408b4cdfc954980ca2"":[34594,68650,73032,78087],""d_4130f1d9d365d9f1633536e959f62bb7"":[10339],""d_2b8c54b2a490d2fa36b925289e5d9572"":[58157,60495,60639,70875],""d_df7d2d661c0c11a7c367c9ee4bf896c1"":[194672,194799,210551,218406,218971],""d_72f37e5c5d192951ddc5513c2b134482"":[89821],""d_1cd970d8351b42be4a308d628a6dd9d3"":[11129],""d_31af23fdb79119ed185c256f03cb5773"":[33204]},""510765"":{""d_72f37e5c5d192951ddc5513c2b134482"":[99957]}}","{""CacheKey"":""pasir-ris-760-pasir-ris-st-71"",""SearchValue"":""760 PASIR RIS ST 71 SINGAPORE"",""Status"":""HistoricalFirstHit"",""Postal"":""510760"",""UpdatedAt"":""2026-05-24T10:35:02.890Z""}",[],
PASIR RIS,775,PASIR RIS ST 71,18,Unmatched,Ambiguous,Missing,Missing,ConflictOrPreviouslyMatchedOutcomeChange,[11893],"{""510775"":{""d_3a3807c023c61ddfba947dc069eb53f2"":[36308,88181],""d_c0650f23e94c42e7a20921f4c5b75c24"":[19456,63945,123366,130230,138481],""d_acbc938ec77af18f94cecc4a7c9ec720"":[55144],""d_fa2ed456cf2b8597bb7e064b08fc3c7c"":[76923],""d_478f45a9c541cbe679ca55d1cd2b970b"":[38678,48199,59542],""d_5573b0db0575db32190a2ad27919a7aa"":[57277,70788],""d_a2141adf93ec2a3c2ec2837b78d6d46e"":[11019,35493,59810,86112],""d_9af9317c646a1c881bb5591c91817cc6"":[93540],""d_67e99e6eabc4aad9b5d48663b579746a"":[57610],""d_300ddc8da4e8f7bdc1bfc62d0d99e2e7"":[8370],""d_181005ca270b45408b4cdfc954980ca2"":[87540],""d_df7d2d661c0c11a7c367c9ee4bf896c1"":[163023,207164],""d_72f37e5c5d192951ddc5513c2b134482"":[108083,119936,125141],""d_e97e8e7fc55b85a38babf66b0fa46b73"":[335,24825,28205],""d_af2042c77ffaf0db5d75561ce9ef5688"":[42557,42739,46694],""d_4e3db8955fdcda6f9944097bef3d2724"":[13242]},""510776"":{""d_72f37e5c5d192951ddc5513c2b134482"":[88215]}}",,[],
QUEENSTOWN,1,DOVER RD,25,Unmatched,Ambiguous,Missing,Missing,ConflictOrPreviouslyMatchedOutcomeChange,[8],"{""130001"":{""d_8575e84912df3c28995b8e6e0e05205a"":[138231],""d_3a3807c023c61ddfba947dc069eb53f2"":[26552,91493],""d_acbc938ec77af18f94cecc4a7c9ec720"":[8697,18810],""d_124a9bd407c7a25f8335b93b86e50fdd"":[76361],""d_b58303c68e9cf0d2ae93b73ffdbfbfa1"":[66005],""d_85518d970b8178975850457f60f1e738"":[47384],""d_478f45a9c541cbe679ca55d1cd2b970b"":[28358],""d_5573b0db0575db32190a2ad27919a7aa"":[36125,71816],""d_a2141adf93ec2a3c2ec2837b78d6d46e"":[18764,43010,81027],""d_9af9317c646a1c881bb5591c91817cc6"":[55030,65764],""d_5c4ef48b025fdfbc80056401f06e3df9"":[10488,23456],""d_2b8c54b2a490d2fa36b925289e5d9572"":[61671],""d_df7d2d661c0c11a7c367c9ee4bf896c1"":[221481,225952,232337],""d_72f37e5c5d192951ddc5513c2b134482"":[69559,90589,113810,115905,122290],""d_af2042c77ffaf0db5d75561ce9ef5688"":[55256],""d_31af23fdb79119ed185c256f03cb5773"":[34820],""d_4e3db8955fdcda6f9944097bef3d2724"":[9402]},""0513"":{""d_9af9317c646a1c881bb5591c91817cc6"":[63827]}}","{""CacheKey"":""queenstown-1-dover-rd"",""SearchValue"":""1 DOVER RD SINGAPORE"",""Status"":""HistoricalFirstHit"",""Postal"":""130001"",""UpdatedAt"":""2026-05-24T10:29:59.082Z""}",[],
QUEENSTOWN,11,HOLLAND DR,84,Unmatched,Ambiguous,Missing,Missing,ConflictOrPreviouslyMatchedOutcomeChange,[484],"{""271011"":{""d_8575e84912df3c28995b8e6e0e05205a"":[32839,93231,93849,136422,139575,150609,151068,159758,173859],""d_3a3807c023c61ddfba947dc069eb53f2"":[27629,49275,65868,75187,79232,82474,93309],""d_c0650f23e94c42e7a20921f4c5b75c24"":[63672,70827,116426,137853],""d_acbc938ec77af18f94cecc4a7c9ec720"":[14162,17794,28167,36164,36954,61780,66407,66913,72207],""d_124a9bd407c7a25f8335b93b86e50fdd"":[31543,44420,65035,71382],""d_4526d47d6714d3b052eed4a30b8b1ed6"":[25925,61733,63579,66607,69812],""d_b58303c68e9cf0d2ae93b73ffdbfbfa1"":[76836],""d_fa2ed456cf2b8597bb7e064b08fc3c7c"":[28798,42903],""d_478f45a9c541cbe679ca55d1cd2b970b"":[20001,28180,49105,60262],""d_5573b0db0575db32190a2ad27919a7aa"":[21767,38867,54179,63519,65796],""d_a2141adf93ec2a3c2ec2837b78d6d46e"":[14211,42547,45991,83585],""d_9af9317c646a1c881bb5591c91817cc6"":[16491,44846,47902,61297,102529,107401,110081,111259,111517,124098],""d_67e99e6eabc4aad9b5d48663b579746a"":[14765,32707,58793],""d_5c4ef48b025fdfbc80056401f06e3df9"":[9736,32967],""d_181005ca270b45408b4cdfc954980ca2"":[7123,25820,35601,41153,53537,53557,70442,82423,82437,86072],""d_df7d2d661c0c11a7c367c9ee4bf896c1"":[37688,48480,176205,191094,203365,216713,218006],""d_72f37e5c5d192951ddc5513c2b134482"":[20402,112002,128340],""d_e97e8e7fc55b85a38babf66b0fa46b73"":[29880],""d_af2042c77ffaf0db5d75561ce9ef5688"":[28811,41154,48367,50359],""d_31af23fdb79119ed185c256f03cb5773"":[31023,36334],""d_4e3db8955fdcda6f9944097bef3d2724"":[9226]}}","{""CacheKey"":""queenstown-11-holland-dr"",""SearchValue"":""11 HOLLAND DR SINGAPORE"",""Status"":""HistoricalFirstHit"",""Postal"":""278859"",""UpdatedAt"":""2026-05-24T10:29:59.082Z""}",[],
QUEENSTOWN,169,STIRLING RD,48,Unmatched,Ambiguous,Missing,Missing,ConflictOrPreviouslyMatchedOutcomeChange,[2180],"{""140169"":{""d_8575e84912df3c28995b8e6e0e05205a"":[91139,101841],""d_3a3807c023c61ddfba947dc069eb53f2"":[52384,71104],""d_c0650f23e94c42e7a20921f4c5b75c24"":[2507,18620,75458,76477,94940,110163],""d_acbc938ec77af18f94cecc4a7c9ec720"":[28627,33437,36134,48539],""d_124a9bd407c7a25f8335b93b86e50fdd"":[17623,35266,58006,69073],""d_4526d47d6714d3b052eed4a30b8b1ed6"":[4322,7134,12274,12275,33452,35780,36623,48276,60356,63377],""d_b58303c68e9cf0d2ae93b73ffdbfbfa1"":[28456,49652],""d_fa2ed456cf2b8597bb7e064b08fc3c7c"":[4405,46403,50486,74867,87796],""d_85518d970b8178975850457f60f1e738"":[24310,32920,48309],""d_478f45a9c541cbe679ca55d1cd2b970b"":[54976,61105,67631],""d_5573b0db0575db32190a2ad27919a7aa"":[24517,30273,37850,59898,74397],""d_a2141adf93ec2a3c2ec2837b78d6d46e"":[4595,46314,56175,65834,68298,72736,83597],""d_9af9317c646a1c881bb5591c91817cc6"":[710,7280,35506,57045,62716,77682,93631,109025,110142,114381,119481,123427],""d_67e99e6eabc4aad9b5d48663b579746a"":[59209],""d_5c4ef48b025fdfbc80056401f06e3df9"":[8436,12736,29265,30756,34003],""d_300ddc8da4e8f7bdc1bfc62d0d99e2e7"":[10174,20149],""d_181005ca270b45408b4cdfc954980ca2"":[29481,45936],""d_4130f1d9d365d9f1633536e959f62bb7"":[7736,7745,8040,10214],""d_2b8c54b2a490d2fa36b925289e5d9572"":[36057,38002,57270,64234,68520],""d_df7d2d661c0c11a7c367c9ee4bf896c1"":[612,88834,94472,100501,118011,122172,129878,147330,163014,170378,177192],""d_72f37e5c5d192951ddc5513c2b134482"":[17483,43819,56183,81195,102976,110998,140778],""d_0cc5f52a1f298b916f317800251057f3"":[13989],""d_e97e8e7fc55b85a38babf66b0fa46b73"":[21594,30829],""d_af2042c77ffaf0db5d75561ce9ef5688"":[13696,28611,38639],""d_31af23fdb79119ed185c256f03cb5773"":[22230,32410,32556]},""169876"":{""d_a2141adf93ec2a3c2ec2837b78d6d46e"":[63844]}}",,[],
QUEENSTOWN,19,GHIM MOH RD,42,Unmatched,Ambiguous,Missing,Missing,ConflictOrPreviouslyMatchedOutcomeChange,[2611],"{""270019"":{""d_8575e84912df3c28995b8e6e0e05205a"":[207,72744,80839,88883,106285,111566,147819,156400,160966,167123],""d_3a3807c023c61ddfba947dc069eb53f2"":[64711,65224,69012,87514],""d_c0650f23e94c42e7a20921f4c5b75c24"":[2069,40372,71294,72286,97396,118193,119478,128865,134629],""d_acbc938ec77af18f94cecc4a7c9ec720"":[26086,27394,29142],""d_124a9bd407c7a25f8335b93b86e50fdd"":[33427,66654,82248],""d_4526d47d6714d3b052eed4a30b8b1ed6"":[10739,34948,35209,42363,44639,45629,45755,47994,52128,53441,53476,55015,63057,65693],""d_b58303c68e9cf0d2ae93b73ffdbfbfa1"":[16250,35458,35666,48412,49466,65195,68442,76131,81833],""d_fa2ed456cf2b8597bb7e064b08fc3c7c"":[16391,16459,45149,47371,48202,59702,70162,73919,74412,76708,92436],""d_85518d970b8178975850457f60f1e738"":[32170,33804,38172,38592],""d_478f45a9c541cbe679ca55d1cd2b970b"":[21517,32433,51082,57402],""d_5573b0db0575db32190a2ad27919a7aa"":[19211,49607,66880],""d_a2141adf93ec2a3c2ec2837b78d6d46e"":[806,60580,72518,83071,89751,90392],""d_9af9317c646a1c881bb5591c91817cc6"":[26069,64868,93874,117072],""d_67e99e6eabc4aad9b5d48663b579746a"":[11925,15161,21135,31781,33110,36448,50625],""d_5c4ef48b025fdfbc80056401f06e3df9"":[6805,18399,38317],""d_300ddc8da4e8f7bdc1bfc62d0d99e2e7"":[11725,12039,14535,19748],""d_181005ca270b45408b4cdfc954980ca2"":[2079,66650,66685,90600],""d_4130f1d9d365d9f1633536e959f62bb7"":[541],""d_2b8c54b2a490d2fa36b925289e5d9572"":[2500,63967,65795,67641],""d_df7d2d661c0c11a7c367c9ee4bf896c1"":[452,1616,13022,19631,70801,89298,97901,113997,128831,163838,165534,175968,178653,183711,197178,211254,219392],""d_72f37e5c5d192951ddc5513c2b134482"":[46,1428,29528,87305,90100,97807,98165,106732,118956,136827],""d_0cc5f52a1f298b916f317800251057f3"":[8018,21667],""d_e97e8e7fc55b85a38babf66b0fa46b73"":[4733,34754],""d_af2042c77ffaf0db5d75561ce9ef5688"":[55196],""d_1cd970d8351b42be4a308d628a6dd9d3"":[9877,10080],""d_31af23fdb79119ed185c256f03cb5773"":[17741]},""600265"":{""d_3a3807c023c61ddfba947dc069eb53f2"":[64787]}}",,[],
QUEENSTOWN,2,DOVER RD,15,Unmatched,Ambiguous,Missing,Missing,ConflictOrPreviouslyMatchedOutcomeChange,[2730],"{""130002"":{""d_8575e84912df3c28995b8e6e0e05205a"":[135096],""d_3a3807c023c61ddfba947dc069eb53f2"":[74117],""d_c0650f23e94c42e7a20921f4c5b75c24"":[58349,70242,119646,136477,137997],""d_acbc938ec77af18f94cecc4a7c9ec720"":[35031,50628],""d_124a9bd407c7a25f8335b93b86e50fdd"":[78024,81289],""d_4526d47d6714d3b052eed4a30b8b1ed6"":[68875],""d_b58303c68e9cf0d2ae93b73ffdbfbfa1"":[74585],""d_fa2ed456cf2b8597bb7e064b08fc3c7c"":[46651,47954,49395,83326],""d_85518d970b8178975850457f60f1e738"":[19732],""d_478f45a9c541cbe679ca55d1cd2b970b"":[27475],""d_5573b0db0575db32190a2ad27919a7aa"":[74024,75639],""d_a2141adf93ec2a3c2ec2837b78d6d46e"":[46688,50568,70222,75293],""d_9af9317c646a1c881bb5591c91817cc6"":[93434,113782],""d_67e99e6eabc4aad9b5d48663b579746a"":[54643],""d_181005ca270b45408b4cdfc954980ca2"":[81732],""d_2b8c54b2a490d2fa36b925289e5d9572"":[56507],""d_df7d2d661c0c11a7c367c9ee4bf896c1"":[78902,225976,227779],""d_72f37e5c5d192951ddc5513c2b134482"":[50633,70164,112283,117175,132668],""d_e97e8e7fc55b85a38babf66b0fa46b73"":[29119],""d_af2042c77ffaf0db5d75561ce9ef5688"":[51044]},""0513"":{""d_acbc938ec77af18f94cecc4a7c9ec720"":[405,438],""d_124a9bd407c7a25f8335b93b86e50fdd"":[84160]}}",,[],
QUEENSTOWN,21,GHIM MOH RD,43,Unmatched,Ambiguous,Missing,Missing,ConflictOrPreviouslyMatchedOutcomeChange,[3078],"{""270021"":{""d_8575e84912df3c28995b8e6e0e05205a"":[61283,93045,93469,98425,100558,101669,107784,110558,113173,113367,116014,117742,119319,123890,130240,130700,140666,146518,158301,162379],""d_3a3807c023c61ddfba947dc069eb53f2"":[52436,52971,57687,68564,69194,73359,77592,85686,93467],""d_c0650f23e94c42e7a20921f4c5b75c24"":[1753,10993,50104,60537,69867,69964,71643,71817,76059,85974,86390,103680,106604,112340,115608,125852,128027,130191,135966,136607],""d_acbc938ec77af18f94cecc4a7c9ec720"":[40148,43054,50336,56632,57212,70189],""d_124a9bd407c7a25f8335b93b86e50fdd"":[38702,44126,65402],""d_4526d47d6714d3b052eed4a30b8b1ed6"":[215,15900,35296,42243,43568,43647,44299,45196,46865,47918,49595,52346,53907,58466,59109,59220,67886],""d_b58303c68e9cf0d2ae93b73ffdbfbfa1"":[48025,48464,49861,52459,55602,56378,57687,62111,62199,63550,64968,65211,66749,72156,73240,76460,76835,83639],""d_fa2ed456cf2b8597bb7e064b08fc3c7c"":[11738,18189,24494,43041,44775,44789,45286,45332,70988,72322,72875,75972,78873,85101,88610,94440],""d_85518d970b8178975850457f60f1e738"":[538,4680,14255,14362,33891,42533,43540,43887],""d_478f45a9c541cbe679ca55d1cd2b970b"":[5869,6589,23947,25040,28660,43348,46618,49145,63888,64273,65040],""d_5573b0db0575db32190a2ad27919a7aa"":[1279,1608,30820,31752,34527,35040,35987,45445,46537,50581,51798,51971,53619,65962],""d_a2141adf93ec2a3c2ec2837b78d6d46e"":[5240,15841,38077,41804,46949,57250,57398,60512,60893,63998,69016,75195,77338,83245,84843],""d_9af9317c646a1c881bb5591c91817cc6"":[28446,41816,61444,62916,64940,75758,84351,84484,84800,85086,90211,91658,91977,92567,100048,101059,107004,115125,119096,120031],""d_67e99e6eabc4aad9b5d48663b579746a"":[10930,39221,50410,53957,55700],""d_5c4ef48b025fdfbc80056401f06e3df9"":[30639,32237],""d_300ddc8da4e8f7bdc1bfc62d0d99e2e7"":[812,6983,17154,17853],""d_181005ca270b45408b4cdfc954980ca2"":[7393,39628,67691,69100,70682,71509,73534,75944,78144,82760,85019,98991],""d_4130f1d9d365d9f1633536e959f62bb7"":[6662,8093],""d_2b8c54b2a490d2fa36b925289e5d9572"":[3289,16288,35692,46105,52684,57523,60706,61257,69772],""d_df7d2d661c0c11a7c367c9ee4bf896c1"":[1332,48159,53919,69949,118751,119408,119571,119573,125352,145548,148722,150053,153907,159757,161170,161493,163200,167249,175909,179310,180534,187497,195141,195878,211349,223862,224142,224726,228629],""d_72f37e5c5d192951ddc5513c2b134482"":[2159,10962,17346,18029,68118,69101,80228,85681,87682,92868,93719,98232,106263,116998,122686,126171,135907],""d_0cc5f52a1f298b916f317800251057f3"":[18187,20811,23662],""d_e97e8e7fc55b85a38babf66b0fa46b73"":[6620,12040,21575,25483,28317,30616],""d_af2042c77ffaf0db5d75561ce9ef5688"":[4521,19813,27845,38104,39237,39581,46395],""d_1cd970d8351b42be4a308d628a6dd9d3"":[1164,6825,9254],""d_31af23fdb79119ed185c256f03cb5773"":[4786,15921,16291,16292,20714,22694,24319,24922,30059,34534],""d_4e3db8955fdcda6f9944097bef3d2724"":[11293,12151,14559]},""270031"":{""d_c0650f23e94c42e7a20921f4c5b75c24"":[96094]},""141058"":{""d_5c4ef48b025fdfbc80056401f06e3df9"":[28886]}}",,[],
QUEENSTOWN,3,DOVER RD,32,Unmatched,Ambiguous,Missing,Missing,ConflictOrPreviouslyMatchedOutcomeChange,[4900],"{""130003"":{""d_8575e84912df3c28995b8e6e0e05205a"":[136310,165354,166019],""d_3a3807c023c61ddfba947dc069eb53f2"":[39650],""d_c0650f23e94c42e7a20921f4c5b75c24"":[125688],""d_124a9bd407c7a25f8335b93b86e50fdd"":[77758,80901],""d_4526d47d6714d3b052eed4a30b8b1ed6"":[6038],""d_fa2ed456cf2b8597bb7e064b08fc3c7c"":[78678],""d_478f45a9c541cbe679ca55d1cd2b970b"":[20576],""d_5573b0db0575db32190a2ad27919a7aa"":[22076,60651,76484],""d_a2141adf93ec2a3c2ec2837b78d6d46e"":[35317,81290,81342],""d_9af9317c646a1c881bb5591c91817cc6"":[26615,110594],""d_67e99e6eabc4aad9b5d48663b579746a"":[60260],""d_5c4ef48b025fdfbc80056401f06e3df9"":[37719],""d_300ddc8da4e8f7bdc1bfc62d0d99e2e7"":[3493,17636],""d_2b8c54b2a490d2fa36b925289e5d9572"":[25206,34929],""d_df7d2d661c0c11a7c367c9ee4bf896c1"":[56876,64431,110261,206436,210533,214910],""d_72f37e5c5d192951ddc5513c2b134482"":[40046,112084,136402,137582],""d_0cc5f52a1f298b916f317800251057f3"":[6791,21330],""d_e97e8e7fc55b85a38babf66b0fa46b73"":[7223,31900],""d_af2042c77ffaf0db5d75561ce9ef5688"":[57591],""d_31af23fdb79119ed185c256f03cb5773"":[940,17220,18862]},""0513"":{""d_2b8c54b2a490d2fa36b925289e5d9572"":[36895]}}",,[],
SENGKANG,301D,ANCHORVALE DR,26,Unmatched,Ambiguous,Missing,Missing,ConflictOrPreviouslyMatchedOutcomeChange,[4983],"{""544301"":{""d_8575e84912df3c28995b8e6e0e05205a"":[78376,97431,147684,155383,166994,173394],""d_3a3807c023c61ddfba947dc069eb53f2"":[8586,82910,85731],""d_c0650f23e94c42e7a20921f4c5b75c24"":[104753],""d_acbc938ec77af18f94cecc4a7c9ec720"":[13620,55951],""d_124a9bd407c7a25f8335b93b86e50fdd"":[21937],""d_4526d47d6714d3b052eed4a30b8b1ed6"":[69241],""d_b58303c68e9cf0d2ae93b73ffdbfbfa1"":[27257],""d_fa2ed456cf2b8597bb7e064b08fc3c7c"":[23577,78530],""d_85518d970b8178975850457f60f1e738"":[2752,15982],""d_478f45a9c541cbe679ca55d1cd2b970b"":[14045,49526,56511,63987],""d_5573b0db0575db32190a2ad27919a7aa"":[66816,73435],""d_a2141adf93ec2a3c2ec2837b78d6d46e"":[40342,45815,68681],""d_9af9317c646a1c881bb5591c91817cc6"":[118336],""d_181005ca270b45408b4cdfc954980ca2"":[92220],""d_2b8c54b2a490d2fa36b925289e5d9572"":[65924],""d_df7d2d661c0c11a7c367c9ee4bf896c1"":[98899,206371,217159],""d_72f37e5c5d192951ddc5513c2b134482"":[129877,141084],""d_31af23fdb79119ed185c256f03cb5773"":[26504,34508]},""541301"":{""d_c0650f23e94c42e7a20921f4c5b75c24"":[102889]}}",,[],
SERANGOON,214,SERANGOON AVE 4,11,NormalizedAddress,Ambiguous,BlockApproximation,Missing,ConflictOrPreviouslyMatchedOutcomeChange,[3224],"{""550214"":{""d_8575e84912df3c28995b8e6e0e05205a"":[5147,74565,76980,129118,139079,169417],""d_3a3807c023c61ddfba947dc069eb53f2"":[12386,52488],""d_c0650f23e94c42e7a20921f4c5b75c24"":[39379,45224,82462,91422,110875,112454,112851,126428],""d_acbc938ec77af18f94cecc4a7c9ec720"":[8492,24767,39625,49106],""d_124a9bd407c7a25f8335b93b86e50fdd"":[66240],""d_4526d47d6714d3b052eed4a30b8b1ed6"":[26785,37739,53670,62506,65678],""d_b58303c68e9cf0d2ae93b73ffdbfbfa1"":[12098,15206,74439,84129],""d_fa2ed456cf2b8597bb7e064b08fc3c7c"":[7122,16179,55043,55168,63279,72529,77077,81081,91687],""d_85518d970b8178975850457f60f1e738"":[3709,6469,22625,38525,48454,48643,52221],""d_478f45a9c541cbe679ca55d1cd2b970b"":[15493,23591,31456,56253],""d_5573b0db0575db32190a2ad27919a7aa"":[11928,17209,21073,25903,38362,54826,59524,61355,70851,71091],""d_a2141adf93ec2a3c2ec2837b78d6d46e"":[11731,32263,38886,74569],""d_9af9317c646a1c881bb5591c91817cc6"":[2369,17375,80529,81889,85425,110707,112600],""d_67e99e6eabc4aad9b5d48663b579746a"":[8264,8949,49063,57758,58040],""d_5c4ef48b025fdfbc80056401f06e3df9"":[30270,38395,40482],""d_300ddc8da4e8f7bdc1bfc62d0d99e2e7"":[1308,15057],""d_181005ca270b45408b4cdfc954980ca2"":[13771,14175,14656,15047,15048,15770,67199],""d_4130f1d9d365d9f1633536e959f62bb7"":[8449,9992],""d_2b8c54b2a490d2fa36b925289e5d9572"":[39040,41039,59730,63681],""d_df7d2d661c0c11a7c367c9ee4bf896c1"":[12093,12773,26110,33898,48099,77874,134122,137354,140545,157630,157754,159573,184445,191113],""d_72f37e5c5d192951ddc5513c2b134482"":[18210,20816,79703,91801,107122,112405,132833],""d_e97e8e7fc55b85a38babf66b0fa46b73"":[25973],""d_af2042c77ffaf0db5d75561ce9ef5688"":[31749,32017,37456,48790],""d_1cd970d8351b42be4a308d628a6dd9d3"":[600,7058,7690],""d_31af23fdb79119ed185c256f03cb5773"":[4410,5348,19345,19352,19370,27780,28244],""d_4e3db8955fdcda6f9944097bef3d2724"":[14437]},""550124"":{""d_df7d2d661c0c11a7c367c9ee4bf896c1"":[3227]}}",,[],
TAMPINES,107,TAMPINES ST 11,25,Unmatched,Ambiguous,Missing,Missing,ConflictOrPreviouslyMatchedOutcomeChange,[375],"{""521107"":{""d_8575e84912df3c28995b8e6e0e05205a"":[11990,91704,94329,106762,151713,152382,159935],""d_3a3807c023c61ddfba947dc069eb53f2"":[24018,48298,52283,56416,57805,70165,72320,79428,85365],""d_c0650f23e94c42e7a20921f4c5b75c24"":[9,76753,76826,79181,88237,91731,100150,102078,112252,121893,125035],""d_acbc938ec77af18f94cecc4a7c9ec720"":[46478,48575,65674],""d_124a9bd407c7a25f8335b93b86e50fdd"":[44731,82193],""d_4526d47d6714d3b052eed4a30b8b1ed6"":[23626,35435,52684,61585],""d_b58303c68e9cf0d2ae93b73ffdbfbfa1"":[12462,15145,16619,47488],""d_fa2ed456cf2b8597bb7e064b08fc3c7c"":[22783,45767,51000,70637,77586],""d_85518d970b8178975850457f60f1e738"":[43737],""d_478f45a9c541cbe679ca55d1cd2b970b"":[27357,35721,40967,47596],""d_5573b0db0575db32190a2ad27919a7aa"":[28071,54373,57346],""d_a2141adf93ec2a3c2ec2837b78d6d46e"":[29324,82500],""d_9af9317c646a1c881bb5591c91817cc6"":[454,35658,86040,100408,105770,106995,110187,115746,123438],""d_67e99e6eabc4aad9b5d48663b579746a"":[41282,45441,46414,47550,51915],""d_5c4ef48b025fdfbc80056401f06e3df9"":[25900,32735,38701],""d_181005ca270b45408b4cdfc954980ca2"":[63881,80398,89996,90430],""d_4130f1d9d365d9f1633536e959f62bb7"":[839,10552,10825],""d_2b8c54b2a490d2fa36b925289e5d9572"":[7775,42784,51958,55117],""d_df7d2d661c0c11a7c367c9ee4bf896c1"":[1812,13129,153473,168216,187106,190433,208751],""d_72f37e5c5d192951ddc5513c2b134482"":[21349,31414,69794,74966,86058,100086,105110,106620,120289,135946,136358,140235,140268],""d_af2042c77ffaf0db5d75561ce9ef5688"":[6490,30895,41228,42808,52709],""d_31af23fdb79119ed185c256f03cb5773"":[19458,19994,27645],""d_4e3db8955fdcda6f9944097bef3d2724"":[17591]},""520270"":{""d_c0650f23e94c42e7a20921f4c5b75c24"":[93407]}}",,[],
TAMPINES,116,SIMEI ST 1,30,Unmatched,Ambiguous,Missing,Missing,ConflictOrPreviouslyMatchedOutcomeChange,[763],"{""520116"":{""d_8575e84912df3c28995b8e6e0e05205a"":[22142,136211,167465],""d_3a3807c023c61ddfba947dc069eb53f2"":[11714,59537,79662,83179],""d_c0650f23e94c42e7a20921f4c5b75c24"":[105244,109889,124744,127977],""d_acbc938ec77af18f94cecc4a7c9ec720"":[8484,32916],""d_124a9bd407c7a25f8335b93b86e50fdd"":[67527,75187],""d_4526d47d6714d3b052eed4a30b8b1ed6"":[23630,67037],""d_b58303c68e9cf0d2ae93b73ffdbfbfa1"":[66041,76047,76859],""d_fa2ed456cf2b8597bb7e064b08fc3c7c"":[93452],""d_a2141adf93ec2a3c2ec2837b78d6d46e"":[89250],""d_9af9317c646a1c881bb5591c91817cc6"":[90617,112630],""d_5c4ef48b025fdfbc80056401f06e3df9"":[31109],""d_181005ca270b45408b4cdfc954980ca2"":[82657,95358],""d_df7d2d661c0c11a7c367c9ee4bf896c1"":[220395],""d_72f37e5c5d192951ddc5513c2b134482"":[103192,104848,129747],""d_af2042c77ffaf0db5d75561ce9ef5688"":[53035],""d_1cd970d8351b42be4a308d628a6dd9d3"":[1606],""d_31af23fdb79119ed185c256f03cb5773"":[30616]},""427284"":{""d_df7d2d661c0c11a7c367c9ee4bf896c1"":[165453]}}",,[],
TAMPINES,138,TAMPINES ST 11,14,Unmatched,Ambiguous,Missing,Missing,ConflictOrPreviouslyMatchedOutcomeChange,[1507],"{""521138"":{""d_8575e84912df3c28995b8e6e0e05205a"":[97241,137863,147035,158547],""d_3a3807c023c61ddfba947dc069eb53f2"":[29089,45881,50845,53648,61215,62190,77634,81521,82683,86901,92703],""d_c0650f23e94c42e7a20921f4c5b75c24"":[25036,41320,78643,82555,94219,136093],""d_acbc938ec77af18f94cecc4a7c9ec720"":[18557,53726,55869,56487,62926],""d_124a9bd407c7a25f8335b93b86e50fdd"":[85742],""d_4526d47d6714d3b052eed4a30b8b1ed6"":[4807,44451,45400,46160,46649,54928],""d_b58303c68e9cf0d2ae93b73ffdbfbfa1"":[37860,50288,63380,67843],""d_fa2ed456cf2b8597bb7e064b08fc3c7c"":[44178,49645,50379,53399,82749,83121,88623,91184],""d_85518d970b8178975850457f60f1e738"":[41730,51251,59668],""d_478f45a9c541cbe679ca55d1cd2b970b"":[24862,27025,38712,43803,50265,54122,56593,61959],""d_5573b0db0575db32190a2ad27919a7aa"":[33890,35975,39379,39769,42894,59400],""d_a2141adf93ec2a3c2ec2837b78d6d46e"":[4891,58809,66292,85607],""d_9af9317c646a1c881bb5591c91817cc6"":[1106,8932,55646,80057],""d_67e99e6eabc4aad9b5d48663b579746a"":[779,10261,39129,45443,46260,46513,48079],""d_5c4ef48b025fdfbc80056401f06e3df9"":[24331],""d_300ddc8da4e8f7bdc1bfc62d0d99e2e7"":[3495,4840,5092,15258,20973],""d_181005ca270b45408b4cdfc954980ca2"":[20580,63518,84866],""d_2b8c54b2a490d2fa36b925289e5d9572"":[25416,43234,43852,45287],""d_df7d2d661c0c11a7c367c9ee4bf896c1"":[71225,85911,94826,96445,121917,191585,199434,204170,214800,221272,222619],""d_72f37e5c5d192951ddc5513c2b134482"":[1671,7491,10175,21056,21331,21672,39340,49936,80366,81848,82572,89922,107550,109076,112236,113700],""d_0cc5f52a1f298b916f317800251057f3"":[12700],""d_e97e8e7fc55b85a38babf66b0fa46b73"":[26197,26565],""d_af2042c77ffaf0db5d75561ce9ef5688"":[7447,34139,40346,41498,53864],""d_1cd970d8351b42be4a308d628a6dd9d3"":[2691,7502,9267],""d_31af23fdb79119ed185c256f03cb5773"":[6060,27278,30532]},""521139"":{""d_124a9bd407c7a25f8335b93b86e50fdd"":[60510]},""348538"":{""d_9af9317c646a1c881bb5591c91817cc6"":[81034]}}",,[],
TAMPINES,201A,TAMPINES ST 21,4,Unmatched,Ambiguous,Missing,Missing,ConflictOrPreviouslyMatchedOutcomeChange,[2837],"{""521201"":{""d_8575e84912df3c28995b8e6e0e05205a"":[129725,134590,135772],""d_3a3807c023c61ddfba947dc069eb53f2"":[52156,64609],""d_c0650f23e94c42e7a20921f4c5b75c24"":[522,69779,78113,79385],""d_acbc938ec77af18f94cecc4a7c9ec720"":[48906,48951],""d_124a9bd407c7a25f8335b93b86e50fdd"":[57769,60615,64633,75565],""d_b58303c68e9cf0d2ae93b73ffdbfbfa1"":[66562,67576],""d_fa2ed456cf2b8597bb7e064b08fc3c7c"":[88603],""d_85518d970b8178975850457f60f1e738"":[44650],""d_478f45a9c541cbe679ca55d1cd2b970b"":[34667,37163,39161,46125],""d_5573b0db0575db32190a2ad27919a7aa"":[14839,59438,59663,62498],""d_9af9317c646a1c881bb5591c91817cc6"":[30968,54083,54854,56678,95248,107810,118563],""d_67e99e6eabc4aad9b5d48663b579746a"":[38385],""d_5c4ef48b025fdfbc80056401f06e3df9"":[28421,31376],""d_300ddc8da4e8f7bdc1bfc62d0d99e2e7"":[15202],""d_2b8c54b2a490d2fa36b925289e5d9572"":[55508],""d_df7d2d661c0c11a7c367c9ee4bf896c1"":[99719,140744,144032,153074,168546,180447],""d_72f37e5c5d192951ddc5513c2b134482"":[135389],""d_0cc5f52a1f298b916f317800251057f3"":[19875],""d_e97e8e7fc55b85a38babf66b0fa46b73"":[11082,24347],""d_1cd970d8351b42be4a308d628a6dd9d3"":[9995]},""520201"":{""d_478f45a9c541cbe679ca55d1cd2b970b"":[44646],""d_300ddc8da4e8f7bdc1bfc62d0d99e2e7"":[12160],""d_181005ca270b45408b4cdfc954980ca2"":[68522],""d_df7d2d661c0c11a7c367c9ee4bf896c1"":[156911,167370]}}",,[],
TAMPINES,201B,TAMPINES ST 21,10,Unmatched,Ambiguous,Missing,Missing,ConflictOrPreviouslyMatchedOutcomeChange,[2841],"{""522201"":{""d_8575e84912df3c28995b8e6e0e05205a"":[18967,25782,104284,146501,152528,161122,166183],""d_3a3807c023c61ddfba947dc069eb53f2"":[36790,58157,64591,69840,73956,93360],""d_c0650f23e94c42e7a20921f4c5b75c24"":[64211,69719,73129,77264,78926,86608,107731,107906,116771],""d_acbc938ec77af18f94cecc4a7c9ec720"":[37182,39621,50528,54974,70251],""d_4526d47d6714d3b052eed4a30b8b1ed6"":[37596,39270,40180,46027,51860,60430,66269],""d_b58303c68e9cf0d2ae93b73ffdbfbfa1"":[637,3686,16920,43331,46148,56962,70825,84497],""d_fa2ed456cf2b8597bb7e064b08fc3c7c"":[26875,65022,68247,82168],""d_478f45a9c541cbe679ca55d1cd2b970b"":[15554,45862,57540],""d_5573b0db0575db32190a2ad27919a7aa"":[6855,41272,46164,47649,53694,55677,55996,64855,71690],""d_a2141adf93ec2a3c2ec2837b78d6d46e"":[17551,36144,43228,49077,50710,54128,57069,59262,62897],""d_9af9317c646a1c881bb5591c91817cc6"":[3464,9902,24329,66789,72758,76733,76845,77138,84971,88132,89882,97795,99345,105355],""d_5c4ef48b025fdfbc80056401f06e3df9"":[13989,19421,26071,26072,31381],""d_300ddc8da4e8f7bdc1bfc62d0d99e2e7"":[12456,14078,21035],""d_181005ca270b45408b4cdfc954980ca2"":[61148,61338,61758,67061,69533,70914,81006],""d_2b8c54b2a490d2fa36b925289e5d9572"":[11501,37159,51257,56886],""d_df7d2d661c0c11a7c367c9ee4bf896c1"":[30363,79734,97273,136105,139207,142119,151246,167938,173618,202417,210776,216002],""d_72f37e5c5d192951ddc5513c2b134482"":[23892,77087,87770,87782,93337,96571,104956,105519,124861],""d_e97e8e7fc55b85a38babf66b0fa46b73"":[33705],""d_af2042c77ffaf0db5d75561ce9ef5688"":[22874],""d_1cd970d8351b42be4a308d628a6dd9d3"":[8479,11071],""d_31af23fdb79119ed185c256f03cb5773"":[21765,22396],""d_4e3db8955fdcda6f9944097bef3d2724"":[7296,10220,11501]},""487148"":{""d_acbc938ec77af18f94cecc4a7c9ec720"":[45180]},""520201"":{""d_5573b0db0575db32190a2ad27919a7aa"":[51256],""d_4e3db8955fdcda6f9944097bef3d2724"":[11347]},""524201"":{""d_67e99e6eabc4aad9b5d48663b579746a"":[41506]}}",,[],
TAMPINES,201D,TAMPINES ST 21,13,Unmatched,Ambiguous,Missing,Missing,ConflictOrPreviouslyMatchedOutcomeChange,[2849],"{""524201"":{""d_8575e84912df3c28995b8e6e0e05205a"":[3412,7430,18555,25972,27216,34511,34584,42766,52012,52735,72309,89680,98867,99291,99301,99303,100835,101380,103133,103423,103577,104214,105171,106388,106554,107293,107555,108345,108585,110064,110979,111603,112197,112271,113294,113676,114224,114353,114511,120722,122147,124122,124123,124595,127723,130602,130709,132992,133301,135667,136641,137325,137904,138090,143228,143868,146338,146600,148690,158760,159794,160582,162393,162651,168465,173201],""d_3a3807c023c61ddfba947dc069eb53f2"":[6739,7699,11800,15537,15539,15873,22750,29056,39257,39852,51214,55296,55426,58497,58603,59611,60017,60078,60317,61461,61833,62313,62740,64686,64724,65888,68629,69311,69756,70050,70254,70762,71350,71694,72834,73159,74866,80704],""d_c0650f23e94c42e7a20921f4c5b75c24"":[2039,7283,7505,15326,19134,25485,38154,58998,77366,79928,82285,83820,84111,85641,85945,86749,87812,88510,88663,89832,89919,92091,93910,95270,95467,96620,99342,100207,101417,102319,102874,109764,109899,110167,112689,113817,116649,121741,126006,126637,126876,128870,136823],""d_acbc938ec77af18f94cecc4a7c9ec720"":[3052,3626,9178,23761,29045,41119,41198,44554,45195,45246,46298,47078,48564,52302,57842,59444],""d_124a9bd407c7a25f8335b93b86e50fdd"":[570,4498,8989,9738,10158,10998,16086,22728,24499,24559,25655,26628,46070,46816,49563,50658,51855,52315,52675,53192,53583,53746,54047,54067,57336,57726,59512,59821,62481,67532],""d_4526d47d6714d3b052eed4a30b8b1ed6"":[5451,9627,39130,43010,43863,44255,44863,46538,46743,47369,48291,48551,49542,50127,50216,51779,52146,52861,52938,53788,54099,54391,55099,56490,60411,63418],""d_b58303c68e9cf0d2ae93b73ffdbfbfa1"":[458,5448,5466,5512,46384,46521,49115,49116,50426,51350,53050,53654,54531,54710,55723,56198,56285,57826,58930,58946,59188,59268,59410,60555,62228,63912,66242,66699,68162],""d_fa2ed456cf2b8597bb7e064b08fc3c7c"":[1779,7384,7609,9249,12495,22540,28045,37137,39927,47900,51726,54803,54839,55146,55450,56196,57468,57623,57969,58405,61159,61215,61354,62168,62849,63790,63922,64577,64797,64926,66843,67727,68405,68545,69186,70593,71302,73992,75297,75717,76856,76896,77814,79947,82713,90006,92687],""d_85518d970b8178975850457f60f1e738"":[12322,31028,37145,37559,37647,43930,46584,49606,58436],""d_478f45a9c541cbe679ca55d1cd2b970b"":[1296,5762,10178,10571,13860,16311,31503,31543,31807,33201,34941,35115,35471,35576,35886,35924,36495,37736,43125,43385,45472,46982,51226,51288,58007,60933,62970,66053,66807],""d_5573b0db0575db32190a2ad27919a7aa"":[990,7870,8477,9228,9454,12231,14477,14793,17014,17493,19933,30432,35612,36804,39314,39671,40711,41032,41617,44631,44653,46184,46586,47294,47309,48246,48269,48570,49763,49833,50201,52206,59897,61361,61744,64036,65400],""d_a2141adf93ec2a3c2ec2837b78d6d46e"":[5929,14777,23971,30311,33964,48186,50457,51212,52556,53206,53325,56770,58640,59270,60741,61903,62388,63517,67035,68610,70902,74175,74303,75539,76167,77398,80390,81969,82742,83867,92146],""d_9af9317c646a1c881bb5591c91817cc6"":[4905,8877,11549,14515,16209,19692,20230,23161,23551,26267,51390,54321,65314,67088,67988,69509,73376,73910,74023,77446,78393,79035,79390,79683,80244,80376,81013,81026,81472,81846,82576,82614,85636,85642,87568,87974,96669,96944,97614,102690,102738,103667,109896,112044,112458,115324,117098,118946],""d_67e99e6eabc4aad9b5d48663b579746a"":[6535,7015,10021,19251,19513,34075,34407,34465,34876,35233,35422,35606,37006,38615,39603,40017,40728,41877,43195,44970,50233,54066,54973,55496,56162],""d_5c4ef48b025fdfbc80056401f06e3df9"":[4199,10119,20538,27809,31202,33931,35987,38765,39057,39099],""d_300ddc8da4e8f7bdc1bfc62d0d99e2e7"":[301,5243,12288,12386,14216,15361,18167],""d_181005ca270b45408b4cdfc954980ca2"":[5116,17975,50855,51314,54546,55485,55517,58504,60070,63277,64047,64679,64953,66437,67242,67457,67578,72678,76991,78660,81610,85048,99639],""d_4130f1d9d365d9f1633536e959f62bb7"":[2844,5160,6590,10210],""d_2b8c54b2a490d2fa36b925289e5d9572"":[3673,5293,7107,11169,12793,25045,36384,38025,39527,40623,41274,46940,47009,47788,47928,49655,54121,55027,55753,56390,56769,63846],""d_df7d2d661c0c11a7c367c9ee4bf896c1"":[2564,14713,17421,19507,19715,21893,22576,26722,29467,30525,35420,46103,46543,47169,55300,59025,77854,80409,85503,85658,88074,90609,118307,118670,123265,130391,130680,131986,132369,132668,137266,140509,142102,143863,144814,145116,145502,146139,146181,147321,148092,148162,149531,150339,150706,151922,152168,152860,152978,153687,154574,154604,154620,156553,157346,157614,158135,158337,159025,159365,159624,161298,163125,163948,164732,171541,174675,176854,177494,178563,180013,182602,182646,183318,183787,184512,190313,190348,193102,193779,195704,197148,197719,200704,201284,202332,203553,203962,205913,211437,216535,216908,220701,229667,229668,230179,230214],""d_72f37e5c5d192951ddc5513c2b134482"":[5418,11101,27625,29782,31379,32788,33098,33387,54092,67425,67507,71077,73664,76560,76767,77517,78063,78181,78673,79591,80627,80947,81305,82176,83071,83981,84198,85773,86594,87818,88545,89670,90065,91190,91551,92091,93085,94442,95154,95979,97005,97336,98161,99296,110203,110372,113870,115825,117353,120086,128042,128668,132161,134643,134760,135452,135878,135924,140837],""d_0cc5f52a1f298b916f317800251057f3"":[4305,4434,7077,16718,17368,17457,17458,20615,21456],""d_e97e8e7fc55b85a38babf66b0fa46b73"":[3786,4757,19797,28415,34047],""d_af2042c77ffaf0db5d75561ce9ef5688"":[6420,27930,27998,30009,31156,32393,35671,35916,36345,36806,37311,38120,38653,39101,41506,42398,43316,44063,47312,53668],""d_1cd970d8351b42be4a308d628a6dd9d3"":[7997,8180,9076,11472,12300],""d_31af23fdb79119ed185c256f03cb5773"":[2550,3505,3994,8637,9361,15731,17137,17187,20243,20628,20911,21249,21634,21802,21874,22487,23043,23253,23320,24348,25021,25089,25210,25477,26431,30387,31264,34837],""d_4e3db8955fdcda6f9944097bef3d2724"":[10261,10414,10861,12948,13789]},""523201"":{""d_8575e84912df3c28995b8e6e0e05205a"":[113200],""d_acbc938ec77af18f94cecc4a7c9ec720"":[46412]},""520201"":{""d_8575e84912df3c28995b8e6e0e05205a"":[122695],""d_3a3807c023c61ddfba947dc069eb53f2"":[62203,65208],""d_c0650f23e94c42e7a20921f4c5b75c24"":[103232],""d_acbc938ec77af18f94cecc4a7c9ec720"":[42915,47762],""d_85518d970b8178975850457f60f1e738"":[40041],""d_478f45a9c541cbe679ca55d1cd2b970b"":[44139],""d_67e99e6eabc4aad9b5d48663b579746a"":[41080],""d_181005ca270b45408b4cdfc954980ca2"":[8535],""d_2b8c54b2a490d2fa36b925289e5d9572"":[47467],""d_df7d2d661c0c11a7c367c9ee4bf896c1"":[154524],""d_72f37e5c5d192951ddc5513c2b134482"":[89990,98402],""d_0cc5f52a1f298b916f317800251057f3"":[16379],""d_af2042c77ffaf0db5d75561ce9ef5688"":[38316],""d_31af23fdb79119ed185c256f03cb5773"":[25048]},""520210"":{""d_acbc938ec77af18f94cecc4a7c9ec720"":[44913]},""521201"":{""d_31af23fdb79119ed185c256f03cb5773"":[25566]}}",,[],
TAMPINES,201E,TAMPINES ST 23,15,Unmatched,Ambiguous,Missing,Missing,ConflictOrPreviouslyMatchedOutcomeChange,[2850],"{""527201"":{""d_8575e84912df3c28995b8e6e0e05205a"":[363,14103,19094,23135,45011,62461,73313,84619,92533,99129,100474,100690,104056,107034,108779,109626,113755,114490,114631,115199,119709,120251,121078,121250,121669,123514,123663,127816,128850,129674,130716,131377,132471,132549,134764,135811,136023,143447,156268,169325],""d_3a3807c023c61ddfba947dc069eb53f2"":[8806,9924,44531,53554,54455,55005,56468,59883,61282,62476,63943,65948,66733,66734,83120,87848],""d_c0650f23e94c42e7a20921f4c5b75c24"":[2666,12041,22187,22604,29735,48913,49252,75585,78400,78482,78528,78740,84238,85380,87787,88673,89529,89742,90170,91013,93009,95728,96218,98796,102178,103775,105190,105532,108818,109177,118023],""d_acbc938ec77af18f94cecc4a7c9ec720"":[7401,14451,15389,22286,36045,43536,44100,48804,51896,51943,53000,54105,54259,54871,60234,61440,65304,73058],""d_124a9bd407c7a25f8335b93b86e50fdd"":[3498,32577,32610,40428,45157,46009,47641,49538,51550,51606,54080,57815,59169,62015,67534,67966,73051,84932,85498],""d_4526d47d6714d3b052eed4a30b8b1ed6"":[7174,21500,22579,38954,39606,40515,40985,46201,47662,48258,52131,54507,68771],""d_b58303c68e9cf0d2ae93b73ffdbfbfa1"":[45417,49438,51360,51779,52378,53257,54987,57746,58692,68683,69156,72168,79268,81935,82393,83396],""d_fa2ed456cf2b8597bb7e064b08fc3c7c"":[12601,21193,24858,27667,32049,42395,44703,45419,46465,49305,51275,52103,53389,55637,57657,58977,61140,63050,65905,68439,68699,68875,70939,74237,74778,77835,79514,88449,93938],""d_85518d970b8178975850457f60f1e738"":[15836,19966,23133,25894,34893,38772,40204,44087],""d_478f45a9c541cbe679ca55d1cd2b970b"":[5183,10636,27103,27424,31335,34750,34837,36384,37401,43507,45898,46016,48451,48816,54618,60620,61048,63491,64484,66758],""d_5573b0db0575db32190a2ad27919a7aa"":[2101,5580,8710,25977,28246,32296,37300,38763,40771,41459,41530,43301,43878,45064,47886,58927,59816,60068,70777,74113,74462],""d_a2141adf93ec2a3c2ec2837b78d6d46e"":[5043,5230,10788,20143,20851,38271,45507,50782,51204,58540,58871,61382,62522,63674,66040,66858,67047,69000,70534,72620,77266,80125],""d_9af9317c646a1c881bb5591c91817cc6"":[9477,29987,30693,31449,34710,37391,49429,60522,61733,63418,65077,69519,69607,71186,71587,72365,72503,73427,74960,75799,81113,81879,81959,82792,83167,83837,87912,89633,90056,91496,92108,92515,93941,94549,95941,96237,99262,102001,103106,103627,104884,106195,106344,106802,112743,116816],""d_67e99e6eabc4aad9b5d48663b579746a"":[3589,37017,37210,39174,40246,45975,48516,49574,49808,51966,54305,54766,55291],""d_5c4ef48b025fdfbc80056401f06e3df9"":[175,7276,15274,26108,29098,29753,36711,40664],""d_300ddc8da4e8f7bdc1bfc62d0d99e2e7"":[2458,12557,12830,14752,14925,15016,16443,19275,22239],""d_181005ca270b45408b4cdfc954980ca2"":[53246,56696,65314,67162,71676,72764,74216,78735,80491,82242,83936,84298,93508,97845],""d_4130f1d9d365d9f1633536e959f62bb7"":[4462,11705,11969],""d_2b8c54b2a490d2fa36b925289e5d9572"":[17553,32632,41428,41456,41540,41921,43062,44690,47087,50679,54159,54378,59291,64412,65279],""d_df7d2d661c0c11a7c367c9ee4bf896c1"":[25111,25325,26729,26938,42542,42871,42872,42876,42877,43311,43754,44969,48981,48982,48983,49099,50728,51439,52821,53552,55467,56044,60225,60780,63786,64523,67768,67827,68970,70236,72932,74634,75569,75939,75940,77145,77251,77252,78248,80143,83392,83861,83862,93717,96855,99678,102270,102942,107689,121396,122510,124009,132098,133056,133637,134544,135476,137176,139299,139981,142400,142595,142716,143192,144238,144393,144818,145537,146452,148564,152885,154041,158590,161632,162432,163727,170246,171013,171968,173896,174284,174446,178584,179487,183228,190700,193044,194019,196091,199731,208322,211663,225671,225672,226781],""d_72f37e5c5d192951ddc5513c2b134482"":[412,478,10688,14237,17347,17397,21935,28194,63031,68487,71267,75998,76697,77255,80621,80708,81531,82276,85760,87934,89932,91193,91495,93123,94668,96896,97575,98986,103095,104499,108393,108827,111127,111483,112612,115904,128921,130676],""d_0cc5f52a1f298b916f317800251057f3"":[3614,14579,19251],""d_e97e8e7fc55b85a38babf66b0fa46b73"":[1856,21503,27180,30350,30836],""d_af2042c77ffaf0db5d75561ce9ef5688"":[2598,26133,35550,36758,39391,40002,51940],""d_1cd970d8351b42be4a308d628a6dd9d3"":[7702,10220],""d_31af23fdb79119ed185c256f03cb5773"":[17941,23211,23737,25622,26040,30831,32343],""d_4e3db8955fdcda6f9944097bef3d2724"":[11318,12004,12755,12971,14731,16502]},""520271"":{""d_8575e84912df3c28995b8e6e0e05205a"":[118113]},""520201"":{""d_fa2ed456cf2b8597bb7e064b08fc3c7c"":[68324],""d_a2141adf93ec2a3c2ec2837b78d6d46e"":[63922,63936],""d_67e99e6eabc4aad9b5d48663b579746a"":[40545],""d_72f37e5c5d192951ddc5513c2b134482"":[92390],""d_31af23fdb79119ed185c256f03cb5773"":[26646]},""507201"":{""d_181005ca270b45408b4cdfc954980ca2"":[66955]},""560201"":{""d_0cc5f52a1f298b916f317800251057f3"":[15668]}}",,[],
TAMPINES,419,TAMPINES ST 41,39,Unmatched,Ambiguous,Missing,Missing,ConflictOrPreviouslyMatchedOutcomeChange,[6986],"{""520419"":{""d_8575e84912df3c28995b8e6e0e05205a"":[15367,108069,115165,118031,119351,156045,161032],""d_3a3807c023c61ddfba947dc069eb53f2"":[44,41388,52177,64350,65938,75414,84494],""d_c0650f23e94c42e7a20921f4c5b75c24"":[78664,96532,100844,111293,124202,132694],""d_acbc938ec77af18f94cecc4a7c9ec720"":[44348,54852,58053,61137,71224],""d_124a9bd407c7a25f8335b93b86e50fdd"":[69699,82646],""d_4526d47d6714d3b052eed4a30b8b1ed6"":[19408,47182,48251,51857,54064,54761,67199],""d_b58303c68e9cf0d2ae93b73ffdbfbfa1"":[57235,73698],""d_fa2ed456cf2b8597bb7e064b08fc3c7c"":[52150,53036,64028,69269,70887,74663,75215,79389],""d_85518d970b8178975850457f60f1e738"":[31920,38782,43550,45482,52050],""d_478f45a9c541cbe679ca55d1cd2b970b"":[38463,43834,45147,47419],""d_5573b0db0575db32190a2ad27919a7aa"":[6929,7701,25794,41632,41730,45975,48577],""d_a2141adf93ec2a3c2ec2837b78d6d46e"":[21914,28854,31628,40396,49160,49599,61648,64717,68690,72944,82768,85902],""d_9af9317c646a1c881bb5591c91817cc6"":[23304,66916,71309,82905,92996,95836,96721,108447,121758,122172,122173],""d_67e99e6eabc4aad9b5d48663b579746a"":[28677,39480,49646,49875,50885,51743,56124,56574],""d_5c4ef48b025fdfbc80056401f06e3df9"":[30359,36912,40904],""d_300ddc8da4e8f7bdc1bfc62d0d99e2e7"":[12913,19861],""d_181005ca270b45408b4cdfc954980ca2"":[55765,55894,60395,68447,70992],""d_4130f1d9d365d9f1633536e959f62bb7"":[9815,9827],""d_2b8c54b2a490d2fa36b925289e5d9572"":[44082,48140,58723,67923],""d_df7d2d661c0c11a7c367c9ee4bf896c1"":[44851,67724,113281,115572,132071,143496,147142,153510,158488,168357,172927,183333,196585,213417,217324],""d_72f37e5c5d192951ddc5513c2b134482"":[22615,38645,57751,76235,76620,84308,87389,96803,135057],""d_0cc5f52a1f298b916f317800251057f3"":[20770],""d_af2042c77ffaf0db5d75561ce9ef5688"":[5376,40449,52097,53347],""d_4e3db8955fdcda6f9944097bef3d2724"":[17033]},""520417"":{""d_2b8c54b2a490d2fa36b925289e5d9572"":[46035]}}",,[],
TAMPINES,443,TAMPINES ST 43,17,Unmatched,Ambiguous,Missing,Missing,ConflictOrPreviouslyMatchedOutcomeChange,[7471],"{""520443"":{""d_8575e84912df3c28995b8e6e0e05205a"":[56126,83450,90445,118088],""d_c0650f23e94c42e7a20921f4c5b75c24"":[117071,119675],""d_124a9bd407c7a25f8335b93b86e50fdd"":[77259],""d_4526d47d6714d3b052eed4a30b8b1ed6"":[12850,62204,65610],""d_b58303c68e9cf0d2ae93b73ffdbfbfa1"":[76742,81078],""d_85518d970b8178975850457f60f1e738"":[51297],""d_67e99e6eabc4aad9b5d48663b579746a"":[57228],""d_300ddc8da4e8f7bdc1bfc62d0d99e2e7"":[12144],""d_181005ca270b45408b4cdfc954980ca2"":[77839,82050,97982,98214],""d_2b8c54b2a490d2fa36b925289e5d9572"":[67676],""d_df7d2d661c0c11a7c367c9ee4bf896c1"":[151781,177688,186375,223853],""d_72f37e5c5d192951ddc5513c2b134482"":[130523],""d_e97e8e7fc55b85a38babf66b0fa46b73"":[28445,28454],""d_af2042c77ffaf0db5d75561ce9ef5688"":[41444,45702],""d_1cd970d8351b42be4a308d628a6dd9d3"":[11192],""d_31af23fdb79119ed185c256f03cb5773"":[31096]},""520433"":{""d_a2141adf93ec2a3c2ec2837b78d6d46e"":[60927]}}",,[],
TAMPINES,465,TAMPINES ST 44,18,Unmatched,Ambiguous,Missing,Missing,ConflictOrPreviouslyMatchedOutcomeChange,[7887],"{""520465"":{""d_8575e84912df3c28995b8e6e0e05205a"":[76295,85302,149213],""d_c0650f23e94c42e7a20921f4c5b75c24"":[9815],""d_acbc938ec77af18f94cecc4a7c9ec720"":[57705],""d_4526d47d6714d3b052eed4a30b8b1ed6"":[62878],""d_fa2ed456cf2b8597bb7e064b08fc3c7c"":[85591],""d_5573b0db0575db32190a2ad27919a7aa"":[62574],""d_9af9317c646a1c881bb5591c91817cc6"":[101935,107748,118789],""d_67e99e6eabc4aad9b5d48663b579746a"":[48823],""d_300ddc8da4e8f7bdc1bfc62d0d99e2e7"":[17939],""d_2b8c54b2a490d2fa36b925289e5d9572"":[31816],""d_df7d2d661c0c11a7c367c9ee4bf896c1"":[189637,218029,231109],""d_72f37e5c5d192951ddc5513c2b134482"":[132585],""d_e97e8e7fc55b85a38babf66b0fa46b73"":[38243],""d_31af23fdb79119ed185c256f03cb5773"":[28891,33164,35729]},""792469"":{""d_8575e84912df3c28995b8e6e0e05205a"":[151523]}}",,[],
TAMPINES,474,TAMPINES ST 43,4,Unmatched,Ambiguous,Missing,Missing,ConflictOrPreviouslyMatchedOutcomeChange,[8071],"{""520474"":{""d_8575e84912df3c28995b8e6e0e05205a"":[114361,123440,124657,153439,163103,171798],""d_3a3807c023c61ddfba947dc069eb53f2"":[61272],""d_c0650f23e94c42e7a20921f4c5b75c24"":[13398,87129,88273,92924,99802,104970,133165,137677],""d_acbc938ec77af18f94cecc4a7c9ec720"":[1572,52851,55003],""d_124a9bd407c7a25f8335b93b86e50fdd"":[57922,74126,76064],""d_4526d47d6714d3b052eed4a30b8b1ed6"":[30915,40263,45888,52104,67142,67470,67535],""d_b58303c68e9cf0d2ae93b73ffdbfbfa1"":[53355,55439,69485,70176],""d_fa2ed456cf2b8597bb7e064b08fc3c7c"":[59173,62605,67819,79126],""d_85518d970b8178975850457f60f1e738"":[38620,44658,49124,56146],""d_478f45a9c541cbe679ca55d1cd2b970b"":[5271,36758],""d_5573b0db0575db32190a2ad27919a7aa"":[46675,55844],""d_a2141adf93ec2a3c2ec2837b78d6d46e"":[54179,56460,58822],""d_9af9317c646a1c881bb5591c91817cc6"":[4351,47059,92764,104377,108995,122994],""d_67e99e6eabc4aad9b5d48663b579746a"":[38369,40198,40725,42082],""d_181005ca270b45408b4cdfc954980ca2"":[41292,74552],""d_2b8c54b2a490d2fa36b925289e5d9572"":[14820,54235],""d_df7d2d661c0c11a7c367c9ee4bf896c1"":[118545,155425,162667,168091,168290,174592,177910,187032],""d_72f37e5c5d192951ddc5513c2b134482"":[88059,93257,97806,106908,109539,130996],""d_0cc5f52a1f298b916f317800251057f3"":[2587],""d_e97e8e7fc55b85a38babf66b0fa46b73"":[26522],""d_af2042c77ffaf0db5d75561ce9ef5688"":[34155,38184],""d_31af23fdb79119ed185c256f03cb5773"":[23378,29044,29357],""d_4e3db8955fdcda6f9944097bef3d2724"":[12153,12389,12770,14225]},""520433"":{""d_a2141adf93ec2a3c2ec2837b78d6d46e"":[60886]},""520484"":{""d_4e3db8955fdcda6f9944097bef3d2724"":[11734]}}",,[],
TAMPINES,477,TAMPINES ST 43,10,Unmatched,Ambiguous,Missing,Missing,ConflictOrPreviouslyMatchedOutcomeChange,[8117],"{""520477"":{""d_8575e84912df3c28995b8e6e0e05205a"":[103807,105324,106672,107426,108333,109026,109416,110850,113729,117342,118365,123403,132969,166908,172436],""d_3a3807c023c61ddfba947dc069eb53f2"":[22688,24602,48030,59643,74338,75132,84787],""d_c0650f23e94c42e7a20921f4c5b75c24"":[53727,61611,88598,89387,89467,90609,91371,91639,91708,95387,95466,99534,100851,104861,108855,109868],""d_acbc938ec77af18f94cecc4a7c9ec720"":[42946,43320,45687,46308,48288,48806,52337,55365,57915,67332],""d_124a9bd407c7a25f8335b93b86e50fdd"":[8786,22746,24297,26592,27169,27620,36079,38500,41959,53733,54174,55387,55754,57224,57908,62712,68003,70115,75801,77902],""d_4526d47d6714d3b052eed4a30b8b1ed6"":[4939,30156,40559,42454,42455,44846,50289,52565,53579,56173,56703,56944],""d_b58303c68e9cf0d2ae93b73ffdbfbfa1"":[14554,39091,55471,58348,58509,60359,63713,71367],""d_fa2ed456cf2b8597bb7e064b08fc3c7c"":[42505,51383,57787,58234,65389,65876,67772,69085,70720,74331,74494,74504,74804,77549,78564,78837,80837,85710],""d_85518d970b8178975850457f60f1e738"":[38395,44985],""d_478f45a9c541cbe679ca55d1cd2b970b"":[1823,35396,35567,36365,42858,47008,49463],""d_5573b0db0575db32190a2ad27919a7aa"":[4817,8337,29731,46887,47263,50299,57252,59462,67290,71853],""d_a2141adf93ec2a3c2ec2837b78d6d46e"":[11832,57986,58041,59897,61719,68492,70978],""d_9af9317c646a1c881bb5591c91817cc6"":[8504,48123,52292,75177,75411,79933,80398,81557,87118,88571,89719,98878,115370,120168],""d_67e99e6eabc4aad9b5d48663b579746a"":[37624,39370,39641,40530,44458,45189,46240,54613,58535],""d_5c4ef48b025fdfbc80056401f06e3df9"":[27978,28466,31795],""d_300ddc8da4e8f7bdc1bfc62d0d99e2e7"":[12678],""d_181005ca270b45408b4cdfc954980ca2"":[39799,47940,58753,62339,63783,71501,75568,79010,82118,88775],""d_2b8c54b2a490d2fa36b925289e5d9572"":[40957,42948,44338,53095,53735],""d_df7d2d661c0c11a7c367c9ee4bf896c1"":[16814,101272,136156,143957,144900,145115,145542,158122,162607,169898,170182,171287,173730,178035,178985,179297,181502,182923,189255,197253,201171],""d_72f37e5c5d192951ddc5513c2b134482"":[12989,24647,25556,53074,86047,86085,88519,88591,90041,90526,91325,93320,96610,98254,98454,103434,103619,106613,107745,108110,111037,115086,115384,127342,128068,132627,141376],""d_0cc5f52a1f298b916f317800251057f3"":[5253],""d_af2042c77ffaf0db5d75561ce9ef5688"":[8932,34879,42795,46461],""d_1cd970d8351b42be4a308d628a6dd9d3"":[7460,9682],""d_31af23fdb79119ed185c256f03cb5773"":[14740,22229,22643,22649,24813,26073,30135,30318,30542,31902],""d_4e3db8955fdcda6f9944097bef3d2724"":[10365,12102,12916,12994,16481]},""520445"":{""d_478f45a9c541cbe679ca55d1cd2b970b"":[36975]},""520422"":{""d_4130f1d9d365d9f1633536e959f62bb7"":[8578]},""520475"":{""d_e97e8e7fc55b85a38babf66b0fa46b73"":[26200]}}",,[],
TAMPINES,482,TAMPINES ST 43,1,Unmatched,Ambiguous,Missing,Missing,ConflictOrPreviouslyMatchedOutcomeChange,[8184],"{""520482"":{""d_8575e84912df3c28995b8e6e0e05205a"":[45587,114864,120902,163378,167311,167497],""d_3a3807c023c61ddfba947dc069eb53f2"":[51138,68551,92484],""d_c0650f23e94c42e7a20921f4c5b75c24"":[89204,96180,110386,111726,113434,120839],""d_acbc938ec77af18f94cecc4a7c9ec720"":[40412],""d_124a9bd407c7a25f8335b93b86e50fdd"":[57489],""d_4526d47d6714d3b052eed4a30b8b1ed6"":[45034],""d_b58303c68e9cf0d2ae93b73ffdbfbfa1"":[61407,79841],""d_fa2ed456cf2b8597bb7e064b08fc3c7c"":[58364,72517,82865,83498,89106,92699],""d_85518d970b8178975850457f60f1e738"":[19151,45983,46779,55207],""d_478f45a9c541cbe679ca55d1cd2b970b"":[3663,9276,40426,53324],""d_5573b0db0575db32190a2ad27919a7aa"":[8247,49520,54859,56256,56498],""d_a2141adf93ec2a3c2ec2837b78d6d46e"":[12402,62135],""d_9af9317c646a1c881bb5591c91817cc6"":[26031,31264,44092,56848,78114,87263,90128,96691],""d_5c4ef48b025fdfbc80056401f06e3df9"":[12475,20992,26489,28834],""d_300ddc8da4e8f7bdc1bfc62d0d99e2e7"":[12377,13805,21220],""d_181005ca270b45408b4cdfc954980ca2"":[70128,94420],""d_2b8c54b2a490d2fa36b925289e5d9572"":[52903,68431],""d_df7d2d661c0c11a7c367c9ee4bf896c1"":[20916,145447,157660,161704,163550,165758,165877,167844,176839,196096,222127,232328],""d_72f37e5c5d192951ddc5513c2b134482"":[93364],""d_af2042c77ffaf0db5d75561ce9ef5688"":[27676],""d_31af23fdb79119ed185c256f03cb5773"":[22239]},""520483"":{""d_124a9bd407c7a25f8335b93b86e50fdd"":[60253]},""521882"":{""d_df7d2d661c0c11a7c367c9ee4bf896c1"":[163279]}}",,[],
TAMPINES,491D,TAMPINES ST 45,14,Unmatched,Ambiguous,Missing,Missing,ConflictOrPreviouslyMatchedOutcomeChange,[8298],"{""523491"":{""d_8575e84912df3c28995b8e6e0e05205a"":[30851,138433,150171,154333,158322],""d_3a3807c023c61ddfba947dc069eb53f2"":[76171,84872],""d_c0650f23e94c42e7a20921f4c5b75c24"":[81221,109937,117593,129173],""d_acbc938ec77af18f94cecc4a7c9ec720"":[14114,65235],""d_124a9bd407c7a25f8335b93b86e50fdd"":[33233,55615,56641,74687,78886,79871],""d_4526d47d6714d3b052eed4a30b8b1ed6"":[60745],""d_b58303c68e9cf0d2ae93b73ffdbfbfa1"":[67618,81057],""d_fa2ed456cf2b8597bb7e064b08fc3c7c"":[19429,78188],""d_478f45a9c541cbe679ca55d1cd2b970b"":[20890],""d_a2141adf93ec2a3c2ec2837b78d6d46e"":[22280],""d_9af9317c646a1c881bb5591c91817cc6"":[90710,105057],""d_181005ca270b45408b4cdfc954980ca2"":[80292],""d_4130f1d9d365d9f1633536e959f62bb7"":[8146],""d_2b8c54b2a490d2fa36b925289e5d9572"":[13670,68829],""d_df7d2d661c0c11a7c367c9ee4bf896c1"":[175156,179719,214241],""d_72f37e5c5d192951ddc5513c2b134482"":[38647],""d_af2042c77ffaf0db5d75561ce9ef5688"":[49078,50240,50900],""d_1cd970d8351b42be4a308d628a6dd9d3"":[2083]},""529498"":{""d_9af9317c646a1c881bb5591c91817cc6"":[79148]}}",,[],
TAMPINES,497C,TAMPINES ST 45,21,Unmatched,Ambiguous,Missing,Missing,ConflictOrPreviouslyMatchedOutcomeChange,[8354],"{""522497"":{""d_8575e84912df3c28995b8e6e0e05205a"":[56320,144328],""d_3a3807c023c61ddfba947dc069eb53f2"":[31954,37077],""d_c0650f23e94c42e7a20921f4c5b75c24"":[10660,32117,105724,111799,117571,118754],""d_124a9bd407c7a25f8335b93b86e50fdd"":[27072,59898],""d_4526d47d6714d3b052eed4a30b8b1ed6"":[50618,63242],""d_fa2ed456cf2b8597bb7e064b08fc3c7c"":[26981],""d_85518d970b8178975850457f60f1e738"":[52583],""d_478f45a9c541cbe679ca55d1cd2b970b"":[6444,58196],""d_5573b0db0575db32190a2ad27919a7aa"":[65228],""d_a2141adf93ec2a3c2ec2837b78d6d46e"":[25963,27264,27289,28608,28609],""d_9af9317c646a1c881bb5591c91817cc6"":[33819,34310,34311,95355,97342,104078],""d_67e99e6eabc4aad9b5d48663b579746a"":[44827,47178,55222],""d_181005ca270b45408b4cdfc954980ca2"":[22420,24412,84226,84579,85950,92525],""d_2b8c54b2a490d2fa36b925289e5d9572"":[46600],""d_df7d2d661c0c11a7c367c9ee4bf896c1"":[146079,194624,204065,205999,225316],""d_72f37e5c5d192951ddc5513c2b134482"":[115730,120085,125685],""d_0cc5f52a1f298b916f317800251057f3"":[24381]},""527497"":{""d_3a3807c023c61ddfba947dc069eb53f2"":[61102]}}",,[],
TAMPINES,503,TAMPINES CTRL 1,20,NormalizedAddress,Ambiguous,BlockApproximation,Missing,ConflictOrPreviouslyMatchedOutcomeChange,[8494],"{""520503"":{""d_8575e84912df3c28995b8e6e0e05205a"":[24766,62726,70036,106566,121603,128532,135458,137080,141936,147543,161474,171667,171837,173552],""d_3a3807c023c61ddfba947dc069eb53f2"":[36358,60039,78700],""d_c0650f23e94c42e7a20921f4c5b75c24"":[15563,84269,85755,86005,89866,91297,118276,118649,131308,132666,132842,134835],""d_acbc938ec77af18f94cecc4a7c9ec720"":[33340,41238,41654,42277,44120,45259,54694,56749],""d_124a9bd407c7a25f8335b93b86e50fdd"":[21752,22056,24594,43792,52911,59426,63890,71014,78006,78400],""d_4526d47d6714d3b052eed4a30b8b1ed6"":[54055,61458,63253],""d_b58303c68e9cf0d2ae93b73ffdbfbfa1"":[2053,45999,58578,69236,70310,80200,84491],""d_fa2ed456cf2b8597bb7e064b08fc3c7c"":[8225,19959,27135,67782,74117,77385,79442,80668,80873,81916,82971,82973,89064],""d_85518d970b8178975850457f60f1e738"":[46370],""d_478f45a9c541cbe679ca55d1cd2b970b"":[34918,37342,49052,58978],""d_5573b0db0575db32190a2ad27919a7aa"":[52721,60500,71858],""d_a2141adf93ec2a3c2ec2837b78d6d46e"":[23996,53644,54927,58572,66545],""d_9af9317c646a1c881bb5591c91817cc6"":[24287,38427,49664,57469,57880,72937,76404,85057,94078,95575,101116,112355,115226],""d_67e99e6eabc4aad9b5d48663b579746a"":[27887,31337,46517,50489,50645,51685,53286],""d_5c4ef48b025fdfbc80056401f06e3df9"":[21532,21533,26435],""d_300ddc8da4e8f7bdc1bfc62d0d99e2e7"":[12980,15227,20640],""d_181005ca270b45408b4cdfc954980ca2"":[89738],""d_4130f1d9d365d9f1633536e959f62bb7"":[2519,4290,7403,10576,11123],""d_2b8c54b2a490d2fa36b925289e5d9572"":[13084,54654,56042,57277,59998,60361,61889,62164,66964,70941],""d_df7d2d661c0c11a7c367c9ee4bf896c1"":[40041,129439,143675,146559,168966],""d_72f37e5c5d192951ddc5513c2b134482"":[23307,31655,32464,63930,64569,83039,84679,85822,89914,98376,110147,130152],""d_0cc5f52a1f298b916f317800251057f3"":[17211],""d_e97e8e7fc55b85a38babf66b0fa46b73"":[20750,28622,28813,29100],""d_af2042c77ffaf0db5d75561ce9ef5688"":[44482,48290,48931,56393],""d_1cd970d8351b42be4a308d628a6dd9d3"":[13061],""d_31af23fdb79119ed185c256f03cb5773"":[28817,31042]},""520819"":{""d_fa2ed456cf2b8597bb7e064b08fc3c7c"":[64222]}}",,[],
TAMPINES,802,TAMPINES AVE 4,8,NormalizedAddress,Ambiguous,BlockApproximation,Missing,ConflictOrPreviouslyMatchedOutcomeChange,[12124],"{""520802"":{""d_8575e84912df3c28995b8e6e0e05205a"":[106216,122181,147401],""d_3a3807c023c61ddfba947dc069eb53f2"":[49829,72073,84218,86853],""d_c0650f23e94c42e7a20921f4c5b75c24"":[97742,97743,97744,98255,99316,109186],""d_acbc938ec77af18f94cecc4a7c9ec720"":[7570,48660,62279,65058],""d_124a9bd407c7a25f8335b93b86e50fdd"":[517,50952,54926,54959,78278],""d_4526d47d6714d3b052eed4a30b8b1ed6"":[13561,63899,68213],""d_b58303c68e9cf0d2ae93b73ffdbfbfa1"":[58239,82734],""d_fa2ed456cf2b8597bb7e064b08fc3c7c"":[91626],""d_478f45a9c541cbe679ca55d1cd2b970b"":[34901,63798],""d_5573b0db0575db32190a2ad27919a7aa"":[44307,48033,54581],""d_a2141adf93ec2a3c2ec2837b78d6d46e"":[601,47708,49470,55619,56306,56321,58080],""d_9af9317c646a1c881bb5591c91817cc6"":[34458,64581,75988,114227],""d_67e99e6eabc4aad9b5d48663b579746a"":[33128,33310,39077,39272,49610,49842],""d_300ddc8da4e8f7bdc1bfc62d0d99e2e7"":[11062],""d_181005ca270b45408b4cdfc954980ca2"":[43740,56813,72134],""d_2b8c54b2a490d2fa36b925289e5d9572"":[10377,48308,53935],""d_df7d2d661c0c11a7c367c9ee4bf896c1"":[17617,36257,134169,138169,144657,151142,151749,155326,186634],""d_72f37e5c5d192951ddc5513c2b134482"":[16806,21667,54425,87845,89115,92649,103817,129212,132948],""d_0cc5f52a1f298b916f317800251057f3"":[14557,18324],""d_af2042c77ffaf0db5d75561ce9ef5688"":[54334],""d_31af23fdb79119ed185c256f03cb5773"":[31889]},""521496"":{""d_af2042c77ffaf0db5d75561ce9ef5688"":[41365]}}",,[],
TAMPINES,820,TAMPINES ST 81,10,Unmatched,Ambiguous,Missing,Missing,ConflictOrPreviouslyMatchedOutcomeChange,[12300],"{""520820"":{""d_8575e84912df3c28995b8e6e0e05205a"":[375,103229,116094,129433,139296,147615],""d_3a3807c023c61ddfba947dc069eb53f2"":[59176,61525,62256,75085,86598],""d_c0650f23e94c42e7a20921f4c5b75c24"":[489,77656,81932,83854,98030,100403,103898],""d_acbc938ec77af18f94cecc4a7c9ec720"":[16355,22866,68789,70226],""d_124a9bd407c7a25f8335b93b86e50fdd"":[49754,54582,56163,59953,60277,61578,72955],""d_4526d47d6714d3b052eed4a30b8b1ed6"":[26422,29305,38048,44176,45961,52238,54994,56375,59448,60707,62667,64525,67877],""d_b58303c68e9cf0d2ae93b73ffdbfbfa1"":[69947,81683],""d_fa2ed456cf2b8597bb7e064b08fc3c7c"":[52042,58122,59983,76760],""d_85518d970b8178975850457f60f1e738"":[46189],""d_478f45a9c541cbe679ca55d1cd2b970b"":[8017,32959,46756,48489,48681,49544,49639,50925,52605,60935,63035],""d_5573b0db0575db32190a2ad27919a7aa"":[1406,23488,32418,36337,49967,67464,69378],""d_a2141adf93ec2a3c2ec2837b78d6d46e"":[68081,72295,72755,76887],""d_9af9317c646a1c881bb5591c91817cc6"":[60045,62013,98142,103665,103743,118218],""d_67e99e6eabc4aad9b5d48663b579746a"":[6606,49997,52428],""d_5c4ef48b025fdfbc80056401f06e3df9"":[21965,26204,29471],""d_300ddc8da4e8f7bdc1bfc62d0d99e2e7"":[10288,14256],""d_181005ca270b45408b4cdfc954980ca2"":[62108,74187,86966],""d_4130f1d9d365d9f1633536e959f62bb7"":[7821,10263],""d_2b8c54b2a490d2fa36b925289e5d9572"":[47300,52166],""d_df7d2d661c0c11a7c367c9ee4bf896c1"":[1362,109565,131302,132324,146304,156351,168891,177466,179534,182848,186899,189387,189845,203801,221568],""d_72f37e5c5d192951ddc5513c2b134482"":[1516,95858,102444,104486,105985,107971,111006,114337,122104],""d_0cc5f52a1f298b916f317800251057f3"":[15151,18111],""d_e97e8e7fc55b85a38babf66b0fa46b73"":[36422],""d_af2042c77ffaf0db5d75561ce9ef5688"":[40747,44755],""d_31af23fdb79119ed185c256f03cb5773"":[9970,10446,15994,20261,20638,28376,29799,34340],""d_4e3db8955fdcda6f9944097bef3d2724"":[4810,5428,15512]},""520826"":{""d_5573b0db0575db32190a2ad27919a7aa"":[54472]}}",,[],
TAMPINES,824,TAMPINES ST 81,9,Unmatched,Ambiguous,Missing,Missing,ConflictOrPreviouslyMatchedOutcomeChange,[12321],"{""520824"":{""d_8575e84912df3c28995b8e6e0e05205a"":[99793,100037,123354,137163,139304],""d_3a3807c023c61ddfba947dc069eb53f2"":[22538,47180,49841,60773,62202,71589,71984,75964,77179,78777,78847,86098,93184,94243],""d_c0650f23e94c42e7a20921f4c5b75c24"":[2223,17878,39403,50263,70354,79046,82459,94308,98520,98647,108702,111533,120384],""d_acbc938ec77af18f94cecc4a7c9ec720"":[39655,40809,41294,46801,55064,61560,70391],""d_124a9bd407c7a25f8335b93b86e50fdd"":[47847,58905,59401,60183,60614,60779,64433,68063],""d_4526d47d6714d3b052eed4a30b8b1ed6"":[12678,22641,27481,45067,47928,53324,55716,69495],""d_b58303c68e9cf0d2ae93b73ffdbfbfa1"":[19983,26522,30024,60645,66158,76985,84269],""d_fa2ed456cf2b8597bb7e064b08fc3c7c"":[179,15434,20791,26959,31632,52437,59251,61556,63278,63510,64454,65001,71053,73614,80696],""d_85518d970b8178975850457f60f1e738"":[26429,35478,38159,40837],""d_478f45a9c541cbe679ca55d1cd2b970b"":[35822,42780,58211,61009,63727],""d_5573b0db0575db32190a2ad27919a7aa"":[28065,39954,59374,60162,66843,70321,70806,72975],""d_a2141adf93ec2a3c2ec2837b78d6d46e"":[49394,55184,56563,62027,65334,77977],""d_9af9317c646a1c881bb5591c91817cc6"":[14746,26748,30376,57943,59162,69296,88864,91988,97332,98166,99513,104987,106422,116941,121639,121682,122196],""d_67e99e6eabc4aad9b5d48663b579746a"":[6591,27064,31064,41553,42240,43868,46159],""d_300ddc8da4e8f7bdc1bfc62d0d99e2e7"":[2564,10362,12553,16925],""d_181005ca270b45408b4cdfc954980ca2"":[21865,29061,31369,59380,64983,68687,70594,71189,77847,88773],""d_4130f1d9d365d9f1633536e959f62bb7"":[8138],""d_2b8c54b2a490d2fa36b925289e5d9572"":[25396,27329,39900,40423,66717,67912],""d_df7d2d661c0c11a7c367c9ee4bf896c1"":[11092,24448,42408,97956,104307,132800,133205,134956,138770,142540,149667,153060,170279,177265,181309,181507,182865,193074,193387,201883,203711,211760,218364,224306,233073,233478],""d_72f37e5c5d192951ddc5513c2b134482"":[12034,13868,21328,25361,40628,59002,59207,76884,81171,85521,88535,95051,96557,97077,98840,98974,100728,104028,105357,106917,113907,115966,119499,125219],""d_0cc5f52a1f298b916f317800251057f3"":[12545,16041],""d_e97e8e7fc55b85a38babf66b0fa46b73"":[36857],""d_af2042c77ffaf0db5d75561ce9ef5688"":[30940,41906,43850],""d_1cd970d8351b42be4a308d628a6dd9d3"":[9441,11822,12412],""d_31af23fdb79119ed185c256f03cb5773"":[15458,19557,20738,22465,22519,25720,32394],""d_4e3db8955fdcda6f9944097bef3d2724"":[10238,12621,12838,13135]},""528824"":{""d_c0650f23e94c42e7a20921f4c5b75c24"":[102755]}}",,[],
TAMPINES,826,TAMPINES ST 81,13,Unmatched,Ambiguous,Missing,Missing,ConflictOrPreviouslyMatchedOutcomeChange,[12330],"{""520826"":{""d_8575e84912df3c28995b8e6e0e05205a"":[10900,15979,86976,99489,99838,101966,114070,116148,147057,150543,152125,154957,155027,156842,158746,160889,163178,171735,174919],""d_3a3807c023c61ddfba947dc069eb53f2"":[5001,48349,63784,66847,67694,71342,86659],""d_c0650f23e94c42e7a20921f4c5b75c24"":[50575,81202,91660,95224,99631],""d_acbc938ec77af18f94cecc4a7c9ec720"":[57448],""d_124a9bd407c7a25f8335b93b86e50fdd"":[53604,56339,59581,61591,63812,67450,69383,73121,75313,77400,85260],""d_4526d47d6714d3b052eed4a30b8b1ed6"":[1426,4318,38131,38762,47916,48892,52891,55026,65367],""d_b58303c68e9cf0d2ae93b73ffdbfbfa1"":[20996,51698,51712,56630,61939,63155,64058,66054,71164],""d_fa2ed456cf2b8597bb7e064b08fc3c7c"":[1857,6375,16789,22985,35432,46954,48684,64127,69358,70704,72798,77280,78363,78780,81403,84095,93178],""d_85518d970b8178975850457f60f1e738"":[19076,43113,44017,45915,53485,60005],""d_478f45a9c541cbe679ca55d1cd2b970b"":[12250,29383,41002,51272,53236],""d_5573b0db0575db32190a2ad27919a7aa"":[55861,69450],""d_a2141adf93ec2a3c2ec2837b78d6d46e"":[32646,51084,53981,54176,55358],""d_9af9317c646a1c881bb5591c91817cc6"":[8450,61058,81710,84403,101575,113512,114615,121810,123881],""d_67e99e6eabc4aad9b5d48663b579746a"":[35174,42313,42358,43699,49080],""d_5c4ef48b025fdfbc80056401f06e3df9"":[20187,23810],""d_300ddc8da4e8f7bdc1bfc62d0d99e2e7"":[2072,10927,13086,20890],""d_181005ca270b45408b4cdfc954980ca2"":[669,56183,61994,64148,68011,68543,77235,79486,87364,90572,93699],""d_4130f1d9d365d9f1633536e959f62bb7"":[10374,11238],""d_2b8c54b2a490d2fa36b925289e5d9572"":[12876,48159,48306,62027,70881],""d_df7d2d661c0c11a7c367c9ee4bf896c1"":[15280,134268,154776,166162,170214,176619,176920,178769,179599,180088,181285,184988,212511,219242],""d_72f37e5c5d192951ddc5513c2b134482"":[25787,60906,61511,77643,86832,102091,105537,106094,113244,132686,137594],""d_e97e8e7fc55b85a38babf66b0fa46b73"":[27765],""d_af2042c77ffaf0db5d75561ce9ef5688"":[2362,41460,41779,43703],""d_1cd970d8351b42be4a308d628a6dd9d3"":[2307,9747],""d_31af23fdb79119ed185c256f03cb5773"":[6196,13060,19541,36426],""d_4e3db8955fdcda6f9944097bef3d2724"":[15448]},""521826"":{""d_fa2ed456cf2b8597bb7e064b08fc3c7c"":[64877]},""520926"":{""d_df7d2d661c0c11a7c367c9ee4bf896c1"":[169420]}}",,[],
TAMPINES,827,TAMPINES ST 81,8,Unmatched,Ambiguous,Missing,Missing,ConflictOrPreviouslyMatchedOutcomeChange,[12335],"{""520827"":{""d_8575e84912df3c28995b8e6e0e05205a"":[39763,99852,109415,144579,148108,149648,161854],""d_3a3807c023c61ddfba947dc069eb53f2"":[6543,53847,58494,61301,79364,83174,85055,93045],""d_c0650f23e94c42e7a20921f4c5b75c24"":[84292,89680,99701,105084,121302,136633],""d_acbc938ec77af18f94cecc4a7c9ec720"":[32462,37815,42204,43104,52128,60875],""d_124a9bd407c7a25f8335b93b86e50fdd"":[76858],""d_4526d47d6714d3b052eed4a30b8b1ed6"":[4,38209,43145,44529,46505,47064,52583],""d_b58303c68e9cf0d2ae93b73ffdbfbfa1"":[64682],""d_fa2ed456cf2b8597bb7e064b08fc3c7c"":[1701,7164,52696,59722,60548,60719,66643,67256,81901,83291],""d_85518d970b8178975850457f60f1e738"":[42526,42830],""d_478f45a9c541cbe679ca55d1cd2b970b"":[36396,36526,37180,41027,53445,55775,63235],""d_5573b0db0575db32190a2ad27919a7aa"":[6748,20486,42779,50464,61988],""d_a2141adf93ec2a3c2ec2837b78d6d46e"":[49556,58384,62446,70024,84881],""d_9af9317c646a1c881bb5591c91817cc6"":[838,67919,84839,99376,101859,113531],""d_67e99e6eabc4aad9b5d48663b579746a"":[9592],""d_5c4ef48b025fdfbc80056401f06e3df9"":[11633],""d_300ddc8da4e8f7bdc1bfc62d0d99e2e7"":[16639,17889],""d_2b8c54b2a490d2fa36b925289e5d9572"":[51476],""d_df7d2d661c0c11a7c367c9ee4bf896c1"":[98453,119739,128969,135269,136576,161255,161284,163892,170642,202172],""d_72f37e5c5d192951ddc5513c2b134482"":[26952,33395,57112,93806,94576,103234,127204],""d_0cc5f52a1f298b916f317800251057f3"":[7072],""d_e97e8e7fc55b85a38babf66b0fa46b73"":[30086,34375,34513],""d_af2042c77ffaf0db5d75561ce9ef5688"":[36287,53856],""d_1cd970d8351b42be4a308d628a6dd9d3"":[11414],""d_31af23fdb79119ed185c256f03cb5773"":[19656,22467,29018],""d_4e3db8955fdcda6f9944097bef3d2724"":[11861]},""520852"":{""d_5573b0db0575db32190a2ad27919a7aa"":[52490]},""520872"":{""d_af2042c77ffaf0db5d75561ce9ef5688"":[38895]}}",,[],
TAMPINES,856F,TAMPINES ST 82,15,Unmatched,Ambiguous,Missing,Missing,ConflictOrPreviouslyMatchedOutcomeChange,[12536],"{""526856"":{""d_8575e84912df3c28995b8e6e0e05205a"":[63418,113360,146280,149403,165285],""d_3a3807c023c61ddfba947dc069eb53f2"":[56354],""d_c0650f23e94c42e7a20921f4c5b75c24"":[65130,124461],""d_acbc938ec77af18f94cecc4a7c9ec720"":[26575],""d_4526d47d6714d3b052eed4a30b8b1ed6"":[65929],""d_b58303c68e9cf0d2ae93b73ffdbfbfa1"":[45690,66411,67327],""d_fa2ed456cf2b8597bb7e064b08fc3c7c"":[76597,81861,89848],""d_85518d970b8178975850457f60f1e738"":[58894],""d_478f45a9c541cbe679ca55d1cd2b970b"":[62836],""d_a2141adf93ec2a3c2ec2837b78d6d46e"":[18141,40817],""d_300ddc8da4e8f7bdc1bfc62d0d99e2e7"":[17486],""d_181005ca270b45408b4cdfc954980ca2"":[40917,49604,74723,86004,98905],""d_2b8c54b2a490d2fa36b925289e5d9572"":[62312],""d_df7d2d661c0c11a7c367c9ee4bf896c1"":[54916,155971,207176],""d_72f37e5c5d192951ddc5513c2b134482"":[46859,122962],""d_0cc5f52a1f298b916f317800251057f3"":[11708],""d_af2042c77ffaf0db5d75561ce9ef5688"":[21476],""d_31af23fdb79119ed185c256f03cb5773"":[23207]},""521856"":{""d_124a9bd407c7a25f8335b93b86e50fdd"":[61903]}}",,[],
TOA PAYOH,146,POTONG PASIR AVE 1,21,NormalizedAddress,Ambiguous,BlockApproximation,Missing,ConflictOrPreviouslyMatchedOutcomeChange,[1687],"{""350146"":{""d_8575e84912df3c28995b8e6e0e05205a"":[6584,13852,27420,49138,94748,99451,104994,105373,111817,115747,121678,126215,128707,131105,143175,151174,173947],""d_3a3807c023c61ddfba947dc069eb53f2"":[691,51597,53928,54880,56707,58210,66968,69195,70982,85781,85786],""d_c0650f23e94c42e7a20921f4c5b75c24"":[1301,28066,70976,80619,81099,86943,90663,93840,99125,101891,104834,112691,113213,113231],""d_acbc938ec77af18f94cecc4a7c9ec720"":[68,12047,15355,15380,19891,37080,54967,64126,72692],""d_124a9bd407c7a25f8335b93b86e50fdd"":[22026,49571,49839,49894,56757,65456,65873,67654,68895,75832,85978],""d_4526d47d6714d3b052eed4a30b8b1ed6"":[38027,51707,53106,58335],""d_b58303c68e9cf0d2ae93b73ffdbfbfa1"":[57097,61261,63017,63497,84549],""d_fa2ed456cf2b8597bb7e064b08fc3c7c"":[10428,11587,52113,61527,63229,63489,63776,67666,70081,70568,72859,73730,88820,91224,94301],""d_85518d970b8178975850457f60f1e738"":[855,36668,37058,42725,42842,45594,51340,51655],""d_478f45a9c541cbe679ca55d1cd2b970b"":[1782,5123,18679,29562,32049,37122,39567,41222,42195,43048,46871,51638,65324],""d_5573b0db0575db32190a2ad27919a7aa"":[12366,26125,30891,34373,38822,41668,42900,43077,43282,45224,46044,48297,51828,52057,56500,63303],""d_a2141adf93ec2a3c2ec2837b78d6d46e"":[41967,46032,49798,56109,66069,66413,74245,79925,80744,82075],""d_9af9317c646a1c881bb5591c91817cc6"":[29192,65148,72778,72779,72995,76546,89227,89334,100449,100670,102625,105193,106658,106683,106960,107109,107991,112349,113804,114568,117487],""d_67e99e6eabc4aad9b5d48663b579746a"":[36755,37697,43111,45080],""d_5c4ef48b025fdfbc80056401f06e3df9"":[20175,31149,37795,38575,39850],""d_300ddc8da4e8f7bdc1bfc62d0d99e2e7"":[5023,10850,13160,13206,17008,17129],""d_181005ca270b45408b4cdfc954980ca2"":[1548,4348,12920,17329,34486,48090,55576,56043,56259,58512,60291,61852,65637,71296,73566,80112,81719,83492,92132,94125,97393,97568],""d_2b8c54b2a490d2fa36b925289e5d9572"":[7798,10624,40461,44724,48073,70403],""d_df7d2d661c0c11a7c367c9ee4bf896c1"":[2915,15929,75582,77189,104879,123601,126258,137915,139925,140504,143687,150387,154462,156291,159369,172517,176925,178966,179609,182421,185194,193863,195020],""d_72f37e5c5d192951ddc5513c2b134482"":[813,1448,6288,7328,28650,64335,68140,79143,81944,86929,87893,88650,94908,100337,101124,103203,103861,104113,110068,117110,138618],""d_0cc5f52a1f298b916f317800251057f3"":[14767],""d_e97e8e7fc55b85a38babf66b0fa46b73"":[22692,23066,34077,37520],""d_af2042c77ffaf0db5d75561ce9ef5688"":[32122,35727,36587,36953,47707,50743],""d_1cd970d8351b42be4a308d628a6dd9d3"":[7059,8062,10100],""d_31af23fdb79119ed185c256f03cb5773"":[1739,3262,19470,19474,24267,27276]},""449033"":{""d_8575e84912df3c28995b8e6e0e05205a"":[115882]},""530146"":{""d_a2141adf93ec2a3c2ec2837b78d6d46e"":[59573],""d_0cc5f52a1f298b916f317800251057f3"":[16797]}}",,[],
TOA PAYOH,148,POTONG PASIR AVE 1,9,NormalizedAddress,Ambiguous,BlockApproximation,Missing,ConflictOrPreviouslyMatchedOutcomeChange,[1724],"{""350148"":{""d_8575e84912df3c28995b8e6e0e05205a"":[10206,32077,59606,99389,107314,107505,108324,113604,114619,115267,125177,133564,144051,147969,148611,149014],""d_3a3807c023c61ddfba947dc069eb53f2"":[43742,59214,62006,65786,70978],""d_c0650f23e94c42e7a20921f4c5b75c24"":[40,9028,38886,69122,78719,78897,78975,82953,85658,87925,96405,112500,129599],""d_acbc938ec77af18f94cecc4a7c9ec720"":[10316,46404,53864],""d_124a9bd407c7a25f8335b93b86e50fdd"":[99,278,27140,29175,30269,43891,52022,56130,58500,62319,64691],""d_4526d47d6714d3b052eed4a30b8b1ed6"":[6773,33246,39257,41355,41446,42255],""d_b58303c68e9cf0d2ae93b73ffdbfbfa1"":[52506],""d_fa2ed456cf2b8597bb7e064b08fc3c7c"":[15863,58378,59368,60052,71576,72946,73075,74022,75753,85635],""d_85518d970b8178975850457f60f1e738"":[43105,44026,49392,50540],""d_478f45a9c541cbe679ca55d1cd2b970b"":[7407,11996,45075],""d_5573b0db0575db32190a2ad27919a7aa"":[14349,42571,46753,54310,56964,58928,59116,68152,76149],""d_a2141adf93ec2a3c2ec2837b78d6d46e"":[1512,7073,10342,17059,31848,40249,41878,49251,53544,55562,65649,68552],""d_9af9317c646a1c881bb5591c91817cc6"":[27153,67214,72032,73590,76311,78093,79136,79508,80090,82527,93218],""d_67e99e6eabc4aad9b5d48663b579746a"":[38967],""d_5c4ef48b025fdfbc80056401f06e3df9"":[10087,27522],""d_181005ca270b45408b4cdfc954980ca2"":[65,31070,31537,53676,58922,64877,65191,83421,99185],""d_4130f1d9d365d9f1633536e959f62bb7"":[433,1179],""d_2b8c54b2a490d2fa36b925289e5d9572"":[34444,36327,53829,56393,58284],""d_df7d2d661c0c11a7c367c9ee4bf896c1"":[85,2420,35836,79667,84810,132517,137336,142003,148666,150074,172287,176515,178361,187771,190082,191972,219850,229856,233283],""d_72f37e5c5d192951ddc5513c2b134482"":[17084,23423,28662,35016,71858,73409,76985,79880,84118,94316,106070,109041,140418],""d_0cc5f52a1f298b916f317800251057f3"":[8239],""d_e97e8e7fc55b85a38babf66b0fa46b73"":[17908,22060,22660,29334,32179,37697],""d_af2042c77ffaf0db5d75561ce9ef5688"":[12684,33183,34025,39110,41888,48296],""d_31af23fdb79119ed185c256f03cb5773"":[559,2084,7196,7770,29295,29370,30884,33848]},""310159"":{""d_c0650f23e94c42e7a20921f4c5b75c24"":[1926]},""350146"":{""d_fa2ed456cf2b8597bb7e064b08fc3c7c"":[49091]}}",,[],
TOA PAYOH,9,JOO SENG RD,65,Unmatched,Ambiguous,Missing,Missing,ConflictOrPreviouslyMatchedOutcomeChange,[12832],"{""360009"":{""d_3a3807c023c61ddfba947dc069eb53f2"":[90382],""d_c0650f23e94c42e7a20921f4c5b75c24"":[54441,90707],""d_124a9bd407c7a25f8335b93b86e50fdd"":[12659,29504],""d_b58303c68e9cf0d2ae93b73ffdbfbfa1"":[79413],""d_fa2ed456cf2b8597bb7e064b08fc3c7c"":[32044],""d_85518d970b8178975850457f60f1e738"":[50844],""d_478f45a9c541cbe679ca55d1cd2b970b"":[60778],""d_5573b0db0575db32190a2ad27919a7aa"":[42373],""d_a2141adf93ec2a3c2ec2837b78d6d46e"":[37646,65206],""d_9af9317c646a1c881bb5591c91817cc6"":[36730,112724],""d_5c4ef48b025fdfbc80056401f06e3df9"":[36698],""d_181005ca270b45408b4cdfc954980ca2"":[30130,75095],""d_2b8c54b2a490d2fa36b925289e5d9572"":[39946,64051],""d_df7d2d661c0c11a7c367c9ee4bf896c1"":[72525,127766,209865,225800,231953],""d_72f37e5c5d192951ddc5513c2b134482"":[35130,45211,71136,120036],""d_af2042c77ffaf0db5d75561ce9ef5688"":[27696]},""360017"":{""d_4e3db8955fdcda6f9944097bef3d2724"":[12329]}}",,[],
WOODLANDS,102,WOODLANDS ST 13,26,Unmatched,Ambiguous,Missing,Missing,ConflictOrPreviouslyMatchedOutcomeChange,[172],"{""730102"":{""d_8575e84912df3c28995b8e6e0e05205a"":[142344],""d_3a3807c023c61ddfba947dc069eb53f2"":[85321],""d_c0650f23e94c42e7a20921f4c5b75c24"":[66941,108843,130651],""d_acbc938ec77af18f94cecc4a7c9ec720"":[66103,68484],""d_124a9bd407c7a25f8335b93b86e50fdd"":[69418],""d_4526d47d6714d3b052eed4a30b8b1ed6"":[45973],""d_b58303c68e9cf0d2ae93b73ffdbfbfa1"":[29904],""d_85518d970b8178975850457f60f1e738"":[55984],""d_478f45a9c541cbe679ca55d1cd2b970b"":[49199],""d_a2141adf93ec2a3c2ec2837b78d6d46e"":[87027],""d_67e99e6eabc4aad9b5d48663b579746a"":[60056],""d_5c4ef48b025fdfbc80056401f06e3df9"":[35231],""d_2b8c54b2a490d2fa36b925289e5d9572"":[53395,64689,65981,67157],""d_df7d2d661c0c11a7c367c9ee4bf896c1"":[46639,46641,68688,169069,176341,217824],""d_e97e8e7fc55b85a38babf66b0fa46b73"":[29695],""d_4e3db8955fdcda6f9944097bef3d2724"":[6537]},""730402"":{""d_3a3807c023c61ddfba947dc069eb53f2"":[61044]}}",,[],
WOODLANDS,111,WOODLANDS ST 13,17,Unmatched,Ambiguous,Missing,Missing,ConflictOrPreviouslyMatchedOutcomeChange,[567],"{""730111"":{""d_8575e84912df3c28995b8e6e0e05205a"":[86684,109516,119107,124416,140996,141342,142207,144140,149862,154023,174244],""d_3a3807c023c61ddfba947dc069eb53f2"":[9594,43997,70334,75063,76813,76814,77609],""d_c0650f23e94c42e7a20921f4c5b75c24"":[113984,125833,130409],""d_acbc938ec77af18f94cecc4a7c9ec720"":[13810,16487,25596,54001,57953,59134],""d_124a9bd407c7a25f8335b93b86e50fdd"":[62385,76475,83886,85642],""d_4526d47d6714d3b052eed4a30b8b1ed6"":[44796,49437,50897,63146,63426],""d_b58303c68e9cf0d2ae93b73ffdbfbfa1"":[76094],""d_fa2ed456cf2b8597bb7e064b08fc3c7c"":[60791,62928,66559,70089,81498,87928,89335,93563],""d_85518d970b8178975850457f60f1e738"":[11237,14009],""d_478f45a9c541cbe679ca55d1cd2b970b"":[33636,63078,65085],""d_5573b0db0575db32190a2ad27919a7aa"":[24266,44544,64198,69371],""d_a2141adf93ec2a3c2ec2837b78d6d46e"":[81185],""d_9af9317c646a1c881bb5591c91817cc6"":[52595,94671,99391,123704],""d_67e99e6eabc4aad9b5d48663b579746a"":[40438,48622,50450],""d_5c4ef48b025fdfbc80056401f06e3df9"":[33112],""d_300ddc8da4e8f7bdc1bfc62d0d99e2e7"":[10310,11001,12739,14122,21855,21856],""d_181005ca270b45408b4cdfc954980ca2"":[39267,52972,66807,73706,75167,84505,94421,99239],""d_4130f1d9d365d9f1633536e959f62bb7"":[9487,11153],""d_df7d2d661c0c11a7c367c9ee4bf896c1"":[99078,171072,176029,189381],""d_72f37e5c5d192951ddc5513c2b134482"":[35450,61437,85870,90421,91686,92996,112350,115037,133467],""d_e97e8e7fc55b85a38babf66b0fa46b73"":[30156],""d_af2042c77ffaf0db5d75561ce9ef5688"":[50578],""d_1cd970d8351b42be4a308d628a6dd9d3"":[7729,9201],""d_31af23fdb79119ed185c256f03cb5773"":[4563,6083,27760,29657,34358,37650],""d_4e3db8955fdcda6f9944097bef3d2724"":[11993]},""730824"":{""d_df7d2d661c0c11a7c367c9ee4bf896c1"":[155565]}}",,[],
WOODLANDS,132,MARSILING RISE,8,ExactAddress,Ambiguous,BlockApproximation,Missing,ConflictOrPreviouslyMatchedOutcomeChange,[1365],"{""730132"":{""d_8575e84912df3c28995b8e6e0e05205a"":[110432,115874,118453,127510,130946,134365,139238],""d_3a3807c023c61ddfba947dc069eb53f2"":[47272,60774,89749],""d_c0650f23e94c42e7a20921f4c5b75c24"":[85580,86734,92970,103502,107153,108097,110804],""d_acbc938ec77af18f94cecc4a7c9ec720"":[45956,46888,52533,54064,54680],""d_124a9bd407c7a25f8335b93b86e50fdd"":[56178,69606,71718],""d_4526d47d6714d3b052eed4a30b8b1ed6"":[24820,44464,55455],""d_b58303c68e9cf0d2ae93b73ffdbfbfa1"":[61852,64649],""d_fa2ed456cf2b8597bb7e064b08fc3c7c"":[50496,59565,62774,64939,69524,77256,78085],""d_85518d970b8178975850457f60f1e738"":[49853],""d_478f45a9c541cbe679ca55d1cd2b970b"":[12063],""d_5573b0db0575db32190a2ad27919a7aa"":[53323,62488,62697],""d_a2141adf93ec2a3c2ec2837b78d6d46e"":[60089,66183,67958,70609,72999,74184],""d_9af9317c646a1c881bb5591c91817cc6"":[78384,92180,93927],""d_67e99e6eabc4aad9b5d48663b579746a"":[44963,45568,46948,57006,58581],""d_5c4ef48b025fdfbc80056401f06e3df9"":[28221,31648],""d_300ddc8da4e8f7bdc1bfc62d0d99e2e7"":[17010,17706,18002],""d_181005ca270b45408b4cdfc954980ca2"":[77557,81477,91715],""d_2b8c54b2a490d2fa36b925289e5d9572"":[65881],""d_df7d2d661c0c11a7c367c9ee4bf896c1"":[149182,152998,156301,161729,175005,175842,176186,176187,183024,219960,233456],""d_72f37e5c5d192951ddc5513c2b134482"":[97283,104980,106399,128464,129709,131708],""d_0cc5f52a1f298b916f317800251057f3"":[16543],""d_af2042c77ffaf0db5d75561ce9ef5688"":[6252,45357,46021,48219,49746],""d_1cd970d8351b42be4a308d628a6dd9d3"":[11592],""d_31af23fdb79119ed185c256f03cb5773"":[30265],""d_4e3db8955fdcda6f9944097bef3d2724"":[11305,14168]},""730136"":{""d_a2141adf93ec2a3c2ec2837b78d6d46e"":[63416]}}",,[],
WOODLANDS,136,MARSILING RD,8,Unmatched,Ambiguous,Missing,Missing,ConflictOrPreviouslyMatchedOutcomeChange,[1459],"{""730136"":{""d_8575e84912df3c28995b8e6e0e05205a"":[18067,61766,81270,112940,113387,116507,126346,128883,138389,139151,160630],""d_3a3807c023c61ddfba947dc069eb53f2"":[57038,59511,64681],""d_c0650f23e94c42e7a20921f4c5b75c24"":[96813,102011,102917,103727,110188,117029,136622],""d_acbc938ec77af18f94cecc4a7c9ec720"":[49531,52309,63089,68519],""d_124a9bd407c7a25f8335b93b86e50fdd"":[5941,65457],""d_4526d47d6714d3b052eed4a30b8b1ed6"":[39915,50572,52058,61569],""d_b58303c68e9cf0d2ae93b73ffdbfbfa1"":[17060,62586],""d_fa2ed456cf2b8597bb7e064b08fc3c7c"":[34167,58907,61582,62580,64077,65991,68169,71108,77340,84049,91063],""d_85518d970b8178975850457f60f1e738"":[27724,46026],""d_478f45a9c541cbe679ca55d1cd2b970b"":[20794,30822,32167,36879,39269,64020],""d_5573b0db0575db32190a2ad27919a7aa"":[30878,40184,52944,53222,53411,53481,53670,54437,56566,56923,58528],""d_a2141adf93ec2a3c2ec2837b78d6d46e"":[32453,58427,59888,64226,72205,83822,83983],""d_9af9317c646a1c881bb5591c91817cc6"":[22073,66387,78722,92195,110652],""d_67e99e6eabc4aad9b5d48663b579746a"":[41311,52221,55300],""d_5c4ef48b025fdfbc80056401f06e3df9"":[37286],""d_300ddc8da4e8f7bdc1bfc62d0d99e2e7"":[12203,15130,18515,21648],""d_181005ca270b45408b4cdfc954980ca2"":[18508,28430,42615,65571,66933,78106,94857,95179],""d_4130f1d9d365d9f1633536e959f62bb7"":[8164],""d_2b8c54b2a490d2fa36b925289e5d9572"":[4132,46942,63112],""d_df7d2d661c0c11a7c367c9ee4bf896c1"":[33538,56174,136133,143387,157311,157933,158352,160425,162902,162929,167786,186286,199362,220712,222086],""d_72f37e5c5d192951ddc5513c2b134482"":[42291,46887,73065,89403,93569,98943,103840,118968],""d_0cc5f52a1f298b916f317800251057f3"":[20491],""d_e97e8e7fc55b85a38babf66b0fa46b73"":[31601],""d_af2042c77ffaf0db5d75561ce9ef5688"":[37694,40382,44552,46396],""d_1cd970d8351b42be4a308d628a6dd9d3"":[2000],""d_31af23fdb79119ed185c256f03cb5773"":[25224,28864,35776],""d_4e3db8955fdcda6f9944097bef3d2724"":[12306]},""730132"":{""d_df7d2d661c0c11a7c367c9ee4bf896c1"":[146248]},""730131"":{""d_df7d2d661c0c11a7c367c9ee4bf896c1"":[166784]}}",,[],
WOODLANDS,178,WOODLANDS ST 13,27,Unmatched,Ambiguous,Missing,Missing,ConflictOrPreviouslyMatchedOutcomeChange,[2366],"{""730178"":{""d_8575e84912df3c28995b8e6e0e05205a"":[31957,45640,141889,161131],""d_3a3807c023c61ddfba947dc069eb53f2"":[83518],""d_c0650f23e94c42e7a20921f4c5b75c24"":[115688,121964,122701,129960],""d_acbc938ec77af18f94cecc4a7c9ec720"":[15484,46926,52918],""d_124a9bd407c7a25f8335b93b86e50fdd"":[50373,63326,73863],""d_4526d47d6714d3b052eed4a30b8b1ed6"":[29666,55723,55724],""d_b58303c68e9cf0d2ae93b73ffdbfbfa1"":[65507,74594,76417],""d_fa2ed456cf2b8597bb7e064b08fc3c7c"":[20765,79166,79541],""d_478f45a9c541cbe679ca55d1cd2b970b"":[40515,48498,51342,51343,55636],""d_a2141adf93ec2a3c2ec2837b78d6d46e"":[1909,18298,73220],""d_9af9317c646a1c881bb5591c91817cc6"":[27515,102951,105401,114465,116853],""d_67e99e6eabc4aad9b5d48663b579746a"":[49612,56908],""d_5c4ef48b025fdfbc80056401f06e3df9"":[9309,34724],""d_181005ca270b45408b4cdfc954980ca2"":[81447,81449,89636],""d_2b8c54b2a490d2fa36b925289e5d9572"":[19597],""d_df7d2d661c0c11a7c367c9ee4bf896c1"":[190477,192489,202800,210648,220222],""d_72f37e5c5d192951ddc5513c2b134482"":[42074],""d_0cc5f52a1f298b916f317800251057f3"":[19592],""d_af2042c77ffaf0db5d75561ce9ef5688"":[56807],""d_31af23fdb79119ed185c256f03cb5773"":[32062,32806],""d_4e3db8955fdcda6f9944097bef3d2724"":[14940,16917]},""730770"":{""d_124a9bd407c7a25f8335b93b86e50fdd"":[59722]}}",,[],
WOODLANDS,304,WOODLANDS ST 31,10,Unmatched,Ambiguous,Missing,Missing,ConflictOrPreviouslyMatchedOutcomeChange,[5047],"{""730304"":{""d_8575e84912df3c28995b8e6e0e05205a"":[113521,114324,120733,130893,143966,147587,158918,160201,168972],""d_3a3807c023c61ddfba947dc069eb53f2"":[62509,71786,74562,74987,76164,81353,84896],""d_c0650f23e94c42e7a20921f4c5b75c24"":[60468,86378,88402,90784,110063,113605,116056,117054,131463,132237],""d_acbc938ec77af18f94cecc4a7c9ec720"":[20950,42957,44854,50810,53819,64156],""d_124a9bd407c7a25f8335b93b86e50fdd"":[52443,52565,52579,73573],""d_4526d47d6714d3b052eed4a30b8b1ed6"":[45325],""d_b58303c68e9cf0d2ae93b73ffdbfbfa1"":[63723,67013,68501,73261,74436,82343,84588],""d_fa2ed456cf2b8597bb7e064b08fc3c7c"":[14311,60942,62031,62972,65682,74982,78573,83763],""d_85518d970b8178975850457f60f1e738"":[35543,42045,50736],""d_478f45a9c541cbe679ca55d1cd2b970b"":[3967,46005,46249,47695,48657,50464],""d_5573b0db0575db32190a2ad27919a7aa"":[28548,50665,52726,54577,55741,56913,64536,71294,72435],""d_a2141adf93ec2a3c2ec2837b78d6d46e"":[55892,62616,65080,68039,69950,76980,77247,77384,84176],""d_9af9317c646a1c881bb5591c91817cc6"":[576,56216,75850,77970,80661,85867,87213,88302,91373,112480,116956,117053,118697],""d_67e99e6eabc4aad9b5d48663b579746a"":[39804,44638,49065,50615,56388,57187],""d_5c4ef48b025fdfbc80056401f06e3df9"":[34697],""d_300ddc8da4e8f7bdc1bfc62d0d99e2e7"":[11648,11913,12168,12457,12781,13023,19647],""d_181005ca270b45408b4cdfc954980ca2"":[41851,58545,63135,74024,75493,90667,92907],""d_4130f1d9d365d9f1633536e959f62bb7"":[8936],""d_2b8c54b2a490d2fa36b925289e5d9572"":[43976,47191,49304,51570],""d_df7d2d661c0c11a7c367c9ee4bf896c1"":[18869,59501,131452,143158,145905,146609,147736,153584,154859,161277,165634,167937,168395,168852,181683,183177,184639,185508,188541,194758,199891,206575,210010,215193],""d_72f37e5c5d192951ddc5513c2b134482"":[27369,57775,61456,85648,90442,91152,96916,99603,102104,103795,121929],""d_0cc5f52a1f298b916f317800251057f3"":[15847,19107,22210],""d_e97e8e7fc55b85a38babf66b0fa46b73"":[24758],""d_af2042c77ffaf0db5d75561ce9ef5688"":[35656,36270,41960,45188,45244,47823,53402],""d_1cd970d8351b42be4a308d628a6dd9d3"":[7522,10125],""d_31af23fdb79119ed185c256f03cb5773"":[19792,22731,22770,22936,23902,32609,34300]},""731304"":{""d_3a3807c023c61ddfba947dc069eb53f2"":[66698]},""730334"":{""d_c0650f23e94c42e7a20921f4c5b75c24"":[80817]}}",,[],
WOODLANDS,306,WOODLANDS ST 31,7,Unmatched,Ambiguous,Missing,Missing,ConflictOrPreviouslyMatchedOutcomeChange,[5089],"{""730306"":{""d_8575e84912df3c28995b8e6e0e05205a"":[32855,86048,88423,108739,113874,114199,115811,116069,120597,125400,132354,145933,164868],""d_3a3807c023c61ddfba947dc069eb53f2"":[57698,58354,62057,62107,66086,72123,73053,74800,80045],""d_c0650f23e94c42e7a20921f4c5b75c24"":[31859,78171,90025,92343,94129,94591,94929,101124,107812,109125,115241,115510,117520,120260],""d_acbc938ec77af18f94cecc4a7c9ec720"":[21832,70316],""d_124a9bd407c7a25f8335b93b86e50fdd"":[23089,49269,52793,54999,57368,61783],""d_4526d47d6714d3b052eed4a30b8b1ed6"":[28202,44150,48853,48875,57959,58596,66976],""d_b58303c68e9cf0d2ae93b73ffdbfbfa1"":[56121,60833,62282,66067,69298,70024,76549,83468],""d_fa2ed456cf2b8597bb7e064b08fc3c7c"":[58764,60202,62526,78871],""d_85518d970b8178975850457f60f1e738"":[15990,42165,48039,51761],""d_478f45a9c541cbe679ca55d1cd2b970b"":[8513,38330,39798,39875,44882,52280],""d_5573b0db0575db32190a2ad27919a7aa"":[11979,13139,34415,42616,45793,47991,48069,49127,52824,53048,55947,62269],""d_a2141adf93ec2a3c2ec2837b78d6d46e"":[23279,23286,37862,61906,68138,84110,89870],""d_9af9317c646a1c881bb5591c91817cc6"":[14892,75709,77112,81331,84611,88520,88959,91765,92421,101556,108231],""d_67e99e6eabc4aad9b5d48663b579746a"":[16476,45736,48015,49559,56888,57437],""d_5c4ef48b025fdfbc80056401f06e3df9"":[26939,27210,28073,29762,31080,41153],""d_300ddc8da4e8f7bdc1bfc62d0d99e2e7"":[12265,12867],""d_181005ca270b45408b4cdfc954980ca2"":[63005,64218,67194,67259,71884,76277,76292,99353],""d_4130f1d9d365d9f1633536e959f62bb7"":[7601],""d_2b8c54b2a490d2fa36b925289e5d9572"":[45912,46182,47074,68846],""d_df7d2d661c0c11a7c367c9ee4bf896c1"":[42814,56061,57055,93433,120686,147982,150913,153888,155437,157638,158591,159945,160080,170619,172751,175808,177039,183389,185302,192611,204784,223000],""d_72f37e5c5d192951ddc5513c2b134482"":[16589,84883,87382,89443,98430,111545,116182,116406,137046],""d_0cc5f52a1f298b916f317800251057f3"":[15242,17686],""d_e97e8e7fc55b85a38babf66b0fa46b73"":[25064,25612,26552,30914,30916],""d_af2042c77ffaf0db5d75561ce9ef5688"":[10837,13304,24117,34337,37380,38036,38098,40881,41668,41899,43816,44691,44706,47697,54627],""d_1cd970d8351b42be4a308d628a6dd9d3"":[10263],""d_31af23fdb79119ed185c256f03cb5773"":[23589,23743,24153,26153,28042,30683]},""731306"":{""d_b58303c68e9cf0d2ae93b73ffdbfbfa1"":[62257]}}",,[],
WOODLANDS,325,WOODLANDS ST 32,29,Unmatched,Ambiguous,Missing,Missing,ConflictOrPreviouslyMatchedOutcomeChange,[5554],"{""730325"":{""d_8575e84912df3c28995b8e6e0e05205a"":[133,21832,54295,115080,117082,117878,121366,121438,128664,152123,161885,164135,166309,167994,173747],""d_3a3807c023c61ddfba947dc069eb53f2"":[38810,59982,61756,65901,68631,84241,85649,87466],""d_c0650f23e94c42e7a20921f4c5b75c24"":[76914,97156,104575],""d_acbc938ec77af18f94cecc4a7c9ec720"":[28321,30619,47707,49995,57029,59241,65069,68212],""d_124a9bd407c7a25f8335b93b86e50fdd"":[55323,57703,59076,67673,68125,69356,76050,76317,76563],""d_4526d47d6714d3b052eed4a30b8b1ed6"":[28252,45819,47745,63169],""d_b58303c68e9cf0d2ae93b73ffdbfbfa1"":[81227],""d_fa2ed456cf2b8597bb7e064b08fc3c7c"":[36675,57336,63843,74829,78985,83348],""d_85518d970b8178975850457f60f1e738"":[39525,39862,44778,55832],""d_478f45a9c541cbe679ca55d1cd2b970b"":[15328,45002,49879],""d_5573b0db0575db32190a2ad27919a7aa"":[46608,47255,58247,61944],""d_a2141adf93ec2a3c2ec2837b78d6d46e"":[47291,49504,62160,66165,72954,77654,81591,83695],""d_9af9317c646a1c881bb5591c91817cc6"":[80028,80636,85461,87154,87544,87976,90089,100782,110172],""d_67e99e6eabc4aad9b5d48663b579746a"":[40355,41119,44553,53934],""d_5c4ef48b025fdfbc80056401f06e3df9"":[41038],""d_300ddc8da4e8f7bdc1bfc62d0d99e2e7"":[5226,6771,12979,13674,18502],""d_181005ca270b45408b4cdfc954980ca2"":[19570,31167,65077,69304,71330,71510,71698,76979],""d_4130f1d9d365d9f1633536e959f62bb7"":[10997],""d_2b8c54b2a490d2fa36b925289e5d9572"":[51468,53088,54313],""d_df7d2d661c0c11a7c367c9ee4bf896c1"":[37423,85287,135930,151290,155215,160298,170245,170846,180431,180449,182333,188012,190174,192411,194869,219961],""d_72f37e5c5d192951ddc5513c2b134482"":[89024,89952,91813,92964,117924,133919,140535],""d_0cc5f52a1f298b916f317800251057f3"":[14752],""d_e97e8e7fc55b85a38babf66b0fa46b73"":[35439],""d_af2042c77ffaf0db5d75561ce9ef5688"":[39229,46967,53872],""d_1cd970d8351b42be4a308d628a6dd9d3"":[7424,10394],""d_31af23fdb79119ed185c256f03cb5773"":[24027,25831,29529]},""730525"":{""d_9af9317c646a1c881bb5591c91817cc6"":[77830]},""730323"":{""d_df7d2d661c0c11a7c367c9ee4bf896c1"":[161877]}}","{""CacheKey"":""woodlands-325-woodlands-st-32"",""SearchValue"":""325 WOODLANDS ST 32 SINGAPORE"",""Status"":""HistoricalFirstHit"",""Postal"":""730325"",""UpdatedAt"":""2026-05-24T11:12:56.744Z""}",[],
WOODLANDS,326,WOODLANDS ST 32,20,Unmatched,Ambiguous,Missing,Missing,ConflictOrPreviouslyMatchedOutcomeChange,[5577],"{""730326"":{""d_8575e84912df3c28995b8e6e0e05205a"":[8907,54593,59738,110731,118541,119637,137262,143851,152936],""d_3a3807c023c61ddfba947dc069eb53f2"":[5690,44804,59713,61192,61954,63591,74572,75040,77248,80207],""d_c0650f23e94c42e7a20921f4c5b75c24"":[18872,92176,95967,96086,99917,100966],""d_acbc938ec77af18f94cecc4a7c9ec720"":[47580,49215,49394,59519],""d_124a9bd407c7a25f8335b93b86e50fdd"":[9150,12417,21127,28484,36753,50794,57203,60108,63542,66947,85857],""d_4526d47d6714d3b052eed4a30b8b1ed6"":[12616,23289,50517,51582,56849,59066],""d_b58303c68e9cf0d2ae93b73ffdbfbfa1"":[42341,57514,59407,64596,66246,70487,73519,75004,77829,79988,82002],""d_fa2ed456cf2b8597bb7e064b08fc3c7c"":[47904,59494,62911,66137,67627,72305,81751,88553],""d_85518d970b8178975850457f60f1e738"":[2700,47703,52431],""d_478f45a9c541cbe679ca55d1cd2b970b"":[19955,22014,33499,36583,39661,41235,41469,45375,55917,60136,60453,65983,67059,67830],""d_5573b0db0575db32190a2ad27919a7aa"":[32366,62953,63972,64219],""d_a2141adf93ec2a3c2ec2837b78d6d46e"":[27452,41197,52103,61147,64340,66615,69003,72514,73179,86997,88366],""d_9af9317c646a1c881bb5591c91817cc6"":[85046,89641,100491,102363,106058,116666],""d_67e99e6eabc4aad9b5d48663b579746a"":[52472,54681,57213],""d_5c4ef48b025fdfbc80056401f06e3df9"":[4568,29877],""d_300ddc8da4e8f7bdc1bfc62d0d99e2e7"":[8916,9242,16369,16393,22114],""d_181005ca270b45408b4cdfc954980ca2"":[68263,82493],""d_4130f1d9d365d9f1633536e959f62bb7"":[9064,10119],""d_2b8c54b2a490d2fa36b925289e5d9572"":[47210,60117,63386,64324,66308],""d_df7d2d661c0c11a7c367c9ee4bf896c1"":[343,5671,51449,88574,109455,136401,139116,140290,154441,154940,161233,162687,168880,173994,175851,187425,189406,193141,201406,207683,221732],""d_72f37e5c5d192951ddc5513c2b134482"":[31138,42043,85602,92227,101130,102476,106750,109146,110538,121895,130011],""d_0cc5f52a1f298b916f317800251057f3"":[17704],""d_e97e8e7fc55b85a38babf66b0fa46b73"":[8031,16199,25857,34973],""d_af2042c77ffaf0db5d75561ce9ef5688"":[8901,10516,33101,38065,40673,40943,42509,43186,47774,48210,50908,51452,56059,56810],""d_1cd970d8351b42be4a308d628a6dd9d3"":[6565],""d_31af23fdb79119ed185c256f03cb5773"":[27190,29741,37691]},""150090"":{""d_124a9bd407c7a25f8335b93b86e50fdd"":[59708],""d_b58303c68e9cf0d2ae93b73ffdbfbfa1"":[62353]}}",,[],
WOODLANDS,832,WOODLANDS ST 83,20,Unmatched,Ambiguous,Missing,Missing,ConflictOrPreviouslyMatchedOutcomeChange,[12377],"{""730832"":{""d_3a3807c023c61ddfba947dc069eb53f2"":[39421],""d_c0650f23e94c42e7a20921f4c5b75c24"":[34173],""d_acbc938ec77af18f94cecc4a7c9ec720"":[29964,64329],""d_124a9bd407c7a25f8335b93b86e50fdd"":[74592,74847],""d_4526d47d6714d3b052eed4a30b8b1ed6"":[66368],""d_fa2ed456cf2b8597bb7e064b08fc3c7c"":[32736,65557,74626,78832,81005],""d_85518d970b8178975850457f60f1e738"":[15587],""d_478f45a9c541cbe679ca55d1cd2b970b"":[37955],""d_a2141adf93ec2a3c2ec2837b78d6d46e"":[74513],""d_5c4ef48b025fdfbc80056401f06e3df9"":[32139],""d_300ddc8da4e8f7bdc1bfc62d0d99e2e7"":[17815],""d_181005ca270b45408b4cdfc954980ca2"":[15546,17568,91765],""d_2b8c54b2a490d2fa36b925289e5d9572"":[68399],""d_df7d2d661c0c11a7c367c9ee4bf896c1"":[35086,155083,156391,177565,207290],""d_72f37e5c5d192951ddc5513c2b134482"":[110200,110539],""d_0cc5f52a1f298b916f317800251057f3"":[20823],""d_e97e8e7fc55b85a38babf66b0fa46b73"":[26320],""d_af2042c77ffaf0db5d75561ce9ef5688"":[42237]},""730852"":{""d_df7d2d661c0c11a7c367c9ee4bf896c1"":[158011]}}",,[],
WOODLANDS,859,WOODLANDS ST 83,13,Unmatched,Ambiguous,Missing,Missing,ConflictOrPreviouslyMatchedOutcomeChange,[12553],"{""730859"":{""d_8575e84912df3c28995b8e6e0e05205a"":[114055,116284,141908,144765,147628,154307,157745,165849,168987],""d_3a3807c023c61ddfba947dc069eb53f2"":[6633],""d_c0650f23e94c42e7a20921f4c5b75c24"":[62364,97374,123889,134765],""d_124a9bd407c7a25f8335b93b86e50fdd"":[69019,74041,75638,76470,81558],""d_4526d47d6714d3b052eed4a30b8b1ed6"":[60698],""d_b58303c68e9cf0d2ae93b73ffdbfbfa1"":[68859,72980],""d_fa2ed456cf2b8597bb7e064b08fc3c7c"":[81691,84860],""d_85518d970b8178975850457f60f1e738"":[20956,27866],""d_478f45a9c541cbe679ca55d1cd2b970b"":[55284,57382],""d_9af9317c646a1c881bb5591c91817cc6"":[55926,96353],""d_5c4ef48b025fdfbc80056401f06e3df9"":[30407],""d_2b8c54b2a490d2fa36b925289e5d9572"":[63061,67131],""d_df7d2d661c0c11a7c367c9ee4bf896c1"":[195206,207264,221483,224156],""d_72f37e5c5d192951ddc5513c2b134482"":[35051,123200],""d_af2042c77ffaf0db5d75561ce9ef5688"":[55540],""d_31af23fdb79119ed185c256f03cb5773"":[34242],""d_4e3db8955fdcda6f9944097bef3d2724"":[15225]},""731859"":{""d_8575e84912df3c28995b8e6e0e05205a"":[123741]}}",,[],
WOODLANDS,894B,WOODLANDS DR 50,23,Unmatched,Ambiguous,Missing,Missing,ConflictOrPreviouslyMatchedOutcomeChange,[12791],"{""731894"":{""d_c0650f23e94c42e7a20921f4c5b75c24"":[52837,96377],""d_acbc938ec77af18f94cecc4a7c9ec720"":[68021],""d_124a9bd407c7a25f8335b93b86e50fdd"":[85032],""d_4526d47d6714d3b052eed4a30b8b1ed6"":[65182],""d_fa2ed456cf2b8597bb7e064b08fc3c7c"":[25284,33484,73341],""d_85518d970b8178975850457f60f1e738"":[9146,57738,60469],""d_5573b0db0575db32190a2ad27919a7aa"":[22581,69375],""d_a2141adf93ec2a3c2ec2837b78d6d46e"":[73777,77159,87627,87866],""d_9af9317c646a1c881bb5591c91817cc6"":[93139,94045],""d_67e99e6eabc4aad9b5d48663b579746a"":[45994],""d_181005ca270b45408b4cdfc954980ca2"":[27335,91831,93453],""d_2b8c54b2a490d2fa36b925289e5d9572"":[64366],""d_df7d2d661c0c11a7c367c9ee4bf896c1"":[42547,67849,69829,169668,188658,188772,202785,210755],""d_72f37e5c5d192951ddc5513c2b134482"":[114838,127046],""d_0cc5f52a1f298b916f317800251057f3"":[8850],""d_af2042c77ffaf0db5d75561ce9ef5688"":[20287,44531,49838],""d_31af23fdb79119ed185c256f03cb5773"":[13345,32164]},""730894"":{""d_af2042c77ffaf0db5d75561ce9ef5688"":[37203]}}",,[],
YISHUN,103,YISHUN RING RD,16,Unmatched,Ambiguous,Missing,Missing,ConflictOrPreviouslyMatchedOutcomeChange,[212],"{""760103"":{""d_8575e84912df3c28995b8e6e0e05205a"":[11705,38197,41870,71035,72196,84600,98177,99131,106478,107760,110606,112037,119043,129019,131277,133921,140878,142044,143056,143971,157145,160327,160358,169387],""d_3a3807c023c61ddfba947dc069eb53f2"":[134,35552,67619,73547,74197,74719,75157,85677,86195],""d_c0650f23e94c42e7a20921f4c5b75c24"":[1638,1641,25861,78215,79292,80265,80437,83808,86184,113710,115484,116135,118884,129397,129444,138199],""d_acbc938ec77af18f94cecc4a7c9ec720"":[3437,37427,53741,55383,63601,68873],""d_124a9bd407c7a25f8335b93b86e50fdd"":[29479,45284,47685,51338,53184,53922,54997,64083,64973,70732,73676,78104,78790,80040,83676],""d_4526d47d6714d3b052eed4a30b8b1ed6"":[363,41951,42430,45621,54585,55919,63017],""d_b58303c68e9cf0d2ae93b73ffdbfbfa1"":[44573,48279,51093,63394,67869,76463,77502,77655,78755],""d_fa2ed456cf2b8597bb7e064b08fc3c7c"":[2158,66779,72097,74772,75410,78857,79118,93651],""d_85518d970b8178975850457f60f1e738"":[35677,53999],""d_478f45a9c541cbe679ca55d1cd2b970b"":[19101,30705,39367],""d_5573b0db0575db32190a2ad27919a7aa"":[1027,10551,35328,36843,40501,47689,48806,52261,52713,55848,56246,61559,66945],""d_a2141adf93ec2a3c2ec2837b78d6d46e"":[26148,62516,62635,66552,81467,81978,82723,88650],""d_9af9317c646a1c881bb5591c91817cc6"":[28002,38914,74761,77431,81286,89281,91385,93073,100653,103470,108533],""d_67e99e6eabc4aad9b5d48663b579746a"":[312,404,9900,17414,34268,38317,42969,44651,48654],""d_5c4ef48b025fdfbc80056401f06e3df9"":[21991,33755],""d_300ddc8da4e8f7bdc1bfc62d0d99e2e7"":[2602,11348,11607,12992,13265,19073],""d_181005ca270b45408b4cdfc954980ca2"":[131,51972,65306,69214,73970,92152,92919],""d_2b8c54b2a490d2fa36b925289e5d9572"":[4971,33766,33870,37872,57747,68649,70423],""d_df7d2d661c0c11a7c367c9ee4bf896c1"":[128,129,897,63143,113111,123950,128130,147734,165833,166019,166531,170800,184821,185460,185680,188738,189739,193211,202653,211028,217193,222893],""d_72f37e5c5d192951ddc5513c2b134482"":[30187,36515,71581,83433,94600,96584,101960,104068,108971,109541,116656,133379],""d_0cc5f52a1f298b916f317800251057f3"":[2919,5751,10940,19257,19896,20573,21101],""d_e97e8e7fc55b85a38babf66b0fa46b73"":[25659,25876,28856],""d_af2042c77ffaf0db5d75561ce9ef5688"":[31040,37452,38164,38283,39209,44715,46636,50404],""d_1cd970d8351b42be4a308d628a6dd9d3"":[2148],""d_31af23fdb79119ed185c256f03cb5773"":[10510,11631,16864,19091,22608,24649,25449,25559,27906,31462,33556,35851,36659,37646,37926],""d_4e3db8955fdcda6f9944097bef3d2724"":[8655]},""760137"":{""d_c0650f23e94c42e7a20921f4c5b75c24"":[103480]}}",,[],
YISHUN,110,YISHUN RING RD,47,Unmatched,Ambiguous,Missing,Missing,ConflictOrPreviouslyMatchedOutcomeChange,[530],"{""760110"":{""d_8575e84912df3c28995b8e6e0e05205a"":[38687,47932,75451,89481,90876,99788,113142,132714,138148,143681,145842],""d_3a3807c023c61ddfba947dc069eb53f2"":[52354,61718,63332,64211,87468,90201],""d_c0650f23e94c42e7a20921f4c5b75c24"":[35875,65633,81354,89967,96766,107825,113554,116228,120766,127119,127300,132116,135169,138777],""d_acbc938ec77af18f94cecc4a7c9ec720"":[37964,43238,43971,45801,47413,54632],""d_124a9bd407c7a25f8335b93b86e50fdd"":[64772],""d_4526d47d6714d3b052eed4a30b8b1ed6"":[37394,38101,60661],""d_b58303c68e9cf0d2ae93b73ffdbfbfa1"":[68521,74743,74904,83401],""d_fa2ed456cf2b8597bb7e064b08fc3c7c"":[31101,35399,36081,58016,63990,68440,69262,71105,75413,79124,90793],""d_85518d970b8178975850457f60f1e738"":[17192,34849,38483,57095],""d_478f45a9c541cbe679ca55d1cd2b970b"":[16630,31666,55115],""d_5573b0db0575db32190a2ad27919a7aa"":[52387,56051,57877,61033,66048,69119],""d_a2141adf93ec2a3c2ec2837b78d6d46e"":[11,35468,66416],""d_9af9317c646a1c881bb5591c91817cc6"":[604,37066,55708,81542,93192,102875,107893,112005,115931,117017],""d_67e99e6eabc4aad9b5d48663b579746a"":[8663,15055,39955,50944,56260],""d_5c4ef48b025fdfbc80056401f06e3df9"":[32924,34008,40497],""d_181005ca270b45408b4cdfc954980ca2"":[54298,65988,67315,79608,90549],""d_4130f1d9d365d9f1633536e959f62bb7"":[2506],""d_2b8c54b2a490d2fa36b925289e5d9572"":[24818,29005,42481,44657,46793,61077,65259],""d_df7d2d661c0c11a7c367c9ee4bf896c1"":[33543,39345,48146,52218,118270,118523,127863,145678,151411,154798,175506,176648,180400,182832,183446,192601,193037,195643,201313,208842,222571,223293],""d_72f37e5c5d192951ddc5513c2b134482"":[32511,34299,63459,64579,86078,86701,92953,106294,119873,126059,131514,133962,137420,141757],""d_0cc5f52a1f298b916f317800251057f3"":[19307,20794],""d_e97e8e7fc55b85a38babf66b0fa46b73"":[23781,30676,34831,35497],""d_af2042c77ffaf0db5d75561ce9ef5688"":[7134,20428,37716,40543,43771,48664,56735],""d_31af23fdb79119ed185c256f03cb5773"":[2070,16059,20605,20708,26311,31418,34119]},""760280"":{""d_8575e84912df3c28995b8e6e0e05205a"":[116298]},""760285"":{""d_67e99e6eabc4aad9b5d48663b579746a"":[33094]}}",,[],
YISHUN,156,YISHUN ST 11,6,Unmatched,Ambiguous,Missing,Missing,ConflictOrPreviouslyMatchedOutcomeChange,[1904],"{""760156"":{""d_8575e84912df3c28995b8e6e0e05205a"":[19190,38777,39609,120301,123213,123487,124712,125988,126113,127811,139049,158464,167830],""d_3a3807c023c61ddfba947dc069eb53f2"":[800,33690,60494,65155,65386,72640],""d_c0650f23e94c42e7a20921f4c5b75c24"":[9098,90810,102093,102954,104069,107878,108446,110678,123615,127975,138202],""d_acbc938ec77af18f94cecc4a7c9ec720"":[41640,50480,50797,51861,57156],""d_124a9bd407c7a25f8335b93b86e50fdd"":[22391,68026,71534,75557],""d_4526d47d6714d3b052eed4a30b8b1ed6"":[6238,29787,48994,49096,54363,67516],""d_b58303c68e9cf0d2ae93b73ffdbfbfa1"":[47948,58756,71168,73415],""d_fa2ed456cf2b8597bb7e064b08fc3c7c"":[14024,71528,74574,84567,91029],""d_85518d970b8178975850457f60f1e738"":[43087,43876,48947],""d_478f45a9c541cbe679ca55d1cd2b970b"":[4287,10317,41272,42367,43590,43930,50995,54807,61636,64042],""d_5573b0db0575db32190a2ad27919a7aa"":[34536,62519,68747],""d_a2141adf93ec2a3c2ec2837b78d6d46e"":[7252,41161,47773,67746,85250,86625],""d_9af9317c646a1c881bb5591c91817cc6"":[12784,13275,53158,56573,57410,60034,75997,80070,89788,91448,91461,119485],""d_67e99e6eabc4aad9b5d48663b579746a"":[39756,40349,42838,43828,45147,47282],""d_5c4ef48b025fdfbc80056401f06e3df9"":[27694],""d_300ddc8da4e8f7bdc1bfc62d0d99e2e7"":[5277,13481,16250],""d_181005ca270b45408b4cdfc954980ca2"":[28831,65582,74350,74355,80137,96441],""d_4130f1d9d365d9f1633536e959f62bb7"":[4145,7954],""d_2b8c54b2a490d2fa36b925289e5d9572"":[4914,5823,48761,56470,66109],""d_df7d2d661c0c11a7c367c9ee4bf896c1"":[23744,26015,154954,155936,157313,168415,169267,176141,179510,185585],""d_72f37e5c5d192951ddc5513c2b134482"":[33827,98646,99350,99648],""d_e97e8e7fc55b85a38babf66b0fa46b73"":[27327],""d_af2042c77ffaf0db5d75561ce9ef5688"":[37778,42823],""d_1cd970d8351b42be4a308d628a6dd9d3"":[7054,7631],""d_31af23fdb79119ed185c256f03cb5773"":[19593,24596],""d_4e3db8955fdcda6f9944097bef3d2724"":[13714,14106]},""760154"":{""d_181005ca270b45408b4cdfc954980ca2"":[71337]}}",,[],
YISHUN,261,YISHUN ST 22,5,Unmatched,Ambiguous,Missing,Missing,ConflictOrPreviouslyMatchedOutcomeChange,[4248],"{""760261"":{""d_8575e84912df3c28995b8e6e0e05205a"":[17877,92713,146390,167206],""d_3a3807c023c61ddfba947dc069eb53f2"":[48642,65861,87594],""d_c0650f23e94c42e7a20921f4c5b75c24"":[10318,12535,17888,91525,95772,99962,101997,107683,110404],""d_acbc938ec77af18f94cecc4a7c9ec720"":[54713],""d_124a9bd407c7a25f8335b93b86e50fdd"":[52184,54356,57344,57912,59358,61295,63462,66067,66307],""d_4526d47d6714d3b052eed4a30b8b1ed6"":[48350,52312,69076],""d_b58303c68e9cf0d2ae93b73ffdbfbfa1"":[57324,65061,72658],""d_fa2ed456cf2b8597bb7e064b08fc3c7c"":[52276,70842,73101,77027,88396],""d_85518d970b8178975850457f60f1e738"":[17911,56218],""d_478f45a9c541cbe679ca55d1cd2b970b"":[38703,49272,53925],""d_5573b0db0575db32190a2ad27919a7aa"":[13710,50365,51064,59938],""d_a2141adf93ec2a3c2ec2837b78d6d46e"":[42923,63465,64223,65371,72329,78352],""d_9af9317c646a1c881bb5591c91817cc6"":[84521,92235,94863,120606],""d_67e99e6eabc4aad9b5d48663b579746a"":[44905,46673,54740],""d_5c4ef48b025fdfbc80056401f06e3df9"":[22340,32758],""d_300ddc8da4e8f7bdc1bfc62d0d99e2e7"":[13652],""d_181005ca270b45408b4cdfc954980ca2"":[66967,77414,83321],""d_4130f1d9d365d9f1633536e959f62bb7"":[9711,11271],""d_2b8c54b2a490d2fa36b925289e5d9572"":[56024],""d_df7d2d661c0c11a7c367c9ee4bf896c1"":[151294,165601,172822,176562,182968,185011,186211,189398],""d_72f37e5c5d192951ddc5513c2b134482"":[63674,99530,100046,104001,114205],""d_0cc5f52a1f298b916f317800251057f3"":[15980],""d_e97e8e7fc55b85a38babf66b0fa46b73"":[32210],""d_af2042c77ffaf0db5d75561ce9ef5688"":[41853,42885],""d_4e3db8955fdcda6f9944097bef3d2724"":[9217]},""760260"":{""d_478f45a9c541cbe679ca55d1cd2b970b"":[39575]}}",,[],
YISHUN,285,YISHUN AVE 6,2,NormalizedAddress,Ambiguous,BlockApproximation,Missing,ConflictOrPreviouslyMatchedOutcomeChange,[4670],"{""760285"":{""d_8575e84912df3c28995b8e6e0e05205a"":[108960,119242,153772],""d_3a3807c023c61ddfba947dc069eb53f2"":[61692,67484,73056],""d_c0650f23e94c42e7a20921f4c5b75c24"":[1980,79312,79624,93599,94007,99459,109378,110176],""d_4526d47d6714d3b052eed4a30b8b1ed6"":[48859,63758],""d_b58303c68e9cf0d2ae93b73ffdbfbfa1"":[61257],""d_fa2ed456cf2b8597bb7e064b08fc3c7c"":[52291,61632,65801],""d_85518d970b8178975850457f60f1e738"":[49321],""d_478f45a9c541cbe679ca55d1cd2b970b"":[46043],""d_5573b0db0575db32190a2ad27919a7aa"":[45069],""d_a2141adf93ec2a3c2ec2837b78d6d46e"":[49489,60724,64795],""d_9af9317c646a1c881bb5591c91817cc6"":[94946,115289,119146],""d_67e99e6eabc4aad9b5d48663b579746a"":[41196],""d_181005ca270b45408b4cdfc954980ca2"":[42696],""d_4130f1d9d365d9f1633536e959f62bb7"":[7936],""d_2b8c54b2a490d2fa36b925289e5d9572"":[69700],""d_df7d2d661c0c11a7c367c9ee4bf896c1"":[122391,122729,156378,165855,167421,170896,171856,179712,184863,225979],""d_72f37e5c5d192951ddc5513c2b134482"":[34248,106491],""d_31af23fdb79119ed185c256f03cb5773"":[55,23438,37191]},""760222"":{""d_df7d2d661c0c11a7c367c9ee4bf896c1"":[163976]}}",,[],
YISHUN,291,YISHUN ST 22,9,Unmatched,Ambiguous,Missing,Missing,ConflictOrPreviouslyMatchedOutcomeChange,[4794],"{""760291"":{""d_8575e84912df3c28995b8e6e0e05205a"":[31559,35772,36385,37200,51150,84906,105757,113534,113637,114870,116126,121321,121826,128872,130773,131664,136741,142364,143903,155750,160013,168974],""d_3a3807c023c61ddfba947dc069eb53f2"":[15434,31558,40755,49246,49714,53737,66630,66953,72611,83700,87404],""d_c0650f23e94c42e7a20921f4c5b75c24"":[1544,79073,83714,85160,86966,88859,88913,90130,93558,94747,113080,113345,138660],""d_acbc938ec77af18f94cecc4a7c9ec720"":[40279,67350],""d_124a9bd407c7a25f8335b93b86e50fdd"":[50693,51716,67007,71137],""d_4526d47d6714d3b052eed4a30b8b1ed6"":[38222,48152,49531,57154,57190,57772],""d_b58303c68e9cf0d2ae93b73ffdbfbfa1"":[49770,57270,60815,61733,65494,71792],""d_fa2ed456cf2b8597bb7e064b08fc3c7c"":[11931,41659,52300,58796,62145,70810,71090,72004,74568,80088,86115,91939],""d_85518d970b8178975850457f60f1e738"":[7845,15917,38953,44166,44232,45452,55021,55336],""d_478f45a9c541cbe679ca55d1cd2b970b"":[9940,22187,23239,36680,38503,42915,45257,45890,46216,55022,65619],""d_5573b0db0575db32190a2ad27919a7aa"":[405,41627,41990,53682,62480,62803,67592,74512],""d_a2141adf93ec2a3c2ec2837b78d6d46e"":[1607,13770,30835,48317,49580,51143,52477,56633,58300,61592,62734,67252,69955,69995,72416,89433],""d_9af9317c646a1c881bb5591c91817cc6"":[44204,67337,74226,76843,82289,86134,87247,88773,93507,93997,94780,94781,98210,102963,106875],""d_67e99e6eabc4aad9b5d48663b579746a"":[26568,35101,41592,51099,54702],""d_5c4ef48b025fdfbc80056401f06e3df9"":[27760,37088],""d_300ddc8da4e8f7bdc1bfc62d0d99e2e7"":[10967,12764,13454,15107,21338],""d_181005ca270b45408b4cdfc954980ca2"":[66677,76212,78732,81204,83005,84598,85025],""d_4130f1d9d365d9f1633536e959f62bb7"":[9077],""d_2b8c54b2a490d2fa36b925289e5d9572"":[18617,47427,51694,54278],""d_df7d2d661c0c11a7c367c9ee4bf896c1"":[36668,68819,72766,82722,123396,133014,143006,152132,156854,161865,165818,168241,168775,176939,178657,180331,182253,185762,188050,190498,192761,199205,199340,210781,213006,213955,214493,216728,217412,218811],""d_72f37e5c5d192951ddc5513c2b134482"":[1303,9683,25444,34651,76590,76739,76769,86824,92300,99242,101233,106422,107763,111992,112665,114523,116581],""d_0cc5f52a1f298b916f317800251057f3"":[18983],""d_e97e8e7fc55b85a38babf66b0fa46b73"":[9456,32646,32647],""d_af2042c77ffaf0db5d75561ce9ef5688"":[42590,48387,55970],""d_1cd970d8351b42be4a308d628a6dd9d3"":[8508,10264],""d_31af23fdb79119ed185c256f03cb5773"":[19782,22652,26208,33682,36873],""d_4e3db8955fdcda6f9944097bef3d2724"":[1360]},""760294"":{""d_3a3807c023c61ddfba947dc069eb53f2"":[63084],""d_fa2ed456cf2b8597bb7e064b08fc3c7c"":[64109]}}",,[],
YISHUN,293,YISHUN ST 22,15,Unmatched,Ambiguous,Missing,Missing,ConflictOrPreviouslyMatchedOutcomeChange,[4824],"{""760294"":{""d_8575e84912df3c28995b8e6e0e05205a"":[97840]},""760293"":{""d_8575e84912df3c28995b8e6e0e05205a"":[108042,114441,117735,119740,129314,133061,137488,138731,155378,156670,162224,171342],""d_3a3807c023c61ddfba947dc069eb53f2"":[5564,43612,51546,55251,57114,57802,60993,61375,63481,63912,75527,91342],""d_c0650f23e94c42e7a20921f4c5b75c24"":[70111,79163,90258,92637,100400,106319,107927,112915,114163,116852,119434,119900,134818,135669,138797,139991],""d_acbc938ec77af18f94cecc4a7c9ec720"":[50698,60928,66684,66903],""d_124a9bd407c7a25f8335b93b86e50fdd"":[56230,58329,68503,76263],""d_4526d47d6714d3b052eed4a30b8b1ed6"":[33063,43370,44332,46172,46573,50410,50770,65235,69663],""d_b58303c68e9cf0d2ae93b73ffdbfbfa1"":[28390,43236,51367,65966,67251,70592,70979,71636,72427],""d_fa2ed456cf2b8597bb7e064b08fc3c7c"":[15129,20165,22648,24142,24633,40907,52391,58071,58077,60774,61359,61550,64561,65544,65841,66533,69427,73695,78658,80205,80459,80949,91084],""d_85518d970b8178975850457f60f1e738"":[27018,46374,47293,51641],""d_478f45a9c541cbe679ca55d1cd2b970b"":[52,31383,34475,35766,38374,41054,41200,56519,64761],""d_5573b0db0575db32190a2ad27919a7aa"":[17954,34565,50470,52755,53341,57646,58100],""d_a2141adf93ec2a3c2ec2837b78d6d46e"":[39209,57300,59763,61062,63967,86499,86593],""d_9af9317c646a1c881bb5591c91817cc6"":[30166,67608,82416,88470,96322,105965,113882,114302,121647],""d_67e99e6eabc4aad9b5d48663b579746a"":[15539,40269,44244,46354,50525,52301,59887],""d_5c4ef48b025fdfbc80056401f06e3df9"":[41121],""d_300ddc8da4e8f7bdc1bfc62d0d99e2e7"":[11606,11942,14124,14575,14595,15774],""d_181005ca270b45408b4cdfc954980ca2"":[6153,12507,23858,74075,74468,87677],""d_2b8c54b2a490d2fa36b925289e5d9572"":[8104,13712,43043,54841,68522,70590],""d_df7d2d661c0c11a7c367c9ee4bf896c1"":[25557,37408,47435,126635,132943,146369,148925,150241,150636,155209,165830,171795,173309,175783,180131,184845,185559,192541,194691],""d_72f37e5c5d192951ddc5513c2b134482"":[13798,70147,70876,76776,79167,82465,85050,85844,86900,90983,93117,93163,103272,105306,105771],""d_af2042c77ffaf0db5d75561ce9ef5688"":[39138,39907,43238,44685,47454,50904,53383],""d_1cd970d8351b42be4a308d628a6dd9d3"":[11887],""d_31af23fdb79119ed185c256f03cb5773"":[8093,10055,15306,15619,19737,26863,27325,28668,28692,28700,30404,30521,32034,33748,34075,35279,37010,37160,37255],""d_4e3db8955fdcda6f9944097bef3d2724"":[12434,12446,12615]}}",,[],
YISHUN,411,YISHUN RING RD,15,Unmatched,Ambiguous,Missing,Missing,ConflictOrPreviouslyMatchedOutcomeChange,[6824],"{""760411"":{""d_8575e84912df3c28995b8e6e0e05205a"":[120000,129336,129481,134438,140928],""d_3a3807c023c61ddfba947dc069eb53f2"":[41750,41751,58057,72115,84171,90417],""d_c0650f23e94c42e7a20921f4c5b75c24"":[29211,37558],""d_b58303c68e9cf0d2ae93b73ffdbfbfa1"":[84387],""d_fa2ed456cf2b8597bb7e064b08fc3c7c"":[59743,75478,82238,86400,87867],""d_85518d970b8178975850457f60f1e738"":[53451,55998,57574],""d_478f45a9c541cbe679ca55d1cd2b970b"":[48260,61202,61738],""d_5573b0db0575db32190a2ad27919a7aa"":[26250],""d_a2141adf93ec2a3c2ec2837b78d6d46e"":[64949,87301],""d_9af9317c646a1c881bb5591c91817cc6"":[87598,92516,116034],""d_67e99e6eabc4aad9b5d48663b579746a"":[18136,58898,59219],""d_5c4ef48b025fdfbc80056401f06e3df9"":[32846,37169],""d_181005ca270b45408b4cdfc954980ca2"":[93225],""d_2b8c54b2a490d2fa36b925289e5d9572"":[67546],""d_df7d2d661c0c11a7c367c9ee4bf896c1"":[148922,151490,165870,166693,176579,201456,231406],""d_72f37e5c5d192951ddc5513c2b134482"":[25249,104849,109599,118201,127228,128093],""d_af2042c77ffaf0db5d75561ce9ef5688"":[35910],""d_31af23fdb79119ed185c256f03cb5773"":[27714]},""760413"":{""d_181005ca270b45408b4cdfc954980ca2"":[68595]}}",,[],
YISHUN,624,YISHUN RING RD,19,Unmatched,Ambiguous,Missing,Missing,ConflictOrPreviouslyMatchedOutcomeChange,[10079],"{""760624"":{""d_8575e84912df3c28995b8e6e0e05205a"":[45727,146822],""d_3a3807c023c61ddfba947dc069eb53f2"":[69455,89575],""d_c0650f23e94c42e7a20921f4c5b75c24"":[4054,130667,135269],""d_acbc938ec77af18f94cecc4a7c9ec720"":[63408],""d_124a9bd407c7a25f8335b93b86e50fdd"":[42122,65845,83225],""d_4526d47d6714d3b052eed4a30b8b1ed6"":[56696,56878],""d_b58303c68e9cf0d2ae93b73ffdbfbfa1"":[40534],""d_fa2ed456cf2b8597bb7e064b08fc3c7c"":[12849],""d_478f45a9c541cbe679ca55d1cd2b970b"":[8051,8984,9164,9999,10260,12318,16052],""d_5573b0db0575db32190a2ad27919a7aa"":[40438],""d_9af9317c646a1c881bb5591c91817cc6"":[102069,119349],""d_181005ca270b45408b4cdfc954980ca2"":[19366,93477],""d_4130f1d9d365d9f1633536e959f62bb7"":[12044],""d_2b8c54b2a490d2fa36b925289e5d9572"":[7332],""d_df7d2d661c0c11a7c367c9ee4bf896c1"":[91726,208865,217074],""d_72f37e5c5d192951ddc5513c2b134482"":[129612,133161,135414],""d_af2042c77ffaf0db5d75561ce9ef5688"":[51732],""d_31af23fdb79119ed185c256f03cb5773"":[33771]},""760642"":{""d_124a9bd407c7a25f8335b93b86e50fdd"":[61808]}}",,[],
YISHUN,717,YISHUN ST 71,21,Unmatched,Ambiguous,Missing,Missing,ConflictOrPreviouslyMatchedOutcomeChange,[11454],"{""760717"":{""d_8575e84912df3c28995b8e6e0e05205a"":[100399,132070,133665,135806,146773,151444],""d_3a3807c023c61ddfba947dc069eb53f2"":[51206,68351,86492,93540],""d_c0650f23e94c42e7a20921f4c5b75c24"":[76791,110710,118022,122459],""d_acbc938ec77af18f94cecc4a7c9ec720"":[41672,41799,44129,58601,60459],""d_124a9bd407c7a25f8335b93b86e50fdd"":[84745],""d_4526d47d6714d3b052eed4a30b8b1ed6"":[17217,39032,51892,59474],""d_b58303c68e9cf0d2ae93b73ffdbfbfa1"":[56576,61266,82667],""d_fa2ed456cf2b8597bb7e064b08fc3c7c"":[44002,54793,69975,80099,80260,84292,86574,88887],""d_85518d970b8178975850457f60f1e738"":[27214,38047],""d_478f45a9c541cbe679ca55d1cd2b970b"":[359,36068,48854,49380,54415],""d_5573b0db0575db32190a2ad27919a7aa"":[899,19070,43065,44688,55349,75109],""d_a2141adf93ec2a3c2ec2837b78d6d46e"":[9401,53450,72706,86027,88288],""d_9af9317c646a1c881bb5591c91817cc6"":[67686,99230,104496,119851],""d_67e99e6eabc4aad9b5d48663b579746a"":[28532,35184,55237,55983,57092],""d_5c4ef48b025fdfbc80056401f06e3df9"":[10232,32709,33312,33980],""d_300ddc8da4e8f7bdc1bfc62d0d99e2e7"":[3069,12907],""d_181005ca270b45408b4cdfc954980ca2"":[348,14820,52714,60635,66241,85368,96288],""d_2b8c54b2a490d2fa36b925289e5d9572"":[54230,68062],""d_df7d2d661c0c11a7c367c9ee4bf896c1"":[28993,54608,62942,72361,91603,97611,171726,178506,191007,197247,201018,206512,209432,210722],""d_72f37e5c5d192951ddc5513c2b134482"":[44456,76772,86725,95451],""d_0cc5f52a1f298b916f317800251057f3"":[15470,17363,17638,21717],""d_af2042c77ffaf0db5d75561ce9ef5688"":[32238,53152,53256],""d_31af23fdb79119ed185c256f03cb5773"":[5103,34600,36322]},""760711"":{""d_8575e84912df3c28995b8e6e0e05205a"":[121349]}}",,[],
YISHUN,732,YISHUN AVE 5,6,NormalizedAddress,Ambiguous,BlockApproximation,Missing,ConflictOrPreviouslyMatchedOutcomeChange,[11583],"{""760732"":{""d_8575e84912df3c28995b8e6e0e05205a"":[131531,134151,149265,160029],""d_3a3807c023c61ddfba947dc069eb53f2"":[71065,71230,71863,75135,81275],""d_c0650f23e94c42e7a20921f4c5b75c24"":[1672,109474,112970,112978,117880,119648],""d_acbc938ec77af18f94cecc4a7c9ec720"":[57394,59701,63181],""d_124a9bd407c7a25f8335b93b86e50fdd"":[63795],""d_4526d47d6714d3b052eed4a30b8b1ed6"":[30571,49927,53080],""d_b58303c68e9cf0d2ae93b73ffdbfbfa1"":[51606,62551],""d_fa2ed456cf2b8597bb7e064b08fc3c7c"":[86924],""d_85518d970b8178975850457f60f1e738"":[40987,50319,54043],""d_478f45a9c541cbe679ca55d1cd2b970b"":[14420,15688,30585,35729,36124,40632,43470,51172,52018,64134],""d_5573b0db0575db32190a2ad27919a7aa"":[40230,41451,52825,59578,62876],""d_a2141adf93ec2a3c2ec2837b78d6d46e"":[82208],""d_9af9317c646a1c881bb5591c91817cc6"":[22965,36999,57580,69978,76744,78410,80287,88794,90677,91664],""d_67e99e6eabc4aad9b5d48663b579746a"":[781,53223,56362],""d_5c4ef48b025fdfbc80056401f06e3df9"":[36195],""d_300ddc8da4e8f7bdc1bfc62d0d99e2e7"":[1945,8552,13710,13933,20674],""d_4130f1d9d365d9f1633536e959f62bb7"":[7894,7895,8448],""d_2b8c54b2a490d2fa36b925289e5d9572"":[25663,47308,49741,50265],""d_df7d2d661c0c11a7c367c9ee4bf896c1"":[57519,129514,155241,158262,158635,165506,174960,182753,187385,193980,195725,197721,198861,209854,210778,215725],""d_72f37e5c5d192951ddc5513c2b134482"":[71467,87760,106248,125559,132579],""d_0cc5f52a1f298b916f317800251057f3"":[23404],""d_e97e8e7fc55b85a38babf66b0fa46b73"":[24904,29581]},""576732"":{""d_72f37e5c5d192951ddc5513c2b134482"":[101114]}}",,[],
YISHUN,744,YISHUN ST 72,5,Unmatched,Ambiguous,Missing,Missing,ConflictOrPreviouslyMatchedOutcomeChange,[11664],"{""760744"":{""d_8575e84912df3c28995b8e6e0e05205a"":[75584,144743,148086,152805,152817,152979,152988,153100,154064,162306,173294,173328,173329,174383],""d_3a3807c023c61ddfba947dc069eb53f2"":[7055,57072,63083,70912,71913],""d_c0650f23e94c42e7a20921f4c5b75c24"":[2169,69461,111115,122777],""d_acbc938ec77af18f94cecc4a7c9ec720"":[48874],""d_124a9bd407c7a25f8335b93b86e50fdd"":[12605],""d_4526d47d6714d3b052eed4a30b8b1ed6"":[69242],""d_b58303c68e9cf0d2ae93b73ffdbfbfa1"":[41053,54964,72174,81584],""d_fa2ed456cf2b8597bb7e064b08fc3c7c"":[9026,25392,67468,72712,72988,79851,83446,88660,94140],""d_85518d970b8178975850457f60f1e738"":[40222,48667,53898],""d_478f45a9c541cbe679ca55d1cd2b970b"":[35513],""d_5573b0db0575db32190a2ad27919a7aa"":[69384],""d_a2141adf93ec2a3c2ec2837b78d6d46e"":[37044,62710,65297,69768,78967,78968],""d_9af9317c646a1c881bb5591c91817cc6"":[81139],""d_67e99e6eabc4aad9b5d48663b579746a"":[41360,48221,48224,53754,53755,59242],""d_5c4ef48b025fdfbc80056401f06e3df9"":[16475,35243,35341],""d_181005ca270b45408b4cdfc954980ca2"":[28851,55143,78643,89914],""d_2b8c54b2a490d2fa36b925289e5d9572"":[10783,38369,44213,44374],""d_df7d2d661c0c11a7c367c9ee4bf896c1"":[729,75472,109005,166547,174571,177061,204341,218737],""d_72f37e5c5d192951ddc5513c2b134482"":[70690,71607,93437],""d_e97e8e7fc55b85a38babf66b0fa46b73"":[22196],""d_af2042c77ffaf0db5d75561ce9ef5688"":[33238,36825],""d_1cd970d8351b42be4a308d628a6dd9d3"":[10975],""d_31af23fdb79119ed185c256f03cb5773"":[29238,31615],""d_4e3db8955fdcda6f9944097bef3d2724"":[15271]},""769744"":{""d_9af9317c646a1c881bb5591c91817cc6"":[75935]}}",,[],
YISHUN,848,YISHUN ST 81,2,Unmatched,Ambiguous,Missing,Missing,ConflictOrPreviouslyMatchedOutcomeChange,[12476],"{""760848"":{""d_8575e84912df3c28995b8e6e0e05205a"":[86893,108897,112936,115016,125071,132292,136008,139469,139915,151583,160213],""d_3a3807c023c61ddfba947dc069eb53f2"":[45738,58507,69038,71419,80055,82278],""d_c0650f23e94c42e7a20921f4c5b75c24"":[81571,85942,87937,88951,90058,99751,105421,106018,114414,135340],""d_acbc938ec77af18f94cecc4a7c9ec720"":[52229,71835],""d_4526d47d6714d3b052eed4a30b8b1ed6"":[25072,41927,41994,46286,52833,52848,64543],""d_b58303c68e9cf0d2ae93b73ffdbfbfa1"":[54520,60206,63148,65816],""d_fa2ed456cf2b8597bb7e064b08fc3c7c"":[16734,57125,57850,57860,58555,59000,67899,72606,74826,75127,77222,87412,87413],""d_478f45a9c541cbe679ca55d1cd2b970b"":[36566,40197,44934,51115,55326],""d_5573b0db0575db32190a2ad27919a7aa"":[37120,45850,50587,51363,54507,54898,56271,58832,59484,61080,67911],""d_a2141adf93ec2a3c2ec2837b78d6d46e"":[53397,53846,73450,79594,92231],""d_9af9317c646a1c881bb5591c91817cc6"":[72534,77393,85839,90664,92988,93213,95416,106250],""d_67e99e6eabc4aad9b5d48663b579746a"":[16083,32395,37894,45110,48302,49173,59234],""d_5c4ef48b025fdfbc80056401f06e3df9"":[25850,26666,35372],""d_300ddc8da4e8f7bdc1bfc62d0d99e2e7"":[1391,8990,11680,12023,12787,14042,15709,17739,19683],""d_181005ca270b45408b4cdfc954980ca2"":[69672,69736,96481],""d_2b8c54b2a490d2fa36b925289e5d9572"":[6847,42680,47052,59745,60007,64011],""d_df7d2d661c0c11a7c367c9ee4bf896c1"":[27233,42590,68839,78489,94154,142579,143216,154168,154732,163300,167227,174013],""d_72f37e5c5d192951ddc5513c2b134482"":[13281,17620,88831,93483,96946,101142,103956,104986,109948],""d_0cc5f52a1f298b916f317800251057f3"":[8021,21978],""d_af2042c77ffaf0db5d75561ce9ef5688"":[6020,34120,36088,38890,45082,52070,52123,57070,57353],""d_1cd970d8351b42be4a308d628a6dd9d3"":[7878],""d_31af23fdb79119ed185c256f03cb5773"":[5895,28358],""d_4e3db8955fdcda6f9944097bef3d2724"":[11093,11497,12313]},""768445"":{""d_acbc938ec77af18f94cecc4a7c9ec720"":[45008]}}",,[],
YISHUN,927,YISHUN CTRL 1,7,NormalizedAddress,Ambiguous,BlockApproximation,Missing,ConflictOrPreviouslyMatchedOutcomeChange,[12970],"{""760927"":{""d_8575e84912df3c28995b8e6e0e05205a"":[16764,20376,20466,57895,62819,62895,86885,89961,102572,107575,112275,112463,113021,120813,121643,123446,142833,143707,154051,154712,155272,158632,160710,171477],""d_3a3807c023c61ddfba947dc069eb53f2"":[38984,43265,59445,63604,77594],""d_c0650f23e94c42e7a20921f4c5b75c24"":[81928,86507,92962,93793,95193,96106,110077,118818],""d_acbc938ec77af18f94cecc4a7c9ec720"":[41663],""d_124a9bd407c7a25f8335b93b86e50fdd"":[25867,37013,37756,42798,52031,58304,73383,74825,80204,82299],""d_4526d47d6714d3b052eed4a30b8b1ed6"":[33080,61743],""d_b58303c68e9cf0d2ae93b73ffdbfbfa1"":[56510,61504,67930,78112],""d_fa2ed456cf2b8597bb7e064b08fc3c7c"":[61944,89697,89759],""d_85518d970b8178975850457f60f1e738"":[16825,38327,46302,55677],""d_478f45a9c541cbe679ca55d1cd2b970b"":[11651,16331,35504,36651,39905],""d_5573b0db0575db32190a2ad27919a7aa"":[47089,47242,50459,60239,67929,76489],""d_a2141adf93ec2a3c2ec2837b78d6d46e"":[23774,40302,70977,78706,81110,82054,82133,86114,92269],""d_9af9317c646a1c881bb5591c91817cc6"":[28126,84359,86277,87656,88432,111645,119178,121003],""d_67e99e6eabc4aad9b5d48663b579746a"":[9154,15653,36394,39364],""d_5c4ef48b025fdfbc80056401f06e3df9"":[28255,36941],""d_300ddc8da4e8f7bdc1bfc62d0d99e2e7"":[11755,14313],""d_181005ca270b45408b4cdfc954980ca2"":[65438,66940,72679,79789,83169,97394],""d_4130f1d9d365d9f1633536e959f62bb7"":[7876],""d_2b8c54b2a490d2fa36b925289e5d9572"":[15362,33862,50869],""d_df7d2d661c0c11a7c367c9ee4bf896c1"":[100946,111675,144581,146672,148110,156219,160444,162145,169030,189922,192633,211161,211561,212355,212509,226467],""d_72f37e5c5d192951ddc5513c2b134482"":[45458,85243,86775,106023,128617,129401,131660],""d_0cc5f52a1f298b916f317800251057f3"":[16237],""d_e97e8e7fc55b85a38babf66b0fa46b73"":[17349,18002,23990],""d_af2042c77ffaf0db5d75561ce9ef5688"":[40043,40524,41175,44274],""d_1cd970d8351b42be4a308d628a6dd9d3"":[7682],""d_31af23fdb79119ed185c256f03cb5773"":[9858,22384,22409,23346,23832,33826],""d_4e3db8955fdcda6f9944097bef3d2724"":[3933,4899,14449]},""760636"":{""d_72f37e5c5d192951ddc5513c2b134482"":[93112]}}",,[],
YISHUN,928,YISHUN CTRL 1,5,NormalizedAddress,Ambiguous,BlockApproximation,Missing,ConflictOrPreviouslyMatchedOutcomeChange,[12974],"{""760928"":{""d_8575e84912df3c28995b8e6e0e05205a"":[12318,116263,137941,143445,161158,169437,170321],""d_3a3807c023c61ddfba947dc069eb53f2"":[59867,62820,63502,68229,74676,74848],""d_c0650f23e94c42e7a20921f4c5b75c24"":[86965,93359,94356,95150,96583,101010,103748,124171,129358],""d_acbc938ec77af18f94cecc4a7c9ec720"":[44625,44726,56434,61304,67824],""d_4526d47d6714d3b052eed4a30b8b1ed6"":[48337,63747],""d_b58303c68e9cf0d2ae93b73ffdbfbfa1"":[57405,64366],""d_fa2ed456cf2b8597bb7e064b08fc3c7c"":[61357,63405,65252,66572,68468,69242,87704,93974],""d_85518d970b8178975850457f60f1e738"":[35147,40776,45515,54645],""d_478f45a9c541cbe679ca55d1cd2b970b"":[39721,41336,43198,51544],""d_5573b0db0575db32190a2ad27919a7aa"":[50012,52444,53490],""d_a2141adf93ec2a3c2ec2837b78d6d46e"":[40448,40457,47833,55359,73990,87513],""d_9af9317c646a1c881bb5591c91817cc6"":[73150,73461,84509,98575],""d_67e99e6eabc4aad9b5d48663b579746a"":[24776,37517,41774,59186],""d_300ddc8da4e8f7bdc1bfc62d0d99e2e7"":[8494,11472,12188,19011,19687],""d_181005ca270b45408b4cdfc954980ca2"":[349,61203,73366,78044],""d_4130f1d9d365d9f1633536e959f62bb7"":[9922],""d_2b8c54b2a490d2fa36b925289e5d9572"":[34181,44130,44483,60006,64657],""d_df7d2d661c0c11a7c367c9ee4bf896c1"":[137453,145785,145828,148506,150817,154774,157978,160928,163705,178654,180403,190942,192788,208622,210181,210694,216717,228316,232936],""d_72f37e5c5d192951ddc5513c2b134482"":[53044,84722,84798,121888,125460],""d_0cc5f52a1f298b916f317800251057f3"":[20550],""d_e97e8e7fc55b85a38babf66b0fa46b73"":[3262],""d_af2042c77ffaf0db5d75561ce9ef5688"":[33681,37100,44500,47976],""d_1cd970d8351b42be4a308d628a6dd9d3"":[11360],""d_31af23fdb79119ed185c256f03cb5773"":[4386,25373,26746,27422,34038,35527],""d_4e3db8955fdcda6f9944097bef3d2724"":[10710,12427,12483]},""760728"":{""d_df7d2d661c0c11a7c367c9ee4bf896c1"":[157863]}}",,[],
