ReviewId,CacheKey,Block,Street,CoveredTransactionIds,CoveredTransactions,HdbPropertySourceRows,FootprintObjectId,FootprintEntityId,HistoricalPostal,AcraAssertions,PreservedChainReview,FirstHitFlag,ReturnedIdentityReview,CandidateUniquenessReview,Reason
1,ang-mo-kio-302-ang-mo-kio-ave-3,302,ANG MO KIO AVE 3,HDB-117532,1,4986,944019,7674,560302,0,Consistent,NamedFirstHitOnly,Unverified,Unverified,Preserved request key/query and postal agree with one HDB property and one block/postal footprint; no ACRA corroboration. Descriptive first-hit name does not establish returned block/road. Returned block/road and omitted candidates absent; intended returned identity and uniqueness UNVERIFIED. Experimental result retained only under disclosed postal assumption.
2,ang-mo-kio-310c-ang-mo-kio-ave-1,310C,ANG MO KIO AVE 1,HDB-170130,1,5216,936579,11037345,563310,0,Consistent,NamedFirstHitOnly,Unverified,Unverified,Preserved request key/query and postal agree with one HDB property and one block/postal footprint; no ACRA corroboration. Descriptive first-hit name does not establish returned block/road. Returned block/road and omitted candidates absent; intended returned identity and uniqueness UNVERIFIED. Experimental result retained only under disclosed postal assumption.
3,ang-mo-kio-456-ang-mo-kio-ave-10,456,ANG MO KIO AVE 10,HDB-56501,1,7712,940167,10144,560456,0,Consistent,NamedFirstHitOnly,Unverified,Unverified,Preserved request key/query and postal agree with one HDB property and one block/postal footprint; no ACRA corroboration. Descriptive first-hit name does not establish returned block/road. Returned block/road and omitted candidates absent; intended returned identity and uniqueness UNVERIFIED. Experimental result retained only under disclosed postal assumption.
4,ang-mo-kio-501-ang-mo-kio-ave-5,501,ANG MO KIO AVE 5,HDB-222672,1,8440,940593,7185,560501,0,Consistent,NamedFirstHitOnly,Unverified,Unverified,Preserved request key/query and postal agree with one HDB property and one block/postal footprint; no ACRA corroboration. Descriptive first-hit name does not establish returned block/road. Returned block/road and omitted candidates absent; intended returned identity and uniqueness UNVERIFIED. Experimental result retained only under disclosed postal assumption.
5,ang-mo-kio-543-ang-mo-kio-ave-10,543,ANG MO KIO AVE 10,HDB-222433,1,9161,937501,8648,560543,0,Consistent,NamedFirstHitOnly,Unverified,Unverified,Preserved request key/query and postal agree with one HDB property and one block/postal footprint; no ACRA corroboration. Descriptive first-hit name does not establish returned block/road. Returned block/road and omitted candidates absent; intended returned identity and uniqueness UNVERIFIED. Experimental result retained only under disclosed postal assumption.
6,ang-mo-kio-588d-ang-mo-kio-st-52,588D,ANG MO KIO ST 52,HDB-20561,1,9569,948069,6346,564588,0,Consistent,NamedFirstHitOnly,Unverified,Unverified,Preserved request key/query and postal agree with one HDB property and one block/postal footprint; no ACRA corroboration. Descriptive first-hit name does not establish returned block/road. Returned block/road and omitted candidates absent; intended returned identity and uniqueness UNVERIFIED. Experimental result retained only under disclosed postal assumption.
7,bedok-10d-bedok-sth-ave-2,10D,BEDOK STH AVE 2,HDB-11722,1,91,945536,575,463010,0,Consistent,NoReturnedName,Unverified,Unverified,Preserved request key/query and postal agree with one HDB property and one block/postal footprint; no ACRA corroboration. NIL gives no name corroboration. Returned block/road and omitted candidates absent; intended returned identity and uniqueness UNVERIFIED. Experimental result retained only under disclosed postal assumption.
8,bedok-113-bedok-nth-st-2,113,BEDOK NTH ST 2,HDB-28327,1,619,941340,5675,460113,0,Consistent,NoReturnedName,Unverified,Unverified,Preserved request key/query and postal agree with one HDB property and one block/postal footprint; no ACRA corroboration. NIL gives no name corroboration. Returned block/road and omitted candidates absent; intended returned identity and uniqueness UNVERIFIED. Experimental result retained only under disclosed postal assumption.
9,bedok-170-bedok-sth-rd,170,BEDOK STH RD,HDB-145185,1,2213,945064,3429,460170,0,Consistent,PreschoolFirstHit,Unverified,Unverified,Preserved request key/query and postal agree with one HDB property and one block/postal footprint; no ACRA corroboration. Institution/tenant label does not establish residential returned identity. Returned block/road and omitted candidates absent; intended returned identity and uniqueness UNVERIFIED. Experimental result retained only under disclosed postal assumption.
10,bedok-188b-bedok-nth-st-4,188B,BEDOK NTH ST 4,HDB-223305,1,2586,942680,10414,462188,0,Consistent,NamedFirstHitOnly,Unverified,Unverified,Preserved request key/query and postal agree with one HDB property and one block/postal footprint; no ACRA corroboration. Descriptive first-hit name does not establish returned block/road. Returned block/road and omitted candidates absent; intended returned identity and uniqueness UNVERIFIED. Experimental result retained only under disclosed postal assumption.
11,bedok-22-bedok-sth-ave-1,22,BEDOK STH AVE 1,HDB-117955,1,3361,937304,5732,460022,0,Consistent,NoReturnedName,Unverified,Unverified,Preserved request key/query and postal agree with one HDB property and one block/postal footprint; no ACRA corroboration. NIL gives no name corroboration. Returned block/road and omitted candidates absent; intended returned identity and uniqueness UNVERIFIED. Experimental result retained only under disclosed postal assumption.
12,bedok-44-bedok-sth-rd,44,BEDOK STH RD,HDB-34948,1,7373,943832,11286,460044,0,Consistent,NamedFirstHitOnly,Unverified,Unverified,Preserved request key/query and postal agree with one HDB property and one block/postal footprint; no ACRA corroboration. Descriptive first-hit name does not establish returned block/road. Returned block/road and omitted candidates absent; intended returned identity and uniqueness UNVERIFIED. Experimental result retained only under disclosed postal assumption.
13,bedok-545-bedok-nth-st-3,545,BEDOK NTH ST 3,HDB-13575,1,9181,942105,9426,460545,0,Consistent,NamedFirstHitOnly,Unverified,Unverified,Preserved request key/query and postal agree with one HDB property and one block/postal footprint; no ACRA corroboration. Descriptive first-hit name does not establish returned block/road. Returned block/road and omitted candidates absent; intended returned identity and uniqueness UNVERIFIED. Experimental result retained only under disclosed postal assumption.
14,bedok-620-bedok-reservoir-rd,620,BEDOK RESERVOIR RD,HDB-82898|HDB-144579|HDB-223040,3,10010,943485,10930,470620,0,Consistent,NamedFirstHitOnly,Unverified,Unverified,Preserved request key/query and postal agree with one HDB property and one block/postal footprint; no ACRA corroboration. Descriptive first-hit name does not establish returned block/road. Returned block/road and omitted candidates absent; intended returned identity and uniqueness UNVERIFIED. Experimental result retained only under disclosed postal assumption.
15,bedok-635-bedok-reservoir-rd,635,BEDOK RESERVOIR RD,HDB-223768,1,10262,938106,7466,410635,0,Consistent,NamedFirstHitOnly,Unverified,Unverified,Preserved request key/query and postal agree with one HDB property and one block/postal footprint; no ACRA corroboration. Descriptive first-hit name does not establish returned block/road. Returned block/road and omitted candidates absent; intended returned identity and uniqueness UNVERIFIED. Experimental result retained only under disclosed postal assumption.
16,bedok-91-bedok-nth-st-4,91,BEDOK NTH ST 4,HDB-70783,1,12889,945940,2482,460091,0,Consistent,NoReturnedName,Unverified,Unverified,Preserved request key/query and postal agree with one HDB property and one block/postal footprint; no ACRA corroboration. NIL gives no name corroboration. Returned block/road and omitted candidates absent; intended returned identity and uniqueness UNVERIFIED. Experimental result retained only under disclosed postal assumption.
17,bedok-93-bedok-nth-ave-4,93,BEDOK NTH AVE 4,HDB-145396,1,12978,939760,177,460093,0,Consistent,NoReturnedName,Unverified,Unverified,Preserved request key/query and postal agree with one HDB property and one block/postal footprint; no ACRA corroboration. NIL gives no name corroboration. Returned block/road and omitted candidates absent; intended returned identity and uniqueness UNVERIFIED. Experimental result retained only under disclosed postal assumption.
18,bedok-94c-bedok-nth-ave-4,94C,BEDOK NTH AVE 4,HDB-145544,1,13049,938503,2529,462094,0,Consistent,NoReturnedName,Unverified,Unverified,Preserved request key/query and postal agree with one HDB property and one block/postal footprint; no ACRA corroboration. NIL gives no name corroboration. Returned block/road and omitted candidates absent; intended returned identity and uniqueness UNVERIFIED. Experimental result retained only under disclosed postal assumption.
19,bedok-97-bedok-nth-ave-4,97,BEDOK NTH AVE 4,HDB-223610,1,13209,947596,7370,460097,0,Consistent,NoReturnedName,Unverified,Unverified,Preserved request key/query and postal agree with one HDB property and one block/postal footprint; no ACRA corroboration. NIL gives no name corroboration. Returned block/road and omitted candidates absent; intended returned identity and uniqueness UNVERIFIED. Experimental result retained only under disclosed postal assumption.
20,bishan-102-bishan-st-12,102,BISHAN ST 12,HDB-171600,1,148,942838,11055564,570102,0,Consistent,NamedFirstHitOnly,Unverified,Unverified,Preserved request key/query and postal agree with one HDB property and one block/postal footprint; no ACRA corroboration. Descriptive first-hit name does not establish returned block/road. Returned block/road and omitted candidates absent; intended returned identity and uniqueness UNVERIFIED. Experimental result retained only under disclosed postal assumption.
21,bishan-103-bishan-st-12,103,BISHAN ST 12,HDB-119244,1,189,942836,11055563,570103,0,Consistent,NamedFirstHitOnly,Unverified,Unverified,Preserved request key/query and postal agree with one HDB property and one block/postal footprint; no ACRA corroboration. Descriptive first-hit name does not establish returned block/road. Returned block/road and omitted candidates absent; intended returned identity and uniqueness UNVERIFIED. Experimental result retained only under disclosed postal assumption.
22,bishan-111-bishan-st-12,111,BISHAN ST 12,HDB-94921,1,544,945820,11055467,570111,0,Consistent,NamedFirstHitOnly,Unverified,Unverified,Preserved request key/query and postal agree with one HDB property and one block/postal footprint; no ACRA corroboration. Descriptive first-hit name does not establish returned block/road. Returned block/road and omitted candidates absent; intended returned identity and uniqueness UNVERIFIED. Experimental result retained only under disclosed postal assumption.
23,bishan-120-bishan-st-12,120,BISHAN ST 12,HDB-48678,1,930,943406,3009,570120,0,Consistent,NoReturnedName,Unverified,Unverified,Preserved request key/query and postal agree with one HDB property and one block/postal footprint; no ACRA corroboration. NIL gives no name corroboration. Returned block/road and omitted candidates absent; intended returned identity and uniqueness UNVERIFIED. Experimental result retained only under disclosed postal assumption.
24,bishan-137-bishan-st-12,137,BISHAN ST 12,HDB-52687|HDB-199537,2,1472,939195,7728,570137,0,Consistent,NamedFirstHitOnly,Unverified,Unverified,Preserved request key/query and postal agree with one HDB property and one block/postal footprint; no ACRA corroboration. Descriptive first-hit name does not establish returned block/road. Returned block/road and omitted candidates absent; intended returned identity and uniqueness UNVERIFIED. Experimental result retained only under disclosed postal assumption.
25,bishan-148-bishan-st-11,148,BISHAN ST 11,HDB-80624,1,1718,937703,9741,570148,0,Consistent,NamedFirstHitOnly,Unverified,Unverified,Preserved request key/query and postal agree with one HDB property and one block/postal footprint; no ACRA corroboration. Descriptive first-hit name does not establish returned block/road. Returned block/road and omitted candidates absent; intended returned identity and uniqueness UNVERIFIED. Experimental result retained only under disclosed postal assumption.
26,bishan-178-bishan-st-13,178,BISHAN ST 13,HDB-223905,1,2358,939894,12582,570178,0,Consistent,NoReturnedName,Unverified,Unverified,Preserved request key/query and postal agree with one HDB property and one block/postal footprint; no ACRA corroboration. NIL gives no name corroboration. Returned block/road and omitted candidates absent; intended returned identity and uniqueness UNVERIFIED. Experimental result retained only under disclosed postal assumption.
27,bishan-190-bishan-st-13,190,BISHAN ST 13,HDB-224070,1,2635,936122,12606,570190,0,Consistent,NoReturnedName,Unverified,Unverified,Preserved request key/query and postal agree with one HDB property and one block/postal footprint; no ACRA corroboration. NIL gives no name corroboration. Returned block/road and omitted candidates absent; intended returned identity and uniqueness UNVERIFIED. Experimental result retained only under disclosed postal assumption.
28,bishan-209-bishan-st-23,209,BISHAN ST 23,HDB-24861,1,3049,939667,6584,570209,0,Consistent,NoReturnedName,Unverified,Unverified,Preserved request key/query and postal agree with one HDB property and one block/postal footprint; no ACRA corroboration. NIL gives no name corroboration. Returned block/road and omitted candidates absent; intended returned identity and uniqueness UNVERIFIED. Experimental result retained only under disclosed postal assumption.
29,bishan-22-sin-ming-rd,22,SIN MING RD,HDB-223850,1,3376,945122,5615,570022,0,Consistent,NoReturnedName,Unverified,Unverified,Preserved request key/query and postal agree with one HDB property and one block/postal footprint; no ACRA corroboration. NIL gives no name corroboration. Returned block/road and omitted candidates absent; intended returned identity and uniqueness UNVERIFIED. Experimental result retained only under disclosed postal assumption.
30,bishan-222-bishan-st-23,222,BISHAN ST 23,HDB-80621,1,3440,937660,4340,570222,0,Consistent,NoReturnedName,Unverified,Unverified,Preserved request key/query and postal agree with one HDB property and one block/postal footprint; no ACRA corroboration. NIL gives no name corroboration. Returned block/road and omitted candidates absent; intended returned identity and uniqueness UNVERIFIED. Experimental result retained only under disclosed postal assumption.
31,bishan-261-bishan-st-22,261,BISHAN ST 22,HDB-224125,1,4238,939248,657,570261,0,Consistent,NoReturnedName,Unverified,Unverified,Preserved request key/query and postal agree with one HDB property and one block/postal footprint; no ACRA corroboration. NIL gives no name corroboration. Returned block/road and omitted candidates absent; intended returned identity and uniqueness UNVERIFIED. Experimental result retained only under disclosed postal assumption.
32,bishan-266-bishan-st-24,266,BISHAN ST 24,HDB-50762,1,4319,938776,10429,570266,0,Consistent,NoReturnedName,Unverified,Unverified,Preserved request key/query and postal agree with one HDB property and one block/postal footprint; no ACRA corroboration. NIL gives no name corroboration. Returned block/road and omitted candidates absent; intended returned identity and uniqueness UNVERIFIED. Experimental result retained only under disclosed postal assumption.
33,bishan-311-shunfu-rd,311,SHUNFU RD,HDB-146039,1,5227,941127,825,570311,0,Consistent,NamedFirstHitOnly,Unverified,Unverified,Preserved request key/query and postal agree with one HDB property and one block/postal footprint; no ACRA corroboration. Descriptive first-hit name does not establish returned block/road. Returned block/road and omitted candidates absent; intended returned identity and uniqueness UNVERIFIED. Experimental result retained only under disclosed postal assumption.
34,bishan-452-sin-ming-ave,452,SIN MING AVE,HDB-199535,1,7657,939021,6267,570452,0,Consistent,NamedFirstHitOnly,Unverified,Unverified,Preserved request key/query and postal agree with one HDB property and one block/postal footprint; no ACRA corroboration. Descriptive first-hit name does not establish returned block/road. Returned block/road and omitted candidates absent; intended returned identity and uniqueness UNVERIFIED. Experimental result retained only under disclosed postal assumption.
35,bukit-batok-120-bt-batok-ctrl,120,BT BATOK CTRL,HDB-114563,1,931,938333,10725,650120,0,Consistent,NoReturnedName,Unverified,Unverified,Preserved request key/query and postal agree with one HDB property and one block/postal footprint; no ACRA corroboration. NIL gives no name corroboration. Returned block/road and omitted candidates absent; intended returned identity and uniqueness UNVERIFIED. Experimental result retained only under disclosed postal assumption.
36,bukit-batok-145-bt-batok-st-11,145,BT BATOK ST 11,HDB-200026,1,1663,943058,4220,650145,0,Consistent,NoReturnedName,Unverified,Unverified,Preserved request key/query and postal agree with one HDB property and one block/postal footprint; no ACRA corroboration. NIL gives no name corroboration. Returned block/road and omitted candidates absent; intended returned identity and uniqueness UNVERIFIED. Experimental result retained only under disclosed postal assumption.
37,bukit-batok-223-bt-batok-east-ave-3,223,BT BATOK EAST AVE 3,HDB-225241,1,3464,946432,6129,650223,0,Consistent,NoReturnedName,Unverified,Unverified,Preserved request key/query and postal agree with one HDB property and one block/postal footprint; no ACRA corroboration. NIL gives no name corroboration. Returned block/road and omitted candidates absent; intended returned identity and uniqueness UNVERIFIED. Experimental result retained only under disclosed postal assumption.
38,bukit-batok-244-bt-batok-east-ave-5,244,BT BATOK EAST AVE 5,HDB-109472,1,3932,946282,8868,650244,0,Consistent,NamedFirstHitOnly,Unverified,Unverified,Preserved request key/query and postal agree with one HDB property and one block/postal footprint; no ACRA corroboration. Descriptive first-hit name does not establish returned block/road. Returned block/road and omitted candidates absent; intended returned identity and uniqueness UNVERIFIED. Experimental result retained only under disclosed postal assumption.
39,bukit-batok-287-bt-batok-east-ave-3,287,BT BATOK EAST AVE 3,HDB-58603,1,4692,936881,3023,650287,0,Consistent,NoReturnedName,Unverified,Unverified,Preserved request key/query and postal agree with one HDB property and one block/postal footprint; no ACRA corroboration. NIL gives no name corroboration. Returned block/road and omitted candidates absent; intended returned identity and uniqueness UNVERIFIED. Experimental result retained only under disclosed postal assumption.
40,bukit-batok-296a-bt-batok-st-22,296A,BT BATOK ST 22,HDB-120187,1,4852,938840,10125,651296,0,Consistent,NamedFirstHitOnly,Unverified,Unverified,Preserved request key/query and postal agree with one HDB property and one block/postal footprint; no ACRA corroboration. Descriptive first-hit name does not establish returned block/road. Returned block/road and omitted candidates absent; intended returned identity and uniqueness UNVERIFIED. Experimental result retained only under disclosed postal assumption.
41,bukit-batok-345-bt-batok-st-34,345,BT BATOK ST 34,HDB-37039,1,5928,937554,2061,650345,0,Consistent,NoReturnedName,Unverified,Unverified,Preserved request key/query and postal agree with one HDB property and one block/postal footprint; no ACRA corroboration. NIL gives no name corroboration. Returned block/road and omitted candidates absent; intended returned identity and uniqueness UNVERIFIED. Experimental result retained only under disclosed postal assumption.
42,bukit-batok-360-bt-batok-st-31,360,BT BATOK ST 31,HDB-173153,1,6181,938716,193,650360,0,Consistent,NoReturnedName,Unverified,Unverified,Preserved request key/query and postal agree with one HDB property and one block/postal footprint; no ACRA corroboration. NIL gives no name corroboration. Returned block/road and omitted candidates absent; intended returned identity and uniqueness UNVERIFIED. Experimental result retained only under disclosed postal assumption.
43,bukit-batok-389-bt-batok-west-ave-5,389,BT BATOK WEST AVE 5,HDB-48777,1,6456,946394,9788,650389,0,Consistent,NamedFirstHitOnly,Unverified,Unverified,Preserved request key/query and postal agree with one HDB property and one block/postal footprint; no ACRA corroboration. Descriptive first-hit name does not establish returned block/road. Returned block/road and omitted candidates absent; intended returned identity and uniqueness UNVERIFIED. Experimental result retained only under disclosed postal assumption.
44,bukit-batok-416-bt-batok-west-ave-4,416,BT BATOK WEST AVE 4,HDB-28499,1,6920,938974,4737,650416,0,Consistent,NoReturnedName,Unverified,Unverified,Preserved request key/query and postal agree with one HDB property and one block/postal footprint; no ACRA corroboration. NIL gives no name corroboration. Returned block/road and omitted candidates absent; intended returned identity and uniqueness UNVERIFIED. Experimental result retained only under disclosed postal assumption.
45,bukit-batok-437a-bt-batok-west-ave-5,437A,BT BATOK WEST AVE 5,HDB-225067,1,7336,946241,11053740,651437,0,Consistent,NamedFirstHitOnly,Unverified,Unverified,Preserved request key/query and postal agree with one HDB property and one block/postal footprint; no ACRA corroboration. Descriptive first-hit name does not establish returned block/road. Returned block/road and omitted candidates absent; intended returned identity and uniqueness UNVERIFIED. Experimental result retained only under disclosed postal assumption.
46,bukit-batok-438c-bt-batok-west-ave-8,438C,BT BATOK WEST AVE 8,HDB-224166,1,7355,937185,11053742,653438,0,Consistent,NamedFirstHitOnly,Unverified,Unverified,Preserved request key/query and postal agree with one HDB property and one block/postal footprint; no ACRA corroboration. Descriptive first-hit name does not establish returned block/road. Returned block/road and omitted candidates absent; intended returned identity and uniqueness UNVERIFIED. Experimental result retained only under disclosed postal assumption.
47,bukit-batok-445b-bt-batok-west-ave-8,445B,BT BATOK WEST AVE 8,HDB-120124,1,7511,939561,11051518,652445,0,Consistent,NamedFirstHitOnly,Unverified,Unverified,Preserved request key/query and postal agree with one HDB property and one block/postal footprint; no ACRA corroboration. Descriptive first-hit name does not establish returned block/road. Returned block/road and omitted candidates absent; intended returned identity and uniqueness UNVERIFIED. Experimental result retained only under disclosed postal assumption.
48,bukit-batok-448c-bt-batok-west-ave-9,448C,BT BATOK WEST AVE 9,HDB-172486,1,7572,938525,11054087,653448,0,Consistent,NamedFirstHitOnly,Unverified,Unverified,Preserved request key/query and postal agree with one HDB property and one block/postal footprint; no ACRA corroboration. Descriptive first-hit name does not establish returned block/road. Returned block/road and omitted candidates absent; intended returned identity and uniqueness UNVERIFIED. Experimental result retained only under disclosed postal assumption.
49,bukit-batok-451b-bt-batok-west-ave-6,451B,BT BATOK WEST AVE 6,HDB-224759,1,7646,938142,10014,652451,0,Consistent,NamedFirstHitOnly,Unverified,Unverified,Preserved request key/query and postal agree with one HDB property and one block/postal footprint; no ACRA corroboration. Descriptive first-hit name does not establish returned block/road. Returned block/road and omitted candidates absent; intended returned identity and uniqueness UNVERIFIED. Experimental result retained only under disclosed postal assumption.
50,bukit-batok-463b-bt-batok-st-41,463B,BT BATOK ST 41,HDB-200607,1,7857,939458,11843,652463,0,Consistent,NamedFirstHitOnly,Unverified,Unverified,Preserved request key/query and postal agree with one HDB property and one block/postal footprint; no ACRA corroboration. Descriptive first-hit name does not establish returned block/road. Returned block/road and omitted candidates absent; intended returned identity and uniqueness UNVERIFIED. Experimental result retained only under disclosed postal assumption.
51,bukit-merah-110a-depot-rd,110A,DEPOT RD,HDB-120642,1,532,940627,9318,101110,0,Consistent,NamedFirstHitOnly,Unverified,Unverified,Preserved request key/query and postal agree with one HDB property and one block/postal footprint; no ACRA corroboration. Descriptive first-hit name does not establish returned block/road. Returned block/road and omitted candidates absent; intended returned identity and uniqueness UNVERIFIED. Experimental result retained only under disclosed postal assumption.
52,bukit-merah-119c-kim-tian-rd,119C,KIM TIAN RD,HDB-40922,1,891,947228,8324,163119,0,Consistent,NamedFirstHitOnly,Unverified,Unverified,Preserved request key/query and postal agree with one HDB property and one block/postal footprint; no ACRA corroboration. Descriptive first-hit name does not establish returned block/road. Returned block/road and omitted candidates absent; intended returned identity and uniqueness UNVERIFIED. Experimental result retained only under disclosed postal assumption.
53,bukit-merah-12-taman-ho-swee,12,TAMAN HO SWEE,HDB-225455,1,913,936708,1783,162012,0,Consistent,NamedFirstHitOnly,Unverified,Unverified,Preserved request key/query and postal agree with one HDB property and one block/postal footprint; no ACRA corroboration. Descriptive first-hit name does not establish returned block/road. Returned block/road and omitted candidates absent; intended returned identity and uniqueness UNVERIFIED. Experimental result retained only under disclosed postal assumption.
54,bukit-merah-134-jln-bt-merah,134,JLN BT MERAH,HDB-174438,1,1412,944963,8870,160134,0,Consistent,NoReturnedName,Unverified,Unverified,Preserved request key/query and postal agree with one HDB property and one block/postal footprint; no ACRA corroboration. NIL gives no name corroboration. Returned block/road and omitted candidates absent; intended returned identity and uniqueness UNVERIFIED. Experimental result retained only under disclosed postal assumption.
55,bukit-merah-148-silat-ave,148,SILAT AVE,HDB-99354,1,1728,940112,8238,160148,0,Consistent,NoReturnedName,Unverified,Unverified,Preserved request key/query and postal agree with one HDB property and one block/postal footprint; no ACRA corroboration. NIL gives no name corroboration. Returned block/road and omitted candidates absent; intended returned identity and uniqueness UNVERIFIED. Experimental result retained only under disclosed postal assumption.
56,bukit-merah-30-jln-klinik,30,JLN KLINIK,HDB-225297,1,4943,943906,7969,160030,0,Consistent,NoReturnedName,Unverified,Unverified,Preserved request key/query and postal agree with one HDB property and one block/postal footprint; no ACRA corroboration. NIL gives no name corroboration. Returned block/road and omitted candidates absent; intended returned identity and uniqueness UNVERIFIED. Experimental result retained only under disclosed postal assumption.
57,bukit-merah-36-beo-cres,36,BEO CRES,HDB-10022,1,6166,942187,3060,160036,0,Consistent,KindergartenFirstHit,Unverified,Unverified,Preserved request key/query and postal agree with one HDB property and one block/postal footprint; no ACRA corroboration. Institution/tenant label does not establish residential returned identity. Returned block/road and omitted candidates absent; intended returned identity and uniqueness UNVERIFIED. Experimental result retained only under disclosed postal assumption.
58,bukit-merah-55-havelock-rd,55,HAVELOCK RD,HDB-200957,1,9245,944745,3768,161055,0,Consistent,NamedFirstHitOnly,Unverified,Unverified,Preserved request key/query and postal agree with one HDB property and one block/postal footprint; no ACRA corroboration. Descriptive first-hit name does not establish returned block/road. Returned block/road and omitted candidates absent; intended returned identity and uniqueness UNVERIFIED. Experimental result retained only under disclosed postal assumption.
59,bukit-merah-6b-boon-tiong-rd,6B,BOON TIONG RD,HDB-225562,1,9652,946026,8208,165006,0,Consistent,NamedFirstHitOnly,Unverified,Unverified,Preserved request key/query and postal agree with one HDB property and one block/postal footprint; no ACRA corroboration. Descriptive first-hit name does not establish returned block/road. Returned block/road and omitted candidates absent; intended returned identity and uniqueness UNVERIFIED. Experimental result retained only under disclosed postal assumption.
60,bukit-merah-7-telok-blangah-cres,7,TELOK BLANGAH CRES,HDB-30584|HDB-120930|HDB-147866|HDB-225282,4,11247,949025,8385,090007,0,Consistent,NoReturnedName,Unverified,Unverified,Preserved request key/query and postal agree with one HDB property and one block/postal footprint; no ACRA corroboration. NIL gives no name corroboration. Returned block/road and omitted candidates absent; intended returned identity and uniqueness UNVERIFIED. Experimental result retained only under disclosed postal assumption.
61,bukit-merah-84-telok-blangah-hts,84,TELOK BLANGAH HTS,HDB-45278,1,12422,945096,5249,100084,0,Consistent,NoReturnedName,Unverified,Unverified,Preserved request key/query and postal agree with one HDB property and one block/postal footprint; no ACRA corroboration. NIL gives no name corroboration. Returned block/road and omitted candidates absent; intended returned identity and uniqueness UNVERIFIED. Experimental result retained only under disclosed postal assumption.
62,bukit-merah-95a-henderson-rd,95A,HENDERSON RD,HDB-174441,1,13091,944862,11052251,151095,0,Consistent,NamedFirstHitOnly,Unverified,Unverified,Preserved request key/query and postal agree with one HDB property and one block/postal footprint; no ACRA corroboration. Descriptive first-hit name does not establish returned block/road. Returned block/road and omitted candidates absent; intended returned identity and uniqueness UNVERIFIED. Experimental result retained only under disclosed postal assumption.
63,bukit-panjang-149-petir-rd,149,PETIR RD,HDB-201853,1,1740,940580,5078,670149,0,Consistent,NoReturnedName,Unverified,Unverified,Preserved request key/query and postal agree with one HDB property and one block/postal footprint; no ACRA corroboration. NIL gives no name corroboration. Returned block/road and omitted candidates absent; intended returned identity and uniqueness UNVERIFIED. Experimental result retained only under disclosed postal assumption.
64,bukit-panjang-178-lompang-rd,178,LOMPANG RD,HDB-226474,1,2363,937796,3425,670178,0,Consistent,NoReturnedName,Unverified,Unverified,Preserved request key/query and postal agree with one HDB property and one block/postal footprint; no ACRA corroboration. NIL gives no name corroboration. Returned block/road and omitted candidates absent; intended returned identity and uniqueness UNVERIFIED. Experimental result retained only under disclosed postal assumption.
65,bukit-panjang-202-petir-rd,202,PETIR RD,HDB-78370,1,2863,937054,9507,670202,0,Consistent,NoReturnedName,Unverified,Unverified,Preserved request key/query and postal agree with one HDB property and one block/postal footprint; no ACRA corroboration. NIL gives no name corroboration. Returned block/road and omitted candidates absent; intended returned identity and uniqueness UNVERIFIED. Experimental result retained only under disclosed postal assumption.
66,bukit-panjang-232-pending-rd,232,PENDING RD,HDB-226220,1,3716,939406,9684,670232,0,Consistent,NoReturnedName,Unverified,Unverified,Preserved request key/query and postal agree with one HDB property and one block/postal footprint; no ACRA corroboration. NIL gives no name corroboration. Returned block/road and omitted candidates absent; intended returned identity and uniqueness UNVERIFIED. Experimental result retained only under disclosed postal assumption.
67,bukit-panjang-277-bangkit-rd,277,BANGKIT RD,HDB-40959,1,4571,944707,843,670277,0,Consistent,NoReturnedName,Unverified,Unverified,Preserved request key/query and postal agree with one HDB property and one block/postal footprint; no ACRA corroboration. NIL gives no name corroboration. Returned block/road and omitted candidates absent; intended returned identity and uniqueness UNVERIFIED. Experimental result retained only under disclosed postal assumption.
68,bukit-panjang-452-fajar-rd,452,FAJAR RD,HDB-175028,1,7652,946266,9441,670452,0,Consistent,NoReturnedName,Unverified,Unverified,Preserved request key/query and postal agree with one HDB property and one block/postal footprint; no ACRA corroboration. NIL gives no name corroboration. Returned block/road and omitted candidates absent; intended returned identity and uniqueness UNVERIFIED. Experimental result retained only under disclosed postal assumption.
69,bukit-panjang-454-fajar-rd,454,FAJAR RD,HDB-68183,1,7686,942799,11056173,670454,0,Consistent,NamedFirstHitOnly,Unverified,Unverified,Preserved request key/query and postal agree with one HDB property and one block/postal footprint; no ACRA corroboration. Descriptive first-hit name does not establish returned block/road. Returned block/road and omitted candidates absent; intended returned identity and uniqueness UNVERIFIED. Experimental result retained only under disclosed postal assumption.
70,bukit-panjang-474-segar-rd,474,SEGAR RD,HDB-202415,1,8069,943971,7083,670474,0,Consistent,NamedFirstHitOnly,Unverified,Unverified,Preserved request key/query and postal agree with one HDB property and one block/postal footprint; no ACRA corroboration. Descriptive first-hit name does not establish returned block/road. Returned block/road and omitted candidates absent; intended returned identity and uniqueness UNVERIFIED. Experimental result retained only under disclosed postal assumption.
71,bukit-panjang-488-segar-rd,488,SEGAR RD,HDB-52851|HDB-66479,2,8249,941184,7749,670488,0,Consistent,NamedFirstHitOnly,Unverified,Unverified,Preserved request key/query and postal agree with one HDB property and one block/postal footprint; no ACRA corroboration. Descriptive first-hit name does not establish returned block/road. Returned block/road and omitted candidates absent; intended returned identity and uniqueness UNVERIFIED. Experimental result retained only under disclosed postal assumption.
72,bukit-panjang-532-jelapang-rd,532,JELAPANG RD,HDB-80901,1,9018,944538,3760,670532,0,Consistent,NamedFirstHitOnly,Unverified,Unverified,Preserved request key/query and postal agree with one HDB property and one block/postal footprint; no ACRA corroboration. Descriptive first-hit name does not establish returned block/road. Returned block/road and omitted candidates absent; intended returned identity and uniqueness UNVERIFIED. Experimental result retained only under disclosed postal assumption.
73,bukit-panjang-543-jelapang-rd,543,JELAPANG RD,HDB-226597,1,9165,944967,3663,670543,0,Consistent,NamedFirstHitOnly,Unverified,Unverified,Preserved request key/query and postal agree with one HDB property and one block/postal footprint; no ACRA corroboration. Descriptive first-hit name does not establish returned block/road. Returned block/road and omitted candidates absent; intended returned identity and uniqueness UNVERIFIED. Experimental result retained only under disclosed postal assumption.
74,bukit-panjang-607-senja-rd,607,SENJA RD,HDB-15592,1,9784,944408,3563,670607,0,Consistent,NoReturnedName,Unverified,Unverified,Preserved request key/query and postal agree with one HDB property and one block/postal footprint; no ACRA corroboration. NIL gives no name corroboration. Returned block/road and omitted candidates absent; intended returned identity and uniqueness UNVERIFIED. Experimental result retained only under disclosed postal assumption.
75,bukit-panjang-612-senja-rd,612,SENJA RD,HDB-48942,1,9873,939891,3457,670612,0,Consistent,NoReturnedName,Unverified,Unverified,Preserved request key/query and postal agree with one HDB property and one block/postal footprint; no ACRA corroboration. NIL gives no name corroboration. Returned block/road and omitted candidates absent; intended returned identity and uniqueness UNVERIFIED. Experimental result retained only under disclosed postal assumption.
76,bukit-panjang-616-senja-rd,616,SENJA RD,HDB-174995,1,9942,941885,3626,670616,0,Consistent,NoReturnedName,Unverified,Unverified,Preserved request key/query and postal agree with one HDB property and one block/postal footprint; no ACRA corroboration. NIL gives no name corroboration. Returned block/road and omitted candidates absent; intended returned identity and uniqueness UNVERIFIED. Experimental result retained only under disclosed postal assumption.
77,bukit-panjang-636a-senja-rd,636A,SENJA RD,HDB-226013,1,10297,941678,362,671636,0,Consistent,NamedFirstHitOnly,Unverified,Unverified,Preserved request key/query and postal agree with one HDB property and one block/postal footprint; no ACRA corroboration. Descriptive first-hit name does not establish returned block/road. Returned block/road and omitted candidates absent; intended returned identity and uniqueness UNVERIFIED. Experimental result retained only under disclosed postal assumption.
78,bukit-timah-1-toh-yi-dr,1,TOH YI DR,HDB-114751,1,35,935733,11057157,591501,0,Consistent,PolicePostFirstHit,Unverified,Unverified,Preserved request key/query and postal agree with one HDB property and one block/postal footprint; no ACRA corroboration. Institution/tenant label does not establish residential returned identity. Returned block/road and omitted candidates absent; intended returned identity and uniqueness UNVERIFIED. Experimental result retained only under disclosed postal assumption.
79,bukit-timah-10-toh-yi-dr,10,TOH YI DR,HDB-33206,1,75,935741,11057165,590010,0,Consistent,NamedFirstHitOnly,Unverified,Unverified,Preserved request key/query and postal agree with one HDB property and one block/postal footprint; no ACRA corroboration. Descriptive first-hit name does not establish returned block/road. Returned block/road and omitted candidates absent; intended returned identity and uniqueness UNVERIFIED. Experimental result retained only under disclosed postal assumption.
80,bukit-timah-11-toh-yi-dr,11,TOH YI DR,HDB-30779,1,494,935738,11057162,590011,0,Consistent,NamedFirstHitOnly,Unverified,Unverified,Preserved request key/query and postal agree with one HDB property and one block/postal footprint; no ACRA corroboration. Descriptive first-hit name does not establish returned block/road. Returned block/road and omitted candidates absent; intended returned identity and uniqueness UNVERIFIED. Experimental result retained only under disclosed postal assumption.
81,bukit-timah-13-toh-yi-dr,13,TOH YI DR,HDB-149326,1,1280,935729,11057153,590013,0,Consistent,NamedFirstHitOnly,Unverified,Unverified,Preserved request key/query and postal agree with one HDB property and one block/postal footprint; no ACRA corroboration. Descriptive first-hit name does not establish returned block/road. Returned block/road and omitted candidates absent; intended returned identity and uniqueness UNVERIFIED. Experimental result retained only under disclosed postal assumption.
82,bukit-timah-14-toh-yi-dr,14,TOH YI DR,HDB-226648,1,1556,935730,11057154,590014,0,Consistent,NamedFirstHitOnly,Unverified,Unverified,Preserved request key/query and postal agree with one HDB property and one block/postal footprint; no ACRA corroboration. Descriptive first-hit name does not establish returned block/road. Returned block/road and omitted candidates absent; intended returned identity and uniqueness UNVERIFIED. Experimental result retained only under disclosed postal assumption.
83,bukit-timah-17-toh-yi-dr,17,TOH YI DR,HDB-149295,1,2204,935728,11057152,590017,0,Consistent,NamedFirstHitOnly,Unverified,Unverified,Preserved request key/query and postal agree with one HDB property and one block/postal footprint; no ACRA corroboration. Descriptive first-hit name does not establish returned block/road. Returned block/road and omitted candidates absent; intended returned identity and uniqueness UNVERIFIED. Experimental result retained only under disclosed postal assumption.
84,bukit-timah-2-toh-yi-dr,2,TOH YI DR,HDB-122341,1,2753,935735,11057159,590002,0,Consistent,NamedFirstHitOnly,Unverified,Unverified,Preserved request key/query and postal agree with one HDB property and one block/postal footprint; no ACRA corroboration. Descriptive first-hit name does not establish returned block/road. Returned block/road and omitted candidates absent; intended returned identity and uniqueness UNVERIFIED. Experimental result retained only under disclosed postal assumption.
85,bukit-timah-3-toh-yi-dr,3,TOH YI DR,HDB-226677,1,4922,935736,11057160,590003,0,Consistent,NamedFirstHitOnly,Unverified,Unverified,Preserved request key/query and postal agree with one HDB property and one block/postal footprint; no ACRA corroboration. Descriptive first-hit name does not establish returned block/road. Returned block/road and omitted candidates absent; intended returned identity and uniqueness UNVERIFIED. Experimental result retained only under disclosed postal assumption.
86,bukit-timah-4-queen-s-rd,4,QUEEN'S RD,HDB-28699,1,6521,940485,3962,260004,0,Consistent,NamedFirstHitOnly,Unverified,Unverified,Preserved request key/query and postal agree with one HDB property and one block/postal footprint; no ACRA corroboration. Descriptive first-hit name does not establish returned block/road. Returned block/road and omitted candidates absent; intended returned identity and uniqueness UNVERIFIED. Experimental result retained only under disclosed postal assumption.
87,bukit-timah-5-toh-yi-dr,5,TOH YI DR,HDB-1431|HDB-71130|HDB-226669,3,8407,935743,11057167,590005,0,Consistent,SchoolhouseFirstHit,Unverified,Unverified,Preserved request key/query and postal agree with one HDB property and one block/postal footprint; no ACRA corroboration. Institution/tenant label does not establish residential returned identity. Returned block/road and omitted candidates absent; intended returned identity and uniqueness UNVERIFIED. Experimental result retained only under disclosed postal assumption.
88,bukit-timah-6-farrer-rd,6,FARRER RD,HDB-122374,1,9628,943530,2841,260006,0,Consistent,NoReturnedName,Unverified,Unverified,Preserved request key/query and postal agree with one HDB property and one block/postal footprint; no ACRA corroboration. NIL gives no name corroboration. Returned block/road and omitted candidates absent; intended returned identity and uniqueness UNVERIFIED. Experimental result retained only under disclosed postal assumption.
89,bukit-timah-7-toh-yi-dr,7,TOH YI DR,HDB-149304,1,11249,935745,11057169,590007,0,Consistent,NamedFirstHitOnly,Unverified,Unverified,Preserved request key/query and postal agree with one HDB property and one block/postal footprint; no ACRA corroboration. Descriptive first-hit name does not establish returned block/road. Returned block/road and omitted candidates absent; intended returned identity and uniqueness UNVERIFIED. Experimental result retained only under disclosed postal assumption.
90,bukit-timah-8-empress-rd,8,EMPRESS RD,HDB-149310,1,12056,939654,681,260008,0,Consistent,NamedFirstHitOnly,Unverified,Unverified,Preserved request key/query and postal agree with one HDB property and one block/postal footprint; no ACRA corroboration. Descriptive first-hit name does not establish returned block/road. Returned block/road and omitted candidates absent; intended returned identity and uniqueness UNVERIFIED. Experimental result retained only under disclosed postal assumption.
91,central-area-10-jln-kukoh,10,JLN KUKOH,HDB-66553,1,62,946227,10426373,162010,0,Consistent,NamedFirstHitOnly,Unverified,Unverified,Preserved request key/query and postal agree with one HDB property and one block/postal footprint; no ACRA corroboration. Descriptive first-hit name does not establish returned block/road. Returned block/road and omitted candidates absent; intended returned identity and uniqueness UNVERIFIED. Experimental result retained only under disclosed postal assumption.
92,central-area-1b-cantonment-rd,1B,CANTONMENT RD,HDB-202789,1,46,941419,4536,085201,0,Consistent,NamedFirstHitOnly,Unverified,Unverified,Preserved request key/query and postal agree with one HDB property and one block/postal footprint; no ACRA corroboration. Descriptive first-hit name does not establish returned block/road. Returned block/road and omitted candidates absent; intended returned identity and uniqueness UNVERIFIED. Experimental result retained only under disclosed postal assumption.
93,central-area-1c-cantonment-rd,1C,CANTONMENT RD,HDB-149464,1,48,944018,6544,085301,0,Consistent,NamedFirstHitOnly,Unverified,Unverified,Preserved request key/query and postal agree with one HDB property and one block/postal footprint; no ACRA corroboration. Descriptive first-hit name does not establish returned block/road. Returned block/road and omitted candidates absent; intended returned identity and uniqueness UNVERIFIED. Experimental result retained only under disclosed postal assumption.
94,central-area-1g-cantonment-rd,1G,CANTONMENT RD,HDB-23235|HDB-114770,2,53,942044,3083,085701,0,Consistent,NamedFirstHitOnly,Unverified,Unverified,Preserved request key/query and postal agree with one HDB property and one block/postal footprint; no ACRA corroboration. Descriptive first-hit name does not establish returned block/road. Returned block/road and omitted candidates absent; intended returned identity and uniqueness UNVERIFIED. Experimental result retained only under disclosed postal assumption.
95,central-area-26-jln-berseh,26,JLN BERSEH,HDB-226775,1,4201,943709,3740,200026,0,Consistent,NamedFirstHitOnly,Unverified,Unverified,Preserved request key/query and postal agree with one HDB property and one block/postal footprint; no ACRA corroboration. Descriptive first-hit name does not establish returned block/road. Returned block/road and omitted candidates absent; intended returned identity and uniqueness UNVERIFIED. Experimental result retained only under disclosed postal assumption.
96,central-area-269a-queen-st,269A,QUEEN ST,HDB-8406,1,4394,939009,5972,181269,0,Consistent,NamedFirstHitOnly,Unverified,Unverified,Preserved request key/query and postal agree with one HDB property and one block/postal footprint; no ACRA corroboration. Descriptive first-hit name does not establish returned block/road. Returned block/road and omitted candidates absent; intended returned identity and uniqueness UNVERIFIED. Experimental result retained only under disclosed postal assumption.
97,central-area-34-upp-cross-st,34,UPP CROSS ST,HDB-175635,1,5865,940060,5630,050034,0,Consistent,NoReturnedName,Unverified,Unverified,Preserved request key/query and postal agree with one HDB property and one block/postal footprint; no ACRA corroboration. NIL gives no name corroboration. Returned block/road and omitted candidates absent; intended returned identity and uniqueness UNVERIFIED. Experimental result retained only under disclosed postal assumption.
98,central-area-4-tg-pagar-plaza,4,TG PAGAR PLAZA,HDB-68300,1,6525,947025,7228,081004,0,Consistent,NoReturnedName,Unverified,Unverified,Preserved request key/query and postal agree with one HDB property and one block/postal footprint; no ACRA corroboration. NIL gives no name corroboration. Returned block/road and omitted candidates absent; intended returned identity and uniqueness UNVERIFIED. Experimental result retained only under disclosed postal assumption.
99,central-area-637-veerasamy-rd,637,VEERASAMY RD,HDB-226730,1,10314,947600,4255,200637,0,Consistent,NoReturnedName,Unverified,Unverified,Preserved request key/query and postal agree with one HDB property and one block/postal footprint; no ACRA corroboration. NIL gives no name corroboration. Returned block/road and omitted candidates absent; intended returned identity and uniqueness UNVERIFIED. Experimental result retained only under disclosed postal assumption.
100,central-area-639-rowell-rd,639,ROWELL RD,HDB-45372,1,10355,943225,6672,200639,0,Consistent,NoReturnedName,Unverified,Unverified,Preserved request key/query and postal agree with one HDB property and one block/postal footprint; no ACRA corroboration. NIL gives no name corroboration. Returned block/road and omitted candidates absent; intended returned identity and uniqueness UNVERIFIED. Experimental result retained only under disclosed postal assumption.
101,central-area-672b-klang-lane,672B,KLANG LANE,HDB-73576,1,10891,943060,9400,212672,0,Consistent,NoReturnedName,Unverified,Unverified,Preserved request key/query and postal agree with one HDB property and one block/postal footprint; no ACRA corroboration. NIL gives no name corroboration. Returned block/road and omitted candidates absent; intended returned identity and uniqueness UNVERIFIED. Experimental result retained only under disclosed postal assumption.
102,central-area-8-jln-kukoh,8,JLN KUKOH,HDB-35274|HDB-226683,2,12064,942043,10439655,162008,0,Consistent,NamedFirstHitOnly,Unverified,Unverified,Preserved request key/query and postal agree with one HDB property and one block/postal footprint; no ACRA corroboration. Descriptive first-hit name does not establish returned block/road. Returned block/road and omitted candidates absent; intended returned identity and uniqueness UNVERIFIED. Experimental result retained only under disclosed postal assumption.
103,central-area-9-jln-kukoh,9,JLN KUKOH,HDB-149454,1,12831,947946,10452937,160009,0,Consistent,NamedFirstHitOnly,Unverified,Unverified,Preserved request key/query and postal agree with one HDB property and one block/postal footprint; no ACRA corroboration. Descriptive first-hit name does not establish returned block/road. Returned block/road and omitted candidates absent; intended returned identity and uniqueness UNVERIFIED. Experimental result retained only under disclosed postal assumption.
104,choa-chu-kang-10-teck-whye-ave,10,TECK WHYE AVE,HDB-226870,1,73,941430,10310,680010,0,Consistent,PreschoolFirstHit,Unverified,Unverified,Preserved request key/query and postal agree with one HDB property and one block/postal footprint; no ACRA corroboration. Institution/tenant label does not establish residential returned identity. Returned block/road and omitted candidates absent; intended returned identity and uniqueness UNVERIFIED. Experimental result retained only under disclosed postal assumption.
105,choa-chu-kang-166b-teck-whye-cres,166B,TECK WHYE CRES,HDB-49002|HDB-109774,2,2131,947218,10711,682166,0,Consistent,NamedFirstHitOnly,Unverified,Unverified,Preserved request key/query and postal agree with one HDB property and one block/postal footprint; no ACRA corroboration. Descriptive first-hit name does not establish returned block/road. Returned block/road and omitted candidates absent; intended returned identity and uniqueness UNVERIFIED. Experimental result retained only under disclosed postal assumption.
106,choa-chu-kang-605-choa-chu-kang-st-62,605,CHOA CHU KANG ST 62,HDB-123130,1,9748,939112,11480,680605,0,Consistent,NoReturnedName,Unverified,Unverified,Preserved request key/query and postal agree with one HDB property and one block/postal footprint; no ACRA corroboration. NIL gives no name corroboration. Returned block/road and omitted candidates absent; intended returned identity and uniqueness UNVERIFIED. Experimental result retained only under disclosed postal assumption.
107,choa-chu-kang-673a-choa-chu-kang-cres,673A,CHOA CHU KANG CRES,HDB-176663,1,10902,946915,11730,681673,0,Consistent,NoReturnedName,Unverified,Unverified,Preserved request key/query and postal agree with one HDB property and one block/postal footprint; no ACRA corroboration. NIL gives no name corroboration. Returned block/road and omitted candidates absent; intended returned identity and uniqueness UNVERIFIED. Experimental result retained only under disclosed postal assumption.
108,choa-chu-kang-680-choa-chu-kang-cres,680,CHOA CHU KANG CRES,HDB-227097,1,11005,937864,11731,680680,0,Consistent,NoReturnedName,Unverified,Unverified,Preserved request key/query and postal agree with one HDB property and one block/postal footprint; no ACRA corroboration. NIL gives no name corroboration. Returned block/road and omitted candidates absent; intended returned identity and uniqueness UNVERIFIED. Experimental result retained only under disclosed postal assumption.
109,choa-chu-kang-683a-choa-chu-kang-cres,683A,CHOA CHU KANG CRES,HDB-90606,1,11046,944952,11529,681683,0,Consistent,NoReturnedName,Unverified,Unverified,Preserved request key/query and postal agree with one HDB property and one block/postal footprint; no ACRA corroboration. NIL gives no name corroboration. Returned block/road and omitted candidates absent; intended returned identity and uniqueness UNVERIFIED. Experimental result retained only under disclosed postal assumption.
110,choa-chu-kang-761-choa-chu-kang-nth-5,761,CHOA CHU KANG NTH 5,HDB-12001,1,11791,937110,11626,680761,0,Consistent,NoReturnedName,Unverified,Unverified,Preserved request key/query and postal agree with one HDB property and one block/postal footprint; no ACRA corroboration. NIL gives no name corroboration. Returned block/road and omitted candidates absent; intended returned identity and uniqueness UNVERIFIED. Experimental result retained only under disclosed postal assumption.
111,clementi-116-clementi-st-13,116,CLEMENTI ST 13,HDB-4754|HDB-228042,2,748,946863,8402,120116,0,Consistent,NamedFirstHitOnly,Unverified,Unverified,Preserved request key/query and postal agree with one HDB property and one block/postal footprint; no ACRA corroboration. Descriptive first-hit name does not establish returned block/road. Returned block/road and omitted candidates absent; intended returned identity and uniqueness UNVERIFIED. Experimental result retained only under disclosed postal assumption.
112,clementi-357-clementi-ave-2,357,CLEMENTI AVE 2,HDB-42579,1,6124,946479,2627,120357,0,Consistent,NoReturnedName,Unverified,Unverified,Preserved request key/query and postal agree with one HDB property and one block/postal footprint; no ACRA corroboration. NIL gives no name corroboration. Returned block/road and omitted candidates absent; intended returned identity and uniqueness UNVERIFIED. Experimental result retained only under disclosed postal assumption.
113,clementi-607-clementi-west-st-1,607,CLEMENTI WEST ST 1,HDB-227777,1,9780,944081,2124,120607,0,Consistent,NoReturnedName,Unverified,Unverified,Preserved request key/query and postal agree with one HDB property and one block/postal footprint; no ACRA corroboration. NIL gives no name corroboration. Returned block/road and omitted candidates absent; intended returned identity and uniqueness UNVERIFIED. Experimental result retained only under disclosed postal assumption.
114,clementi-712-clementi-west-st-2,712,CLEMENTI WEST ST 2,HDB-44059,1,11402,944280,12221,120712,0,Consistent,NoReturnedName,Unverified,Unverified,Preserved request key/query and postal agree with one HDB property and one block/postal footprint; no ACRA corroboration. NIL gives no name corroboration. Returned block/road and omitted candidates absent; intended returned identity and uniqueness UNVERIFIED. Experimental result retained only under disclosed postal assumption.
115,clementi-715-clementi-west-st-2,715,CLEMENTI WEST ST 2,HDB-150668,1,11433,945065,2330,120715,0,Consistent,NamedFirstHitOnly,Unverified,Unverified,Preserved request key/query and postal agree with one HDB property and one block/postal footprint; no ACRA corroboration. Descriptive first-hit name does not establish returned block/road. Returned block/road and omitted candidates absent; intended returned identity and uniqueness UNVERIFIED. Experimental result retained only under disclosed postal assumption.
116,geylang-109-aljunied-cres,109,ALJUNIED CRES,HDB-125044|HDB-228049,2,435,937869,6286,380109,0,Consistent,NoReturnedName,Unverified,Unverified,Preserved request key/query and postal agree with one HDB property and one block/postal footprint; no ACRA corroboration. NIL gives no name corroboration. Returned block/road and omitted candidates absent; intended returned identity and uniqueness UNVERIFIED. Experimental result retained only under disclosed postal assumption.
117,geylang-110-aljunied-cres,110,ALJUNIED CRES,HDB-151443,1,502,935891,3634,380110,0,Consistent,NoReturnedName,Unverified,Unverified,Preserved request key/query and postal agree with one HDB property and one block/postal footprint; no ACRA corroboration. NIL gives no name corroboration. Returned block/road and omitted candidates absent; intended returned identity and uniqueness UNVERIFIED. Experimental result retained only under disclosed postal assumption.
118,geylang-17-eunos-cres,17,EUNOS CRES,HDB-28864,1,2191,939207,2507,400017,0,Consistent,NoReturnedName,Unverified,Unverified,Preserved request key/query and postal agree with one HDB property and one block/postal footprint; no ACRA corroboration. NIL gives no name corroboration. Returned block/road and omitted candidates absent; intended returned identity and uniqueness UNVERIFIED. Experimental result retained only under disclosed postal assumption.
119,geylang-18d-circuit-rd,18D,CIRCUIT RD,HDB-90790,1,2421,946446,10119,374018,0,Consistent,NamedFirstHitOnly,Unverified,Unverified,Preserved request key/query and postal agree with one HDB property and one block/postal footprint; no ACRA corroboration. Descriptive first-hit name does not establish returned block/road. Returned block/road and omitted candidates absent; intended returned identity and uniqueness UNVERIFIED. Experimental result retained only under disclosed postal assumption.
120,geylang-32-balam-rd,32,BALAM RD,HDB-151507,1,5417,943192,2875,370032,0,Consistent,NamedFirstHitOnly,Unverified,Unverified,Preserved request key/query and postal agree with one HDB property and one block/postal footprint; no ACRA corroboration. Descriptive first-hit name does not establish returned block/road. Returned block/road and omitted candidates absent; intended returned identity and uniqueness UNVERIFIED. Experimental result retained only under disclosed postal assumption.
121,geylang-45-jln-tiga,45,JLN TIGA,HDB-104798,1,7593,939010,4433,390045,0,Consistent,NamedFirstHitOnly,Unverified,Unverified,Preserved request key/query and postal agree with one HDB property and one block/postal footprint; no ACRA corroboration. Descriptive first-hit name does not establish returned block/road. Returned block/road and omitted candidates absent; intended returned identity and uniqueness UNVERIFIED. Experimental result retained only under disclosed postal assumption.
122,geylang-53-pipit-rd,53,PIPIT RD,HDB-151408,1,8975,944242,11091,370053,0,Consistent,NoReturnedName,Unverified,Unverified,Preserved request key/query and postal agree with one HDB property and one block/postal footprint; no ACRA corroboration. NIL gives no name corroboration. Returned block/road and omitted candidates absent; intended returned identity and uniqueness UNVERIFIED. Experimental result retained only under disclosed postal assumption.
123,geylang-62-dakota-cres,62,DAKOTA CRES,HDB-35460,1,9994,936655,8531,390062,0,Consistent,NoReturnedName,Unverified,Unverified,Preserved request key/query and postal agree with one HDB property and one block/postal footprint; no ACRA corroboration. NIL gives no name corroboration. Returned block/road and omitted candidates absent; intended returned identity and uniqueness UNVERIFIED. Experimental result retained only under disclosed postal assumption.
124,geylang-7-pine-cl,7,PINE CL,HDB-228538,1,11243,938266,8724,391007,0,Consistent,NoReturnedName,Unverified,Unverified,Preserved request key/query and postal agree with one HDB property and one block/postal footprint; no ACRA corroboration. NIL gives no name corroboration. Returned block/road and omitted candidates absent; intended returned identity and uniqueness UNVERIFIED. Experimental result retained only under disclosed postal assumption.
125,geylang-70-circuit-rd,70,CIRCUIT RD,HDB-55126,1,11257,936794,3552,370070,0,Consistent,NoReturnedName,Unverified,Unverified,Preserved request key/query and postal agree with one HDB property and one block/postal footprint; no ACRA corroboration. NIL gives no name corroboration. Returned block/road and omitted candidates absent; intended returned identity and uniqueness UNVERIFIED. Experimental result retained only under disclosed postal assumption.
126,geylang-842-sims-ave,842,SIMS AVE,HDB-63001,1,12439,939383,4107,400842,0,Consistent,NoReturnedName,Unverified,Unverified,Preserved request key/query and postal agree with one HDB property and one block/postal footprint; no ACRA corroboration. NIL gives no name corroboration. Returned block/road and omitted candidates absent; intended returned identity and uniqueness UNVERIFIED. Experimental result retained only under disclosed postal assumption.
127,geylang-846-sims-ave,846,SIMS AVE,HDB-76218,1,12464,948451,8688,400846,0,Consistent,NoReturnedName,Unverified,Unverified,Preserved request key/query and postal agree with one HDB property and one block/postal footprint; no ACRA corroboration. NIL gives no name corroboration. Returned block/road and omitted candidates absent; intended returned identity and uniqueness UNVERIFIED. Experimental result retained only under disclosed postal assumption.
128,geylang-98-aljunied-cres,98,ALJUNIED CRES,HDB-228073,1,13248,939967,11046,380098,0,Consistent,NoReturnedName,Unverified,Unverified,Preserved request key/query and postal agree with one HDB property and one block/postal footprint; no ACRA corroboration. NIL gives no name corroboration. Returned block/road and omitted candidates absent; intended returned identity and uniqueness UNVERIFIED. Experimental result retained only under disclosed postal assumption.
129,hougang-244-hougang-st-22,244,HOUGANG ST 22,HDB-228759,1,3935,944119,8315,530244,0,Consistent,NamedFirstHitOnly,Unverified,Unverified,Preserved request key/query and postal agree with one HDB property and one block/postal footprint; no ACRA corroboration. Descriptive first-hit name does not establish returned block/road. Returned block/road and omitted candidates absent; intended returned identity and uniqueness UNVERIFIED. Experimental result retained only under disclosed postal assumption.
130,hougang-245-hougang-st-22,245,HOUGANG ST 22,HDB-63068,1,3951,939925,6293,530245,0,Consistent,NamedFirstHitOnly,Unverified,Unverified,Preserved request key/query and postal agree with one HDB property and one block/postal footprint; no ACRA corroboration. Descriptive first-hit name does not establish returned block/road. Returned block/road and omitted candidates absent; intended returned identity and uniqueness UNVERIFIED. Experimental result retained only under disclosed postal assumption.
131,hougang-306-hougang-ave-5,306,HOUGANG AVE 5,HDB-102286,1,5083,946636,11050666,530306,0,Consistent,NoReturnedName,Unverified,Unverified,Preserved request key/query and postal agree with one HDB property and one block/postal footprint; no ACRA corroboration. NIL gives no name corroboration. Returned block/road and omitted candidates absent; intended returned identity and uniqueness UNVERIFIED. Experimental result retained only under disclosed postal assumption.
132,hougang-365a-upp-serangoon-rd,365A,UPP SERANGOON RD,HDB-152284,1,6242,948830,11053815,531365,0,Consistent,NamedFirstHitOnly,Unverified,Unverified,Preserved request key/query and postal agree with one HDB property and one block/postal footprint; no ACRA corroboration. Descriptive first-hit name does not establish returned block/road. Returned block/road and omitted candidates absent; intended returned identity and uniqueness UNVERIFIED. Experimental result retained only under disclosed postal assumption.
133,hougang-473d-upp-serangoon-cres,473D,UPP SERANGOON CRES,HDB-229200,1,8064,944992,11051640,538473,0,Consistent,NamedFirstHitOnly,Unverified,Unverified,Preserved request key/query and postal agree with one HDB property and one block/postal footprint; no ACRA corroboration. Descriptive first-hit name does not establish returned block/road. Returned block/road and omitted candidates absent; intended returned identity and uniqueness UNVERIFIED. Experimental result retained only under disclosed postal assumption.
134,hougang-563-hougang-st-51,563,HOUGANG ST 51,HDB-229528,1,9386,943783,2450,530563,0,Consistent,NoReturnedName,Unverified,Unverified,Preserved request key/query and postal agree with one HDB property and one block/postal footprint; no ACRA corroboration. NIL gives no name corroboration. Returned block/road and omitted candidates absent; intended returned identity and uniqueness UNVERIFIED. Experimental result retained only under disclosed postal assumption.
135,hougang-571-hougang-st-51,571,HOUGANG ST 51,HDB-37461,1,9453,945659,6145,530571,0,Consistent,NoReturnedName,Unverified,Unverified,Preserved request key/query and postal agree with one HDB property and one block/postal footprint; no ACRA corroboration. NIL gives no name corroboration. Returned block/road and omitted candidates absent; intended returned identity and uniqueness UNVERIFIED. Experimental result retained only under disclosed postal assumption.
136,hougang-698c-hougang-st-52,698C,HOUGANG ST 52,HDB-86067,1,11216,937242,7187,533698,0,Consistent,NoReturnedName,Unverified,Unverified,Preserved request key/query and postal agree with one HDB property and one block/postal footprint; no ACRA corroboration. NIL gives no name corroboration. Returned block/road and omitted candidates absent; intended returned identity and uniqueness UNVERIFIED. Experimental result retained only under disclosed postal assumption.
137,hougang-939-hougang-st-92,939,HOUGANG ST 92,HDB-93099,1,13035,944935,8221,530939,0,Consistent,NoReturnedName,Unverified,Unverified,Preserved request key/query and postal agree with one HDB property and one block/postal footprint; no ACRA corroboration. NIL gives no name corroboration. Returned block/road and omitted candidates absent; intended returned identity and uniqueness UNVERIFIED. Experimental result retained only under disclosed postal assumption.
138,hougang-986b-buangkok-cres,986B,BUANGKOK CRES,HDB-12159,1,13280,946303,9750,532986,0,Consistent,NamedFirstHitOnly,Unverified,Unverified,Preserved request key/query and postal agree with one HDB property and one block/postal footprint; no ACRA corroboration. Descriptive first-hit name does not establish returned block/road. Returned block/road and omitted candidates absent; intended returned identity and uniqueness UNVERIFIED. Experimental result retained only under disclosed postal assumption.
139,jurong-east-104-jurong-east-st-13,104,JURONG EAST ST 13,HDB-179868,1,238,947920,6887,600104,0,Consistent,NamedFirstHitOnly,Unverified,Unverified,Preserved request key/query and postal agree with one HDB property and one block/postal footprint; no ACRA corroboration. Descriptive first-hit name does not establish returned block/road. Returned block/road and omitted candidates absent; intended returned identity and uniqueness UNVERIFIED. Experimental result retained only under disclosed postal assumption.
140,jurong-east-210-jurong-east-st-21,210,JURONG EAST ST 21,HDB-229601,1,3106,937440,5847,600210,0,Consistent,NoReturnedName,Unverified,Unverified,Preserved request key/query and postal agree with one HDB property and one block/postal footprint; no ACRA corroboration. NIL gives no name corroboration. Returned block/road and omitted candidates absent; intended returned identity and uniqueness UNVERIFIED. Experimental result retained only under disclosed postal assumption.
141,jurong-east-22-teban-gdns-rd,22,TEBAN GDNS RD,HDB-229787,1,3378,937812,7982,600022,0,Consistent,NamedFirstHitOnly,Unverified,Unverified,Preserved request key/query and postal agree with one HDB property and one block/postal footprint; no ACRA corroboration. Descriptive first-hit name does not establish returned block/road. Returned block/road and omitted candidates absent; intended returned identity and uniqueness UNVERIFIED. Experimental result retained only under disclosed postal assumption.
142,jurong-east-220-jurong-east-st-21,220,JURONG EAST ST 21,HDB-229845,1,3393,937285,10977,600220,0,Consistent,NoReturnedName,Unverified,Unverified,Preserved request key/query and postal agree with one HDB property and one block/postal footprint; no ACRA corroboration. NIL gives no name corroboration. Returned block/road and omitted candidates absent; intended returned identity and uniqueness UNVERIFIED. Experimental result retained only under disclosed postal assumption.
143,jurong-east-231-jurong-east-st-21,231,JURONG EAST ST 21,HDB-71534,1,3690,943768,2892,600231,0,Consistent,NoReturnedName,Unverified,Unverified,Preserved request key/query and postal agree with one HDB property and one block/postal footprint; no ACRA corroboration. NIL gives no name corroboration. Returned block/road and omitted candidates absent; intended returned identity and uniqueness UNVERIFIED. Experimental result retained only under disclosed postal assumption.
144,jurong-east-24-teban-gdns-rd,24,TEBAN GDNS RD,HDB-153305,1,3869,945269,5808,600024,0,Consistent,NoReturnedName,Unverified,Unverified,Preserved request key/query and postal agree with one HDB property and one block/postal footprint; no ACRA corroboration. NIL gives no name corroboration. Returned block/road and omitted candidates absent; intended returned identity and uniqueness UNVERIFIED. Experimental result retained only under disclosed postal assumption.
145,jurong-east-265-toh-guan-rd,265,TOH GUAN RD,HDB-15893,1,4307,942643,6903,600265,0,Consistent,NamedFirstHitOnly,Unverified,Unverified,Preserved request key/query and postal agree with one HDB property and one block/postal footprint; no ACRA corroboration. Descriptive first-hit name does not establish returned block/road. Returned block/road and omitted candidates absent; intended returned identity and uniqueness UNVERIFIED. Experimental result retained only under disclosed postal assumption.
146,jurong-east-266-toh-guan-rd,266,TOH GUAN RD,HDB-44168,1,4328,936770,5175,600266,0,Consistent,NamedFirstHitOnly,Unverified,Unverified,Preserved request key/query and postal agree with one HDB property and one block/postal footprint; no ACRA corroboration. Descriptive first-hit name does not establish returned block/road. Returned block/road and omitted candidates absent; intended returned identity and uniqueness UNVERIFIED. Experimental result retained only under disclosed postal assumption.
147,jurong-east-285d-toh-guan-rd,285D,TOH GUAN RD,HDB-229945,1,4675,948173,8578,604285,0,Consistent,NoReturnedName,Unverified,Unverified,Preserved request key/query and postal agree with one HDB property and one block/postal footprint; no ACRA corroboration. NIL gives no name corroboration. Returned block/road and omitted candidates absent; intended returned identity and uniqueness UNVERIFIED. Experimental result retained only under disclosed postal assumption.
148,jurong-east-287c-jurong-east-st-21,287C,JURONG EAST ST 21,HDB-10439,1,4702,945132,8813,603287,0,Consistent,NoReturnedName,Unverified,Unverified,Preserved request key/query and postal agree with one HDB property and one block/postal footprint; no ACRA corroboration. NIL gives no name corroboration. Returned block/road and omitted candidates absent; intended returned identity and uniqueness UNVERIFIED. Experimental result retained only under disclosed postal assumption.
149,jurong-east-288c-jurong-east-st-21,288C,JURONG EAST ST 21,HDB-99891,1,4721,939370,3137,603288,0,Consistent,NoReturnedName,Unverified,Unverified,Preserved request key/query and postal agree with one HDB property and one block/postal footprint; no ACRA corroboration. NIL gives no name corroboration. Returned block/road and omitted candidates absent; intended returned identity and uniqueness UNVERIFIED. Experimental result retained only under disclosed postal assumption.
150,jurong-east-336-jurong-east-ave-1,336,JURONG EAST AVE 1,HDB-180163,1,5771,942676,2227,600336,0,Consistent,NoReturnedName,Unverified,Unverified,Preserved request key/query and postal agree with one HDB property and one block/postal footprint; no ACRA corroboration. NIL gives no name corroboration. Returned block/road and omitted candidates absent; intended returned identity and uniqueness UNVERIFIED. Experimental result retained only under disclosed postal assumption.
151,jurong-east-371-jurong-east-st-32,371,JURONG EAST ST 32,HDB-45618,1,6310,936834,9232,600371,0,Consistent,NamedFirstHitOnly,Unverified,Unverified,Preserved request key/query and postal agree with one HDB property and one block/postal footprint; no ACRA corroboration. Descriptive first-hit name does not establish returned block/road. Returned block/road and omitted candidates absent; intended returned identity and uniqueness UNVERIFIED. Experimental result retained only under disclosed postal assumption.
152,jurong-east-372-jurong-east-st-32,372,JURONG EAST ST 32,HDB-83690|HDB-180102,2,6320,941125,2902,600372,0,Consistent,NamedFirstHitOnly,Unverified,Unverified,Preserved request key/query and postal agree with one HDB property and one block/postal footprint; no ACRA corroboration. Descriptive first-hit name does not establish returned block/road. Returned block/road and omitted candidates absent; intended returned identity and uniqueness UNVERIFIED. Experimental result retained only under disclosed postal assumption.
153,jurong-west-112-ho-ching-rd,112,HO CHING RD,HDB-230066,1,588,936370,8181,610112,0,Consistent,NoReturnedName,Unverified,Unverified,Preserved request key/query and postal agree with one HDB property and one block/postal footprint; no ACRA corroboration. NIL gives no name corroboration. Returned block/road and omitted candidates absent; intended returned identity and uniqueness UNVERIFIED. Experimental result retained only under disclosed postal assumption.
154,jurong-west-150a-corporation-dr,150A,CORPORATION DR,HDB-229960,1,1789,943908,11052058,611150,0,Consistent,NamedFirstHitOnly,Unverified,Unverified,Preserved request key/query and postal agree with one HDB property and one block/postal footprint; no ACRA corroboration. Descriptive first-hit name does not establish returned block/road. Returned block/road and omitted candidates absent; intended returned identity and uniqueness UNVERIFIED. Experimental result retained only under disclosed postal assumption.
155,jurong-west-163-yung-ping-rd,163,YUNG PING RD,HDB-39639,1,2067,942329,3550,610163,0,Consistent,NoReturnedName,Unverified,Unverified,Preserved request key/query and postal agree with one HDB property and one block/postal footprint; no ACRA corroboration. NIL gives no name corroboration. Returned block/road and omitted candidates absent; intended returned identity and uniqueness UNVERIFIED. Experimental result retained only under disclosed postal assumption.
156,jurong-west-164a-yung-kuang-rd,164A,YUNG KUANG RD,HDB-231017,1,2091,942208,11050975,611164,0,Consistent,NamedFirstHitOnly,Unverified,Unverified,Preserved request key/query and postal agree with one HDB property and one block/postal footprint; no ACRA corroboration. Descriptive first-hit name does not establish returned block/road. Returned block/road and omitted candidates absent; intended returned identity and uniqueness UNVERIFIED. Experimental result retained only under disclosed postal assumption.
157,jurong-west-187-boon-lay-ave,187,BOON LAY AVE,HDB-35621,1,2563,947361,9734,640187,0,Consistent,NamedFirstHitOnly,Unverified,Unverified,Preserved request key/query and postal agree with one HDB property and one block/postal footprint; no ACRA corroboration. Descriptive first-hit name does not establish returned block/road. Returned block/road and omitted candidates absent; intended returned identity and uniqueness UNVERIFIED. Experimental result retained only under disclosed postal assumption.
158,jurong-west-274a-jurong-west-ave-3,274A,JURONG WEST AVE 3,HDB-154210,1,4526,944820,7658,641274,0,Consistent,NamedFirstHitOnly,Unverified,Unverified,Preserved request key/query and postal agree with one HDB property and one block/postal footprint; no ACRA corroboration. Descriptive first-hit name does not establish returned block/road. Returned block/road and omitted candidates absent; intended returned identity and uniqueness UNVERIFIED. Experimental result retained only under disclosed postal assumption.
159,jurong-west-332-tah-ching-rd,332,TAH CHING RD,HDB-231115,1,5693,936490,6110,610332,0,Consistent,NoReturnedName,Unverified,Unverified,Preserved request key/query and postal agree with one HDB property and one block/postal footprint; no ACRA corroboration. NIL gives no name corroboration. Returned block/road and omitted candidates absent; intended returned identity and uniqueness UNVERIFIED. Experimental result retained only under disclosed postal assumption.
160,jurong-west-347-kang-ching-rd,347,KANG CHING RD,HDB-180959,1,5952,948819,8106,610347,0,Consistent,NoReturnedName,Unverified,Unverified,Preserved request key/query and postal agree with one HDB property and one block/postal footprint; no ACRA corroboration. NIL gives no name corroboration. Returned block/road and omitted candidates absent; intended returned identity and uniqueness UNVERIFIED. Experimental result retained only under disclosed postal assumption.
161,jurong-west-560a-jurong-west-st-42,560A,JURONG WEST ST 42,HDB-127665,1,9364,946291,11051130,641560,0,Consistent,NamedFirstHitOnly,Unverified,Unverified,Preserved request key/query and postal agree with one HDB property and one block/postal footprint; no ACRA corroboration. Descriptive first-hit name does not establish returned block/road. Returned block/road and omitted candidates absent; intended returned identity and uniqueness UNVERIFIED. Experimental result retained only under disclosed postal assumption.
162,jurong-west-648c-jurong-west-st-61,648C,JURONG WEST ST 61,HDB-10544,1,10508,941459,169,643648,0,Consistent,NoReturnedName,Unverified,Unverified,Preserved request key/query and postal agree with one HDB property and one block/postal footprint; no ACRA corroboration. NIL gives no name corroboration. Returned block/road and omitted candidates absent; intended returned identity and uniqueness UNVERIFIED. Experimental result retained only under disclosed postal assumption.
163,jurong-west-654b-jurong-west-st-61,654B,JURONG WEST ST 61,HDB-153847,1,10595,945195,3679,642654,0,Consistent,NoReturnedName,Unverified,Unverified,Preserved request key/query and postal agree with one HDB property and one block/postal footprint; no ACRA corroboration. NIL gives no name corroboration. Returned block/road and omitted candidates absent; intended returned identity and uniqueness UNVERIFIED. Experimental result retained only under disclosed postal assumption.
164,jurong-west-669c-jurong-west-st-64,669C,JURONG WEST ST 64,HDB-76553,1,10838,940004,3547,643669,0,Consistent,NoReturnedName,Unverified,Unverified,Preserved request key/query and postal agree with one HDB property and one block/postal footprint; no ACRA corroboration. NIL gives no name corroboration. Returned block/road and omitted candidates absent; intended returned identity and uniqueness UNVERIFIED. Experimental result retained only under disclosed postal assumption.
165,jurong-west-990c-jurong-west-st-93,990C,JURONG WEST ST 93,HDB-55285,1,13319,943810,3683,643990,0,Consistent,NoReturnedName,Unverified,Unverified,Preserved request key/query and postal agree with one HDB property and one block/postal footprint; no ACRA corroboration. NIL gives no name corroboration. Returned block/road and omitted candidates absent; intended returned identity and uniqueness UNVERIFIED. Experimental result retained only under disclosed postal assumption.
166,kallang-whampoa-105-jln-rajah,105,JLN RAJAH,HDB-231710,1,281,940338,8337,320105,0,Consistent,PreschoolFirstHit,Unverified,Unverified,Preserved request key/query and postal agree with one HDB property and one block/postal footprint; no ACRA corroboration. Institution/tenant label does not establish residential returned identity. Returned block/road and omitted candidates absent; intended returned identity and uniqueness UNVERIFIED. Experimental result retained only under disclosed postal assumption.
167,kallang-whampoa-106-towner-rd,106,TOWNER RD,HDB-19745,1,335,947405,5728,322106,0,Consistent,NoReturnedName,Unverified,Unverified,Preserved request key/query and postal agree with one HDB property and one block/postal footprint; no ACRA corroboration. NIL gives no name corroboration. Returned block/road and omitted candidates absent; intended returned identity and uniqueness UNVERIFIED. Experimental result retained only under disclosed postal assumption.
168,kallang-whampoa-110-mcnair-rd,110,MCNAIR RD,HDB-155586,1,519,936266,6006,320110,0,Consistent,NamedFirstHitOnly,Unverified,Unverified,Preserved request key/query and postal agree with one HDB property and one block/postal footprint; no ACRA corroboration. Descriptive first-hit name does not establish returned block/road. Returned block/road and omitted candidates absent; intended returned identity and uniqueness UNVERIFIED. Experimental result retained only under disclosed postal assumption.
169,kallang-whampoa-116b-jln-tenteram,116B,JLN TENTERAM,HDB-231464,1,772,941032,10912,322116,0,Consistent,NamedFirstHitOnly,Unverified,Unverified,Preserved request key/query and postal agree with one HDB property and one block/postal footprint; no ACRA corroboration. Descriptive first-hit name does not establish returned block/road. Returned block/road and omitted candidates absent; intended returned identity and uniqueness UNVERIFIED. Experimental result retained only under disclosed postal assumption.
170,kallang-whampoa-122-mcnair-rd,122,MCNAIR RD,HDB-209143,1,1023,941455,6026,320122,0,Consistent,NamedFirstHitOnly,Unverified,Unverified,Preserved request key/query and postal agree with one HDB property and one block/postal footprint; no ACRA corroboration. Descriptive first-hit name does not establish returned block/road. Returned block/road and omitted candidates absent; intended returned identity and uniqueness UNVERIFIED. Experimental result retained only under disclosed postal assumption.
171,kallang-whampoa-16-upp-boon-keng-rd,16,UPP BOON KENG RD,HDB-231339,1,1990,946017,3253,380016,0,Consistent,NamedFirstHitOnly,Unverified,Unverified,Preserved request key/query and postal agree with one HDB property and one block/postal footprint; no ACRA corroboration. Descriptive first-hit name does not establish returned block/road. Returned block/road and omitted candidates absent; intended returned identity and uniqueness UNVERIFIED. Experimental result retained only under disclosed postal assumption.
172,kallang-whampoa-38d-bendemeer-rd,38D,BENDEMEER RD,HDB-155498,1,6412,946046,3130,334038,0,Consistent,NamedFirstHitOnly,Unverified,Unverified,Preserved request key/query and postal agree with one HDB property and one block/postal footprint; no ACRA corroboration. Descriptive first-hit name does not establish returned block/road. Returned block/road and omitted candidates absent; intended returned identity and uniqueness UNVERIFIED. Experimental result retained only under disclosed postal assumption.
173,kallang-whampoa-3d-upp-boon-keng-rd,3D,UPP BOON KENG RD,HDB-129299,1,4935,937149,2873,384003,0,Consistent,NamedFirstHitOnly,Unverified,Unverified,Preserved request key/query and postal agree with one HDB property and one block/postal footprint; no ACRA corroboration. Descriptive first-hit name does not establish returned block/road. Returned block/road and omitted candidates absent; intended returned identity and uniqueness UNVERIFIED. Experimental result retained only under disclosed postal assumption.
174,kallang-whampoa-48-bendemeer-rd,48,BENDEMEER RD,HDB-17965,1,8145,946980,3379,330048,0,Consistent,NoReturnedName,Unverified,Unverified,Preserved request key/query and postal agree with one HDB property and one block/postal footprint; no ACRA corroboration. NIL gives no name corroboration. Returned block/road and omitted candidates absent; intended returned identity and uniqueness UNVERIFIED. Experimental result retained only under disclosed postal assumption.
175,kallang-whampoa-6-beach-rd,6,BEACH RD,HDB-23706,1,9622,944835,3181,190006,0,Consistent,NamedFirstHitOnly,Unverified,Unverified,Preserved request key/query and postal agree with one HDB property and one block/postal footprint; no ACRA corroboration. Descriptive first-hit name does not establish returned block/road. Returned block/road and omitted candidates absent; intended returned identity and uniqueness UNVERIFIED. Experimental result retained only under disclosed postal assumption.
176,kallang-whampoa-7-jln-batu,7,JLN BATU,HDB-100012,1,11233,944162,2679,431007,0,Consistent,NamedFirstHitOnly,Unverified,Unverified,Preserved request key/query and postal agree with one HDB property and one block/postal footprint; no ACRA corroboration. Descriptive first-hit name does not establish returned block/road. Returned block/road and omitted candidates absent; intended returned identity and uniqueness UNVERIFIED. Experimental result retained only under disclosed postal assumption.
177,kallang-whampoa-75-whampoa-dr,75,WHAMPOA DR,HDB-129506,1,11707,941987,4989,320075,0,Consistent,NamedFirstHitOnly,Unverified,Unverified,Preserved request key/query and postal agree with one HDB property and one block/postal footprint; no ACRA corroboration. Descriptive first-hit name does not establish returned block/road. Returned block/road and omitted candidates absent; intended returned identity and uniqueness UNVERIFIED. Experimental result retained only under disclosed postal assumption.
178,kallang-whampoa-8-boon-keng-rd,8,BOON KENG RD,HDB-97951,1,12054,936373,4409,330008,0,Consistent,NamedFirstHitOnly,Unverified,Unverified,Preserved request key/query and postal agree with one HDB property and one block/postal footprint; no ACRA corroboration. Descriptive first-hit name does not establish returned block/road. Returned block/road and omitted candidates absent; intended returned identity and uniqueness UNVERIFIED. Experimental result retained only under disclosed postal assumption.
179,kallang-whampoa-8-jln-batu,8,JLN BATU,HDB-3162,1,12062,947472,7043,431008,0,Consistent,NamedFirstHitOnly,Unverified,Unverified,Preserved request key/query and postal agree with one HDB property and one block/postal footprint; no ACRA corroboration. Descriptive first-hit name does not establish returned block/road. Returned block/road and omitted candidates absent; intended returned identity and uniqueness UNVERIFIED. Experimental result retained only under disclosed postal assumption.
180,kallang-whampoa-805-king-george-s-ave,805,KING GEORGE'S AVE,HDB-231136,1,12152,947351,12214,200805,0,Consistent,NoReturnedName,Unverified,Unverified,Preserved request key/query and postal agree with one HDB property and one block/postal footprint; no ACRA corroboration. NIL gives no name corroboration. Returned block/road and omitted candidates absent; intended returned identity and uniqueness UNVERIFIED. Experimental result retained only under disclosed postal assumption.
181,kallang-whampoa-9-jln-batu,9,JLN BATU,HDB-155510,1,12830,945405,60,431009,0,Consistent,NamedFirstHitOnly,Unverified,Unverified,Preserved request key/query and postal agree with one HDB property and one block/postal footprint; no ACRA corroboration. Descriptive first-hit name does not establish returned block/road. Returned block/road and omitted candidates absent; intended returned identity and uniqueness UNVERIFIED. Experimental result retained only under disclosed postal assumption.
182,marine-parade-1-marine-ter,1,MARINE TER,HDB-129890,1,23,949024,2596,440001,0,Consistent,NamedFirstHitOnly,Unverified,Unverified,Preserved request key/query and postal agree with one HDB property and one block/postal footprint; no ACRA corroboration. Descriptive first-hit name does not establish returned block/road. Returned block/road and omitted candidates absent; intended returned identity and uniqueness UNVERIFIED. Experimental result retained only under disclosed postal assumption.
183,marine-parade-15-marine-ter,15,MARINE TER,HDB-209197,1,1762,939512,2824,440015,0,Consistent,FirePostFirstHit,Unverified,Unverified,Preserved request key/query and postal agree with one HDB property and one block/postal footprint; no ACRA corroboration. Institution/tenant label does not establish residential returned identity. Returned block/road and omitted candidates absent; intended returned identity and uniqueness UNVERIFIED. Experimental result retained only under disclosed postal assumption.
184,marine-parade-16-marine-ter,16,MARINE TER,HDB-5141|HDB-95812,2,1983,936459,5234,440016,0,Consistent,NamedFirstHitOnly,Unverified,Unverified,Preserved request key/query and postal agree with one HDB property and one block/postal footprint; no ACRA corroboration. Descriptive first-hit name does not establish returned block/road. Returned block/road and omitted candidates absent; intended returned identity and uniqueness UNVERIFIED. Experimental result retained only under disclosed postal assumption.
185,marine-parade-2-marine-ter,2,MARINE TER,HDB-209352,1,2747,945293,3313,440002,0,Consistent,NamedFirstHitOnly,Unverified,Unverified,Preserved request key/query and postal agree with one HDB property and one block/postal footprint; no ACRA corroboration. Descriptive first-hit name does not establish returned block/road. Returned block/road and omitted candidates absent; intended returned identity and uniqueness UNVERIFIED. Experimental result retained only under disclosed postal assumption.
186,marine-parade-20-marine-ter,20,MARINE TER,HDB-231795,1,2797,945860,1092,440020,0,Consistent,NamedFirstHitOnly,Unverified,Unverified,Preserved request key/query and postal agree with one HDB property and one block/postal footprint; no ACRA corroboration. Descriptive first-hit name does not establish returned block/road. Returned block/road and omitted candidates absent; intended returned identity and uniqueness UNVERIFIED. Experimental result retained only under disclosed postal assumption.
187,marine-parade-31-marine-cres,31,MARINE CRES,HDB-23739|HDB-156087,2,5189,945130,3463,440031,0,Consistent,NamedFirstHitOnly,Unverified,Unverified,Preserved request key/query and postal agree with one HDB property and one block/postal footprint; no ACRA corroboration. Descriptive first-hit name does not establish returned block/road. Returned block/road and omitted candidates absent; intended returned identity and uniqueness UNVERIFIED. Experimental result retained only under disclosed postal assumption.
188,marine-parade-33-marine-cres,33,MARINE CRES,HDB-231724,1,5643,941601,3496,440033,0,Consistent,NamedFirstHitOnly,Unverified,Unverified,Preserved request key/query and postal agree with one HDB property and one block/postal footprint; no ACRA corroboration. Descriptive first-hit name does not establish returned block/road. Returned block/road and omitted candidates absent; intended returned identity and uniqueness UNVERIFIED. Experimental result retained only under disclosed postal assumption.
189,marine-parade-34-marine-cres,34,MARINE CRES,HDB-129832,1,5859,936706,6905,440034,0,Consistent,NamedFirstHitOnly,Unverified,Unverified,Preserved request key/query and postal agree with one HDB property and one block/postal footprint; no ACRA corroboration. Descriptive first-hit name does not establish returned block/road. Returned block/road and omitted candidates absent; intended returned identity and uniqueness UNVERIFIED. Experimental result retained only under disclosed postal assumption.
190,marine-parade-35-marine-cres,35,MARINE CRES,HDB-231771,1,5992,938429,4563,440035,0,Consistent,NamedFirstHitOnly,Unverified,Unverified,Preserved request key/query and postal agree with one HDB property and one block/postal footprint; no ACRA corroboration. Descriptive first-hit name does not establish returned block/road. Returned block/road and omitted candidates absent; intended returned identity and uniqueness UNVERIFIED. Experimental result retained only under disclosed postal assumption.
191,marine-parade-45-marine-cres,45,MARINE CRES,HDB-183242,1,7598,937192,12656,440045,0,Consistent,NamedFirstHitOnly,Unverified,Unverified,Preserved request key/query and postal agree with one HDB property and one block/postal footprint; no ACRA corroboration. Descriptive first-hit name does not establish returned block/road. Returned block/road and omitted candidates absent; intended returned identity and uniqueness UNVERIFIED. Experimental result retained only under disclosed postal assumption.
192,marine-parade-64-marine-dr,64,MARINE DR,HDB-91140,1,10369,940671,11052899,440064,0,Consistent,NamedFirstHitOnly,Unverified,Unverified,Preserved request key/query and postal agree with one HDB property and one block/postal footprint; no ACRA corroboration. Descriptive first-hit name does not establish returned block/road. Returned block/road and omitted candidates absent; intended returned identity and uniqueness UNVERIFIED. Experimental result retained only under disclosed postal assumption.
193,marine-parade-74-marine-dr,74,MARINE DR,HDB-61390,1,11631,942280,3746,440074,0,Consistent,NamedFirstHitOnly,Unverified,Unverified,Preserved request key/query and postal agree with one HDB property and one block/postal footprint; no ACRA corroboration. Descriptive first-hit name does not establish returned block/road. Returned block/road and omitted candidates absent; intended returned identity and uniqueness UNVERIFIED. Experimental result retained only under disclosed postal assumption.
194,marine-parade-79-marine-dr,79,MARINE DR,HDB-35829|HDB-231807,2,12012,936831,4651,440079,0,Consistent,NamedFirstHitOnly,Unverified,Unverified,Preserved request key/query and postal agree with one HDB property and one block/postal footprint; no ACRA corroboration. Descriptive first-hit name does not establish returned block/road. Returned block/road and omitted candidates absent; intended returned identity and uniqueness UNVERIFIED. Experimental result retained only under disclosed postal assumption.
195,pasir-ris-1-changi-village-rd,1,CHANGI VILLAGE RD,HDB-8913,1,6,943675,12379,500001,0,Consistent,NoReturnedName,Unverified,Unverified,Preserved request key/query and postal agree with one HDB property and one block/postal footprint; no ACRA corroboration. NIL gives no name corroboration. Returned block/road and omitted candidates absent; intended returned identity and uniqueness UNVERIFIED. Experimental result retained only under disclosed postal assumption.
196,pasir-ris-102-pasir-ris-st-12,102,PASIR RIS ST 12,HDB-232175,1,162,938807,4606,510102,0,Consistent,NoReturnedName,Unverified,Unverified,Preserved request key/query and postal agree with one HDB property and one block/postal footprint; no ACRA corroboration. NIL gives no name corroboration. Returned block/road and omitted candidates absent; intended returned identity and uniqueness UNVERIFIED. Experimental result retained only under disclosed postal assumption.
197,pasir-ris-107-pasir-ris-st-12,107,PASIR RIS ST 12,HDB-156527,1,368,938733,7135,510107,0,Consistent,NoReturnedName,Unverified,Unverified,Preserved request key/query and postal agree with one HDB property and one block/postal footprint; no ACRA corroboration. NIL gives no name corroboration. Returned block/road and omitted candidates absent; intended returned identity and uniqueness UNVERIFIED. Experimental result retained only under disclosed postal assumption.
198,pasir-ris-150-pasir-ris-st-13,150,PASIR RIS ST 13,HDB-79096,1,1778,938476,7970,510150,0,Consistent,NoReturnedName,Unverified,Unverified,Preserved request key/query and postal agree with one HDB property and one block/postal footprint; no ACRA corroboration. NIL gives no name corroboration. Returned block/road and omitted candidates absent; intended returned identity and uniqueness UNVERIFIED. Experimental result retained only under disclosed postal assumption.
199,pasir-ris-227-pasir-ris-st-21,227,PASIR RIS ST 21,HDB-130499,1,3573,942541,4341,510227,0,Consistent,NoReturnedName,Unverified,Unverified,Preserved request key/query and postal agree with one HDB property and one block/postal footprint; no ACRA corroboration. NIL gives no name corroboration. Returned block/road and omitted candidates absent; intended returned identity and uniqueness UNVERIFIED. Experimental result retained only under disclosed postal assumption.
200,pasir-ris-459-pasir-ris-dr-4,459,PASIR RIS DR 4,HDB-31564,1,7759,942479,11055400,510459,0,Consistent,NoReturnedName,Unverified,Unverified,Preserved request key/query and postal agree with one HDB property and one block/postal footprint; no ACRA corroboration. NIL gives no name corroboration. Returned block/road and omitted candidates absent; intended returned identity and uniqueness UNVERIFIED. Experimental result retained only under disclosed postal assumption.
201,pasir-ris-526d-pasir-ris-st-51,526D,PASIR RIS ST 51,HDB-232014,1,8924,935985,11055892,514526,0,Consistent,NamedFirstHitOnly,Unverified,Unverified,Preserved request key/query and postal agree with one HDB property and one block/postal footprint; no ACRA corroboration. Descriptive first-hit name does not establish returned block/road. Returned block/road and omitted candidates absent; intended returned identity and uniqueness UNVERIFIED. Experimental result retained only under disclosed postal assumption.
202,pasir-ris-527b-pasir-ris-st-51,527B,PASIR RIS ST 51,HDB-71836,1,8938,946792,11055893,512527,0,Consistent,NamedFirstHitOnly,Unverified,Unverified,Preserved request key/query and postal agree with one HDB property and one block/postal footprint; no ACRA corroboration. Descriptive first-hit name does not establish returned block/road. Returned block/road and omitted candidates absent; intended returned identity and uniqueness UNVERIFIED. Experimental result retained only under disclosed postal assumption.
203,pasir-ris-527c-pasir-ris-st-51,527C,PASIR RIS ST 51,HDB-74210|HDB-183579,2,8939,943164,11055894,513527,0,Consistent,NamedFirstHitOnly,Unverified,Unverified,Preserved request key/query and postal agree with one HDB property and one block/postal footprint; no ACRA corroboration. Descriptive first-hit name does not establish returned block/road. Returned block/road and omitted candidates absent; intended returned identity and uniqueness UNVERIFIED. Experimental result retained only under disclosed postal assumption.
204,pasir-ris-528a-pasir-ris-st-51,528A,PASIR RIS ST 51,HDB-63326|HDB-231824,2,8951,943759,11055899,511528,0,Consistent,NamedFirstHitOnly,Unverified,Unverified,Preserved request key/query and postal agree with one HDB property and one block/postal footprint; no ACRA corroboration. Descriptive first-hit name does not establish returned block/road. Returned block/road and omitted candidates absent; intended returned identity and uniqueness UNVERIFIED. Experimental result retained only under disclosed postal assumption.
205,pasir-ris-535-pasir-ris-dr-1,535,PASIR RIS DR 1,HDB-156507,1,9058,945309,11052688,510535,0,Consistent,NoReturnedName,Unverified,Unverified,Preserved request key/query and postal agree with one HDB property and one block/postal footprint; no ACRA corroboration. NIL gives no name corroboration. Returned block/road and omitted candidates absent; intended returned identity and uniqueness UNVERIFIED. Experimental result retained only under disclosed postal assumption.
206,pasir-ris-601-elias-rd,601,ELIAS RD,HDB-232287,1,9675,940768,8401,510601,0,Consistent,NamedFirstHitOnly,Unverified,Unverified,Preserved request key/query and postal agree with one HDB property and one block/postal footprint; no ACRA corroboration. Descriptive first-hit name does not establish returned block/road. Returned block/road and omitted candidates absent; intended returned identity and uniqueness UNVERIFIED. Experimental result retained only under disclosed postal assumption.
207,pasir-ris-760-pasir-ris-st-71,760,PASIR RIS ST 71,HDB-21071,1,11784,946470,6072,510760,0,Consistent,NoReturnedName,Unverified,Unverified,Preserved request key/query and postal agree with one HDB property and one block/postal footprint; no ACRA corroboration. NIL gives no name corroboration. Returned block/road and omitted candidates absent; intended returned identity and uniqueness UNVERIFIED. Experimental result retained only under disclosed postal assumption.
208,pasir-ris-767-pasir-ris-st-71,767,PASIR RIS ST 71,HDB-183961,1,11839,944183,6460,510767,0,Consistent,NoReturnedName,Unverified,Unverified,Preserved request key/query and postal agree with one HDB property and one block/postal footprint; no ACRA corroboration. NIL gives no name corroboration. Returned block/road and omitted candidates absent; intended returned identity and uniqueness UNVERIFIED. Experimental result retained only under disclosed postal assumption.
209,punggol-182-edgefield-plains,182,EDGEFIELD PLAINS,HDB-186051,1,2470,937586,173,820182,0,Consistent,NoReturnedName,Unverified,Unverified,Preserved request key/query and postal agree with one HDB property and one block/postal footprint; no ACRA corroboration. NIL gives no name corroboration. Returned block/road and omitted candidates absent; intended returned identity and uniqueness UNVERIFIED. Experimental result retained only under disclosed postal assumption.
210,punggol-208a-punggol-pl,208A,PUNGGOL PL,HDB-102694,1,3036,946935,9285,821208,0,Consistent,NamedFirstHitOnly,Unverified,Unverified,Preserved request key/query and postal agree with one HDB property and one block/postal footprint; no ACRA corroboration. Descriptive first-hit name does not establish returned block/road. Returned block/road and omitted candidates absent; intended returned identity and uniqueness UNVERIFIED. Experimental result retained only under disclosed postal assumption.
211,punggol-256b-sumang-walk,256B,SUMANG WALK,HDB-93519,1,4135,937598,10218,822256,0,Consistent,NamedFirstHitOnly,Unverified,Unverified,Preserved request key/query and postal agree with one HDB property and one block/postal footprint; no ACRA corroboration. Descriptive first-hit name does not establish returned block/road. Returned block/road and omitted candidates absent; intended returned identity and uniqueness UNVERIFIED. Experimental result retained only under disclosed postal assumption.
212,punggol-326c-sumang-walk,326C,SUMANG WALK,HDB-158125,1,5584,947661,11053517,823326,0,Consistent,NamedFirstHitOnly,Unverified,Unverified,Preserved request key/query and postal agree with one HDB property and one block/postal footprint; no ACRA corroboration. Descriptive first-hit name does not establish returned block/road. Returned block/road and omitted candidates absent; intended returned identity and uniqueness UNVERIFIED. Experimental result retained only under disclosed postal assumption.
213,punggol-408a-northshore-dr,408A,NORTHSHORE DR,HDB-210004,1,6739,943977,11852,821408,0,Consistent,NamedFirstHitOnly,Unverified,Unverified,Preserved request key/query and postal agree with one HDB property and one block/postal footprint; no ACRA corroboration. Descriptive first-hit name does not establish returned block/road. Returned block/road and omitted candidates absent; intended returned identity and uniqueness UNVERIFIED. Experimental result retained only under disclosed postal assumption.
214,punggol-421c-northshore-dr,421C,NORTHSHORE DR,HDB-232582,1,7047,945518,1584,823421,0,Consistent,NamedFirstHitOnly,Unverified,Unverified,Preserved request key/query and postal agree with one HDB property and one block/postal footprint; no ACRA corroboration. Descriptive first-hit name does not establish returned block/road. Returned block/road and omitted candidates absent; intended returned identity and uniqueness UNVERIFIED. Experimental result retained only under disclosed postal assumption.
215,punggol-602c-punggol-ctrl,602C,PUNGGOL CTRL,HDB-12588,1,9709,946674,10375,823602,0,Consistent,NamedFirstHitOnly,Unverified,Unverified,Preserved request key/query and postal agree with one HDB property and one block/postal footprint; no ACRA corroboration. Descriptive first-hit name does not establish returned block/road. Returned block/road and omitted candidates absent; intended returned identity and uniqueness UNVERIFIED. Experimental result retained only under disclosed postal assumption.
216,punggol-613b-punggol-dr,613B,PUNGGOL DR,HDB-44374,1,9903,945908,9843,822613,0,Consistent,NamedFirstHitOnly,Unverified,Unverified,Preserved request key/query and postal agree with one HDB property and one block/postal footprint; no ACRA corroboration. Descriptive first-hit name does not establish returned block/road. Returned block/road and omitted candidates absent; intended returned identity and uniqueness UNVERIFIED. Experimental result retained only under disclosed postal assumption.
217,punggol-613d-punggol-dr,613D,PUNGGOL DR,HDB-19838,1,9907,946885,9931,824613,0,Consistent,NamedFirstHitOnly,Unverified,Unverified,Preserved request key/query and postal agree with one HDB property and one block/postal footprint; no ACRA corroboration. Descriptive first-hit name does not establish returned block/road. Returned block/road and omitted candidates absent; intended returned identity and uniqueness UNVERIFIED. Experimental result retained only under disclosed postal assumption.
218,queenstown-1-dover-rd,1,DOVER RD,HDB-186565,1,8,939763,3116,130001,0,Consistent,CommunityCentreFirstHit,Unverified,Unverified,Preserved request key/query and postal agree with one HDB property and one block/postal footprint; no ACRA corroboration. Institution/tenant label does not establish residential returned identity. Returned block/road and omitted candidates absent; intended returned identity and uniqueness UNVERIFIED. Experimental result retained only under disclosed postal assumption.
219,queenstown-147-mei-ling-st,147,MEI LING ST,HDB-38043,1,1704,945564,10066,140147,0,Consistent,NoReturnedName,Unverified,Unverified,Preserved request key/query and postal agree with one HDB property and one block/postal footprint; no ACRA corroboration. NIL gives no name corroboration. Returned block/road and omitted candidates absent; intended returned identity and uniqueness UNVERIFIED. Experimental result retained only under disclosed postal assumption.
220,queenstown-148-mei-ling-st,148,MEI LING ST,HDB-234401,1,1722,941497,10067,140148,0,Consistent,NoReturnedName,Unverified,Unverified,Preserved request key/query and postal agree with one HDB property and one block/postal footprint; no ACRA corroboration. NIL gives no name corroboration. Returned block/road and omitted candidates absent; intended returned identity and uniqueness UNVERIFIED. Experimental result retained only under disclosed postal assumption.
221,queenstown-150-mei-ling-st,150,MEI LING ST,HDB-100494,1,1777,943288,10074,141150,0,Consistent,NoReturnedName,Unverified,Unverified,Preserved request key/query and postal agree with one HDB property and one block/postal footprint; no ACRA corroboration. NIL gives no name corroboration. Returned block/road and omitted candidates absent; intended returned identity and uniqueness UNVERIFIED. Experimental result retained only under disclosed postal assumption.
222,queenstown-164-stirling-rd,164,STIRLING RD,HDB-105634,1,2085,944292,165,140164,0,Consistent,NamedFirstHitOnly,Unverified,Unverified,Preserved request key/query and postal agree with one HDB property and one block/postal footprint; no ACRA corroboration. Descriptive first-hit name does not establish returned block/road. Returned block/road and omitted candidates absent; intended returned identity and uniqueness UNVERIFIED. Experimental result retained only under disclosed postal assumption.
223,queenstown-2-ghim-moh-rd,2,GHIM MOH RD,HDB-41515,1,2734,936691,5375,270002,0,Consistent,NamedFirstHitOnly,Unverified,Unverified,Preserved request key/query and postal agree with one HDB property and one block/postal footprint; no ACRA corroboration. Descriptive first-hit name does not establish returned block/road. Returned block/road and omitted candidates absent; intended returned identity and uniqueness UNVERIFIED. Experimental result retained only under disclosed postal assumption.
224,queenstown-48-strathmore-ave,48,STRATHMORE AVE,HDB-234389,1,8155,937220,8695,140048,0,Consistent,NamedFirstHitOnly,Unverified,Unverified,Preserved request key/query and postal agree with one HDB property and one block/postal footprint; no ACRA corroboration. Descriptive first-hit name does not establish returned block/road. Returned block/road and omitted candidates absent; intended returned identity and uniqueness UNVERIFIED. Experimental result retained only under disclosed postal assumption.
225,queenstown-50-strathmore-ave,50,STRATHMORE AVE,HDB-22320,1,8430,936355,4186,140050,0,Consistent,NamedFirstHitOnly,Unverified,Unverified,Preserved request key/query and postal agree with one HDB property and one block/postal footprint; no ACRA corroboration. Descriptive first-hit name does not establish returned block/road. Returned block/road and omitted candidates absent; intended returned identity and uniqueness UNVERIFIED. Experimental result retained only under disclosed postal assumption.
226,queenstown-51-strathmore-ave,51,STRATHMORE AVE,HDB-159143,1,8648,942110,6344,140051,0,Consistent,NamedFirstHitOnly,Unverified,Unverified,Preserved request key/query and postal agree with one HDB property and one block/postal footprint; no ACRA corroboration. Descriptive first-hit name does not establish returned block/road. Returned block/road and omitted candidates absent; intended returned identity and uniqueness UNVERIFIED. Experimental result retained only under disclosed postal assumption.
227,queenstown-86-dawson-rd,86,DAWSON RD,HDB-103003,1,12565,945743,9207,141086,0,Consistent,NamedFirstHitOnly,Unverified,Unverified,Preserved request key/query and postal agree with one HDB property and one block/postal footprint; no ACRA corroboration. Descriptive first-hit name does not establish returned block/road. Returned block/road and omitted candidates absent; intended returned identity and uniqueness UNVERIFIED. Experimental result retained only under disclosed postal assumption.
228,queenstown-93-dawson-rd,93,DAWSON RD,HDB-159181,1,12980,942931,12092,142093,0,Consistent,NamedFirstHitOnly,Unverified,Unverified,Preserved request key/query and postal agree with one HDB property and one block/postal footprint; no ACRA corroboration. Descriptive first-hit name does not establish returned block/road. Returned block/road and omitted candidates absent; intended returned identity and uniqueness UNVERIFIED. Experimental result retained only under disclosed postal assumption.
229,sembawang-128b-canberra-st,128B,CANBERRA ST,HDB-187522,1,1227,937858,11050832,752128,0,Consistent,NamedFirstHitOnly,Unverified,Unverified,Preserved request key/query and postal agree with one HDB property and one block/postal footprint; no ACRA corroboration. Descriptive first-hit name does not establish returned block/road. Returned block/road and omitted candidates absent; intended returned identity and uniqueness UNVERIFIED. Experimental result retained only under disclosed postal assumption.
230,sembawang-130a-canberra-cres,130A,CANBERRA CRES,HDB-133642|HDB-160384,2,1310,936492,11050839,751130,0,Consistent,NamedFirstHitOnly,Unverified,Unverified,Preserved request key/query and postal agree with one HDB property and one block/postal footprint; no ACRA corroboration. Descriptive first-hit name does not establish returned block/road. Returned block/road and omitted candidates absent; intended returned identity and uniqueness UNVERIFIED. Experimental result retained only under disclosed postal assumption.
231,sembawang-303-canberra-rd,303,CANBERRA RD,HDB-187583,1,5018,936473,818,750303,0,Consistent,NoReturnedName,Unverified,Unverified,Preserved request key/query and postal agree with one HDB property and one block/postal footprint; no ACRA corroboration. NIL gives no name corroboration. Returned block/road and omitted candidates absent; intended returned identity and uniqueness UNVERIFIED. Experimental result retained only under disclosed postal assumption.
232,sembawang-341b-sembawang-cl,341B,SEMBAWANG CL,HDB-29562,1,5895,942423,372,752341,0,Consistent,NamedFirstHitOnly,Unverified,Unverified,Preserved request key/query and postal agree with one HDB property and one block/postal footprint; no ACRA corroboration. Descriptive first-hit name does not establish returned block/road. Returned block/road and omitted candidates absent; intended returned identity and uniqueness UNVERIFIED. Experimental result retained only under disclosed postal assumption.
233,sembawang-354a-admiralty-dr,354A,ADMIRALTY DR,HDB-234869,1,6085,944668,1224,751354,0,Consistent,NoReturnedName,Unverified,Unverified,Preserved request key/query and postal agree with one HDB property and one block/postal footprint; no ACRA corroboration. NIL gives no name corroboration. Returned block/road and omitted candidates absent; intended returned identity and uniqueness UNVERIFIED. Experimental result retained only under disclosed postal assumption.
234,sembawang-362c-sembawang-cres,362C,SEMBAWANG CRES,HDB-187640,1,6208,939819,11054732,753362,0,Consistent,NamedFirstHitOnly,Unverified,Unverified,Preserved request key/query and postal agree with one HDB property and one block/postal footprint; no ACRA corroboration. Descriptive first-hit name does not establish returned block/road. Returned block/road and omitted candidates absent; intended returned identity and uniqueness UNVERIFIED. Experimental result retained only under disclosed postal assumption.
235,sembawang-412-sembawang-dr,412,SEMBAWANG DR,HDB-234805,1,6842,948404,431,750412,0,Consistent,NoReturnedName,Unverified,Unverified,Preserved request key/query and postal agree with one HDB property and one block/postal footprint; no ACRA corroboration. NIL gives no name corroboration. Returned block/road and omitted candidates absent; intended returned identity and uniqueness UNVERIFIED. Experimental result retained only under disclosed postal assumption.
236,sembawang-463a-sembawang-dr,463A,SEMBAWANG DR,HDB-65432,1,7855,943913,11056084,751463,0,Consistent,NamedFirstHitOnly,Unverified,Unverified,Preserved request key/query and postal agree with one HDB property and one block/postal footprint; no ACRA corroboration. Descriptive first-hit name does not establish returned block/road. Returned block/road and omitted candidates absent; intended returned identity and uniqueness UNVERIFIED. Experimental result retained only under disclosed postal assumption.
237,sembawang-463b-sembawang-dr,463B,SEMBAWANG DR,HDB-39930,1,7859,944970,11056082,752463,0,Consistent,PreschoolFirstHit,Unverified,Unverified,Preserved request key/query and postal agree with one HDB property and one block/postal footprint; no ACRA corroboration. Institution/tenant label does not establish residential returned identity. Returned block/road and omitted candidates absent; intended returned identity and uniqueness UNVERIFIED. Experimental result retained only under disclosed postal assumption.
238,sembawang-466c-sembawang-dr,466C,SEMBAWANG DR,HDB-98333,1,7917,939518,722,753466,0,Consistent,NamedFirstHitOnly,Unverified,Unverified,Preserved request key/query and postal agree with one HDB property and one block/postal footprint; no ACRA corroboration. Descriptive first-hit name does not establish returned block/road. Returned block/road and omitted candidates absent; intended returned identity and uniqueness UNVERIFIED. Experimental result retained only under disclosed postal assumption.
239,sembawang-469b-admiralty-dr,469B,ADMIRALTY DR,HDB-9149,1,7976,938877,748,752469,0,Consistent,NamedFirstHitOnly,Unverified,Unverified,Preserved request key/query and postal agree with one HDB property and one block/postal footprint; no ACRA corroboration. Descriptive first-hit name does not establish returned block/road. Returned block/road and omitted candidates absent; intended returned identity and uniqueness UNVERIFIED. Experimental result retained only under disclosed postal assumption.
240,sembawang-478-sembawang-dr,478,SEMBAWANG DR,HDB-67205,1,8129,938350,449,750478,0,Consistent,NoReturnedName,Unverified,Unverified,Preserved request key/query and postal agree with one HDB property and one block/postal footprint; no ACRA corroboration. NIL gives no name corroboration. Returned block/road and omitted candidates absent; intended returned identity and uniqueness UNVERIFIED. Experimental result retained only under disclosed postal assumption.
241,sengkang-123d-rivervale-dr,123D,RIVERVALE DR,HDB-236278,1,1075,944933,4456,544123,0,Consistent,NamedFirstHitOnly,Unverified,Unverified,Preserved request key/query and postal agree with one HDB property and one block/postal footprint; no ACRA corroboration. Descriptive first-hit name does not establish returned block/road. Returned block/road and omitted candidates absent; intended returned identity and uniqueness UNVERIFIED. Experimental result retained only under disclosed postal assumption.
242,sengkang-180a-rivervale-cres,180A,RIVERVALE CRES,HDB-29573,1,2439,940628,9370,541180,0,Consistent,NamedFirstHitOnly,Unverified,Unverified,Preserved request key/query and postal agree with one HDB property and one block/postal footprint; no ACRA corroboration. Descriptive first-hit name does not establish returned block/road. Returned block/road and omitted candidates absent; intended returned identity and uniqueness UNVERIFIED. Experimental result retained only under disclosed postal assumption.
243,sengkang-189a-rivervale-dr,189A,RIVERVALE DR,HDB-82197,1,2601,936118,5112,541189,0,Consistent,NamedFirstHitOnly,Unverified,Unverified,Preserved request key/query and postal agree with one HDB property and one block/postal footprint; no ACRA corroboration. Descriptive first-hit name does not establish returned block/road. Returned block/road and omitted candidates absent; intended returned identity and uniqueness UNVERIFIED. Experimental result retained only under disclosed postal assumption.
244,sengkang-210c-compassvale-lane,210C,COMPASSVALE LANE,HDB-103062,1,3125,947451,2169,543210,0,Consistent,NamedFirstHitOnly,Unverified,Unverified,Preserved request key/query and postal agree with one HDB property and one block/postal footprint; no ACRA corroboration. Descriptive first-hit name does not establish returned block/road. Returned block/road and omitted candidates absent; intended returned identity and uniqueness UNVERIFIED. Experimental result retained only under disclosed postal assumption.
245,sengkang-250b-compassvale-st,250B,COMPASSVALE ST,HDB-34260,1,4045,936561,4199,542250,0,Consistent,NamedFirstHitOnly,Unverified,Unverified,Preserved request key/query and postal agree with one HDB property and one block/postal footprint; no ACRA corroboration. Descriptive first-hit name does not establish returned block/road. Returned block/road and omitted candidates absent; intended returned identity and uniqueness UNVERIFIED. Experimental result retained only under disclosed postal assumption.
246,sengkang-282a-sengkang-east-ave,282A,SENGKANG EAST AVE,HDB-188119,1,4650,940319,11054272,541282,0,Consistent,NamedFirstHitOnly,Unverified,Unverified,Preserved request key/query and postal agree with one HDB property and one block/postal footprint; no ACRA corroboration. Descriptive first-hit name does not establish returned block/road. Returned block/road and omitted candidates absent; intended returned identity and uniqueness UNVERIFIED. Experimental result retained only under disclosed postal assumption.
247,sengkang-307b-anchorvale-rd,307B,ANCHORVALE RD,HDB-236398,1,5126,936495,6862,542307,0,Consistent,NamedFirstHitOnly,Unverified,Unverified,Preserved request key/query and postal agree with one HDB property and one block/postal footprint; no ACRA corroboration. Descriptive first-hit name does not establish returned block/road. Returned block/road and omitted candidates absent; intended returned identity and uniqueness UNVERIFIED. Experimental result retained only under disclosed postal assumption.
248,sengkang-313a-anchorvale-rd,313A,ANCHORVALE RD,HDB-235320,1,5276,940382,8507,541313,0,Consistent,NamedFirstHitOnly,Unverified,Unverified,Preserved request key/query and postal agree with one HDB property and one block/postal footprint; no ACRA corroboration. Descriptive first-hit name does not establish returned block/road. Returned block/road and omitted candidates absent; intended returned identity and uniqueness UNVERIFIED. Experimental result retained only under disclosed postal assumption.
249,sengkang-334b-anchorvale-cres,334B,ANCHORVALE CRES,HDB-189037,1,5739,941074,9620,542334,0,Consistent,NamedFirstHitOnly,Unverified,Unverified,Preserved request key/query and postal agree with one HDB property and one block/postal footprint; no ACRA corroboration. Descriptive first-hit name does not establish returned block/road. Returned block/road and omitted candidates absent; intended returned identity and uniqueness UNVERIFIED. Experimental result retained only under disclosed postal assumption.
250,sengkang-408a-fernvale-rd,408A,FERNVALE RD,HDB-187933,1,6738,937736,6518,791408,0,Consistent,NamedFirstHitOnly,Unverified,Unverified,Preserved request key/query and postal agree with one HDB property and one block/postal footprint; no ACRA corroboration. Descriptive first-hit name does not establish returned block/road. Returned block/road and omitted candidates absent; intended returned identity and uniqueness UNVERIFIED. Experimental result retained only under disclosed postal assumption.
251,sengkang-430c-fernvale-link,430C,FERNVALE LINK,HDB-31928,1,7216,947040,11056026,793430,0,Consistent,NamedFirstHitOnly,Unverified,Unverified,Preserved request key/query and postal agree with one HDB property and one block/postal footprint; no ACRA corroboration. Descriptive first-hit name does not establish returned block/road. Returned block/road and omitted candidates absent; intended returned identity and uniqueness UNVERIFIED. Experimental result retained only under disclosed postal assumption.
252,sengkang-443b-fernvale-rd,443B,FERNVALE RD,HDB-213364,1,7479,948780,124,792443,0,Consistent,NamedFirstHitOnly,Unverified,Unverified,Preserved request key/query and postal agree with one HDB property and one block/postal footprint; no ACRA corroboration. Descriptive first-hit name does not establish returned block/road. Returned block/road and omitted candidates absent; intended returned identity and uniqueness UNVERIFIED. Experimental result retained only under disclosed postal assumption.
253,sengkang-447a-jln-kayu,447A,JLN KAYU,HDB-36193,1,7549,936936,10357,791447,0,Consistent,NamedFirstHitOnly,Unverified,Unverified,Preserved request key/query and postal agree with one HDB property and one block/postal footprint; no ACRA corroboration. Descriptive first-hit name does not establish returned block/road. Returned block/road and omitted candidates absent; intended returned identity and uniqueness UNVERIFIED. Experimental result retained only under disclosed postal assumption.
254,sengkang-457b-sengkang-west-rd,457B,SENGKANG WEST RD,HDB-235121,1,7738,945945,11054914,792457,0,Consistent,NamedFirstHitOnly,Unverified,Unverified,Preserved request key/query and postal agree with one HDB property and one block/postal footprint; no ACRA corroboration. Descriptive first-hit name does not establish returned block/road. Returned block/road and omitted candidates absent; intended returned identity and uniqueness UNVERIFIED. Experimental result retained only under disclosed postal assumption.
255,serangoon-114-serangoon-nth-ave-1,114,SERANGOON NTH AVE 1,HDB-190028|HDB-236706,2,682,938622,11056856,550114,0,Consistent,NamedFirstHitOnly,Unverified,Unverified,Preserved request key/query and postal agree with one HDB property and one block/postal footprint; no ACRA corroboration. Descriptive first-hit name does not establish returned block/road. Returned block/road and omitted candidates absent; intended returned identity and uniqueness UNVERIFIED. Experimental result retained only under disclosed postal assumption.
256,serangoon-205-serangoon-ctrl,205,SERANGOON CTRL,HDB-136799,1,2943,940893,5934,550205,0,Consistent,NoReturnedName,Unverified,Unverified,Preserved request key/query and postal agree with one HDB property and one block/postal footprint; no ACRA corroboration. NIL gives no name corroboration. Returned block/road and omitted candidates absent; intended returned identity and uniqueness UNVERIFIED. Experimental result retained only under disclosed postal assumption.
257,serangoon-258-serangoon-ctrl-dr,258,SERANGOON CTRL DR,HDB-236630,1,4167,942752,6119,550258,0,Consistent,NoReturnedName,Unverified,Unverified,Preserved request key/query and postal agree with one HDB property and one block/postal footprint; no ACRA corroboration. NIL gives no name corroboration. Returned block/road and omitted candidates absent; intended returned identity and uniqueness UNVERIFIED. Experimental result retained only under disclosed postal assumption.
258,serangoon-323-serangoon-ave-3,323,SERANGOON AVE 3,HDB-189971,1,5500,938578,9666,550323,0,Consistent,NoReturnedName,Unverified,Unverified,Preserved request key/query and postal agree with one HDB property and one block/postal footprint; no ACRA corroboration. NIL gives no name corroboration. Returned block/road and omitted candidates absent; intended returned identity and uniqueness UNVERIFIED. Experimental result retained only under disclosed postal assumption.
259,serangoon-420-serangoon-ctrl,420,SERANGOON CTRL,HDB-215442,1,7021,946929,406,550420,0,Consistent,NoReturnedName,Unverified,Unverified,Preserved request key/query and postal agree with one HDB property and one block/postal footprint; no ACRA corroboration. NIL gives no name corroboration. Returned block/road and omitted candidates absent; intended returned identity and uniqueness UNVERIFIED. Experimental result retained only under disclosed postal assumption.
260,serangoon-424-serangoon-ctrl,424,SERANGOON CTRL,HDB-48012,1,7092,948737,3342,550424,0,Consistent,NoReturnedName,Unverified,Unverified,Preserved request key/query and postal agree with one HDB property and one block/postal footprint; no ACRA corroboration. NIL gives no name corroboration. Returned block/road and omitted candidates absent; intended returned identity and uniqueness UNVERIFIED. Experimental result retained only under disclosed postal assumption.
261,serangoon-8-lor-lew-lian,8,LOR LEW LIAN,HDB-22458|HDB-79741|HDB-162734,3,12069,944316,194,531008,0,Consistent,NamedFirstHitOnly,Unverified,Unverified,Preserved request key/query and postal agree with one HDB property and one block/postal footprint; no ACRA corroboration. Descriptive first-hit name does not establish returned block/road. Returned block/road and omitted candidates absent; intended returned identity and uniqueness UNVERIFIED. Experimental result retained only under disclosed postal assumption.
262,tampines-109-tampines-st-11,109,TAMPINES ST 11,HDB-191884,1,460,946739,7952,521109,0,Consistent,NoReturnedName,Unverified,Unverified,Preserved request key/query and postal agree with one HDB property and one block/postal footprint; no ACRA corroboration. NIL gives no name corroboration. Returned block/road and omitted candidates absent; intended returned identity and uniqueness UNVERIFIED. Experimental result retained only under disclosed postal assumption.
263,tampines-159-simei-rd,159,SIMEI RD,HDB-237091,1,1967,940313,10660,520159,0,Consistent,NoReturnedName,Unverified,Unverified,Preserved request key/query and postal agree with one HDB property and one block/postal footprint; no ACRA corroboration. NIL gives no name corroboration. Returned block/road and omitted candidates absent; intended returned identity and uniqueness UNVERIFIED. Experimental result retained only under disclosed postal assumption.
264,tampines-266-tampines-st-21,266,TAMPINES ST 21,HDB-65692,1,4327,944523,6743,520266,0,Consistent,NoReturnedName,Unverified,Unverified,Preserved request key/query and postal agree with one HDB property and one block/postal footprint; no ACRA corroboration. NIL gives no name corroboration. Returned block/road and omitted candidates absent; intended returned identity and uniqueness UNVERIFIED. Experimental result retained only under disclosed postal assumption.
265,tampines-270-tampines-st-21,270,TAMPINES ST 21,HDB-13056,1,4430,942873,11056261,520270,0,Consistent,NoReturnedName,Unverified,Unverified,Preserved request key/query and postal agree with one HDB property and one block/postal footprint; no ACRA corroboration. NIL gives no name corroboration. Returned block/road and omitted candidates absent; intended returned identity and uniqueness UNVERIFIED. Experimental result retained only under disclosed postal assumption.
266,tampines-460-tampines-st-42,460,TAMPINES ST 42,HDB-50188|HDB-79980|HDB-217554,3,7792,941144,11056287,520460,0,Consistent,NoReturnedName,Unverified,Unverified,Preserved request key/query and postal agree with one HDB property and one block/postal footprint; no ACRA corroboration. NIL gives no name corroboration. Returned block/road and omitted candidates absent; intended returned identity and uniqueness UNVERIFIED. Experimental result retained only under disclosed postal assumption.
267,tampines-522a-tampines-ctrl-7,522A,TAMPINES CTRL 7,HDB-65676,1,8863,938695,11055739,521522,0,Consistent,NamedFirstHitOnly,Unverified,Unverified,Preserved request key/query and postal agree with one HDB property and one block/postal footprint; no ACRA corroboration. Descriptive first-hit name does not establish returned block/road. Returned block/road and omitted candidates absent; intended returned identity and uniqueness UNVERIFIED. Experimental result retained only under disclosed postal assumption.
268,tampines-612b-tampines-nth-dr-1,612B,TAMPINES NTH DR 1,HDB-237972,1,9879,942990,11054175,522612,0,Consistent,NamedFirstHitOnly,Unverified,Unverified,Preserved request key/query and postal agree with one HDB property and one block/postal footprint; no ACRA corroboration. Descriptive first-hit name does not establish returned block/road. Returned block/road and omitted candidates absent; intended returned identity and uniqueness UNVERIFIED. Experimental result retained only under disclosed postal assumption.
269,tampines-817-tampines-st-81,817,TAMPINES ST 81,HDB-38284,1,12264,940590,9206,520817,0,Consistent,OrganisationFirstHit,Unverified,Unverified,Preserved request key/query and postal agree with one HDB property and one block/postal footprint; no ACRA corroboration. Institution/tenant label does not establish residential returned identity. Returned block/road and omitted candidates absent; intended returned identity and uniqueness UNVERIFIED. Experimental result retained only under disclosed postal assumption.
270,tampines-828-tampines-st-81,828,TAMPINES ST 81,HDB-237041,1,12341,937759,894,520828,0,Consistent,NoReturnedName,Unverified,Unverified,Preserved request key/query and postal agree with one HDB property and one block/postal footprint; no ACRA corroboration. NIL gives no name corroboration. Returned block/road and omitted candidates absent; intended returned identity and uniqueness UNVERIFIED. Experimental result retained only under disclosed postal assumption.
271,tampines-867a-tampines-st-83,867A,TAMPINES ST 83,HDB-238416,1,12618,941955,10425,521867,0,Consistent,PreschoolFirstHit,Unverified,Unverified,Preserved request key/query and postal agree with one HDB property and one block/postal footprint; no ACRA corroboration. Institution/tenant label does not establish residential returned identity. Returned block/road and omitted candidates absent; intended returned identity and uniqueness UNVERIFIED. Experimental result retained only under disclosed postal assumption.
272,tampines-890b-tampines-ave-1,890B,TAMPINES AVE 1,HDB-67455,1,12766,942533,2117,522890,0,Consistent,NamedFirstHitOnly,Unverified,Unverified,Preserved request key/query and postal agree with one HDB property and one block/postal footprint; no ACRA corroboration. Descriptive first-hit name does not establish returned block/road. Returned block/road and omitted candidates absent; intended returned identity and uniqueness UNVERIFIED. Experimental result retained only under disclosed postal assumption.
273,toa-payoh-115c-alkaff-cres,115C,ALKAFF CRES,HDB-238450,1,735,939537,11051313,343115,0,Consistent,NamedFirstHitOnly,Unverified,Unverified,Preserved request key/query and postal agree with one HDB property and one block/postal footprint; no ACRA corroboration. Descriptive first-hit name does not establish returned block/road. Returned block/road and omitted candidates absent; intended returned identity and uniqueness UNVERIFIED. Experimental result retained only under disclosed postal assumption.
274,toa-payoh-116-lor-2-toa-payoh,116,LOR 2 TOA PAYOH,HDB-41824,1,756,942279,4282,310116,0,Consistent,NamedFirstHitOnly,Unverified,Unverified,Preserved request key/query and postal agree with one HDB property and one block/postal footprint; no ACRA corroboration. Descriptive first-hit name does not establish returned block/road. Returned block/road and omitted candidates absent; intended returned identity and uniqueness UNVERIFIED. Experimental result retained only under disclosed postal assumption.
275,toa-payoh-120-lor-2-toa-payoh,120,LOR 2 TOA PAYOH,HDB-138953|HDB-217560|HDB-238426,3,940,938497,2645,310120,0,Consistent,NamedFirstHitOnly,Unverified,Unverified,Preserved request key/query and postal agree with one HDB property and one block/postal footprint; no ACRA corroboration. Descriptive first-hit name does not establish returned block/road. Returned block/road and omitted candidates absent; intended returned identity and uniqueness UNVERIFIED. Experimental result retained only under disclosed postal assumption.
276,toa-payoh-138c-lor-1a-toa-payoh,138C,LOR 1A TOA PAYOH,HDB-239131,1,1515,947092,6443,313138,0,Consistent,NamedFirstHitOnly,Unverified,Unverified,Preserved request key/query and postal agree with one HDB property and one block/postal footprint; no ACRA corroboration. Descriptive first-hit name does not establish returned block/road. Returned block/road and omitted candidates absent; intended returned identity and uniqueness UNVERIFIED. Experimental result retained only under disclosed postal assumption.
277,toa-payoh-139b-lor-1a-toa-payoh,139B,LOR 1A TOA PAYOH,HDB-192423,1,1538,941305,4937,312139,0,Consistent,NamedFirstHitOnly,Unverified,Unverified,Preserved request key/query and postal agree with one HDB property and one block/postal footprint; no ACRA corroboration. Descriptive first-hit name does not establish returned block/road. Returned block/road and omitted candidates absent; intended returned identity and uniqueness UNVERIFIED. Experimental result retained only under disclosed postal assumption.
278,toa-payoh-145-lor-2-toa-payoh,145,LOR 2 TOA PAYOH,HDB-238976,1,1665,948128,5095,310145,0,Consistent,NamedFirstHitOnly,Unverified,Unverified,Preserved request key/query and postal agree with one HDB property and one block/postal footprint; no ACRA corroboration. Descriptive first-hit name does not establish returned block/road. Returned block/road and omitted candidates absent; intended returned identity and uniqueness UNVERIFIED. Experimental result retained only under disclosed postal assumption.
279,toa-payoh-20-joo-seng-rd,20,JOO SENG RD,HDB-65856,1,2793,942772,3115,360020,0,Consistent,NoReturnedName,Unverified,Unverified,Preserved request key/query and postal agree with one HDB property and one block/postal footprint; no ACRA corroboration. NIL gives no name corroboration. Returned block/road and omitted candidates absent; intended returned identity and uniqueness UNVERIFIED. Experimental result retained only under disclosed postal assumption.
280,toa-payoh-21-joo-seng-rd,21,JOO SENG RD,HDB-193024,1,3084,940210,5670,360021,0,Consistent,NoReturnedName,Unverified,Unverified,Preserved request key/query and postal agree with one HDB property and one block/postal footprint; no ACRA corroboration. NIL gives no name corroboration. Returned block/road and omitted candidates absent; intended returned identity and uniqueness UNVERIFIED. Experimental result retained only under disclosed postal assumption.
281,toa-payoh-256-kim-keat-ave,256,KIM KEAT AVE,HDB-5750|HDB-80053,2,4123,942917,5353,310256,0,Consistent,NoReturnedName,Unverified,Unverified,Preserved request key/query and postal agree with one HDB property and one block/postal footprint; no ACRA corroboration. NIL gives no name corroboration. Returned block/road and omitted candidates absent; intended returned identity and uniqueness UNVERIFIED. Experimental result retained only under disclosed postal assumption.
282,toa-payoh-56-lor-4-toa-payoh,56,LOR 4 TOA PAYOH,HDB-29880,1,9349,935875,4271,310056,0,Consistent,NamedFirstHitOnly,Unverified,Unverified,Preserved request key/query and postal agree with one HDB property and one block/postal footprint; no ACRA corroboration. Descriptive first-hit name does not establish returned block/road. Returned block/road and omitted candidates absent; intended returned identity and uniqueness UNVERIFIED. Experimental result retained only under disclosed postal assumption.
283,toa-payoh-79c-toa-payoh-ctrl,79C,TOA PAYOH CTRL,HDB-192947,1,12018,948081,6894,313079,0,Consistent,NamedFirstHitOnly,Unverified,Unverified,Preserved request key/query and postal agree with one HDB property and one block/postal footprint; no ACRA corroboration. Descriptive first-hit name does not establish returned block/road. Returned block/road and omitted candidates absent; intended returned identity and uniqueness UNVERIFIED. Experimental result retained only under disclosed postal assumption.
284,toa-payoh-98-lor-1-toa-payoh,98,LOR 1 TOA PAYOH,HDB-87258,1,13251,941367,4245,310098,0,Consistent,NamedFirstHitOnly,Unverified,Unverified,Preserved request key/query and postal agree with one HDB property and one block/postal footprint; no ACRA corroboration. Descriptive first-hit name does not establish returned block/road. Returned block/road and omitted candidates absent; intended returned identity and uniqueness UNVERIFIED. Experimental result retained only under disclosed postal assumption.
285,woodlands-145-woodlands-st-13,145,WOODLANDS ST 13,HDB-239344,1,1676,936447,9657,730145,0,Consistent,NoReturnedName,Unverified,Unverified,Preserved request key/query and postal agree with one HDB property and one block/postal footprint; no ACRA corroboration. NIL gives no name corroboration. Returned block/road and omitted candidates absent; intended returned identity and uniqueness UNVERIFIED. Experimental result retained only under disclosed postal assumption.
286,woodlands-182a-woodlands-st-13,182A,WOODLANDS ST 13,HDB-239217,1,2481,940739,11054960,731182,0,Consistent,NamedFirstHitOnly,Unverified,Unverified,Preserved request key/query and postal agree with one HDB property and one block/postal footprint; no ACRA corroboration. Descriptive first-hit name does not establish returned block/road. Returned block/road and omitted candidates absent; intended returned identity and uniqueness UNVERIFIED. Experimental result retained only under disclosed postal assumption.
287,woodlands-2-marsiling-dr,2,MARSILING DR,HDB-22604,1,2748,937645,287,730002,0,Consistent,NamedFirstHitOnly,Unverified,Unverified,Preserved request key/query and postal agree with one HDB property and one block/postal footprint; no ACRA corroboration. Descriptive first-hit name does not establish returned block/road. Returned block/road and omitted candidates absent; intended returned identity and uniqueness UNVERIFIED. Experimental result retained only under disclosed postal assumption.
288,woodlands-325-woodlands-st-32,325,WOODLANDS ST 32,HDB-240622,1,5554,936615,3057,730325,0,Consistent,NoReturnedName,Unverified,Unverified,Preserved request key/query and postal agree with one HDB property and one block/postal footprint; no ACRA corroboration. NIL gives no name corroboration. Returned block/road and omitted candidates absent; intended returned identity and uniqueness UNVERIFIED. Experimental result retained only under disclosed postal assumption.
289,woodlands-587-woodlands-dr-16,587,WOODLANDS DR 16,HDB-32538,1,9552,942297,2137,730587,0,Consistent,NoReturnedName,Unverified,Unverified,Preserved request key/query and postal agree with one HDB property and one block/postal footprint; no ACRA corroboration. NIL gives no name corroboration. Returned block/road and omitted candidates absent; intended returned identity and uniqueness UNVERIFIED. Experimental result retained only under disclosed postal assumption.
290,woodlands-636-woodlands-ring-rd,636,WOODLANDS RING RD,HDB-114052,1,10293,947481,1963,730636,0,Consistent,NoReturnedName,Unverified,Unverified,Preserved request key/query and postal agree with one HDB property and one block/postal footprint; no ACRA corroboration. NIL gives no name corroboration. Returned block/road and omitted candidates absent; intended returned identity and uniqueness UNVERIFIED. Experimental result retained only under disclosed postal assumption.
291,woodlands-650-woodlands-ring-rd,650,WOODLANDS RING RD,HDB-166865,1,10544,946816,5296,730650,0,Consistent,NoReturnedName,Unverified,Unverified,Preserved request key/query and postal agree with one HDB property and one block/postal footprint; no ACRA corroboration. NIL gives no name corroboration. Returned block/road and omitted candidates absent; intended returned identity and uniqueness UNVERIFIED. Experimental result retained only under disclosed postal assumption.
292,woodlands-685b-woodlands-dr-73,685B,WOODLANDS DR 73,HDB-108981,1,11089,944351,2068,732685,0,Consistent,NoReturnedName,Unverified,Unverified,Preserved request key/query and postal agree with one HDB property and one block/postal footprint; no ACRA corroboration. NIL gives no name corroboration. Returned block/road and omitted candidates absent; intended returned identity and uniqueness UNVERIFIED. Experimental result retained only under disclosed postal assumption.
293,woodlands-780a-woodlands-cres,780A,WOODLANDS CRES,HDB-82516,1,11933,936359,9244,731780,0,Consistent,NamedFirstHitOnly,Unverified,Unverified,Preserved request key/query and postal agree with one HDB property and one block/postal footprint; no ACRA corroboration. Descriptive first-hit name does not establish returned block/road. Returned block/road and omitted candidates absent; intended returned identity and uniqueness UNVERIFIED. Experimental result retained only under disclosed postal assumption.
294,woodlands-782d-woodlands-cres,782D,WOODLANDS CRES,HDB-69475,1,11955,940247,1823,734782,0,Consistent,ChildcareCentreFirstHit,Unverified,Unverified,Preserved request key/query and postal agree with one HDB property and one block/postal footprint; no ACRA corroboration. Institution/tenant label does not establish residential returned identity. Returned block/road and omitted candidates absent; intended returned identity and uniqueness UNVERIFIED. Experimental result retained only under disclosed postal assumption.
295,woodlands-788e-woodlands-cres,788E,WOODLANDS CRES,HDB-54378,1,12003,941274,2028,735788,0,Consistent,NoReturnedName,Unverified,Unverified,Preserved request key/query and postal agree with one HDB property and one block/postal footprint; no ACRA corroboration. NIL gives no name corroboration. Returned block/road and omitted candidates absent; intended returned identity and uniqueness UNVERIFIED. Experimental result retained only under disclosed postal assumption.
296,woodlands-853-woodlands-st-83,853,WOODLANDS ST 83,HDB-219685,1,12516,947818,12794,730853,0,Consistent,NoReturnedName,Unverified,Unverified,Preserved request key/query and postal agree with one HDB property and one block/postal footprint; no ACRA corroboration. NIL gives no name corroboration. Returned block/road and omitted candidates absent; intended returned identity and uniqueness UNVERIFIED. Experimental result retained only under disclosed postal assumption.
297,woodlands-861-woodlands-st-83,861,WOODLANDS ST 83,HDB-240502,1,12583,947875,12795,730861,0,Consistent,NoReturnedName,Unverified,Unverified,Preserved request key/query and postal agree with one HDB property and one block/postal footprint; no ACRA corroboration. NIL gives no name corroboration. Returned block/road and omitted candidates absent; intended returned identity and uniqueness UNVERIFIED. Experimental result retained only under disclosed postal assumption.
298,yishun-160-yishun-st-11,160,YISHUN ST 11,HDB-240911,1,2008,947613,1324,760160,0,Consistent,StudentCareFirstHit,Unverified,Unverified,Preserved request key/query and postal agree with one HDB property and one block/postal footprint; no ACRA corroboration. Institution/tenant label does not establish residential returned identity. Returned block/road and omitted candidates absent; intended returned identity and uniqueness UNVERIFIED. Experimental result retained only under disclosed postal assumption.
299,yishun-223-yishun-st-21,223,YISHUN ST 21,HDB-220805,1,3474,943658,11052677,760223,0,Consistent,PreschoolFirstHit,Unverified,Unverified,Preserved request key/query and postal agree with one HDB property and one block/postal footprint; no ACRA corroboration. Institution/tenant label does not establish residential returned identity. Returned block/road and omitted candidates absent; intended returned identity and uniqueness UNVERIFIED. Experimental result retained only under disclosed postal assumption.
300,yishun-233-yishun-st-21,233,YISHUN ST 21,HDB-142543,1,3742,937640,1149,760233,0,Consistent,NoReturnedName,Unverified,Unverified,Preserved request key/query and postal agree with one HDB property and one block/postal footprint; no ACRA corroboration. NIL gives no name corroboration. Returned block/road and omitted candidates absent; intended returned identity and uniqueness UNVERIFIED. Experimental result retained only under disclosed postal assumption.
301,yishun-243-yishun-ring-rd,243,YISHUN RING RD,HDB-64095,1,3927,936252,1308,760243,0,Consistent,NamedFirstHitOnly,Unverified,Unverified,Preserved request key/query and postal agree with one HDB property and one block/postal footprint; no ACRA corroboration. Descriptive first-hit name does not establish returned block/road. Returned block/road and omitted candidates absent; intended returned identity and uniqueness UNVERIFIED. Experimental result retained only under disclosed postal assumption.
302,yishun-312-yishun-ring-rd,312,YISHUN RING RD,HDB-16889,1,5254,944097,1656,760312,0,Consistent,PreschoolFirstHit,Unverified,Unverified,Preserved request key/query and postal agree with one HDB property and one block/postal footprint; no ACRA corroboration. Institution/tenant label does not establish residential returned identity. Returned block/road and omitted candidates absent; intended returned identity and uniqueness UNVERIFIED. Experimental result retained only under disclosed postal assumption.
303,yishun-424a-yishun-ave-11,424A,YISHUN AVE 11,HDB-54395,1,7098,941907,1426,761424,0,Consistent,NamedFirstHitOnly,Unverified,Unverified,Preserved request key/query and postal agree with one HDB property and one block/postal footprint; no ACRA corroboration. Descriptive first-hit name does not establish returned block/road. Returned block/road and omitted candidates absent; intended returned identity and uniqueness UNVERIFIED. Experimental result retained only under disclosed postal assumption.
304,yishun-449-yishun-ring-rd,449,YISHUN RING RD,HDB-221289,1,7584,942311,6123,760449,0,Consistent,NamedFirstHitOnly,Unverified,Unverified,Preserved request key/query and postal agree with one HDB property and one block/postal footprint; no ACRA corroboration. Descriptive first-hit name does not establish returned block/road. Returned block/road and omitted candidates absent; intended returned identity and uniqueness UNVERIFIED. Experimental result retained only under disclosed postal assumption.
305,yishun-633-yishun-st-61,633,YISHUN ST 61,HDB-142934,1,10232,938243,1995,760633,0,Consistent,NoReturnedName,Unverified,Unverified,Preserved request key/query and postal agree with one HDB property and one block/postal footprint; no ACRA corroboration. NIL gives no name corroboration. Returned block/road and omitted candidates absent; intended returned identity and uniqueness UNVERIFIED. Experimental result retained only under disclosed postal assumption.
306,yishun-672a-yishun-ave-4,672A,YISHUN AVE 4,HDB-220393,1,10888,947834,11054704,761672,0,Consistent,NamedFirstHitOnly,Unverified,Unverified,Preserved request key/query and postal agree with one HDB property and one block/postal footprint; no ACRA corroboration. Descriptive first-hit name does not establish returned block/road. Returned block/road and omitted candidates absent; intended returned identity and uniqueness UNVERIFIED. Experimental result retained only under disclosed postal assumption.
307,yishun-674b-yishun-ave-4,674B,YISHUN AVE 4,HDB-168438|HDB-241124,2,10923,939022,11052048,762674,0,Consistent,NamedFirstHitOnly,Unverified,Unverified,Preserved request key/query and postal agree with one HDB property and one block/postal footprint; no ACRA corroboration. Descriptive first-hit name does not establish returned block/road. Returned block/road and omitted candidates absent; intended returned identity and uniqueness UNVERIFIED. Experimental result retained only under disclosed postal assumption.
308,yishun-677a-yishun-ring-rd,677A,YISHUN RING RD,HDB-143244,1,10963,943151,11052834,761677,0,Consistent,NamedFirstHitOnly,Unverified,Unverified,Preserved request key/query and postal agree with one HDB property and one block/postal footprint; no ACRA corroboration. Descriptive first-hit name does not establish returned block/road. Returned block/road and omitted candidates absent; intended returned identity and uniqueness UNVERIFIED. Experimental result retained only under disclosed postal assumption.
309,yishun-829-yishun-st-81,829,YISHUN ST 81,HDB-103878,1,12349,946728,1898,760829,0,Consistent,NoReturnedName,Unverified,Unverified,Preserved request key/query and postal agree with one HDB property and one block/postal footprint; no ACRA corroboration. NIL gives no name corroboration. Returned block/road and omitted candidates absent; intended returned identity and uniqueness UNVERIFIED. Experimental result retained only under disclosed postal assumption.
310,yishun-836-yishun-st-81,836,YISHUN ST 81,HDB-58290,1,12399,938561,1929,760836,0,Consistent,NoReturnedName,Unverified,Unverified,Preserved request key/query and postal agree with one HDB property and one block/postal footprint; no ACRA corroboration. NIL gives no name corroboration. Returned block/road and omitted candidates absent; intended returned identity and uniqueness UNVERIFIED. Experimental result retained only under disclosed postal assumption.
