qt.qpa.theme.gnome: dbus reply error: [ "org.freedesktop.DBus.Error.ServiceUnknown" ] "The name org.freedesktop.portal.Desktop was not provided by any .service files"
qt.qpa.theme.gnome: dbus reply error: [ "org.freedesktop.DBus.Error.ServiceUnknown" ] "The name org.freedesktop.portal.Desktop was not provided by any .service files"
M10_HOST stage=1-full submit_ns=42934445212574 features=7618
M10_MAPLIBRE event=style-loading ns=42934515638949 map=0x7fa66c0046a0 thread=0x7fa6857fa6c0 seq=0 source= submittedBytes=-1 submittedFeatures=-1 needsRepaint=-1 placementChanged=-1
[ INFO ]  "{unknown}[General]: GPU Identifier: llvmpipe (LLVM 19.1.7, 256 bits)"
M10_MAPLIBRE event=style-loaded ns=42934579556632 map=0x7fa66c0046a0 thread=0x7fa6857fa6c0 seq=0 source= submittedBytes=-1 submittedFeatures=-1 needsRepaint=-1 placementChanged=-1
M10_MAPLIBRE event=frame-start ns=42934579609504 map=0x7fa66c0046a0 thread=0x7fa6857fa6c0 seq=0 source= submittedBytes=-1 submittedFeatures=-1 needsRepaint=-1 placementChanged=-1
M10_MAPLIBRE event=frame-partial ns=42934579615737 map=0x7fa66c0046a0 thread=0x7fa6857fa6c0 seq=0 source= submittedBytes=-1 submittedFeatures=-1 needsRepaint=0 placementChanged=1
M10_MAPLIBRE event=source-update-enter ns=42934587869374 map=0x7fa66c0046a0 thread=0x7fa6857fa6c0 seq=1 source=hdb-addresses submittedBytes=2733353 submittedFeatures=-1 needsRepaint=-1 placementChanged=-1
M10_MAPLIBRE event=source-update-return ns=42934665891839 map=0x7fa66c0046a0 thread=0x7fa6857fa6c0 seq=1 source=hdb-addresses submittedBytes=2733353 submittedFeatures=-1 needsRepaint=-1 placementChanged=-1
M10_MAPLIBRE event=frame-start ns=42934684306663 map=0x7fa66c0046a0 thread=0x7fa6857fa6c0 seq=0 source= submittedBytes=-1 submittedFeatures=-1 needsRepaint=-1 placementChanged=-1
M10_MAPLIBRE event=frame-partial ns=42934684356410 map=0x7fa66c0046a0 thread=0x7fa6857fa6c0 seq=0 source= submittedBytes=-1 submittedFeatures=-1 needsRepaint=1 placementChanged=0
M10_MAPLIBRE event=frame-start ns=42934985552728 map=0x7fa66c0046a0 thread=0x7fa6857fa6c0 seq=0 source= submittedBytes=-1 submittedFeatures=-1 needsRepaint=-1 placementChanged=-1
M10_MAPLIBRE event=frame-partial ns=42934985640628 map=0x7fa66c0046a0 thread=0x7fa6857fa6c0 seq=0 source= submittedBytes=-1 submittedFeatures=-1 needsRepaint=1 placementChanged=0
M10_MAPLIBRE event=frame-start ns=42935020358338 map=0x7fa66c0046a0 thread=0x7fa6857fa6c0 seq=0 source= submittedBytes=-1 submittedFeatures=-1 needsRepaint=-1 placementChanged=-1
M10_MAPLIBRE event=frame-partial ns=42935020467262 map=0x7fa66c0046a0 thread=0x7fa6857fa6c0 seq=0 source= submittedBytes=-1 submittedFeatures=-1 needsRepaint=0 placementChanged=1
M10_MAPLIBRE event=frame-start ns=42935034230939 map=0x7fa66c0046a0 thread=0x7fa6857fa6c0 seq=0 source= submittedBytes=-1 submittedFeatures=-1 needsRepaint=-1 placementChanged=-1
M10_MAPLIBRE event=frame-partial ns=42935034341544 map=0x7fa66c0046a0 thread=0x7fa6857fa6c0 seq=0 source= submittedBytes=-1 submittedFeatures=-1 needsRepaint=1 placementChanged=0
M10_MAPLIBRE event=frame-start ns=42935047521562 map=0x7fa66c0046a0 thread=0x7fa6857fa6c0 seq=0 source= submittedBytes=-1 submittedFeatures=-1 needsRepaint=-1 placementChanged=-1
M10_MAPLIBRE event=frame-partial ns=42935047608491 map=0x7fa66c0046a0 thread=0x7fa6857fa6c0 seq=0 source= submittedBytes=-1 submittedFeatures=-1 needsRepaint=1 placementChanged=0
M10_MAPLIBRE event=frame-start ns=42935072770024 map=0x7fa66c0046a0 thread=0x7fa6857fa6c0 seq=0 source= submittedBytes=-1 submittedFeatures=-1 needsRepaint=-1 placementChanged=-1
M10_MAPLIBRE event=frame-partial ns=42935072810491 map=0x7fa66c0046a0 thread=0x7fa6857fa6c0 seq=0 source= submittedBytes=-1 submittedFeatures=-1 needsRepaint=1 placementChanged=0
M10_MAPLIBRE event=frame-start ns=42935085723703 map=0x7fa66c0046a0 thread=0x7fa6857fa6c0 seq=0 source= submittedBytes=-1 submittedFeatures=-1 needsRepaint=-1 placementChanged=-1
M10_MAPLIBRE event=frame-partial ns=42935085757799 map=0x7fa66c0046a0 thread=0x7fa6857fa6c0 seq=0 source= submittedBytes=-1 submittedFeatures=-1 needsRepaint=1 placementChanged=0
M10_MAPLIBRE event=frame-start ns=42935099487657 map=0x7fa66c0046a0 thread=0x7fa6857fa6c0 seq=0 source= submittedBytes=-1 submittedFeatures=-1 needsRepaint=-1 placementChanged=-1
M10_MAPLIBRE event=frame-partial ns=42935099520510 map=0x7fa66c0046a0 thread=0x7fa6857fa6c0 seq=0 source= submittedBytes=-1 submittedFeatures=-1 needsRepaint=1 placementChanged=0
M10_MAPLIBRE event=frame-start ns=42935113113202 map=0x7fa66c0046a0 thread=0x7fa6857fa6c0 seq=0 source= submittedBytes=-1 submittedFeatures=-1 needsRepaint=-1 placementChanged=-1
M10_MAPLIBRE event=frame-partial ns=42935113144596 map=0x7fa66c0046a0 thread=0x7fa6857fa6c0 seq=0 source= submittedBytes=-1 submittedFeatures=-1 needsRepaint=1 placementChanged=0
M10_MAPLIBRE event=frame-start ns=42935125908674 map=0x7fa66c0046a0 thread=0x7fa6857fa6c0 seq=0 source= submittedBytes=-1 submittedFeatures=-1 needsRepaint=-1 placementChanged=-1
M10_MAPLIBRE event=frame-partial ns=42935125940304 map=0x7fa66c0046a0 thread=0x7fa6857fa6c0 seq=0 source= submittedBytes=-1 submittedFeatures=-1 needsRepaint=1 placementChanged=0
M10_MAPLIBRE event=frame-start ns=42935140271199 map=0x7fa66c0046a0 thread=0x7fa6857fa6c0 seq=0 source= submittedBytes=-1 submittedFeatures=-1 needsRepaint=-1 placementChanged=-1
M10_MAPLIBRE event=frame-partial ns=42935140302452 map=0x7fa66c0046a0 thread=0x7fa6857fa6c0 seq=0 source= submittedBytes=-1 submittedFeatures=-1 needsRepaint=1 placementChanged=0
M10_MAPLIBRE event=frame-start ns=42935152755826 map=0x7fa66c0046a0 thread=0x7fa6857fa6c0 seq=0 source= submittedBytes=-1 submittedFeatures=-1 needsRepaint=-1 placementChanged=-1
M10_MAPLIBRE event=frame-partial ns=42935152787212 map=0x7fa66c0046a0 thread=0x7fa6857fa6c0 seq=0 source= submittedBytes=-1 submittedFeatures=-1 needsRepaint=1 placementChanged=0
M10_MAPLIBRE event=frame-start ns=42935165931123 map=0x7fa66c0046a0 thread=0x7fa6857fa6c0 seq=0 source= submittedBytes=-1 submittedFeatures=-1 needsRepaint=-1 placementChanged=-1
M10_MAPLIBRE event=frame-partial ns=42935165962964 map=0x7fa66c0046a0 thread=0x7fa6857fa6c0 seq=0 source= submittedBytes=-1 submittedFeatures=-1 needsRepaint=1 placementChanged=0
M10_MAPLIBRE event=frame-start ns=42935178800322 map=0x7fa66c0046a0 thread=0x7fa6857fa6c0 seq=0 source= submittedBytes=-1 submittedFeatures=-1 needsRepaint=-1 placementChanged=-1
M10_MAPLIBRE event=frame-partial ns=42935178831159 map=0x7fa66c0046a0 thread=0x7fa6857fa6c0 seq=0 source= submittedBytes=-1 submittedFeatures=-1 needsRepaint=1 placementChanged=0
M10_MAPLIBRE event=frame-start ns=42935191938196 map=0x7fa66c0046a0 thread=0x7fa6857fa6c0 seq=0 source= submittedBytes=-1 submittedFeatures=-1 needsRepaint=-1 placementChanged=-1
M10_MAPLIBRE event=frame-partial ns=42935191970271 map=0x7fa66c0046a0 thread=0x7fa6857fa6c0 seq=0 source= submittedBytes=-1 submittedFeatures=-1 needsRepaint=1 placementChanged=0
M10_MAPLIBRE event=frame-start ns=42935204515858 map=0x7fa66c0046a0 thread=0x7fa6857fa6c0 seq=0 source= submittedBytes=-1 submittedFeatures=-1 needsRepaint=-1 placementChanged=-1
M10_MAPLIBRE event=frame-partial ns=42935204546810 map=0x7fa66c0046a0 thread=0x7fa6857fa6c0 seq=0 source= submittedBytes=-1 submittedFeatures=-1 needsRepaint=1 placementChanged=0
M10_MAPLIBRE event=frame-start ns=42935217331477 map=0x7fa66c0046a0 thread=0x7fa6857fa6c0 seq=0 source= submittedBytes=-1 submittedFeatures=-1 needsRepaint=-1 placementChanged=-1
M10_MAPLIBRE event=frame-partial ns=42935217405291 map=0x7fa66c0046a0 thread=0x7fa6857fa6c0 seq=0 source= submittedBytes=-1 submittedFeatures=-1 needsRepaint=1 placementChanged=0
M10_MAPLIBRE event=frame-start ns=42935229618465 map=0x7fa66c0046a0 thread=0x7fa6857fa6c0 seq=0 source= submittedBytes=-1 submittedFeatures=-1 needsRepaint=-1 placementChanged=-1
M10_MAPLIBRE event=frame-partial ns=42935229651446 map=0x7fa66c0046a0 thread=0x7fa6857fa6c0 seq=0 source= submittedBytes=-1 submittedFeatures=-1 needsRepaint=1 placementChanged=0
M10_MAPLIBRE event=frame-start ns=42935241072728 map=0x7fa66c0046a0 thread=0x7fa6857fa6c0 seq=0 source= submittedBytes=-1 submittedFeatures=-1 needsRepaint=-1 placementChanged=-1
M10_MAPLIBRE event=frame-partial ns=42935241189036 map=0x7fa66c0046a0 thread=0x7fa6857fa6c0 seq=0 source= submittedBytes=-1 submittedFeatures=-1 needsRepaint=1 placementChanged=0
M10_MAPLIBRE event=frame-start ns=42935253956343 map=0x7fa66c0046a0 thread=0x7fa6857fa6c0 seq=0 source= submittedBytes=-1 submittedFeatures=-1 needsRepaint=-1 placementChanged=-1
M10_MAPLIBRE event=frame-partial ns=42935253989222 map=0x7fa66c0046a0 thread=0x7fa6857fa6c0 seq=0 source= submittedBytes=-1 submittedFeatures=-1 needsRepaint=1 placementChanged=0
M10_MAPLIBRE event=frame-start ns=42935268645055 map=0x7fa66c0046a0 thread=0x7fa6857fa6c0 seq=0 source= submittedBytes=-1 submittedFeatures=-1 needsRepaint=-1 placementChanged=-1
M10_MAPLIBRE event=frame-partial ns=42935268676265 map=0x7fa66c0046a0 thread=0x7fa6857fa6c0 seq=0 source= submittedBytes=-1 submittedFeatures=-1 needsRepaint=1 placementChanged=0
M10_MAPLIBRE event=frame-start ns=42935292270945 map=0x7fa66c0046a0 thread=0x7fa6857fa6c0 seq=0 source= submittedBytes=-1 submittedFeatures=-1 needsRepaint=-1 placementChanged=-1
M10_MAPLIBRE event=frame-partial ns=42935292302476 map=0x7fa66c0046a0 thread=0x7fa6857fa6c0 seq=0 source= submittedBytes=-1 submittedFeatures=-1 needsRepaint=1 placementChanged=0
M10_MAPLIBRE event=frame-start ns=42935306794485 map=0x7fa66c0046a0 thread=0x7fa6857fa6c0 seq=0 source= submittedBytes=-1 submittedFeatures=-1 needsRepaint=-1 placementChanged=-1
M10_MAPLIBRE event=frame-partial ns=42935306827167 map=0x7fa66c0046a0 thread=0x7fa6857fa6c0 seq=0 source= submittedBytes=-1 submittedFeatures=-1 needsRepaint=0 placementChanged=1
M10_MAPLIBRE event=frame-start ns=42935323566875 map=0x7fa66c0046a0 thread=0x7fa6857fa6c0 seq=0 source= submittedBytes=-1 submittedFeatures=-1 needsRepaint=-1 placementChanged=-1
M10_MAPLIBRE event=frame-partial ns=42935323599200 map=0x7fa66c0046a0 thread=0x7fa6857fa6c0 seq=0 source= submittedBytes=-1 submittedFeatures=-1 needsRepaint=1 placementChanged=0
M10_MAPLIBRE event=frame-start ns=42935576731960 map=0x7fa66c0046a0 thread=0x7fa6857fa6c0 seq=0 source= submittedBytes=-1 submittedFeatures=-1 needsRepaint=-1 placementChanged=-1
[ ERROR ]  "{unknown}[Style]: Failed to load tile 11/1612/1017=>11 for source onemap: Unsupported image type"
[ ERROR ]  "{unknown}[Style]: Failed to load tile 11/1612/1015=>11 for source onemap: Unsupported image type"
M10_MAPLIBRE event=frame-partial ns=42935576898156 map=0x7fa66c0046a0 thread=0x7fa6857fa6c0 seq=0 source= submittedBytes=-1 submittedFeatures=-1 needsRepaint=1 placementChanged=0
[ ERROR ]  "{unknown}[Style]: Failed to load tile 11/1612/1016=>11 for source onemap: Unsupported image type"
M10_MAPLIBRE event=frame-start ns=42935603130008 map=0x7fa66c0046a0 thread=0x7fa6857fa6c0 seq=0 source= submittedBytes=-1 submittedFeatures=-1 needsRepaint=-1 placementChanged=-1
M10_MAPLIBRE event=frame-partial ns=42935603456626 map=0x7fa66c0046a0 thread=0x7fa6857fa6c0 seq=0 source= submittedBytes=-1 submittedFeatures=-1 needsRepaint=1 placementChanged=0
M10_MAPLIBRE event=frame-start ns=42935625920600 map=0x7fa66c0046a0 thread=0x7fa6857fa6c0 seq=0 source= submittedBytes=-1 submittedFeatures=-1 needsRepaint=-1 placementChanged=-1
M10_MAPLIBRE event=frame-partial ns=42935626009658 map=0x7fa66c0046a0 thread=0x7fa6857fa6c0 seq=0 source= submittedBytes=-1 submittedFeatures=-1 needsRepaint=0 placementChanged=1
M10_MAPLIBRE event=frame-start ns=42935654851572 map=0x7fa66c0046a0 thread=0x7fa6857fa6c0 seq=0 source= submittedBytes=-1 submittedFeatures=-1 needsRepaint=-1 placementChanged=-1
M10_MAPLIBRE event=frame-partial ns=42935654889748 map=0x7fa66c0046a0 thread=0x7fa6857fa6c0 seq=0 source= submittedBytes=-1 submittedFeatures=-1 needsRepaint=1 placementChanged=0
M10_MAPLIBRE event=frame-start ns=42935696790434 map=0x7fa66c0046a0 thread=0x7fa6857fa6c0 seq=0 source= submittedBytes=-1 submittedFeatures=-1 needsRepaint=-1 placementChanged=-1
M10_MAPLIBRE event=frame-partial ns=42935696893174 map=0x7fa66c0046a0 thread=0x7fa6857fa6c0 seq=0 source= submittedBytes=-1 submittedFeatures=-1 needsRepaint=1 placementChanged=0
M10_MAPLIBRE event=frame-start ns=42935723780801 map=0x7fa66c0046a0 thread=0x7fa6857fa6c0 seq=0 source= submittedBytes=-1 submittedFeatures=-1 needsRepaint=-1 placementChanged=-1
M10_MAPLIBRE event=frame-partial ns=42935723849345 map=0x7fa66c0046a0 thread=0x7fa6857fa6c0 seq=0 source= submittedBytes=-1 submittedFeatures=-1 needsRepaint=1 placementChanged=0
M10_MAPLIBRE event=frame-start ns=42935748648933 map=0x7fa66c0046a0 thread=0x7fa6857fa6c0 seq=0 source= submittedBytes=-1 submittedFeatures=-1 needsRepaint=-1 placementChanged=-1
M10_MAPLIBRE event=frame-partial ns=42935748685303 map=0x7fa66c0046a0 thread=0x7fa6857fa6c0 seq=0 source= submittedBytes=-1 submittedFeatures=-1 needsRepaint=1 placementChanged=0
M10_MAPLIBRE event=frame-start ns=42935766969019 map=0x7fa66c0046a0 thread=0x7fa6857fa6c0 seq=0 source= submittedBytes=-1 submittedFeatures=-1 needsRepaint=-1 placementChanged=-1
M10_MAPLIBRE event=frame-partial ns=42935767004224 map=0x7fa66c0046a0 thread=0x7fa6857fa6c0 seq=0 source= submittedBytes=-1 submittedFeatures=-1 needsRepaint=1 placementChanged=0
M10_MAPLIBRE event=frame-start ns=42935785288485 map=0x7fa66c0046a0 thread=0x7fa6857fa6c0 seq=0 source= submittedBytes=-1 submittedFeatures=-1 needsRepaint=-1 placementChanged=-1
M10_MAPLIBRE event=frame-partial ns=42935785351944 map=0x7fa66c0046a0 thread=0x7fa6857fa6c0 seq=0 source= submittedBytes=-1 submittedFeatures=-1 needsRepaint=1 placementChanged=0
M10_MAPLIBRE event=frame-start ns=42935799349428 map=0x7fa66c0046a0 thread=0x7fa6857fa6c0 seq=0 source= submittedBytes=-1 submittedFeatures=-1 needsRepaint=-1 placementChanged=-1
M10_MAPLIBRE event=frame-partial ns=42935799381536 map=0x7fa66c0046a0 thread=0x7fa6857fa6c0 seq=0 source= submittedBytes=-1 submittedFeatures=-1 needsRepaint=1 placementChanged=0
M10_MAPLIBRE event=frame-start ns=42935816823790 map=0x7fa66c0046a0 thread=0x7fa6857fa6c0 seq=0 source= submittedBytes=-1 submittedFeatures=-1 needsRepaint=-1 placementChanged=-1
M10_MAPLIBRE event=frame-partial ns=42935816857094 map=0x7fa66c0046a0 thread=0x7fa6857fa6c0 seq=0 source= submittedBytes=-1 submittedFeatures=-1 needsRepaint=1 placementChanged=0
M10_MAPLIBRE event=frame-start ns=42935833538046 map=0x7fa66c0046a0 thread=0x7fa6857fa6c0 seq=0 source= submittedBytes=-1 submittedFeatures=-1 needsRepaint=-1 placementChanged=-1
M10_MAPLIBRE event=frame-partial ns=42935833592242 map=0x7fa66c0046a0 thread=0x7fa6857fa6c0 seq=0 source= submittedBytes=-1 submittedFeatures=-1 needsRepaint=1 placementChanged=0
M10_MAPLIBRE event=frame-start ns=42935856791902 map=0x7fa66c0046a0 thread=0x7fa6857fa6c0 seq=0 source= submittedBytes=-1 submittedFeatures=-1 needsRepaint=-1 placementChanged=-1
M10_MAPLIBRE event=frame-partial ns=42935856822651 map=0x7fa66c0046a0 thread=0x7fa6857fa6c0 seq=0 source= submittedBytes=-1 submittedFeatures=-1 needsRepaint=1 placementChanged=0
M10_MAPLIBRE event=frame-start ns=42935875492306 map=0x7fa66c0046a0 thread=0x7fa6857fa6c0 seq=0 source= submittedBytes=-1 submittedFeatures=-1 needsRepaint=-1 placementChanged=-1
M10_MAPLIBRE event=frame-partial ns=42935875524197 map=0x7fa66c0046a0 thread=0x7fa6857fa6c0 seq=0 source= submittedBytes=-1 submittedFeatures=-1 needsRepaint=1 placementChanged=0
M10_MAPLIBRE event=frame-start ns=42935893723119 map=0x7fa66c0046a0 thread=0x7fa6857fa6c0 seq=0 source= submittedBytes=-1 submittedFeatures=-1 needsRepaint=-1 placementChanged=-1
M10_MAPLIBRE event=frame-partial ns=42935893786154 map=0x7fa66c0046a0 thread=0x7fa6857fa6c0 seq=0 source= submittedBytes=-1 submittedFeatures=-1 needsRepaint=1 placementChanged=0
M10_MAPLIBRE event=frame-start ns=42935938160913 map=0x7fa66c0046a0 thread=0x7fa6857fa6c0 seq=0 source= submittedBytes=-1 submittedFeatures=-1 needsRepaint=-1 placementChanged=-1
M10_MAPLIBRE event=frame-partial ns=42935938233529 map=0x7fa66c0046a0 thread=0x7fa6857fa6c0 seq=0 source= submittedBytes=-1 submittedFeatures=-1 needsRepaint=1 placementChanged=0
M10_MAPLIBRE event=frame-start ns=42935996967817 map=0x7fa66c0046a0 thread=0x7fa6857fa6c0 seq=0 source= submittedBytes=-1 submittedFeatures=-1 needsRepaint=-1 placementChanged=-1
M10_MAPLIBRE event=frame-partial ns=42935997078812 map=0x7fa66c0046a0 thread=0x7fa6857fa6c0 seq=0 source= submittedBytes=-1 submittedFeatures=-1 needsRepaint=0 placementChanged=1
M10_MAPLIBRE event=frame-start ns=42936032933640 map=0x7fa66c0046a0 thread=0x7fa6857fa6c0 seq=0 source= submittedBytes=-1 submittedFeatures=-1 needsRepaint=-1 placementChanged=-1
M10_MAPLIBRE event=frame-partial ns=42936032990642 map=0x7fa66c0046a0 thread=0x7fa6857fa6c0 seq=0 source= submittedBytes=-1 submittedFeatures=-1 needsRepaint=1 placementChanged=0
M10_MAPLIBRE event=frame-start ns=42936060062286 map=0x7fa66c0046a0 thread=0x7fa6857fa6c0 seq=0 source= submittedBytes=-1 submittedFeatures=-1 needsRepaint=-1 placementChanged=-1
M10_MAPLIBRE event=frame-full ns=42936060109169 map=0x7fa66c0046a0 thread=0x7fa6857fa6c0 seq=0 source= submittedBytes=-1 submittedFeatures=-1 needsRepaint=1 placementChanged=0
M10_MAPLIBRE event=map-loaded ns=42936060123096 map=0x7fa66c0046a0 thread=0x7fa6857fa6c0 seq=0 source= submittedBytes=-1 submittedFeatures=-1 needsRepaint=-1 placementChanged=-1
M10_MAPLIBRE event=frame-start ns=42936088896663 map=0x7fa66c0046a0 thread=0x7fa6857fa6c0 seq=0 source= submittedBytes=-1 submittedFeatures=-1 needsRepaint=-1 placementChanged=-1
M10_MAPLIBRE event=frame-full ns=42936088939982 map=0x7fa66c0046a0 thread=0x7fa6857fa6c0 seq=0 source= submittedBytes=-1 submittedFeatures=-1 needsRepaint=1 placementChanged=0
M10_MAPLIBRE event=frame-start ns=42936135978914 map=0x7fa66c0046a0 thread=0x7fa6857fa6c0 seq=0 source= submittedBytes=-1 submittedFeatures=-1 needsRepaint=-1 placementChanged=-1
M10_MAPLIBRE event=frame-full ns=42936136058500 map=0x7fa66c0046a0 thread=0x7fa6857fa6c0 seq=0 source= submittedBytes=-1 submittedFeatures=-1 needsRepaint=1 placementChanged=0
M10_MAPLIBRE event=frame-start ns=42936152209916 map=0x7fa66c0046a0 thread=0x7fa6857fa6c0 seq=0 source= submittedBytes=-1 submittedFeatures=-1 needsRepaint=-1 placementChanged=-1
M10_MAPLIBRE event=frame-full ns=42936152250559 map=0x7fa66c0046a0 thread=0x7fa6857fa6c0 seq=0 source= submittedBytes=-1 submittedFeatures=-1 needsRepaint=1 placementChanged=0
M10_MAPLIBRE event=frame-start ns=42936176915392 map=0x7fa66c0046a0 thread=0x7fa6857fa6c0 seq=0 source= submittedBytes=-1 submittedFeatures=-1 needsRepaint=-1 placementChanged=-1
M10_MAPLIBRE event=frame-full ns=42936176953197 map=0x7fa66c0046a0 thread=0x7fa6857fa6c0 seq=0 source= submittedBytes=-1 submittedFeatures=-1 needsRepaint=1 placementChanged=0
M10_MAPLIBRE event=frame-start ns=42936202783170 map=0x7fa66c0046a0 thread=0x7fa6857fa6c0 seq=0 source= submittedBytes=-1 submittedFeatures=-1 needsRepaint=-1 placementChanged=-1
M10_MAPLIBRE event=frame-full ns=42936202820103 map=0x7fa66c0046a0 thread=0x7fa6857fa6c0 seq=0 source= submittedBytes=-1 submittedFeatures=-1 needsRepaint=1 placementChanged=0
M10_MAPLIBRE event=frame-start ns=42936237250993 map=0x7fa66c0046a0 thread=0x7fa6857fa6c0 seq=0 source= submittedBytes=-1 submittedFeatures=-1 needsRepaint=-1 placementChanged=-1
M10_MAPLIBRE event=frame-full ns=42936237515099 map=0x7fa66c0046a0 thread=0x7fa6857fa6c0 seq=0 source= submittedBytes=-1 submittedFeatures=-1 needsRepaint=1 placementChanged=0
M10_MAPLIBRE event=frame-start ns=42936278384135 map=0x7fa66c0046a0 thread=0x7fa6857fa6c0 seq=0 source= submittedBytes=-1 submittedFeatures=-1 needsRepaint=-1 placementChanged=-1
M10_MAPLIBRE event=frame-full ns=42936278429715 map=0x7fa66c0046a0 thread=0x7fa6857fa6c0 seq=0 source= submittedBytes=-1 submittedFeatures=-1 needsRepaint=1 placementChanged=0
M10_MAPLIBRE event=frame-start ns=42936325330010 map=0x7fa66c0046a0 thread=0x7fa6857fa6c0 seq=0 source= submittedBytes=-1 submittedFeatures=-1 needsRepaint=-1 placementChanged=-1
M10_MAPLIBRE event=frame-full ns=42936325372190 map=0x7fa66c0046a0 thread=0x7fa6857fa6c0 seq=0 source= submittedBytes=-1 submittedFeatures=-1 needsRepaint=0 placementChanged=1
M10_MAPLIBRE event=frame-start ns=42936348281914 map=0x7fa66c0046a0 thread=0x7fa6857fa6c0 seq=0 source= submittedBytes=-1 submittedFeatures=-1 needsRepaint=-1 placementChanged=-1
M10_MAPLIBRE event=frame-full ns=42936348328607 map=0x7fa66c0046a0 thread=0x7fa6857fa6c0 seq=0 source= submittedBytes=-1 submittedFeatures=-1 needsRepaint=1 placementChanged=0
M10_MAPLIBRE event=frame-start ns=42936366861202 map=0x7fa66c0046a0 thread=0x7fa6857fa6c0 seq=0 source= submittedBytes=-1 submittedFeatures=-1 needsRepaint=-1 placementChanged=-1
M10_MAPLIBRE event=frame-full ns=42936366945555 map=0x7fa66c0046a0 thread=0x7fa6857fa6c0 seq=0 source= submittedBytes=-1 submittedFeatures=-1 needsRepaint=1 placementChanged=0
M10_MAPLIBRE event=frame-start ns=42936381932858 map=0x7fa66c0046a0 thread=0x7fa6857fa6c0 seq=0 source= submittedBytes=-1 submittedFeatures=-1 needsRepaint=-1 placementChanged=-1
M10_MAPLIBRE event=frame-full ns=42936382012394 map=0x7fa66c0046a0 thread=0x7fa6857fa6c0 seq=0 source= submittedBytes=-1 submittedFeatures=-1 needsRepaint=1 placementChanged=0
M10_MAPLIBRE event=frame-start ns=42936396658859 map=0x7fa66c0046a0 thread=0x7fa6857fa6c0 seq=0 source= submittedBytes=-1 submittedFeatures=-1 needsRepaint=-1 placementChanged=-1
M10_MAPLIBRE event=frame-full ns=42936396695866 map=0x7fa66c0046a0 thread=0x7fa6857fa6c0 seq=0 source= submittedBytes=-1 submittedFeatures=-1 needsRepaint=1 placementChanged=0
M10_MAPLIBRE event=frame-start ns=42936412615637 map=0x7fa66c0046a0 thread=0x7fa6857fa6c0 seq=0 source= submittedBytes=-1 submittedFeatures=-1 needsRepaint=-1 placementChanged=-1
M10_MAPLIBRE event=frame-full ns=42936412649671 map=0x7fa66c0046a0 thread=0x7fa6857fa6c0 seq=0 source= submittedBytes=-1 submittedFeatures=-1 needsRepaint=1 placementChanged=0
M10_MAPLIBRE event=frame-start ns=42936427504937 map=0x7fa66c0046a0 thread=0x7fa6857fa6c0 seq=0 source= submittedBytes=-1 submittedFeatures=-1 needsRepaint=-1 placementChanged=-1
M10_MAPLIBRE event=frame-full ns=42936427537385 map=0x7fa66c0046a0 thread=0x7fa6857fa6c0 seq=0 source= submittedBytes=-1 submittedFeatures=-1 needsRepaint=1 placementChanged=0
M10_MAPLIBRE event=frame-start ns=42936444848715 map=0x7fa66c0046a0 thread=0x7fa6857fa6c0 seq=0 source= submittedBytes=-1 submittedFeatures=-1 needsRepaint=-1 placementChanged=-1
M10_MAPLIBRE event=frame-full ns=42936444881385 map=0x7fa66c0046a0 thread=0x7fa6857fa6c0 seq=0 source= submittedBytes=-1 submittedFeatures=-1 needsRepaint=1 placementChanged=0
M10_MAPLIBRE event=frame-start ns=42936475294583 map=0x7fa66c0046a0 thread=0x7fa6857fa6c0 seq=0 source= submittedBytes=-1 submittedFeatures=-1 needsRepaint=-1 placementChanged=-1
M10_MAPLIBRE event=frame-full ns=42936475338318 map=0x7fa66c0046a0 thread=0x7fa6857fa6c0 seq=0 source= submittedBytes=-1 submittedFeatures=-1 needsRepaint=1 placementChanged=0
M10_MAPLIBRE event=frame-start ns=42936534720240 map=0x7fa66c0046a0 thread=0x7fa6857fa6c0 seq=0 source= submittedBytes=-1 submittedFeatures=-1 needsRepaint=-1 placementChanged=-1
M10_MAPLIBRE event=frame-full ns=42936534762095 map=0x7fa66c0046a0 thread=0x7fa6857fa6c0 seq=0 source= submittedBytes=-1 submittedFeatures=-1 needsRepaint=1 placementChanged=0
M10_MAPLIBRE event=frame-start ns=42936549203877 map=0x7fa66c0046a0 thread=0x7fa6857fa6c0 seq=0 source= submittedBytes=-1 submittedFeatures=-1 needsRepaint=-1 placementChanged=-1
M10_MAPLIBRE event=frame-full ns=42936549237677 map=0x7fa66c0046a0 thread=0x7fa6857fa6c0 seq=0 source= submittedBytes=-1 submittedFeatures=-1 needsRepaint=1 placementChanged=0
M10_MAPLIBRE event=frame-start ns=42936564893399 map=0x7fa66c0046a0 thread=0x7fa6857fa6c0 seq=0 source= submittedBytes=-1 submittedFeatures=-1 needsRepaint=-1 placementChanged=-1
M10_MAPLIBRE event=frame-full ns=42936564926850 map=0x7fa66c0046a0 thread=0x7fa6857fa6c0 seq=0 source= submittedBytes=-1 submittedFeatures=-1 needsRepaint=1 placementChanged=0
M10_MAPLIBRE event=frame-start ns=42936580039660 map=0x7fa66c0046a0 thread=0x7fa6857fa6c0 seq=0 source= submittedBytes=-1 submittedFeatures=-1 needsRepaint=-1 placementChanged=-1
M10_MAPLIBRE event=frame-full ns=42936580080300 map=0x7fa66c0046a0 thread=0x7fa6857fa6c0 seq=0 source= submittedBytes=-1 submittedFeatures=-1 needsRepaint=1 placementChanged=0
M10_MAPLIBRE event=frame-start ns=42936593349689 map=0x7fa66c0046a0 thread=0x7fa6857fa6c0 seq=0 source= submittedBytes=-1 submittedFeatures=-1 needsRepaint=-1 placementChanged=-1
M10_MAPLIBRE event=frame-full ns=42936593382035 map=0x7fa66c0046a0 thread=0x7fa6857fa6c0 seq=0 source= submittedBytes=-1 submittedFeatures=-1 needsRepaint=0 placementChanged=1
M10_MAPLIBRE event=frame-start ns=42936607295952 map=0x7fa66c0046a0 thread=0x7fa6857fa6c0 seq=0 source= submittedBytes=-1 submittedFeatures=-1 needsRepaint=-1 placementChanged=-1
M10_MAPLIBRE event=frame-full ns=42936607327769 map=0x7fa66c0046a0 thread=0x7fa6857fa6c0 seq=0 source= submittedBytes=-1 submittedFeatures=-1 needsRepaint=1 placementChanged=0
M10_HOST stage=2-town submit_ns=42937051300175 features=340
M10_MAPLIBRE event=source-update-enter ns=42937055623692 map=0x7fa66c0046a0 thread=0x7fa6857fa6c0 seq=2 source=hdb-addresses submittedBytes=125081 submittedFeatures=-1 needsRepaint=-1 placementChanged=-1
M10_MAPLIBRE event=source-change ns=42937057500433 map=0x7fa66c0046a0 thread=0x7fa6857fa6c0 seq=0 source=hdb-addresses submittedBytes=-1 submittedFeatures=-1 needsRepaint=-1 placementChanged=-1
M10_MAPLIBRE event=source-update-return ns=42937057647504 map=0x7fa66c0046a0 thread=0x7fa6857fa6c0 seq=2 source=hdb-addresses submittedBytes=125081 submittedFeatures=-1 needsRepaint=-1 placementChanged=-1
M10_MAPLIBRE event=frame-start ns=42937071503146 map=0x7fa66c0046a0 thread=0x7fa6857fa6c0 seq=0 source= submittedBytes=-1 submittedFeatures=-1 needsRepaint=-1 placementChanged=-1
M10_MAPLIBRE event=frame-full ns=42937072160783 map=0x7fa66c0046a0 thread=0x7fa6857fa6c0 seq=0 source= submittedBytes=-1 submittedFeatures=-1 needsRepaint=0 placementChanged=1
M10_MAPLIBRE event=frame-start ns=42937102033422 map=0x7fa66c0046a0 thread=0x7fa6857fa6c0 seq=0 source= submittedBytes=-1 submittedFeatures=-1 needsRepaint=-1 placementChanged=-1
M10_MAPLIBRE event=frame-full ns=42937102120672 map=0x7fa66c0046a0 thread=0x7fa6857fa6c0 seq=0 source= submittedBytes=-1 submittedFeatures=-1 needsRepaint=1 placementChanged=0
M10_MAPLIBRE event=frame-start ns=42937112538907 map=0x7fa66c0046a0 thread=0x7fa6857fa6c0 seq=0 source= submittedBytes=-1 submittedFeatures=-1 needsRepaint=-1 placementChanged=-1
M10_MAPLIBRE event=frame-full ns=42937112614804 map=0x7fa66c0046a0 thread=0x7fa6857fa6c0 seq=0 source= submittedBytes=-1 submittedFeatures=-1 needsRepaint=1 placementChanged=0
M10_MAPLIBRE event=frame-start ns=42937122585224 map=0x7fa66c0046a0 thread=0x7fa6857fa6c0 seq=0 source= submittedBytes=-1 submittedFeatures=-1 needsRepaint=-1 placementChanged=-1
M10_MAPLIBRE event=frame-full ns=42937122660440 map=0x7fa66c0046a0 thread=0x7fa6857fa6c0 seq=0 source= submittedBytes=-1 submittedFeatures=-1 needsRepaint=1 placementChanged=0
M10_MAPLIBRE event=frame-start ns=42937134594145 map=0x7fa66c0046a0 thread=0x7fa6857fa6c0 seq=0 source= submittedBytes=-1 submittedFeatures=-1 needsRepaint=-1 placementChanged=-1
M10_MAPLIBRE event=frame-full ns=42937134627446 map=0x7fa66c0046a0 thread=0x7fa6857fa6c0 seq=0 source= submittedBytes=-1 submittedFeatures=-1 needsRepaint=1 placementChanged=0
M10_MAPLIBRE event=frame-start ns=42937145909345 map=0x7fa66c0046a0 thread=0x7fa6857fa6c0 seq=0 source= submittedBytes=-1 submittedFeatures=-1 needsRepaint=-1 placementChanged=-1
M10_MAPLIBRE event=frame-full ns=42937145940816 map=0x7fa66c0046a0 thread=0x7fa6857fa6c0 seq=0 source= submittedBytes=-1 submittedFeatures=-1 needsRepaint=1 placementChanged=0
M10_MAPLIBRE event=frame-start ns=42937156317012 map=0x7fa66c0046a0 thread=0x7fa6857fa6c0 seq=0 source= submittedBytes=-1 submittedFeatures=-1 needsRepaint=-1 placementChanged=-1
M10_MAPLIBRE event=frame-full ns=42937156348382 map=0x7fa66c0046a0 thread=0x7fa6857fa6c0 seq=0 source= submittedBytes=-1 submittedFeatures=-1 needsRepaint=1 placementChanged=0
M10_MAPLIBRE event=frame-start ns=42937168474428 map=0x7fa66c0046a0 thread=0x7fa6857fa6c0 seq=0 source= submittedBytes=-1 submittedFeatures=-1 needsRepaint=-1 placementChanged=-1
M10_MAPLIBRE event=frame-full ns=42937168506892 map=0x7fa66c0046a0 thread=0x7fa6857fa6c0 seq=0 source= submittedBytes=-1 submittedFeatures=-1 needsRepaint=1 placementChanged=0
M10_MAPLIBRE event=frame-start ns=42937178692364 map=0x7fa66c0046a0 thread=0x7fa6857fa6c0 seq=0 source= submittedBytes=-1 submittedFeatures=-1 needsRepaint=-1 placementChanged=-1
M10_MAPLIBRE event=frame-full ns=42937178725489 map=0x7fa66c0046a0 thread=0x7fa6857fa6c0 seq=0 source= submittedBytes=-1 submittedFeatures=-1 needsRepaint=1 placementChanged=0
M10_MAPLIBRE event=frame-start ns=42937193735416 map=0x7fa66c0046a0 thread=0x7fa6857fa6c0 seq=0 source= submittedBytes=-1 submittedFeatures=-1 needsRepaint=-1 placementChanged=-1
M10_MAPLIBRE event=frame-full ns=42937193793635 map=0x7fa66c0046a0 thread=0x7fa6857fa6c0 seq=0 source= submittedBytes=-1 submittedFeatures=-1 needsRepaint=1 placementChanged=0
M10_MAPLIBRE event=frame-start ns=42937205279079 map=0x7fa66c0046a0 thread=0x7fa6857fa6c0 seq=0 source= submittedBytes=-1 submittedFeatures=-1 needsRepaint=-1 placementChanged=-1
M10_MAPLIBRE event=frame-full ns=42937205318731 map=0x7fa66c0046a0 thread=0x7fa6857fa6c0 seq=0 source= submittedBytes=-1 submittedFeatures=-1 needsRepaint=1 placementChanged=0
M10_MAPLIBRE event=frame-start ns=42937215639147 map=0x7fa66c0046a0 thread=0x7fa6857fa6c0 seq=0 source= submittedBytes=-1 submittedFeatures=-1 needsRepaint=-1 placementChanged=-1
M10_MAPLIBRE event=frame-full ns=42937215681245 map=0x7fa66c0046a0 thread=0x7fa6857fa6c0 seq=0 source= submittedBytes=-1 submittedFeatures=-1 needsRepaint=1 placementChanged=0
M10_MAPLIBRE event=frame-start ns=42937225380921 map=0x7fa66c0046a0 thread=0x7fa6857fa6c0 seq=0 source= submittedBytes=-1 submittedFeatures=-1 needsRepaint=-1 placementChanged=-1
M10_MAPLIBRE event=frame-full ns=42937225418539 map=0x7fa66c0046a0 thread=0x7fa6857fa6c0 seq=0 source= submittedBytes=-1 submittedFeatures=-1 needsRepaint=1 placementChanged=0
M10_MAPLIBRE event=frame-start ns=42937235503373 map=0x7fa66c0046a0 thread=0x7fa6857fa6c0 seq=0 source= submittedBytes=-1 submittedFeatures=-1 needsRepaint=-1 placementChanged=-1
M10_MAPLIBRE event=frame-full ns=42937235535525 map=0x7fa66c0046a0 thread=0x7fa6857fa6c0 seq=0 source= submittedBytes=-1 submittedFeatures=-1 needsRepaint=1 placementChanged=0
M10_MAPLIBRE event=frame-start ns=42937245375796 map=0x7fa66c0046a0 thread=0x7fa6857fa6c0 seq=0 source= submittedBytes=-1 submittedFeatures=-1 needsRepaint=-1 placementChanged=-1
M10_MAPLIBRE event=frame-full ns=42937245406892 map=0x7fa66c0046a0 thread=0x7fa6857fa6c0 seq=0 source= submittedBytes=-1 submittedFeatures=-1 needsRepaint=1 placementChanged=0
M10_MAPLIBRE event=frame-start ns=42937254929399 map=0x7fa66c0046a0 thread=0x7fa6857fa6c0 seq=0 source= submittedBytes=-1 submittedFeatures=-1 needsRepaint=-1 placementChanged=-1
M10_MAPLIBRE event=frame-full ns=42937254961310 map=0x7fa66c0046a0 thread=0x7fa6857fa6c0 seq=0 source= submittedBytes=-1 submittedFeatures=-1 needsRepaint=1 placementChanged=0
M10_MAPLIBRE event=frame-start ns=42937265494667 map=0x7fa66c0046a0 thread=0x7fa6857fa6c0 seq=0 source= submittedBytes=-1 submittedFeatures=-1 needsRepaint=-1 placementChanged=-1
M10_MAPLIBRE event=frame-full ns=42937265526789 map=0x7fa66c0046a0 thread=0x7fa6857fa6c0 seq=0 source= submittedBytes=-1 submittedFeatures=-1 needsRepaint=1 placementChanged=0
M10_MAPLIBRE event=frame-start ns=42937275620690 map=0x7fa66c0046a0 thread=0x7fa6857fa6c0 seq=0 source= submittedBytes=-1 submittedFeatures=-1 needsRepaint=-1 placementChanged=-1
M10_MAPLIBRE event=frame-full ns=42937275651746 map=0x7fa66c0046a0 thread=0x7fa6857fa6c0 seq=0 source= submittedBytes=-1 submittedFeatures=-1 needsRepaint=1 placementChanged=0
M10_MAPLIBRE event=frame-start ns=42937285802228 map=0x7fa66c0046a0 thread=0x7fa6857fa6c0 seq=0 source= submittedBytes=-1 submittedFeatures=-1 needsRepaint=-1 placementChanged=-1
M10_MAPLIBRE event=frame-full ns=42937285834491 map=0x7fa66c0046a0 thread=0x7fa6857fa6c0 seq=0 source= submittedBytes=-1 submittedFeatures=-1 needsRepaint=1 placementChanged=0
M10_MAPLIBRE event=frame-start ns=42937295915434 map=0x7fa66c0046a0 thread=0x7fa6857fa6c0 seq=0 source= submittedBytes=-1 submittedFeatures=-1 needsRepaint=-1 placementChanged=-1
M10_MAPLIBRE event=frame-full ns=42937296057314 map=0x7fa66c0046a0 thread=0x7fa6857fa6c0 seq=0 source= submittedBytes=-1 submittedFeatures=-1 needsRepaint=1 placementChanged=0
M10_MAPLIBRE event=frame-start ns=42937306271744 map=0x7fa66c0046a0 thread=0x7fa6857fa6c0 seq=0 source= submittedBytes=-1 submittedFeatures=-1 needsRepaint=-1 placementChanged=-1
M10_MAPLIBRE event=frame-full ns=42937306303030 map=0x7fa66c0046a0 thread=0x7fa6857fa6c0 seq=0 source= submittedBytes=-1 submittedFeatures=-1 needsRepaint=1 placementChanged=0
M10_MAPLIBRE event=frame-start ns=42937316499449 map=0x7fa66c0046a0 thread=0x7fa6857fa6c0 seq=0 source= submittedBytes=-1 submittedFeatures=-1 needsRepaint=-1 placementChanged=-1
M10_MAPLIBRE event=frame-full ns=42937316531107 map=0x7fa66c0046a0 thread=0x7fa6857fa6c0 seq=0 source= submittedBytes=-1 submittedFeatures=-1 needsRepaint=1 placementChanged=0
M10_MAPLIBRE event=frame-start ns=42937326936602 map=0x7fa66c0046a0 thread=0x7fa6857fa6c0 seq=0 source= submittedBytes=-1 submittedFeatures=-1 needsRepaint=-1 placementChanged=-1
M10_MAPLIBRE event=frame-full ns=42937326971215 map=0x7fa66c0046a0 thread=0x7fa6857fa6c0 seq=0 source= submittedBytes=-1 submittedFeatures=-1 needsRepaint=1 placementChanged=0
M10_MAPLIBRE event=frame-start ns=42937337275210 map=0x7fa66c0046a0 thread=0x7fa6857fa6c0 seq=0 source= submittedBytes=-1 submittedFeatures=-1 needsRepaint=-1 placementChanged=-1
M10_MAPLIBRE event=frame-full ns=42937337433466 map=0x7fa66c0046a0 thread=0x7fa6857fa6c0 seq=0 source= submittedBytes=-1 submittedFeatures=-1 needsRepaint=1 placementChanged=0
M10_MAPLIBRE event=frame-start ns=42937347489687 map=0x7fa66c0046a0 thread=0x7fa6857fa6c0 seq=0 source= submittedBytes=-1 submittedFeatures=-1 needsRepaint=-1 placementChanged=-1
M10_MAPLIBRE event=frame-full ns=42937347522382 map=0x7fa66c0046a0 thread=0x7fa6857fa6c0 seq=0 source= submittedBytes=-1 submittedFeatures=-1 needsRepaint=1 placementChanged=0
M10_MAPLIBRE event=frame-start ns=42937358126939 map=0x7fa66c0046a0 thread=0x7fa6857fa6c0 seq=0 source= submittedBytes=-1 submittedFeatures=-1 needsRepaint=-1 placementChanged=-1
M10_MAPLIBRE event=frame-full ns=42937358159493 map=0x7fa66c0046a0 thread=0x7fa6857fa6c0 seq=0 source= submittedBytes=-1 submittedFeatures=-1 needsRepaint=1 placementChanged=0
M10_MAPLIBRE event=frame-start ns=42937519410567 map=0x7fa66c0046a0 thread=0x7fa6857fa6c0 seq=0 source= submittedBytes=-1 submittedFeatures=-1 needsRepaint=-1 placementChanged=-1
M10_MAPLIBRE event=frame-full ns=42937519473884 map=0x7fa66c0046a0 thread=0x7fa6857fa6c0 seq=0 source= submittedBytes=-1 submittedFeatures=-1 needsRepaint=0 placementChanged=1
M10_MAPLIBRE event=frame-start ns=42937533129360 map=0x7fa66c0046a0 thread=0x7fa6857fa6c0 seq=0 source= submittedBytes=-1 submittedFeatures=-1 needsRepaint=-1 placementChanged=-1
M10_MAPLIBRE event=frame-full ns=42937533211545 map=0x7fa66c0046a0 thread=0x7fa6857fa6c0 seq=0 source= submittedBytes=-1 submittedFeatures=-1 needsRepaint=1 placementChanged=0
M10_HOST stage=3-different submit_ns=42937951198462 features=197
M10_MAPLIBRE event=source-update-enter ns=42937955962684 map=0x7fa66c0046a0 thread=0x7fa6857fa6c0 seq=3 source=hdb-addresses submittedBytes=70586 submittedFeatures=-1 needsRepaint=-1 placementChanged=-1
M10_MAPLIBRE event=source-change ns=42937957879017 map=0x7fa66c0046a0 thread=0x7fa6857fa6c0 seq=0 source=hdb-addresses submittedBytes=-1 submittedFeatures=-1 needsRepaint=-1 placementChanged=-1
M10_MAPLIBRE event=source-update-return ns=42937958088344 map=0x7fa66c0046a0 thread=0x7fa6857fa6c0 seq=3 source=hdb-addresses submittedBytes=70586 submittedFeatures=-1 needsRepaint=-1 placementChanged=-1
M10_MAPLIBRE event=frame-start ns=42937967586970 map=0x7fa66c0046a0 thread=0x7fa6857fa6c0 seq=0 source= submittedBytes=-1 submittedFeatures=-1 needsRepaint=-1 placementChanged=-1
M10_MAPLIBRE event=frame-partial ns=42937967631612 map=0x7fa66c0046a0 thread=0x7fa6857fa6c0 seq=0 source= submittedBytes=-1 submittedFeatures=-1 needsRepaint=1 placementChanged=1
M10_MAPLIBRE event=frame-start ns=42937979461022 map=0x7fa66c0046a0 thread=0x7fa6857fa6c0 seq=0 source= submittedBytes=-1 submittedFeatures=-1 needsRepaint=-1 placementChanged=-1
M10_MAPLIBRE event=frame-partial ns=42937979494573 map=0x7fa66c0046a0 thread=0x7fa6857fa6c0 seq=0 source= submittedBytes=-1 submittedFeatures=-1 needsRepaint=1 placementChanged=0
M10_MAPLIBRE event=frame-start ns=42937990783687 map=0x7fa66c0046a0 thread=0x7fa6857fa6c0 seq=0 source= submittedBytes=-1 submittedFeatures=-1 needsRepaint=-1 placementChanged=-1
M10_MAPLIBRE event=frame-full ns=42937990818339 map=0x7fa66c0046a0 thread=0x7fa6857fa6c0 seq=0 source= submittedBytes=-1 submittedFeatures=-1 needsRepaint=1 placementChanged=0
M10_MAPLIBRE event=frame-start ns=42938004703550 map=0x7fa66c0046a0 thread=0x7fa6857fa6c0 seq=0 source= submittedBytes=-1 submittedFeatures=-1 needsRepaint=-1 placementChanged=-1
M10_MAPLIBRE event=frame-full ns=42938004736333 map=0x7fa66c0046a0 thread=0x7fa6857fa6c0 seq=0 source= submittedBytes=-1 submittedFeatures=-1 needsRepaint=1 placementChanged=0
M10_MAPLIBRE event=frame-start ns=42938016669142 map=0x7fa66c0046a0 thread=0x7fa6857fa6c0 seq=0 source= submittedBytes=-1 submittedFeatures=-1 needsRepaint=-1 placementChanged=-1
M10_MAPLIBRE event=frame-full ns=42938016749246 map=0x7fa66c0046a0 thread=0x7fa6857fa6c0 seq=0 source= submittedBytes=-1 submittedFeatures=-1 needsRepaint=1 placementChanged=0
M10_MAPLIBRE event=frame-start ns=42938027299460 map=0x7fa66c0046a0 thread=0x7fa6857fa6c0 seq=0 source= submittedBytes=-1 submittedFeatures=-1 needsRepaint=-1 placementChanged=-1
M10_MAPLIBRE event=frame-full ns=42938027375758 map=0x7fa66c0046a0 thread=0x7fa6857fa6c0 seq=0 source= submittedBytes=-1 submittedFeatures=-1 needsRepaint=1 placementChanged=0
M10_MAPLIBRE event=frame-start ns=42938039315409 map=0x7fa66c0046a0 thread=0x7fa6857fa6c0 seq=0 source= submittedBytes=-1 submittedFeatures=-1 needsRepaint=-1 placementChanged=-1
M10_MAPLIBRE event=frame-full ns=42938039349575 map=0x7fa66c0046a0 thread=0x7fa6857fa6c0 seq=0 source= submittedBytes=-1 submittedFeatures=-1 needsRepaint=1 placementChanged=0
M10_MAPLIBRE event=frame-start ns=42938052965105 map=0x7fa66c0046a0 thread=0x7fa6857fa6c0 seq=0 source= submittedBytes=-1 submittedFeatures=-1 needsRepaint=-1 placementChanged=-1
M10_MAPLIBRE event=frame-full ns=42938052999308 map=0x7fa66c0046a0 thread=0x7fa6857fa6c0 seq=0 source= submittedBytes=-1 submittedFeatures=-1 needsRepaint=1 placementChanged=0
M10_MAPLIBRE event=frame-start ns=42938062984838 map=0x7fa66c0046a0 thread=0x7fa6857fa6c0 seq=0 source= submittedBytes=-1 submittedFeatures=-1 needsRepaint=-1 placementChanged=-1
M10_MAPLIBRE event=frame-full ns=42938063017774 map=0x7fa66c0046a0 thread=0x7fa6857fa6c0 seq=0 source= submittedBytes=-1 submittedFeatures=-1 needsRepaint=1 placementChanged=0
M10_MAPLIBRE event=frame-start ns=42938073678479 map=0x7fa66c0046a0 thread=0x7fa6857fa6c0 seq=0 source= submittedBytes=-1 submittedFeatures=-1 needsRepaint=-1 placementChanged=-1
M10_MAPLIBRE event=frame-full ns=42938073758950 map=0x7fa66c0046a0 thread=0x7fa6857fa6c0 seq=0 source= submittedBytes=-1 submittedFeatures=-1 needsRepaint=1 placementChanged=0
M10_MAPLIBRE event=frame-start ns=42938084551563 map=0x7fa66c0046a0 thread=0x7fa6857fa6c0 seq=0 source= submittedBytes=-1 submittedFeatures=-1 needsRepaint=-1 placementChanged=-1
M10_MAPLIBRE event=frame-full ns=42938084630385 map=0x7fa66c0046a0 thread=0x7fa6857fa6c0 seq=0 source= submittedBytes=-1 submittedFeatures=-1 needsRepaint=1 placementChanged=0
M10_MAPLIBRE event=frame-start ns=42938094031378 map=0x7fa66c0046a0 thread=0x7fa6857fa6c0 seq=0 source= submittedBytes=-1 submittedFeatures=-1 needsRepaint=-1 placementChanged=-1
M10_MAPLIBRE event=frame-full ns=42938094106140 map=0x7fa66c0046a0 thread=0x7fa6857fa6c0 seq=0 source= submittedBytes=-1 submittedFeatures=-1 needsRepaint=1 placementChanged=0
M10_MAPLIBRE event=frame-start ns=42938104274875 map=0x7fa66c0046a0 thread=0x7fa6857fa6c0 seq=0 source= submittedBytes=-1 submittedFeatures=-1 needsRepaint=-1 placementChanged=-1
M10_MAPLIBRE event=frame-full ns=42938104318102 map=0x7fa66c0046a0 thread=0x7fa6857fa6c0 seq=0 source= submittedBytes=-1 submittedFeatures=-1 needsRepaint=1 placementChanged=0
M10_MAPLIBRE event=frame-start ns=42938114552292 map=0x7fa66c0046a0 thread=0x7fa6857fa6c0 seq=0 source= submittedBytes=-1 submittedFeatures=-1 needsRepaint=-1 placementChanged=-1
M10_MAPLIBRE event=frame-full ns=42938114625897 map=0x7fa66c0046a0 thread=0x7fa6857fa6c0 seq=0 source= submittedBytes=-1 submittedFeatures=-1 needsRepaint=1 placementChanged=0
M10_MAPLIBRE event=frame-start ns=42938124696421 map=0x7fa66c0046a0 thread=0x7fa6857fa6c0 seq=0 source= submittedBytes=-1 submittedFeatures=-1 needsRepaint=-1 placementChanged=-1
M10_MAPLIBRE event=frame-full ns=42938124769320 map=0x7fa66c0046a0 thread=0x7fa6857fa6c0 seq=0 source= submittedBytes=-1 submittedFeatures=-1 needsRepaint=1 placementChanged=0
M10_MAPLIBRE event=frame-start ns=42938135385242 map=0x7fa66c0046a0 thread=0x7fa6857fa6c0 seq=0 source= submittedBytes=-1 submittedFeatures=-1 needsRepaint=-1 placementChanged=-1
M10_MAPLIBRE event=frame-full ns=42938135458277 map=0x7fa66c0046a0 thread=0x7fa6857fa6c0 seq=0 source= submittedBytes=-1 submittedFeatures=-1 needsRepaint=1 placementChanged=0
M10_MAPLIBRE event=frame-start ns=42938144817601 map=0x7fa66c0046a0 thread=0x7fa6857fa6c0 seq=0 source= submittedBytes=-1 submittedFeatures=-1 needsRepaint=-1 placementChanged=-1
M10_MAPLIBRE event=frame-full ns=42938144890567 map=0x7fa66c0046a0 thread=0x7fa6857fa6c0 seq=0 source= submittedBytes=-1 submittedFeatures=-1 needsRepaint=1 placementChanged=0
M10_MAPLIBRE event=frame-start ns=42938154793242 map=0x7fa66c0046a0 thread=0x7fa6857fa6c0 seq=0 source= submittedBytes=-1 submittedFeatures=-1 needsRepaint=-1 placementChanged=-1
M10_MAPLIBRE event=frame-full ns=42938154824241 map=0x7fa66c0046a0 thread=0x7fa6857fa6c0 seq=0 source= submittedBytes=-1 submittedFeatures=-1 needsRepaint=1 placementChanged=0
M10_MAPLIBRE event=frame-start ns=42938166487521 map=0x7fa66c0046a0 thread=0x7fa6857fa6c0 seq=0 source= submittedBytes=-1 submittedFeatures=-1 needsRepaint=-1 placementChanged=-1
M10_MAPLIBRE event=frame-full ns=42938166559615 map=0x7fa66c0046a0 thread=0x7fa6857fa6c0 seq=0 source= submittedBytes=-1 submittedFeatures=-1 needsRepaint=1 placementChanged=0
M10_MAPLIBRE event=frame-start ns=42938176788056 map=0x7fa66c0046a0 thread=0x7fa6857fa6c0 seq=0 source= submittedBytes=-1 submittedFeatures=-1 needsRepaint=-1 placementChanged=-1
M10_MAPLIBRE event=frame-full ns=42938176860635 map=0x7fa66c0046a0 thread=0x7fa6857fa6c0 seq=0 source= submittedBytes=-1 submittedFeatures=-1 needsRepaint=1 placementChanged=0
M10_MAPLIBRE event=frame-start ns=42938187089318 map=0x7fa66c0046a0 thread=0x7fa6857fa6c0 seq=0 source= submittedBytes=-1 submittedFeatures=-1 needsRepaint=-1 placementChanged=-1
M10_MAPLIBRE event=frame-full ns=42938187122898 map=0x7fa66c0046a0 thread=0x7fa6857fa6c0 seq=0 source= submittedBytes=-1 submittedFeatures=-1 needsRepaint=1 placementChanged=0
M10_MAPLIBRE event=frame-start ns=42938197271552 map=0x7fa66c0046a0 thread=0x7fa6857fa6c0 seq=0 source= submittedBytes=-1 submittedFeatures=-1 needsRepaint=-1 placementChanged=-1
M10_MAPLIBRE event=frame-full ns=42938197304669 map=0x7fa66c0046a0 thread=0x7fa6857fa6c0 seq=0 source= submittedBytes=-1 submittedFeatures=-1 needsRepaint=1 placementChanged=0
M10_MAPLIBRE event=frame-start ns=42938207243081 map=0x7fa66c0046a0 thread=0x7fa6857fa6c0 seq=0 source= submittedBytes=-1 submittedFeatures=-1 needsRepaint=-1 placementChanged=-1
M10_MAPLIBRE event=frame-full ns=42938207275694 map=0x7fa66c0046a0 thread=0x7fa6857fa6c0 seq=0 source= submittedBytes=-1 submittedFeatures=-1 needsRepaint=1 placementChanged=0
M10_MAPLIBRE event=frame-start ns=42938217880593 map=0x7fa66c0046a0 thread=0x7fa6857fa6c0 seq=0 source= submittedBytes=-1 submittedFeatures=-1 needsRepaint=-1 placementChanged=-1
M10_MAPLIBRE event=frame-full ns=42938217912712 map=0x7fa66c0046a0 thread=0x7fa6857fa6c0 seq=0 source= submittedBytes=-1 submittedFeatures=-1 needsRepaint=1 placementChanged=0
M10_MAPLIBRE event=frame-start ns=42938227430237 map=0x7fa66c0046a0 thread=0x7fa6857fa6c0 seq=0 source= submittedBytes=-1 submittedFeatures=-1 needsRepaint=-1 placementChanged=-1
M10_MAPLIBRE event=frame-full ns=42938227465160 map=0x7fa66c0046a0 thread=0x7fa6857fa6c0 seq=0 source= submittedBytes=-1 submittedFeatures=-1 needsRepaint=1 placementChanged=0
M10_MAPLIBRE event=frame-start ns=42938237399785 map=0x7fa66c0046a0 thread=0x7fa6857fa6c0 seq=0 source= submittedBytes=-1 submittedFeatures=-1 needsRepaint=-1 placementChanged=-1
M10_MAPLIBRE event=frame-full ns=42938237432790 map=0x7fa66c0046a0 thread=0x7fa6857fa6c0 seq=0 source= submittedBytes=-1 submittedFeatures=-1 needsRepaint=1 placementChanged=0
M10_MAPLIBRE event=frame-start ns=42938246637542 map=0x7fa66c0046a0 thread=0x7fa6857fa6c0 seq=0 source= submittedBytes=-1 submittedFeatures=-1 needsRepaint=-1 placementChanged=-1
M10_MAPLIBRE event=frame-full ns=42938246669260 map=0x7fa66c0046a0 thread=0x7fa6857fa6c0 seq=0 source= submittedBytes=-1 submittedFeatures=-1 needsRepaint=1 placementChanged=0
M10_MAPLIBRE event=frame-start ns=42938257261343 map=0x7fa66c0046a0 thread=0x7fa6857fa6c0 seq=0 source= submittedBytes=-1 submittedFeatures=-1 needsRepaint=-1 placementChanged=-1
M10_MAPLIBRE event=frame-full ns=42938257291833 map=0x7fa66c0046a0 thread=0x7fa6857fa6c0 seq=0 source= submittedBytes=-1 submittedFeatures=-1 needsRepaint=1 placementChanged=0
M10_MAPLIBRE event=frame-start ns=42938268694734 map=0x7fa66c0046a0 thread=0x7fa6857fa6c0 seq=0 source= submittedBytes=-1 submittedFeatures=-1 needsRepaint=-1 placementChanged=-1
M10_MAPLIBRE event=frame-full ns=42938268726096 map=0x7fa66c0046a0 thread=0x7fa6857fa6c0 seq=0 source= submittedBytes=-1 submittedFeatures=-1 needsRepaint=1 placementChanged=0
M10_MAPLIBRE event=frame-start ns=42938284392861 map=0x7fa66c0046a0 thread=0x7fa6857fa6c0 seq=0 source= submittedBytes=-1 submittedFeatures=-1 needsRepaint=-1 placementChanged=-1
M10_MAPLIBRE event=frame-full ns=42938284423648 map=0x7fa66c0046a0 thread=0x7fa6857fa6c0 seq=0 source= submittedBytes=-1 submittedFeatures=-1 needsRepaint=0 placementChanged=1
M10_MAPLIBRE event=frame-start ns=42938295126924 map=0x7fa66c0046a0 thread=0x7fa6857fa6c0 seq=0 source= submittedBytes=-1 submittedFeatures=-1 needsRepaint=-1 placementChanged=-1
M10_MAPLIBRE event=frame-full ns=42938295228611 map=0x7fa66c0046a0 thread=0x7fa6857fa6c0 seq=0 source= submittedBytes=-1 submittedFeatures=-1 needsRepaint=1 placementChanged=0
M10_HOST stage=4-budget submit_ns=42938700818520 features=145
M10_MAPLIBRE event=source-update-enter ns=42938705232689 map=0x7fa66c0046a0 thread=0x7fa6857fa6c0 seq=4 source=hdb-addresses submittedBytes=51947 submittedFeatures=-1 needsRepaint=-1 placementChanged=-1
M10_MAPLIBRE event=source-change ns=42938706086254 map=0x7fa66c0046a0 thread=0x7fa6857fa6c0 seq=0 source=hdb-addresses submittedBytes=-1 submittedFeatures=-1 needsRepaint=-1 placementChanged=-1
M10_MAPLIBRE event=source-update-return ns=42938706157345 map=0x7fa66c0046a0 thread=0x7fa6857fa6c0 seq=4 source=hdb-addresses submittedBytes=51947 submittedFeatures=-1 needsRepaint=-1 placementChanged=-1
M10_MAPLIBRE event=frame-start ns=42938713072460 map=0x7fa66c0046a0 thread=0x7fa6857fa6c0 seq=0 source= submittedBytes=-1 submittedFeatures=-1 needsRepaint=-1 placementChanged=-1
M10_MAPLIBRE event=frame-full ns=42938713496774 map=0x7fa66c0046a0 thread=0x7fa6857fa6c0 seq=0 source= submittedBytes=-1 submittedFeatures=-1 needsRepaint=0 placementChanged=1
M10_MAPLIBRE event=frame-start ns=42938725452321 map=0x7fa66c0046a0 thread=0x7fa6857fa6c0 seq=0 source= submittedBytes=-1 submittedFeatures=-1 needsRepaint=-1 placementChanged=-1
M10_MAPLIBRE event=frame-full ns=42938725497235 map=0x7fa66c0046a0 thread=0x7fa6857fa6c0 seq=0 source= submittedBytes=-1 submittedFeatures=-1 needsRepaint=1 placementChanged=0
M10_MAPLIBRE event=frame-start ns=42938736704238 map=0x7fa66c0046a0 thread=0x7fa6857fa6c0 seq=0 source= submittedBytes=-1 submittedFeatures=-1 needsRepaint=-1 placementChanged=-1
M10_MAPLIBRE event=frame-full ns=42938736748813 map=0x7fa66c0046a0 thread=0x7fa6857fa6c0 seq=0 source= submittedBytes=-1 submittedFeatures=-1 needsRepaint=1 placementChanged=0
M10_MAPLIBRE event=frame-start ns=42938747454585 map=0x7fa66c0046a0 thread=0x7fa6857fa6c0 seq=0 source= submittedBytes=-1 submittedFeatures=-1 needsRepaint=-1 placementChanged=-1
M10_MAPLIBRE event=frame-full ns=42938747502444 map=0x7fa66c0046a0 thread=0x7fa6857fa6c0 seq=0 source= submittedBytes=-1 submittedFeatures=-1 needsRepaint=1 placementChanged=0
M10_MAPLIBRE event=frame-start ns=42938757934707 map=0x7fa66c0046a0 thread=0x7fa6857fa6c0 seq=0 source= submittedBytes=-1 submittedFeatures=-1 needsRepaint=-1 placementChanged=-1
M10_MAPLIBRE event=frame-full ns=42938757974811 map=0x7fa66c0046a0 thread=0x7fa6857fa6c0 seq=0 source= submittedBytes=-1 submittedFeatures=-1 needsRepaint=1 placementChanged=0
M10_MAPLIBRE event=frame-start ns=42938769137869 map=0x7fa66c0046a0 thread=0x7fa6857fa6c0 seq=0 source= submittedBytes=-1 submittedFeatures=-1 needsRepaint=-1 placementChanged=-1
M10_MAPLIBRE event=frame-full ns=42938769193352 map=0x7fa66c0046a0 thread=0x7fa6857fa6c0 seq=0 source= submittedBytes=-1 submittedFeatures=-1 needsRepaint=1 placementChanged=0
M10_MAPLIBRE event=frame-start ns=42938779333436 map=0x7fa66c0046a0 thread=0x7fa6857fa6c0 seq=0 source= submittedBytes=-1 submittedFeatures=-1 needsRepaint=-1 placementChanged=-1
M10_MAPLIBRE event=frame-full ns=42938779364362 map=0x7fa66c0046a0 thread=0x7fa6857fa6c0 seq=0 source= submittedBytes=-1 submittedFeatures=-1 needsRepaint=1 placementChanged=0
M10_MAPLIBRE event=frame-start ns=42938790364939 map=0x7fa66c0046a0 thread=0x7fa6857fa6c0 seq=0 source= submittedBytes=-1 submittedFeatures=-1 needsRepaint=-1 placementChanged=-1
M10_MAPLIBRE event=frame-full ns=42938790397214 map=0x7fa66c0046a0 thread=0x7fa6857fa6c0 seq=0 source= submittedBytes=-1 submittedFeatures=-1 needsRepaint=1 placementChanged=0
M10_MAPLIBRE event=frame-start ns=42938803874843 map=0x7fa66c0046a0 thread=0x7fa6857fa6c0 seq=0 source= submittedBytes=-1 submittedFeatures=-1 needsRepaint=-1 placementChanged=-1
M10_MAPLIBRE event=frame-full ns=42938803933541 map=0x7fa66c0046a0 thread=0x7fa6857fa6c0 seq=0 source= submittedBytes=-1 submittedFeatures=-1 needsRepaint=1 placementChanged=0
M10_MAPLIBRE event=frame-start ns=42938815366279 map=0x7fa66c0046a0 thread=0x7fa6857fa6c0 seq=0 source= submittedBytes=-1 submittedFeatures=-1 needsRepaint=-1 placementChanged=-1
M10_MAPLIBRE event=frame-full ns=42938815397859 map=0x7fa66c0046a0 thread=0x7fa6857fa6c0 seq=0 source= submittedBytes=-1 submittedFeatures=-1 needsRepaint=1 placementChanged=0
M10_MAPLIBRE event=frame-start ns=42938825052558 map=0x7fa66c0046a0 thread=0x7fa6857fa6c0 seq=0 source= submittedBytes=-1 submittedFeatures=-1 needsRepaint=-1 placementChanged=-1
M10_MAPLIBRE event=frame-full ns=42938825084884 map=0x7fa66c0046a0 thread=0x7fa6857fa6c0 seq=0 source= submittedBytes=-1 submittedFeatures=-1 needsRepaint=1 placementChanged=0
M10_MAPLIBRE event=frame-start ns=42938835925735 map=0x7fa66c0046a0 thread=0x7fa6857fa6c0 seq=0 source= submittedBytes=-1 submittedFeatures=-1 needsRepaint=-1 placementChanged=-1
M10_MAPLIBRE event=frame-full ns=42938835958057 map=0x7fa66c0046a0 thread=0x7fa6857fa6c0 seq=0 source= submittedBytes=-1 submittedFeatures=-1 needsRepaint=1 placementChanged=0
M10_MAPLIBRE event=frame-start ns=42938845883117 map=0x7fa66c0046a0 thread=0x7fa6857fa6c0 seq=0 source= submittedBytes=-1 submittedFeatures=-1 needsRepaint=-1 placementChanged=-1
M10_MAPLIBRE event=frame-full ns=42938845916191 map=0x7fa66c0046a0 thread=0x7fa6857fa6c0 seq=0 source= submittedBytes=-1 submittedFeatures=-1 needsRepaint=1 placementChanged=0
M10_MAPLIBRE event=frame-start ns=42938855776692 map=0x7fa66c0046a0 thread=0x7fa6857fa6c0 seq=0 source= submittedBytes=-1 submittedFeatures=-1 needsRepaint=-1 placementChanged=-1
M10_MAPLIBRE event=frame-full ns=42938855809269 map=0x7fa66c0046a0 thread=0x7fa6857fa6c0 seq=0 source= submittedBytes=-1 submittedFeatures=-1 needsRepaint=1 placementChanged=0
M10_MAPLIBRE event=frame-start ns=42938865873790 map=0x7fa66c0046a0 thread=0x7fa6857fa6c0 seq=0 source= submittedBytes=-1 submittedFeatures=-1 needsRepaint=-1 placementChanged=-1
M10_MAPLIBRE event=frame-full ns=42938865941896 map=0x7fa66c0046a0 thread=0x7fa6857fa6c0 seq=0 source= submittedBytes=-1 submittedFeatures=-1 needsRepaint=1 placementChanged=0
M10_MAPLIBRE event=frame-start ns=42938876724056 map=0x7fa66c0046a0 thread=0x7fa6857fa6c0 seq=0 source= submittedBytes=-1 submittedFeatures=-1 needsRepaint=-1 placementChanged=-1
M10_MAPLIBRE event=frame-full ns=42938876757298 map=0x7fa66c0046a0 thread=0x7fa6857fa6c0 seq=0 source= submittedBytes=-1 submittedFeatures=-1 needsRepaint=1 placementChanged=0
M10_MAPLIBRE event=frame-start ns=42938888338005 map=0x7fa66c0046a0 thread=0x7fa6857fa6c0 seq=0 source= submittedBytes=-1 submittedFeatures=-1 needsRepaint=-1 placementChanged=-1
M10_MAPLIBRE event=frame-full ns=42938888371177 map=0x7fa66c0046a0 thread=0x7fa6857fa6c0 seq=0 source= submittedBytes=-1 submittedFeatures=-1 needsRepaint=1 placementChanged=0
M10_MAPLIBRE event=frame-start ns=42938900378708 map=0x7fa66c0046a0 thread=0x7fa6857fa6c0 seq=0 source= submittedBytes=-1 submittedFeatures=-1 needsRepaint=-1 placementChanged=-1
M10_MAPLIBRE event=frame-full ns=42938900411791 map=0x7fa66c0046a0 thread=0x7fa6857fa6c0 seq=0 source= submittedBytes=-1 submittedFeatures=-1 needsRepaint=1 placementChanged=0
M10_MAPLIBRE event=frame-start ns=42938911031546 map=0x7fa66c0046a0 thread=0x7fa6857fa6c0 seq=0 source= submittedBytes=-1 submittedFeatures=-1 needsRepaint=-1 placementChanged=-1
M10_MAPLIBRE event=frame-full ns=42938911064217 map=0x7fa66c0046a0 thread=0x7fa6857fa6c0 seq=0 source= submittedBytes=-1 submittedFeatures=-1 needsRepaint=1 placementChanged=0
M10_MAPLIBRE event=frame-start ns=42938923057179 map=0x7fa66c0046a0 thread=0x7fa6857fa6c0 seq=0 source= submittedBytes=-1 submittedFeatures=-1 needsRepaint=-1 placementChanged=-1
M10_MAPLIBRE event=frame-full ns=42938923089862 map=0x7fa66c0046a0 thread=0x7fa6857fa6c0 seq=0 source= submittedBytes=-1 submittedFeatures=-1 needsRepaint=1 placementChanged=0
M10_MAPLIBRE event=frame-start ns=42938933903899 map=0x7fa66c0046a0 thread=0x7fa6857fa6c0 seq=0 source= submittedBytes=-1 submittedFeatures=-1 needsRepaint=-1 placementChanged=-1
M10_MAPLIBRE event=frame-full ns=42938933936754 map=0x7fa66c0046a0 thread=0x7fa6857fa6c0 seq=0 source= submittedBytes=-1 submittedFeatures=-1 needsRepaint=1 placementChanged=0
M10_MAPLIBRE event=frame-start ns=42938945459298 map=0x7fa66c0046a0 thread=0x7fa6857fa6c0 seq=0 source= submittedBytes=-1 submittedFeatures=-1 needsRepaint=-1 placementChanged=-1
M10_MAPLIBRE event=frame-full ns=42938945491256 map=0x7fa66c0046a0 thread=0x7fa6857fa6c0 seq=0 source= submittedBytes=-1 submittedFeatures=-1 needsRepaint=1 placementChanged=0
M10_MAPLIBRE event=frame-start ns=42938955711123 map=0x7fa66c0046a0 thread=0x7fa6857fa6c0 seq=0 source= submittedBytes=-1 submittedFeatures=-1 needsRepaint=-1 placementChanged=-1
M10_MAPLIBRE event=frame-full ns=42938955744277 map=0x7fa66c0046a0 thread=0x7fa6857fa6c0 seq=0 source= submittedBytes=-1 submittedFeatures=-1 needsRepaint=1 placementChanged=0
M10_MAPLIBRE event=frame-start ns=42938966527890 map=0x7fa66c0046a0 thread=0x7fa6857fa6c0 seq=0 source= submittedBytes=-1 submittedFeatures=-1 needsRepaint=-1 placementChanged=-1
M10_MAPLIBRE event=frame-full ns=42938966559214 map=0x7fa66c0046a0 thread=0x7fa6857fa6c0 seq=0 source= submittedBytes=-1 submittedFeatures=-1 needsRepaint=1 placementChanged=0
M10_MAPLIBRE event=frame-start ns=42938977444827 map=0x7fa66c0046a0 thread=0x7fa6857fa6c0 seq=0 source= submittedBytes=-1 submittedFeatures=-1 needsRepaint=-1 placementChanged=-1
M10_MAPLIBRE event=frame-full ns=42938977476603 map=0x7fa66c0046a0 thread=0x7fa6857fa6c0 seq=0 source= submittedBytes=-1 submittedFeatures=-1 needsRepaint=1 placementChanged=0
M10_MAPLIBRE event=frame-start ns=42938987922441 map=0x7fa66c0046a0 thread=0x7fa6857fa6c0 seq=0 source= submittedBytes=-1 submittedFeatures=-1 needsRepaint=-1 placementChanged=-1
M10_MAPLIBRE event=frame-full ns=42938987952583 map=0x7fa66c0046a0 thread=0x7fa6857fa6c0 seq=0 source= submittedBytes=-1 submittedFeatures=-1 needsRepaint=1 placementChanged=0
M10_MAPLIBRE event=frame-start ns=42938997817030 map=0x7fa66c0046a0 thread=0x7fa6857fa6c0 seq=0 source= submittedBytes=-1 submittedFeatures=-1 needsRepaint=-1 placementChanged=-1
M10_MAPLIBRE event=frame-full ns=42938997848900 map=0x7fa66c0046a0 thread=0x7fa6857fa6c0 seq=0 source= submittedBytes=-1 submittedFeatures=-1 needsRepaint=1 placementChanged=0
M10_MAPLIBRE event=frame-start ns=42939008921470 map=0x7fa66c0046a0 thread=0x7fa6857fa6c0 seq=0 source= submittedBytes=-1 submittedFeatures=-1 needsRepaint=-1 placementChanged=-1
M10_MAPLIBRE event=frame-full ns=42939008954126 map=0x7fa66c0046a0 thread=0x7fa6857fa6c0 seq=0 source= submittedBytes=-1 submittedFeatures=-1 needsRepaint=1 placementChanged=0
M10_MAPLIBRE event=frame-start ns=42939022485251 map=0x7fa66c0046a0 thread=0x7fa6857fa6c0 seq=0 source= submittedBytes=-1 submittedFeatures=-1 needsRepaint=-1 placementChanged=-1
M10_MAPLIBRE event=frame-full ns=42939022517660 map=0x7fa66c0046a0 thread=0x7fa6857fa6c0 seq=0 source= submittedBytes=-1 submittedFeatures=-1 needsRepaint=0 placementChanged=1
M10_MAPLIBRE event=frame-start ns=42939034102956 map=0x7fa66c0046a0 thread=0x7fa6857fa6c0 seq=0 source= submittedBytes=-1 submittedFeatures=-1 needsRepaint=-1 placementChanged=-1
M10_MAPLIBRE event=frame-full ns=42939034135053 map=0x7fa66c0046a0 thread=0x7fa6857fa6c0 seq=0 source= submittedBytes=-1 submittedFeatures=-1 needsRepaint=1 placementChanged=0
M10_HOST stage=5-full submit_ns=42939451202334 features=7618
M10_MAPLIBRE event=source-update-enter ns=42939455923445 map=0x7fa66c0046a0 thread=0x7fa6857fa6c0 seq=5 source=hdb-addresses submittedBytes=2733353 submittedFeatures=-1 needsRepaint=-1 placementChanged=-1
M10_MAPLIBRE event=source-change ns=42939509106440 map=0x7fa66c0046a0 thread=0x7fa6857fa6c0 seq=0 source=hdb-addresses submittedBytes=-1 submittedFeatures=-1 needsRepaint=-1 placementChanged=-1
M10_MAPLIBRE event=source-update-return ns=42939513743041 map=0x7fa66c0046a0 thread=0x7fa6857fa6c0 seq=5 source=hdb-addresses submittedBytes=2733353 submittedFeatures=-1 needsRepaint=-1 placementChanged=-1
M10_MAPLIBRE event=frame-start ns=42939521500233 map=0x7fa66c0046a0 thread=0x7fa6857fa6c0 seq=0 source= submittedBytes=-1 submittedFeatures=-1 needsRepaint=-1 placementChanged=-1
M10_MAPLIBRE event=frame-partial ns=42939521533323 map=0x7fa66c0046a0 thread=0x7fa6857fa6c0 seq=0 source= submittedBytes=-1 submittedFeatures=-1 needsRepaint=1 placementChanged=1
M10_MAPLIBRE event=frame-start ns=42939535387505 map=0x7fa66c0046a0 thread=0x7fa6857fa6c0 seq=0 source= submittedBytes=-1 submittedFeatures=-1 needsRepaint=-1 placementChanged=-1
M10_MAPLIBRE event=frame-partial ns=42939535424799 map=0x7fa66c0046a0 thread=0x7fa6857fa6c0 seq=0 source= submittedBytes=-1 submittedFeatures=-1 needsRepaint=1 placementChanged=0
M10_MAPLIBRE event=frame-start ns=42939547073397 map=0x7fa66c0046a0 thread=0x7fa6857fa6c0 seq=0 source= submittedBytes=-1 submittedFeatures=-1 needsRepaint=-1 placementChanged=-1
M10_MAPLIBRE event=frame-partial ns=42939547108784 map=0x7fa66c0046a0 thread=0x7fa6857fa6c0 seq=0 source= submittedBytes=-1 submittedFeatures=-1 needsRepaint=1 placementChanged=0
M10_MAPLIBRE event=frame-start ns=42939558736242 map=0x7fa66c0046a0 thread=0x7fa6857fa6c0 seq=0 source= submittedBytes=-1 submittedFeatures=-1 needsRepaint=-1 placementChanged=-1
M10_MAPLIBRE event=frame-partial ns=42939558770077 map=0x7fa66c0046a0 thread=0x7fa6857fa6c0 seq=0 source= submittedBytes=-1 submittedFeatures=-1 needsRepaint=1 placementChanged=0
M10_MAPLIBRE event=frame-start ns=42939571010503 map=0x7fa66c0046a0 thread=0x7fa6857fa6c0 seq=0 source= submittedBytes=-1 submittedFeatures=-1 needsRepaint=-1 placementChanged=-1
M10_MAPLIBRE event=frame-partial ns=42939571047918 map=0x7fa66c0046a0 thread=0x7fa6857fa6c0 seq=0 source= submittedBytes=-1 submittedFeatures=-1 needsRepaint=1 placementChanged=0
M10_MAPLIBRE event=frame-start ns=42939582938268 map=0x7fa66c0046a0 thread=0x7fa6857fa6c0 seq=0 source= submittedBytes=-1 submittedFeatures=-1 needsRepaint=-1 placementChanged=-1
M10_MAPLIBRE event=frame-partial ns=42939582982197 map=0x7fa66c0046a0 thread=0x7fa6857fa6c0 seq=0 source= submittedBytes=-1 submittedFeatures=-1 needsRepaint=1 placementChanged=0
M10_MAPLIBRE event=frame-start ns=42939592943678 map=0x7fa66c0046a0 thread=0x7fa6857fa6c0 seq=0 source= submittedBytes=-1 submittedFeatures=-1 needsRepaint=-1 placementChanged=-1
M10_MAPLIBRE event=frame-partial ns=42939592976215 map=0x7fa66c0046a0 thread=0x7fa6857fa6c0 seq=0 source= submittedBytes=-1 submittedFeatures=-1 needsRepaint=1 placementChanged=0
M10_MAPLIBRE event=frame-start ns=42939604027179 map=0x7fa66c0046a0 thread=0x7fa6857fa6c0 seq=0 source= submittedBytes=-1 submittedFeatures=-1 needsRepaint=-1 placementChanged=-1
M10_MAPLIBRE event=frame-partial ns=42939604058579 map=0x7fa66c0046a0 thread=0x7fa6857fa6c0 seq=0 source= submittedBytes=-1 submittedFeatures=-1 needsRepaint=1 placementChanged=0
M10_MAPLIBRE event=frame-start ns=42939617996348 map=0x7fa66c0046a0 thread=0x7fa6857fa6c0 seq=0 source= submittedBytes=-1 submittedFeatures=-1 needsRepaint=-1 placementChanged=-1
M10_MAPLIBRE event=frame-partial ns=42939620631145 map=0x7fa66c0046a0 thread=0x7fa6857fa6c0 seq=0 source= submittedBytes=-1 submittedFeatures=-1 needsRepaint=1 placementChanged=0
M10_MAPLIBRE event=frame-start ns=42939631204909 map=0x7fa66c0046a0 thread=0x7fa6857fa6c0 seq=0 source= submittedBytes=-1 submittedFeatures=-1 needsRepaint=-1 placementChanged=-1
M10_MAPLIBRE event=frame-partial ns=42939634727055 map=0x7fa66c0046a0 thread=0x7fa6857fa6c0 seq=0 source= submittedBytes=-1 submittedFeatures=-1 needsRepaint=1 placementChanged=0
M10_MAPLIBRE event=frame-start ns=42939670395482 map=0x7fa66c0046a0 thread=0x7fa6857fa6c0 seq=0 source= submittedBytes=-1 submittedFeatures=-1 needsRepaint=-1 placementChanged=-1
M10_MAPLIBRE event=frame-partial ns=42939670536480 map=0x7fa66c0046a0 thread=0x7fa6857fa6c0 seq=0 source= submittedBytes=-1 submittedFeatures=-1 needsRepaint=1 placementChanged=0
M10_MAPLIBRE event=frame-start ns=42939686825813 map=0x7fa66c0046a0 thread=0x7fa6857fa6c0 seq=0 source= submittedBytes=-1 submittedFeatures=-1 needsRepaint=-1 placementChanged=-1
M10_MAPLIBRE event=frame-partial ns=42939686858769 map=0x7fa66c0046a0 thread=0x7fa6857fa6c0 seq=0 source= submittedBytes=-1 submittedFeatures=-1 needsRepaint=1 placementChanged=0
M10_MAPLIBRE event=frame-start ns=42939702227721 map=0x7fa66c0046a0 thread=0x7fa6857fa6c0 seq=0 source= submittedBytes=-1 submittedFeatures=-1 needsRepaint=-1 placementChanged=-1
M10_MAPLIBRE event=frame-full ns=42939702278377 map=0x7fa66c0046a0 thread=0x7fa6857fa6c0 seq=0 source= submittedBytes=-1 submittedFeatures=-1 needsRepaint=1 placementChanged=0
M10_MAPLIBRE event=frame-start ns=42939716378030 map=0x7fa66c0046a0 thread=0x7fa6857fa6c0 seq=0 source= submittedBytes=-1 submittedFeatures=-1 needsRepaint=-1 placementChanged=-1
M10_MAPLIBRE event=frame-full ns=42939716411831 map=0x7fa66c0046a0 thread=0x7fa6857fa6c0 seq=0 source= submittedBytes=-1 submittedFeatures=-1 needsRepaint=1 placementChanged=0
M10_MAPLIBRE event=frame-start ns=42939729915991 map=0x7fa66c0046a0 thread=0x7fa6857fa6c0 seq=0 source= submittedBytes=-1 submittedFeatures=-1 needsRepaint=-1 placementChanged=-1
M10_MAPLIBRE event=frame-full ns=42939729950951 map=0x7fa66c0046a0 thread=0x7fa6857fa6c0 seq=0 source= submittedBytes=-1 submittedFeatures=-1 needsRepaint=1 placementChanged=0
M10_MAPLIBRE event=frame-start ns=42939742774905 map=0x7fa66c0046a0 thread=0x7fa6857fa6c0 seq=0 source= submittedBytes=-1 submittedFeatures=-1 needsRepaint=-1 placementChanged=-1
M10_MAPLIBRE event=frame-full ns=42939742836693 map=0x7fa66c0046a0 thread=0x7fa6857fa6c0 seq=0 source= submittedBytes=-1 submittedFeatures=-1 needsRepaint=1 placementChanged=0
M10_MAPLIBRE event=frame-start ns=42939757502575 map=0x7fa66c0046a0 thread=0x7fa6857fa6c0 seq=0 source= submittedBytes=-1 submittedFeatures=-1 needsRepaint=-1 placementChanged=-1
M10_MAPLIBRE event=frame-full ns=42939757535979 map=0x7fa66c0046a0 thread=0x7fa6857fa6c0 seq=0 source= submittedBytes=-1 submittedFeatures=-1 needsRepaint=1 placementChanged=0
M10_MAPLIBRE event=frame-start ns=42939771160941 map=0x7fa66c0046a0 thread=0x7fa6857fa6c0 seq=0 source= submittedBytes=-1 submittedFeatures=-1 needsRepaint=-1 placementChanged=-1
M10_MAPLIBRE event=frame-full ns=42939771221795 map=0x7fa66c0046a0 thread=0x7fa6857fa6c0 seq=0 source= submittedBytes=-1 submittedFeatures=-1 needsRepaint=1 placementChanged=0
M10_MAPLIBRE event=frame-start ns=42939786156173 map=0x7fa66c0046a0 thread=0x7fa6857fa6c0 seq=0 source= submittedBytes=-1 submittedFeatures=-1 needsRepaint=-1 placementChanged=-1
M10_MAPLIBRE event=frame-full ns=42939786217450 map=0x7fa66c0046a0 thread=0x7fa6857fa6c0 seq=0 source= submittedBytes=-1 submittedFeatures=-1 needsRepaint=1 placementChanged=0
M10_MAPLIBRE event=frame-start ns=42939802238305 map=0x7fa66c0046a0 thread=0x7fa6857fa6c0 seq=0 source= submittedBytes=-1 submittedFeatures=-1 needsRepaint=-1 placementChanged=-1
M10_MAPLIBRE event=frame-full ns=42939802310757 map=0x7fa66c0046a0 thread=0x7fa6857fa6c0 seq=0 source= submittedBytes=-1 submittedFeatures=-1 needsRepaint=1 placementChanged=0
M10_MAPLIBRE event=frame-start ns=42939822539527 map=0x7fa66c0046a0 thread=0x7fa6857fa6c0 seq=0 source= submittedBytes=-1 submittedFeatures=-1 needsRepaint=-1 placementChanged=-1
M10_MAPLIBRE event=frame-full ns=42939822719126 map=0x7fa66c0046a0 thread=0x7fa6857fa6c0 seq=0 source= submittedBytes=-1 submittedFeatures=-1 needsRepaint=1 placementChanged=0
M10_MAPLIBRE event=frame-start ns=42939839516130 map=0x7fa66c0046a0 thread=0x7fa6857fa6c0 seq=0 source= submittedBytes=-1 submittedFeatures=-1 needsRepaint=-1 placementChanged=-1
M10_MAPLIBRE event=frame-full ns=42939839595115 map=0x7fa66c0046a0 thread=0x7fa6857fa6c0 seq=0 source= submittedBytes=-1 submittedFeatures=-1 needsRepaint=0 placementChanged=1
M10_MAPLIBRE event=frame-start ns=42939855847016 map=0x7fa66c0046a0 thread=0x7fa6857fa6c0 seq=0 source= submittedBytes=-1 submittedFeatures=-1 needsRepaint=-1 placementChanged=-1
M10_MAPLIBRE event=frame-full ns=42939855882300 map=0x7fa66c0046a0 thread=0x7fa6857fa6c0 seq=0 source= submittedBytes=-1 submittedFeatures=-1 needsRepaint=1 placementChanged=0
M10_HOST stage=6-empty submit_ns=42940300771658 features=0
M10_MAPLIBRE event=source-update-enter ns=42940305295321 map=0x7fa66c0046a0 thread=0x7fa6857fa6c0 seq=6 source=hdb-addresses submittedBytes=42 submittedFeatures=-1 needsRepaint=-1 placementChanged=-1
M10_MAPLIBRE event=source-change ns=42940305367461 map=0x7fa66c0046a0 thread=0x7fa6857fa6c0 seq=0 source=hdb-addresses submittedBytes=-1 submittedFeatures=-1 needsRepaint=-1 placementChanged=-1
M10_MAPLIBRE event=source-update-return ns=42940305382969 map=0x7fa66c0046a0 thread=0x7fa6857fa6c0 seq=6 source=hdb-addresses submittedBytes=42 submittedFeatures=-1 needsRepaint=-1 placementChanged=-1
M10_MAPLIBRE event=frame-start ns=42940318310990 map=0x7fa66c0046a0 thread=0x7fa6857fa6c0 seq=0 source= submittedBytes=-1 submittedFeatures=-1 needsRepaint=-1 placementChanged=-1
M10_MAPLIBRE event=frame-partial ns=42940318429234 map=0x7fa66c0046a0 thread=0x7fa6857fa6c0 seq=0 source= submittedBytes=-1 submittedFeatures=-1 needsRepaint=1 placementChanged=1
M10_MAPLIBRE event=frame-start ns=42940349105985 map=0x7fa66c0046a0 thread=0x7fa6857fa6c0 seq=0 source= submittedBytes=-1 submittedFeatures=-1 needsRepaint=-1 placementChanged=-1
M10_MAPLIBRE event=frame-full ns=42940349255538 map=0x7fa66c0046a0 thread=0x7fa6857fa6c0 seq=0 source= submittedBytes=-1 submittedFeatures=-1 needsRepaint=1 placementChanged=0
M10_MAPLIBRE event=frame-start ns=42940359794469 map=0x7fa66c0046a0 thread=0x7fa6857fa6c0 seq=0 source= submittedBytes=-1 submittedFeatures=-1 needsRepaint=-1 placementChanged=-1
M10_MAPLIBRE event=frame-full ns=42940359833571 map=0x7fa66c0046a0 thread=0x7fa6857fa6c0 seq=0 source= submittedBytes=-1 submittedFeatures=-1 needsRepaint=1 placementChanged=0
M10_MAPLIBRE event=frame-start ns=42940369374028 map=0x7fa66c0046a0 thread=0x7fa6857fa6c0 seq=0 source= submittedBytes=-1 submittedFeatures=-1 needsRepaint=-1 placementChanged=-1
M10_MAPLIBRE event=frame-full ns=42940369422120 map=0x7fa66c0046a0 thread=0x7fa6857fa6c0 seq=0 source= submittedBytes=-1 submittedFeatures=-1 needsRepaint=1 placementChanged=0
M10_MAPLIBRE event=frame-start ns=42940379289674 map=0x7fa66c0046a0 thread=0x7fa6857fa6c0 seq=0 source= submittedBytes=-1 submittedFeatures=-1 needsRepaint=-1 placementChanged=-1
M10_MAPLIBRE event=frame-full ns=42940379323116 map=0x7fa66c0046a0 thread=0x7fa6857fa6c0 seq=0 source= submittedBytes=-1 submittedFeatures=-1 needsRepaint=1 placementChanged=0
M10_MAPLIBRE event=frame-start ns=42940389436656 map=0x7fa66c0046a0 thread=0x7fa6857fa6c0 seq=0 source= submittedBytes=-1 submittedFeatures=-1 needsRepaint=-1 placementChanged=-1
M10_MAPLIBRE event=frame-full ns=42940389469192 map=0x7fa66c0046a0 thread=0x7fa6857fa6c0 seq=0 source= submittedBytes=-1 submittedFeatures=-1 needsRepaint=1 placementChanged=0
M10_MAPLIBRE event=frame-start ns=42940400034935 map=0x7fa66c0046a0 thread=0x7fa6857fa6c0 seq=0 source= submittedBytes=-1 submittedFeatures=-1 needsRepaint=-1 placementChanged=-1
M10_MAPLIBRE event=frame-full ns=42940400079012 map=0x7fa66c0046a0 thread=0x7fa6857fa6c0 seq=0 source= submittedBytes=-1 submittedFeatures=-1 needsRepaint=1 placementChanged=0
M10_MAPLIBRE event=frame-start ns=42940409831168 map=0x7fa66c0046a0 thread=0x7fa6857fa6c0 seq=0 source= submittedBytes=-1 submittedFeatures=-1 needsRepaint=-1 placementChanged=-1
M10_MAPLIBRE event=frame-full ns=42940409864041 map=0x7fa66c0046a0 thread=0x7fa6857fa6c0 seq=0 source= submittedBytes=-1 submittedFeatures=-1 needsRepaint=1 placementChanged=0
M10_MAPLIBRE event=frame-start ns=42940422478683 map=0x7fa66c0046a0 thread=0x7fa6857fa6c0 seq=0 source= submittedBytes=-1 submittedFeatures=-1 needsRepaint=-1 placementChanged=-1
M10_MAPLIBRE event=frame-full ns=42940422511645 map=0x7fa66c0046a0 thread=0x7fa6857fa6c0 seq=0 source= submittedBytes=-1 submittedFeatures=-1 needsRepaint=1 placementChanged=0
M10_MAPLIBRE event=frame-start ns=42940433018793 map=0x7fa66c0046a0 thread=0x7fa6857fa6c0 seq=0 source= submittedBytes=-1 submittedFeatures=-1 needsRepaint=-1 placementChanged=-1
M10_MAPLIBRE event=frame-full ns=42940433101080 map=0x7fa66c0046a0 thread=0x7fa6857fa6c0 seq=0 source= submittedBytes=-1 submittedFeatures=-1 needsRepaint=1 placementChanged=0
M10_MAPLIBRE event=frame-start ns=42940443916792 map=0x7fa66c0046a0 thread=0x7fa6857fa6c0 seq=0 source= submittedBytes=-1 submittedFeatures=-1 needsRepaint=-1 placementChanged=-1
M10_MAPLIBRE event=frame-full ns=42940443991883 map=0x7fa66c0046a0 thread=0x7fa6857fa6c0 seq=0 source= submittedBytes=-1 submittedFeatures=-1 needsRepaint=1 placementChanged=0
M10_MAPLIBRE event=frame-start ns=42940453851581 map=0x7fa66c0046a0 thread=0x7fa6857fa6c0 seq=0 source= submittedBytes=-1 submittedFeatures=-1 needsRepaint=-1 placementChanged=-1
M10_MAPLIBRE event=frame-full ns=42940453924761 map=0x7fa66c0046a0 thread=0x7fa6857fa6c0 seq=0 source= submittedBytes=-1 submittedFeatures=-1 needsRepaint=1 placementChanged=0
M10_MAPLIBRE event=frame-start ns=42940463447725 map=0x7fa66c0046a0 thread=0x7fa6857fa6c0 seq=0 source= submittedBytes=-1 submittedFeatures=-1 needsRepaint=-1 placementChanged=-1
M10_MAPLIBRE event=frame-full ns=42940463520938 map=0x7fa66c0046a0 thread=0x7fa6857fa6c0 seq=0 source= submittedBytes=-1 submittedFeatures=-1 needsRepaint=1 placementChanged=0
M10_MAPLIBRE event=frame-start ns=42940473239287 map=0x7fa66c0046a0 thread=0x7fa6857fa6c0 seq=0 source= submittedBytes=-1 submittedFeatures=-1 needsRepaint=-1 placementChanged=-1
M10_MAPLIBRE event=frame-full ns=42940473314150 map=0x7fa66c0046a0 thread=0x7fa6857fa6c0 seq=0 source= submittedBytes=-1 submittedFeatures=-1 needsRepaint=1 placementChanged=0
M10_MAPLIBRE event=frame-start ns=42940483429157 map=0x7fa66c0046a0 thread=0x7fa6857fa6c0 seq=0 source= submittedBytes=-1 submittedFeatures=-1 needsRepaint=-1 placementChanged=-1
M10_MAPLIBRE event=frame-full ns=42940483497538 map=0x7fa66c0046a0 thread=0x7fa6857fa6c0 seq=0 source= submittedBytes=-1 submittedFeatures=-1 needsRepaint=1 placementChanged=0
M10_MAPLIBRE event=frame-start ns=42940493527326 map=0x7fa66c0046a0 thread=0x7fa6857fa6c0 seq=0 source= submittedBytes=-1 submittedFeatures=-1 needsRepaint=-1 placementChanged=-1
M10_MAPLIBRE event=frame-full ns=42940493559995 map=0x7fa66c0046a0 thread=0x7fa6857fa6c0 seq=0 source= submittedBytes=-1 submittedFeatures=-1 needsRepaint=1 placementChanged=0
M10_MAPLIBRE event=frame-start ns=42940518142037 map=0x7fa66c0046a0 thread=0x7fa6857fa6c0 seq=0 source= submittedBytes=-1 submittedFeatures=-1 needsRepaint=-1 placementChanged=-1
M10_MAPLIBRE event=frame-full ns=42940518197030 map=0x7fa66c0046a0 thread=0x7fa6857fa6c0 seq=0 source= submittedBytes=-1 submittedFeatures=-1 needsRepaint=1 placementChanged=0
M10_MAPLIBRE event=frame-start ns=42940528472524 map=0x7fa66c0046a0 thread=0x7fa6857fa6c0 seq=0 source= submittedBytes=-1 submittedFeatures=-1 needsRepaint=-1 placementChanged=-1
M10_MAPLIBRE event=frame-full ns=42940528583295 map=0x7fa66c0046a0 thread=0x7fa6857fa6c0 seq=0 source= submittedBytes=-1 submittedFeatures=-1 needsRepaint=1 placementChanged=0
M10_MAPLIBRE event=frame-start ns=42940539712251 map=0x7fa66c0046a0 thread=0x7fa6857fa6c0 seq=0 source= submittedBytes=-1 submittedFeatures=-1 needsRepaint=-1 placementChanged=-1
M10_MAPLIBRE event=frame-full ns=42940539745505 map=0x7fa66c0046a0 thread=0x7fa6857fa6c0 seq=0 source= submittedBytes=-1 submittedFeatures=-1 needsRepaint=1 placementChanged=0
M10_MAPLIBRE event=frame-start ns=42940556560750 map=0x7fa66c0046a0 thread=0x7fa6857fa6c0 seq=0 source= submittedBytes=-1 submittedFeatures=-1 needsRepaint=-1 placementChanged=-1
M10_MAPLIBRE event=frame-full ns=42940556594608 map=0x7fa66c0046a0 thread=0x7fa6857fa6c0 seq=0 source= submittedBytes=-1 submittedFeatures=-1 needsRepaint=1 placementChanged=0
M10_MAPLIBRE event=frame-start ns=42940566689674 map=0x7fa66c0046a0 thread=0x7fa6857fa6c0 seq=0 source= submittedBytes=-1 submittedFeatures=-1 needsRepaint=-1 placementChanged=-1
M10_MAPLIBRE event=frame-full ns=42940566723187 map=0x7fa66c0046a0 thread=0x7fa6857fa6c0 seq=0 source= submittedBytes=-1 submittedFeatures=-1 needsRepaint=1 placementChanged=0
M10_MAPLIBRE event=frame-start ns=42940577158465 map=0x7fa66c0046a0 thread=0x7fa6857fa6c0 seq=0 source= submittedBytes=-1 submittedFeatures=-1 needsRepaint=-1 placementChanged=-1
M10_MAPLIBRE event=frame-full ns=42940577230725 map=0x7fa66c0046a0 thread=0x7fa6857fa6c0 seq=0 source= submittedBytes=-1 submittedFeatures=-1 needsRepaint=1 placementChanged=0
M10_MAPLIBRE event=frame-start ns=42940587866867 map=0x7fa66c0046a0 thread=0x7fa6857fa6c0 seq=0 source= submittedBytes=-1 submittedFeatures=-1 needsRepaint=-1 placementChanged=-1
M10_MAPLIBRE event=frame-full ns=42940587901320 map=0x7fa66c0046a0 thread=0x7fa6857fa6c0 seq=0 source= submittedBytes=-1 submittedFeatures=-1 needsRepaint=1 placementChanged=0
M10_MAPLIBRE event=frame-start ns=42940597280694 map=0x7fa66c0046a0 thread=0x7fa6857fa6c0 seq=0 source= submittedBytes=-1 submittedFeatures=-1 needsRepaint=-1 placementChanged=-1
M10_MAPLIBRE event=frame-full ns=42940597313695 map=0x7fa66c0046a0 thread=0x7fa6857fa6c0 seq=0 source= submittedBytes=-1 submittedFeatures=-1 needsRepaint=1 placementChanged=0
M10_MAPLIBRE event=frame-start ns=42940607205696 map=0x7fa66c0046a0 thread=0x7fa6857fa6c0 seq=0 source= submittedBytes=-1 submittedFeatures=-1 needsRepaint=-1 placementChanged=-1
M10_MAPLIBRE event=frame-full ns=42940607239564 map=0x7fa66c0046a0 thread=0x7fa6857fa6c0 seq=0 source= submittedBytes=-1 submittedFeatures=-1 needsRepaint=1 placementChanged=0
M10_MAPLIBRE event=frame-start ns=42940789188637 map=0x7fa66c0046a0 thread=0x7fa6857fa6c0 seq=0 source= submittedBytes=-1 submittedFeatures=-1 needsRepaint=-1 placementChanged=-1
M10_MAPLIBRE event=frame-full ns=42940789277832 map=0x7fa66c0046a0 thread=0x7fa6857fa6c0 seq=0 source= submittedBytes=-1 submittedFeatures=-1 needsRepaint=0 placementChanged=1
M10_MAPLIBRE event=frame-start ns=42940801403651 map=0x7fa66c0046a0 thread=0x7fa6857fa6c0 seq=0 source= submittedBytes=-1 submittedFeatures=-1 needsRepaint=-1 placementChanged=-1
M10_MAPLIBRE event=frame-full ns=42940801455223 map=0x7fa66c0046a0 thread=0x7fa6857fa6c0 seq=0 source= submittedBytes=-1 submittedFeatures=-1 needsRepaint=1 placementChanged=0
M10_HOST stage=7-full submit_ns=42941251813223 features=7618
M10_MAPLIBRE event=source-update-enter ns=42941256309169 map=0x7fa66c0046a0 thread=0x7fa6857fa6c0 seq=7 source=hdb-addresses submittedBytes=2733353 submittedFeatures=-1 needsRepaint=-1 placementChanged=-1
M10_MAPLIBRE event=source-change ns=42941309648220 map=0x7fa66c0046a0 thread=0x7fa6857fa6c0 seq=0 source=hdb-addresses submittedBytes=-1 submittedFeatures=-1 needsRepaint=-1 placementChanged=-1
M10_MAPLIBRE event=source-update-return ns=42941313654255 map=0x7fa66c0046a0 thread=0x7fa6857fa6c0 seq=7 source=hdb-addresses submittedBytes=2733353 submittedFeatures=-1 needsRepaint=-1 placementChanged=-1
M10_MAPLIBRE event=frame-start ns=42941320871958 map=0x7fa66c0046a0 thread=0x7fa6857fa6c0 seq=0 source= submittedBytes=-1 submittedFeatures=-1 needsRepaint=-1 placementChanged=-1
M10_MAPLIBRE event=frame-partial ns=42941320905401 map=0x7fa66c0046a0 thread=0x7fa6857fa6c0 seq=0 source= submittedBytes=-1 submittedFeatures=-1 needsRepaint=1 placementChanged=1
M10_MAPLIBRE event=frame-start ns=42941334645308 map=0x7fa66c0046a0 thread=0x7fa6857fa6c0 seq=0 source= submittedBytes=-1 submittedFeatures=-1 needsRepaint=-1 placementChanged=-1
M10_MAPLIBRE event=frame-partial ns=42941334685079 map=0x7fa66c0046a0 thread=0x7fa6857fa6c0 seq=0 source= submittedBytes=-1 submittedFeatures=-1 needsRepaint=1 placementChanged=0
M10_MAPLIBRE event=frame-start ns=42941346775652 map=0x7fa66c0046a0 thread=0x7fa6857fa6c0 seq=0 source= submittedBytes=-1 submittedFeatures=-1 needsRepaint=-1 placementChanged=-1
M10_MAPLIBRE event=frame-partial ns=42941346813167 map=0x7fa66c0046a0 thread=0x7fa6857fa6c0 seq=0 source= submittedBytes=-1 submittedFeatures=-1 needsRepaint=1 placementChanged=0
M10_MAPLIBRE event=frame-start ns=42941358520481 map=0x7fa66c0046a0 thread=0x7fa6857fa6c0 seq=0 source= submittedBytes=-1 submittedFeatures=-1 needsRepaint=-1 placementChanged=-1
M10_MAPLIBRE event=frame-partial ns=42941358556833 map=0x7fa66c0046a0 thread=0x7fa6857fa6c0 seq=0 source= submittedBytes=-1 submittedFeatures=-1 needsRepaint=1 placementChanged=0
M10_MAPLIBRE event=frame-start ns=42941369628655 map=0x7fa66c0046a0 thread=0x7fa6857fa6c0 seq=0 source= submittedBytes=-1 submittedFeatures=-1 needsRepaint=-1 placementChanged=-1
M10_MAPLIBRE event=frame-partial ns=42941369664069 map=0x7fa66c0046a0 thread=0x7fa6857fa6c0 seq=0 source= submittedBytes=-1 submittedFeatures=-1 needsRepaint=1 placementChanged=0
M10_MAPLIBRE event=frame-start ns=42941379707334 map=0x7fa66c0046a0 thread=0x7fa6857fa6c0 seq=0 source= submittedBytes=-1 submittedFeatures=-1 needsRepaint=-1 placementChanged=-1
M10_MAPLIBRE event=frame-partial ns=42941379850119 map=0x7fa66c0046a0 thread=0x7fa6857fa6c0 seq=0 source= submittedBytes=-1 submittedFeatures=-1 needsRepaint=1 placementChanged=0
M10_MAPLIBRE event=frame-start ns=42941390394738 map=0x7fa66c0046a0 thread=0x7fa6857fa6c0 seq=0 source= submittedBytes=-1 submittedFeatures=-1 needsRepaint=-1 placementChanged=-1
M10_MAPLIBRE event=frame-partial ns=42941390435582 map=0x7fa66c0046a0 thread=0x7fa6857fa6c0 seq=0 source= submittedBytes=-1 submittedFeatures=-1 needsRepaint=1 placementChanged=0
M10_MAPLIBRE event=frame-start ns=42941401927181 map=0x7fa66c0046a0 thread=0x7fa6857fa6c0 seq=0 source= submittedBytes=-1 submittedFeatures=-1 needsRepaint=-1 placementChanged=-1
M10_MAPLIBRE event=frame-partial ns=42941401969131 map=0x7fa66c0046a0 thread=0x7fa6857fa6c0 seq=0 source= submittedBytes=-1 submittedFeatures=-1 needsRepaint=1 placementChanged=0
M10_MAPLIBRE event=frame-start ns=42941434777378 map=0x7fa66c0046a0 thread=0x7fa6857fa6c0 seq=0 source= submittedBytes=-1 submittedFeatures=-1 needsRepaint=-1 placementChanged=-1
M10_MAPLIBRE event=frame-partial ns=42941435003476 map=0x7fa66c0046a0 thread=0x7fa6857fa6c0 seq=0 source= submittedBytes=-1 submittedFeatures=-1 needsRepaint=1 placementChanged=0
M10_MAPLIBRE event=frame-start ns=42941467060794 map=0x7fa66c0046a0 thread=0x7fa6857fa6c0 seq=0 source= submittedBytes=-1 submittedFeatures=-1 needsRepaint=-1 placementChanged=-1
M10_MAPLIBRE event=frame-partial ns=42941510957356 map=0x7fa66c0046a0 thread=0x7fa6857fa6c0 seq=0 source= submittedBytes=-1 submittedFeatures=-1 needsRepaint=1 placementChanged=0
M10_MAPLIBRE event=frame-start ns=42941538650921 map=0x7fa66c0046a0 thread=0x7fa6857fa6c0 seq=0 source= submittedBytes=-1 submittedFeatures=-1 needsRepaint=-1 placementChanged=-1
M10_MAPLIBRE event=frame-partial ns=42941538808410 map=0x7fa66c0046a0 thread=0x7fa6857fa6c0 seq=0 source= submittedBytes=-1 submittedFeatures=-1 needsRepaint=1 placementChanged=0
M10_MAPLIBRE event=frame-start ns=42941560347819 map=0x7fa66c0046a0 thread=0x7fa6857fa6c0 seq=0 source= submittedBytes=-1 submittedFeatures=-1 needsRepaint=-1 placementChanged=-1
M10_MAPLIBRE event=frame-full ns=42941560392868 map=0x7fa66c0046a0 thread=0x7fa6857fa6c0 seq=0 source= submittedBytes=-1 submittedFeatures=-1 needsRepaint=1 placementChanged=0
M10_MAPLIBRE event=frame-start ns=42941582417003 map=0x7fa66c0046a0 thread=0x7fa6857fa6c0 seq=0 source= submittedBytes=-1 submittedFeatures=-1 needsRepaint=-1 placementChanged=-1
M10_MAPLIBRE event=frame-full ns=42941582654802 map=0x7fa66c0046a0 thread=0x7fa6857fa6c0 seq=0 source= submittedBytes=-1 submittedFeatures=-1 needsRepaint=1 placementChanged=0
M10_MAPLIBRE event=frame-start ns=42941602649922 map=0x7fa66c0046a0 thread=0x7fa6857fa6c0 seq=0 source= submittedBytes=-1 submittedFeatures=-1 needsRepaint=-1 placementChanged=-1
M10_MAPLIBRE event=frame-full ns=42941602692279 map=0x7fa66c0046a0 thread=0x7fa6857fa6c0 seq=0 source= submittedBytes=-1 submittedFeatures=-1 needsRepaint=1 placementChanged=0
M10_MAPLIBRE event=frame-start ns=42941623587486 map=0x7fa66c0046a0 thread=0x7fa6857fa6c0 seq=0 source= submittedBytes=-1 submittedFeatures=-1 needsRepaint=-1 placementChanged=-1
M10_MAPLIBRE event=frame-full ns=42941623693253 map=0x7fa66c0046a0 thread=0x7fa6857fa6c0 seq=0 source= submittedBytes=-1 submittedFeatures=-1 needsRepaint=1 placementChanged=0
M10_MAPLIBRE event=frame-start ns=42941640424777 map=0x7fa66c0046a0 thread=0x7fa6857fa6c0 seq=0 source= submittedBytes=-1 submittedFeatures=-1 needsRepaint=-1 placementChanged=-1
M10_MAPLIBRE event=frame-full ns=42941640652021 map=0x7fa66c0046a0 thread=0x7fa6857fa6c0 seq=0 source= submittedBytes=-1 submittedFeatures=-1 needsRepaint=0 placementChanged=1
M10_MAPLIBRE event=frame-start ns=42941664997840 map=0x7fa66c0046a0 thread=0x7fa6857fa6c0 seq=0 source= submittedBytes=-1 submittedFeatures=-1 needsRepaint=-1 placementChanged=-1
M10_MAPLIBRE event=frame-full ns=42941665038884 map=0x7fa66c0046a0 thread=0x7fa6857fa6c0 seq=0 source= submittedBytes=-1 submittedFeatures=-1 needsRepaint=1 placementChanged=0
M10_HOST stage=8-town submit_ns=42942101157564 features=340
M10_MAPLIBRE event=source-update-enter ns=42942106221386 map=0x7fa66c0046a0 thread=0x7fa6857fa6c0 seq=8 source=hdb-addresses submittedBytes=125081 submittedFeatures=-1 needsRepaint=-1 placementChanged=-1
M10_MAPLIBRE event=source-change ns=42942108484449 map=0x7fa66c0046a0 thread=0x7fa6857fa6c0 seq=0 source=hdb-addresses submittedBytes=-1 submittedFeatures=-1 needsRepaint=-1 placementChanged=-1
M10_MAPLIBRE event=source-update-return ns=42942108668306 map=0x7fa66c0046a0 thread=0x7fa6857fa6c0 seq=8 source=hdb-addresses submittedBytes=125081 submittedFeatures=-1 needsRepaint=-1 placementChanged=-1
M10_MAPLIBRE event=frame-start ns=42942121884425 map=0x7fa66c0046a0 thread=0x7fa6857fa6c0 seq=0 source= submittedBytes=-1 submittedFeatures=-1 needsRepaint=-1 placementChanged=-1
M10_MAPLIBRE event=frame-full ns=42942121938571 map=0x7fa66c0046a0 thread=0x7fa6857fa6c0 seq=0 source= submittedBytes=-1 submittedFeatures=-1 needsRepaint=0 placementChanged=1
M10_MAPLIBRE event=frame-start ns=42942138845976 map=0x7fa66c0046a0 thread=0x7fa6857fa6c0 seq=0 source= submittedBytes=-1 submittedFeatures=-1 needsRepaint=-1 placementChanged=-1
M10_MAPLIBRE event=frame-full ns=42942138900108 map=0x7fa66c0046a0 thread=0x7fa6857fa6c0 seq=0 source= submittedBytes=-1 submittedFeatures=-1 needsRepaint=1 placementChanged=0
M10_HOST stage=9-full submit_ns=42942556404309 features=7618
M10_MAPLIBRE event=source-update-enter ns=42942576185567 map=0x7fa66c0046a0 thread=0x7fa6857fa6c0 seq=9 source=hdb-addresses submittedBytes=2733353 submittedFeatures=-1 needsRepaint=-1 placementChanged=-1
M10_MAPLIBRE event=source-change ns=42942657721029 map=0x7fa66c0046a0 thread=0x7fa6857fa6c0 seq=0 source=hdb-addresses submittedBytes=-1 submittedFeatures=-1 needsRepaint=-1 placementChanged=-1
M10_MAPLIBRE event=source-update-return ns=42942662001346 map=0x7fa66c0046a0 thread=0x7fa6857fa6c0 seq=9 source=hdb-addresses submittedBytes=2733353 submittedFeatures=-1 needsRepaint=-1 placementChanged=-1
M10_MAPLIBRE event=frame-start ns=42943069285250 map=0x7fa66c0046a0 thread=0x7fa6857fa6c0 seq=0 source= submittedBytes=-1 submittedFeatures=-1 needsRepaint=-1 placementChanged=-1
M10_MAPLIBRE event=frame-partial ns=42943069368192 map=0x7fa66c0046a0 thread=0x7fa6857fa6c0 seq=0 source= submittedBytes=-1 submittedFeatures=-1 needsRepaint=0 placementChanged=1
M10_MAPLIBRE event=frame-start ns=42943111190465 map=0x7fa66c0046a0 thread=0x7fa6857fa6c0 seq=0 source= submittedBytes=-1 submittedFeatures=-1 needsRepaint=-1 placementChanged=-1
M10_MAPLIBRE event=frame-full ns=42943111268806 map=0x7fa66c0046a0 thread=0x7fa6857fa6c0 seq=0 source= submittedBytes=-1 submittedFeatures=-1 needsRepaint=0 placementChanged=1
M10_MAPLIBRE event=frame-start ns=42943122673829 map=0x7fa66c0046a0 thread=0x7fa6857fa6c0 seq=0 source= submittedBytes=-1 submittedFeatures=-1 needsRepaint=-1 placementChanged=-1
M10_MAPLIBRE event=frame-full ns=42943127388487 map=0x7fa66c0046a0 thread=0x7fa6857fa6c0 seq=0 source= submittedBytes=-1 submittedFeatures=-1 needsRepaint=1 placementChanged=0
M10_HOST stage=10-selection-only submit_ns=42943550752073 features=7618
M10_MAPLIBRE event=frame-start ns=42943598833927 map=0x7fa66c0046a0 thread=0x7fa6857fa6c0 seq=0 source= submittedBytes=-1 submittedFeatures=-1 needsRepaint=-1 placementChanged=-1
M10_MAPLIBRE event=frame-partial ns=42943598916235 map=0x7fa66c0046a0 thread=0x7fa6857fa6c0 seq=0 source= submittedBytes=-1 submittedFeatures=-1 needsRepaint=1 placementChanged=1
M10_MAPLIBRE event=frame-start ns=42943619677261 map=0x7fa66c0046a0 thread=0x7fa6857fa6c0 seq=0 source= submittedBytes=-1 submittedFeatures=-1 needsRepaint=-1 placementChanged=-1
M10_MAPLIBRE event=frame-partial ns=42943619732541 map=0x7fa66c0046a0 thread=0x7fa6857fa6c0 seq=0 source= submittedBytes=-1 submittedFeatures=-1 needsRepaint=1 placementChanged=0
M10_MAPLIBRE event=frame-start ns=42943635494136 map=0x7fa66c0046a0 thread=0x7fa6857fa6c0 seq=0 source= submittedBytes=-1 submittedFeatures=-1 needsRepaint=-1 placementChanged=-1
M10_MAPLIBRE event=frame-full ns=42943635542112 map=0x7fa66c0046a0 thread=0x7fa6857fa6c0 seq=0 source= submittedBytes=-1 submittedFeatures=-1 needsRepaint=1 placementChanged=0
M10_MAPLIBRE event=frame-start ns=42943659263591 map=0x7fa66c0046a0 thread=0x7fa6857fa6c0 seq=0 source= submittedBytes=-1 submittedFeatures=-1 needsRepaint=-1 placementChanged=-1
M10_MAPLIBRE event=frame-full ns=42943659311062 map=0x7fa66c0046a0 thread=0x7fa6857fa6c0 seq=0 source= submittedBytes=-1 submittedFeatures=-1 needsRepaint=1 placementChanged=0
M10_MAPLIBRE event=frame-start ns=42943675142256 map=0x7fa66c0046a0 thread=0x7fa6857fa6c0 seq=0 source= submittedBytes=-1 submittedFeatures=-1 needsRepaint=-1 placementChanged=-1
M10_MAPLIBRE event=frame-full ns=42943675317323 map=0x7fa66c0046a0 thread=0x7fa6857fa6c0 seq=0 source= submittedBytes=-1 submittedFeatures=-1 needsRepaint=1 placementChanged=0
M10_MAPLIBRE event=frame-start ns=42943690216513 map=0x7fa66c0046a0 thread=0x7fa6857fa6c0 seq=0 source= submittedBytes=-1 submittedFeatures=-1 needsRepaint=-1 placementChanged=-1
M10_MAPLIBRE event=frame-full ns=42943690255268 map=0x7fa66c0046a0 thread=0x7fa6857fa6c0 seq=0 source= submittedBytes=-1 submittedFeatures=-1 needsRepaint=1 placementChanged=0
M10_MAPLIBRE event=frame-start ns=42943705630500 map=0x7fa66c0046a0 thread=0x7fa6857fa6c0 seq=0 source= submittedBytes=-1 submittedFeatures=-1 needsRepaint=-1 placementChanged=-1
M10_MAPLIBRE event=frame-full ns=42943705677607 map=0x7fa66c0046a0 thread=0x7fa6857fa6c0 seq=0 source= submittedBytes=-1 submittedFeatures=-1 needsRepaint=1 placementChanged=0
M10_MAPLIBRE event=frame-start ns=42943719006047 map=0x7fa66c0046a0 thread=0x7fa6857fa6c0 seq=0 source= submittedBytes=-1 submittedFeatures=-1 needsRepaint=-1 placementChanged=-1
M10_MAPLIBRE event=frame-full ns=42943719039565 map=0x7fa66c0046a0 thread=0x7fa6857fa6c0 seq=0 source= submittedBytes=-1 submittedFeatures=-1 needsRepaint=1 placementChanged=0
M10_MAPLIBRE event=frame-start ns=42943733132481 map=0x7fa66c0046a0 thread=0x7fa6857fa6c0 seq=0 source= submittedBytes=-1 submittedFeatures=-1 needsRepaint=-1 placementChanged=-1
M10_MAPLIBRE event=frame-full ns=42943733203112 map=0x7fa66c0046a0 thread=0x7fa6857fa6c0 seq=0 source= submittedBytes=-1 submittedFeatures=-1 needsRepaint=1 placementChanged=0
M10_MAPLIBRE event=frame-start ns=42943746694946 map=0x7fa66c0046a0 thread=0x7fa6857fa6c0 seq=0 source= submittedBytes=-1 submittedFeatures=-1 needsRepaint=-1 placementChanged=-1
M10_MAPLIBRE event=frame-full ns=42943746730994 map=0x7fa66c0046a0 thread=0x7fa6857fa6c0 seq=0 source= submittedBytes=-1 submittedFeatures=-1 needsRepaint=1 placementChanged=0
M10_MAPLIBRE event=frame-start ns=42943761254269 map=0x7fa66c0046a0 thread=0x7fa6857fa6c0 seq=0 source= submittedBytes=-1 submittedFeatures=-1 needsRepaint=-1 placementChanged=-1
M10_MAPLIBRE event=frame-full ns=42943761290522 map=0x7fa66c0046a0 thread=0x7fa6857fa6c0 seq=0 source= submittedBytes=-1 submittedFeatures=-1 needsRepaint=1 placementChanged=0
M10_MAPLIBRE event=frame-start ns=42943777717344 map=0x7fa66c0046a0 thread=0x7fa6857fa6c0 seq=0 source= submittedBytes=-1 submittedFeatures=-1 needsRepaint=-1 placementChanged=-1
M10_MAPLIBRE event=frame-full ns=42943777800396 map=0x7fa66c0046a0 thread=0x7fa6857fa6c0 seq=0 source= submittedBytes=-1 submittedFeatures=-1 needsRepaint=1 placementChanged=0
M10_MAPLIBRE event=frame-start ns=42943807897669 map=0x7fa66c0046a0 thread=0x7fa6857fa6c0 seq=0 source= submittedBytes=-1 submittedFeatures=-1 needsRepaint=-1 placementChanged=-1
M10_MAPLIBRE event=frame-full ns=42943807936654 map=0x7fa66c0046a0 thread=0x7fa6857fa6c0 seq=0 source= submittedBytes=-1 submittedFeatures=-1 needsRepaint=1 placementChanged=0
M10_MAPLIBRE event=frame-start ns=42943826455757 map=0x7fa66c0046a0 thread=0x7fa6857fa6c0 seq=0 source= submittedBytes=-1 submittedFeatures=-1 needsRepaint=-1 placementChanged=-1
M10_MAPLIBRE event=frame-full ns=42943826540897 map=0x7fa66c0046a0 thread=0x7fa6857fa6c0 seq=0 source= submittedBytes=-1 submittedFeatures=-1 needsRepaint=1 placementChanged=0
M10_MAPLIBRE event=frame-start ns=42943840409045 map=0x7fa66c0046a0 thread=0x7fa6857fa6c0 seq=0 source= submittedBytes=-1 submittedFeatures=-1 needsRepaint=-1 placementChanged=-1
M10_MAPLIBRE event=frame-full ns=42943840492424 map=0x7fa66c0046a0 thread=0x7fa6857fa6c0 seq=0 source= submittedBytes=-1 submittedFeatures=-1 needsRepaint=1 placementChanged=0
M10_MAPLIBRE event=frame-start ns=42943854242744 map=0x7fa66c0046a0 thread=0x7fa6857fa6c0 seq=0 source= submittedBytes=-1 submittedFeatures=-1 needsRepaint=-1 placementChanged=-1
M10_MAPLIBRE event=frame-full ns=42943854277260 map=0x7fa66c0046a0 thread=0x7fa6857fa6c0 seq=0 source= submittedBytes=-1 submittedFeatures=-1 needsRepaint=1 placementChanged=0
M10_MAPLIBRE event=frame-start ns=42943868511877 map=0x7fa66c0046a0 thread=0x7fa6857fa6c0 seq=0 source= submittedBytes=-1 submittedFeatures=-1 needsRepaint=-1 placementChanged=-1
M10_MAPLIBRE event=frame-full ns=42943868555343 map=0x7fa66c0046a0 thread=0x7fa6857fa6c0 seq=0 source= submittedBytes=-1 submittedFeatures=-1 needsRepaint=1 placementChanged=0
M10_MAPLIBRE event=frame-start ns=42943883136631 map=0x7fa66c0046a0 thread=0x7fa6857fa6c0 seq=0 source= submittedBytes=-1 submittedFeatures=-1 needsRepaint=-1 placementChanged=-1
M10_MAPLIBRE event=frame-full ns=42943883206055 map=0x7fa66c0046a0 thread=0x7fa6857fa6c0 seq=0 source= submittedBytes=-1 submittedFeatures=-1 needsRepaint=0 placementChanged=1
M10_MAPLIBRE event=frame-start ns=42943905994516 map=0x7fa66c0046a0 thread=0x7fa6857fa6c0 seq=0 source= submittedBytes=-1 submittedFeatures=-1 needsRepaint=-1 placementChanged=-1
M10_MAPLIBRE event=frame-full ns=42943906089378 map=0x7fa66c0046a0 thread=0x7fa6857fa6c0 seq=0 source= submittedBytes=-1 submittedFeatures=-1 needsRepaint=1 placementChanged=0
M10_HOST stage=11-zoom submit_ns=42944350562859 features=7618
M10_MAPLIBRE event=frame-start ns=42944366808087 map=0x7fa66c0046a0 thread=0x7fa6857fa6c0 seq=0 source= submittedBytes=-1 submittedFeatures=-1 needsRepaint=-1 placementChanged=-1
M10_MAPLIBRE event=frame-partial ns=42944366952299 map=0x7fa66c0046a0 thread=0x7fa6857fa6c0 seq=0 source= submittedBytes=-1 submittedFeatures=-1 needsRepaint=1 placementChanged=1
M10_MAPLIBRE event=frame-start ns=42944392626499 map=0x7fa66c0046a0 thread=0x7fa6857fa6c0 seq=0 source= submittedBytes=-1 submittedFeatures=-1 needsRepaint=-1 placementChanged=-1
M10_MAPLIBRE event=frame-partial ns=42944392690795 map=0x7fa66c0046a0 thread=0x7fa6857fa6c0 seq=0 source= submittedBytes=-1 submittedFeatures=-1 needsRepaint=1 placementChanged=0
M10_MAPLIBRE event=frame-start ns=42944410407851 map=0x7fa66c0046a0 thread=0x7fa6857fa6c0 seq=0 source= submittedBytes=-1 submittedFeatures=-1 needsRepaint=-1 placementChanged=-1
M10_MAPLIBRE event=frame-partial ns=42944410452185 map=0x7fa66c0046a0 thread=0x7fa6857fa6c0 seq=0 source= submittedBytes=-1 submittedFeatures=-1 needsRepaint=1 placementChanged=0
M10_MAPLIBRE event=frame-start ns=42944436319533 map=0x7fa66c0046a0 thread=0x7fa6857fa6c0 seq=0 source= submittedBytes=-1 submittedFeatures=-1 needsRepaint=-1 placementChanged=-1
M10_MAPLIBRE event=frame-partial ns=42944436363479 map=0x7fa66c0046a0 thread=0x7fa6857fa6c0 seq=0 source= submittedBytes=-1 submittedFeatures=-1 needsRepaint=1 placementChanged=0
M10_MAPLIBRE event=frame-start ns=42944466545813 map=0x7fa66c0046a0 thread=0x7fa6857fa6c0 seq=0 source= submittedBytes=-1 submittedFeatures=-1 needsRepaint=-1 placementChanged=-1
M10_MAPLIBRE event=frame-partial ns=42944466586260 map=0x7fa66c0046a0 thread=0x7fa6857fa6c0 seq=0 source= submittedBytes=-1 submittedFeatures=-1 needsRepaint=1 placementChanged=0
M10_MAPLIBRE event=frame-start ns=42944486122175 map=0x7fa66c0046a0 thread=0x7fa6857fa6c0 seq=0 source= submittedBytes=-1 submittedFeatures=-1 needsRepaint=-1 placementChanged=-1
M10_MAPLIBRE event=frame-partial ns=42944486186253 map=0x7fa66c0046a0 thread=0x7fa6857fa6c0 seq=0 source= submittedBytes=-1 submittedFeatures=-1 needsRepaint=1 placementChanged=0
M10_MAPLIBRE event=frame-start ns=42944509719290 map=0x7fa66c0046a0 thread=0x7fa6857fa6c0 seq=0 source= submittedBytes=-1 submittedFeatures=-1 needsRepaint=-1 placementChanged=-1
M10_MAPLIBRE event=frame-partial ns=42944509753633 map=0x7fa66c0046a0 thread=0x7fa6857fa6c0 seq=0 source= submittedBytes=-1 submittedFeatures=-1 needsRepaint=1 placementChanged=0
M10_MAPLIBRE event=frame-start ns=42944533593434 map=0x7fa66c0046a0 thread=0x7fa6857fa6c0 seq=0 source= submittedBytes=-1 submittedFeatures=-1 needsRepaint=-1 placementChanged=-1
M10_MAPLIBRE event=frame-partial ns=42944533628595 map=0x7fa66c0046a0 thread=0x7fa6857fa6c0 seq=0 source= submittedBytes=-1 submittedFeatures=-1 needsRepaint=1 placementChanged=0
M10_MAPLIBRE event=frame-start ns=42944571296917 map=0x7fa66c0046a0 thread=0x7fa6857fa6c0 seq=0 source= submittedBytes=-1 submittedFeatures=-1 needsRepaint=-1 placementChanged=-1
M10_MAPLIBRE event=frame-partial ns=42944571638570 map=0x7fa66c0046a0 thread=0x7fa6857fa6c0 seq=0 source= submittedBytes=-1 submittedFeatures=-1 needsRepaint=1 placementChanged=0
M10_MAPLIBRE event=frame-start ns=42944586885673 map=0x7fa66c0046a0 thread=0x7fa6857fa6c0 seq=0 source= submittedBytes=-1 submittedFeatures=-1 needsRepaint=-1 placementChanged=-1
M10_MAPLIBRE event=frame-partial ns=42944586923844 map=0x7fa66c0046a0 thread=0x7fa6857fa6c0 seq=0 source= submittedBytes=-1 submittedFeatures=-1 needsRepaint=1 placementChanged=0
M10_MAPLIBRE event=frame-start ns=42944601553567 map=0x7fa66c0046a0 thread=0x7fa6857fa6c0 seq=0 source= submittedBytes=-1 submittedFeatures=-1 needsRepaint=-1 placementChanged=-1
M10_MAPLIBRE event=frame-partial ns=42944601590254 map=0x7fa66c0046a0 thread=0x7fa6857fa6c0 seq=0 source= submittedBytes=-1 submittedFeatures=-1 needsRepaint=1 placementChanged=0
M10_MAPLIBRE event=frame-start ns=42944619636568 map=0x7fa66c0046a0 thread=0x7fa6857fa6c0 seq=0 source= submittedBytes=-1 submittedFeatures=-1 needsRepaint=-1 placementChanged=-1
M10_MAPLIBRE event=frame-partial ns=42944619669801 map=0x7fa66c0046a0 thread=0x7fa6857fa6c0 seq=0 source= submittedBytes=-1 submittedFeatures=-1 needsRepaint=1 placementChanged=0
M10_MAPLIBRE event=frame-start ns=42944636343233 map=0x7fa66c0046a0 thread=0x7fa6857fa6c0 seq=0 source= submittedBytes=-1 submittedFeatures=-1 needsRepaint=-1 placementChanged=-1
M10_MAPLIBRE event=frame-partial ns=42944636376707 map=0x7fa66c0046a0 thread=0x7fa6857fa6c0 seq=0 source= submittedBytes=-1 submittedFeatures=-1 needsRepaint=1 placementChanged=0
M10_MAPLIBRE event=frame-start ns=42944657902976 map=0x7fa66c0046a0 thread=0x7fa6857fa6c0 seq=0 source= submittedBytes=-1 submittedFeatures=-1 needsRepaint=-1 placementChanged=-1
M10_MAPLIBRE event=frame-partial ns=42944657939669 map=0x7fa66c0046a0 thread=0x7fa6857fa6c0 seq=0 source= submittedBytes=-1 submittedFeatures=-1 needsRepaint=1 placementChanged=0
M10_MAPLIBRE event=frame-start ns=42944677994504 map=0x7fa66c0046a0 thread=0x7fa6857fa6c0 seq=0 source= submittedBytes=-1 submittedFeatures=-1 needsRepaint=-1 placementChanged=-1
M10_MAPLIBRE event=frame-partial ns=42944678029233 map=0x7fa66c0046a0 thread=0x7fa6857fa6c0 seq=0 source= submittedBytes=-1 submittedFeatures=-1 needsRepaint=1 placementChanged=1
M10_MAPLIBRE event=frame-start ns=42944691757351 map=0x7fa66c0046a0 thread=0x7fa6857fa6c0 seq=0 source= submittedBytes=-1 submittedFeatures=-1 needsRepaint=-1 placementChanged=-1
M10_MAPLIBRE event=frame-partial ns=42944691836666 map=0x7fa66c0046a0 thread=0x7fa6857fa6c0 seq=0 source= submittedBytes=-1 submittedFeatures=-1 needsRepaint=1 placementChanged=0
M10_MAPLIBRE event=frame-start ns=42944711135747 map=0x7fa66c0046a0 thread=0x7fa6857fa6c0 seq=0 source= submittedBytes=-1 submittedFeatures=-1 needsRepaint=-1 placementChanged=-1
M10_MAPLIBRE event=frame-partial ns=42944711199581 map=0x7fa66c0046a0 thread=0x7fa6857fa6c0 seq=0 source= submittedBytes=-1 submittedFeatures=-1 needsRepaint=1 placementChanged=0
M10_MAPLIBRE event=frame-start ns=42944733153201 map=0x7fa66c0046a0 thread=0x7fa6857fa6c0 seq=0 source= submittedBytes=-1 submittedFeatures=-1 needsRepaint=-1 placementChanged=-1
M10_MAPLIBRE event=frame-partial ns=42944733272886 map=0x7fa66c0046a0 thread=0x7fa6857fa6c0 seq=0 source= submittedBytes=-1 submittedFeatures=-1 needsRepaint=1 placementChanged=0
M10_MAPLIBRE event=frame-start ns=42944750822630 map=0x7fa66c0046a0 thread=0x7fa6857fa6c0 seq=0 source= submittedBytes=-1 submittedFeatures=-1 needsRepaint=-1 placementChanged=-1
M10_MAPLIBRE event=frame-partial ns=42944750894155 map=0x7fa66c0046a0 thread=0x7fa6857fa6c0 seq=0 source= submittedBytes=-1 submittedFeatures=-1 needsRepaint=1 placementChanged=0
M10_MAPLIBRE event=frame-start ns=42944766961620 map=0x7fa66c0046a0 thread=0x7fa6857fa6c0 seq=0 source= submittedBytes=-1 submittedFeatures=-1 needsRepaint=-1 placementChanged=-1
M10_MAPLIBRE event=frame-partial ns=42944767092536 map=0x7fa66c0046a0 thread=0x7fa6857fa6c0 seq=0 source= submittedBytes=-1 submittedFeatures=-1 needsRepaint=1 placementChanged=0
M10_MAPLIBRE event=frame-start ns=42944780358711 map=0x7fa66c0046a0 thread=0x7fa6857fa6c0 seq=0 source= submittedBytes=-1 submittedFeatures=-1 needsRepaint=-1 placementChanged=-1
M10_MAPLIBRE event=frame-partial ns=42944780432857 map=0x7fa66c0046a0 thread=0x7fa6857fa6c0 seq=0 source= submittedBytes=-1 submittedFeatures=-1 needsRepaint=1 placementChanged=0
M10_MAPLIBRE event=frame-start ns=42944799214566 map=0x7fa66c0046a0 thread=0x7fa6857fa6c0 seq=0 source= submittedBytes=-1 submittedFeatures=-1 needsRepaint=-1 placementChanged=-1
M10_MAPLIBRE event=frame-partial ns=42944799488385 map=0x7fa66c0046a0 thread=0x7fa6857fa6c0 seq=0 source= submittedBytes=-1 submittedFeatures=-1 needsRepaint=1 placementChanged=0
M10_MAPLIBRE event=frame-start ns=42944812849456 map=0x7fa66c0046a0 thread=0x7fa6857fa6c0 seq=0 source= submittedBytes=-1 submittedFeatures=-1 needsRepaint=-1 placementChanged=-1
M10_MAPLIBRE event=frame-partial ns=42944812880764 map=0x7fa66c0046a0 thread=0x7fa6857fa6c0 seq=0 source= submittedBytes=-1 submittedFeatures=-1 needsRepaint=1 placementChanged=0
M10_MAPLIBRE event=frame-start ns=42944826682017 map=0x7fa66c0046a0 thread=0x7fa6857fa6c0 seq=0 source= submittedBytes=-1 submittedFeatures=-1 needsRepaint=-1 placementChanged=-1
M10_MAPLIBRE event=frame-partial ns=42944826714364 map=0x7fa66c0046a0 thread=0x7fa6857fa6c0 seq=0 source= submittedBytes=-1 submittedFeatures=-1 needsRepaint=1 placementChanged=0
M10_MAPLIBRE event=frame-start ns=42944848147427 map=0x7fa66c0046a0 thread=0x7fa6857fa6c0 seq=0 source= submittedBytes=-1 submittedFeatures=-1 needsRepaint=-1 placementChanged=-1
M10_MAPLIBRE event=frame-partial ns=42944848291886 map=0x7fa66c0046a0 thread=0x7fa6857fa6c0 seq=0 source= submittedBytes=-1 submittedFeatures=-1 needsRepaint=1 placementChanged=0
M10_MAPLIBRE event=frame-start ns=42944872906780 map=0x7fa66c0046a0 thread=0x7fa6857fa6c0 seq=0 source= submittedBytes=-1 submittedFeatures=-1 needsRepaint=-1 placementChanged=-1
M10_MAPLIBRE event=frame-partial ns=42944872942089 map=0x7fa66c0046a0 thread=0x7fa6857fa6c0 seq=0 source= submittedBytes=-1 submittedFeatures=-1 needsRepaint=1 placementChanged=0
M10_MAPLIBRE event=frame-start ns=42944889698767 map=0x7fa66c0046a0 thread=0x7fa6857fa6c0 seq=0 source= submittedBytes=-1 submittedFeatures=-1 needsRepaint=-1 placementChanged=-1
M10_MAPLIBRE event=frame-partial ns=42944889733569 map=0x7fa66c0046a0 thread=0x7fa6857fa6c0 seq=0 source= submittedBytes=-1 submittedFeatures=-1 needsRepaint=1 placementChanged=0
M10_MAPLIBRE event=frame-start ns=42944909130451 map=0x7fa66c0046a0 thread=0x7fa6857fa6c0 seq=0 source= submittedBytes=-1 submittedFeatures=-1 needsRepaint=-1 placementChanged=-1
M10_MAPLIBRE event=frame-partial ns=42944909190775 map=0x7fa66c0046a0 thread=0x7fa6857fa6c0 seq=0 source= submittedBytes=-1 submittedFeatures=-1 needsRepaint=1 placementChanged=0
M10_MAPLIBRE event=frame-start ns=42944933438135 map=0x7fa66c0046a0 thread=0x7fa6857fa6c0 seq=0 source= submittedBytes=-1 submittedFeatures=-1 needsRepaint=-1 placementChanged=-1
M10_MAPLIBRE event=frame-partial ns=42944933479259 map=0x7fa66c0046a0 thread=0x7fa6857fa6c0 seq=0 source= submittedBytes=-1 submittedFeatures=-1 needsRepaint=1 placementChanged=0
M10_MAPLIBRE event=frame-start ns=42944953670981 map=0x7fa66c0046a0 thread=0x7fa6857fa6c0 seq=0 source= submittedBytes=-1 submittedFeatures=-1 needsRepaint=-1 placementChanged=-1
M10_MAPLIBRE event=frame-partial ns=42944953707922 map=0x7fa66c0046a0 thread=0x7fa6857fa6c0 seq=0 source= submittedBytes=-1 submittedFeatures=-1 needsRepaint=1 placementChanged=0
M10_MAPLIBRE event=frame-start ns=42944982574524 map=0x7fa66c0046a0 thread=0x7fa6857fa6c0 seq=0 source= submittedBytes=-1 submittedFeatures=-1 needsRepaint=-1 placementChanged=-1
M10_MAPLIBRE event=frame-partial ns=42944982727733 map=0x7fa66c0046a0 thread=0x7fa6857fa6c0 seq=0 source= submittedBytes=-1 submittedFeatures=-1 needsRepaint=1 placementChanged=0
M10_MAPLIBRE event=frame-start ns=42945000041595 map=0x7fa66c0046a0 thread=0x7fa6857fa6c0 seq=0 source= submittedBytes=-1 submittedFeatures=-1 needsRepaint=-1 placementChanged=-1
M10_MAPLIBRE event=frame-partial ns=42945000232948 map=0x7fa66c0046a0 thread=0x7fa6857fa6c0 seq=0 source= submittedBytes=-1 submittedFeatures=-1 needsRepaint=1 placementChanged=1
M10_MAPLIBRE event=frame-start ns=42945026904836 map=0x7fa66c0046a0 thread=0x7fa6857fa6c0 seq=0 source= submittedBytes=-1 submittedFeatures=-1 needsRepaint=-1 placementChanged=-1
M10_MAPLIBRE event=frame-partial ns=42945027038126 map=0x7fa66c0046a0 thread=0x7fa6857fa6c0 seq=0 source= submittedBytes=-1 submittedFeatures=-1 needsRepaint=1 placementChanged=0
M10_MAPLIBRE event=frame-start ns=42945040137932 map=0x7fa66c0046a0 thread=0x7fa6857fa6c0 seq=0 source= submittedBytes=-1 submittedFeatures=-1 needsRepaint=-1 placementChanged=-1
M10_MAPLIBRE event=frame-partial ns=42945040286158 map=0x7fa66c0046a0 thread=0x7fa6857fa6c0 seq=0 source= submittedBytes=-1 submittedFeatures=-1 needsRepaint=1 placementChanged=0
M10_MAPLIBRE event=frame-start ns=42945065976108 map=0x7fa66c0046a0 thread=0x7fa6857fa6c0 seq=0 source= submittedBytes=-1 submittedFeatures=-1 needsRepaint=-1 placementChanged=-1
M10_MAPLIBRE event=frame-partial ns=42945066041916 map=0x7fa66c0046a0 thread=0x7fa6857fa6c0 seq=0 source= submittedBytes=-1 submittedFeatures=-1 needsRepaint=1 placementChanged=0
M10_MAPLIBRE event=frame-start ns=42945086148930 map=0x7fa66c0046a0 thread=0x7fa6857fa6c0 seq=0 source= submittedBytes=-1 submittedFeatures=-1 needsRepaint=-1 placementChanged=-1
M10_MAPLIBRE event=frame-partial ns=42945086273771 map=0x7fa66c0046a0 thread=0x7fa6857fa6c0 seq=0 source= submittedBytes=-1 submittedFeatures=-1 needsRepaint=1 placementChanged=0
M10_MAPLIBRE event=frame-start ns=42945112101089 map=0x7fa66c0046a0 thread=0x7fa6857fa6c0 seq=0 source= submittedBytes=-1 submittedFeatures=-1 needsRepaint=-1 placementChanged=-1
M10_MAPLIBRE event=frame-partial ns=42945112215649 map=0x7fa66c0046a0 thread=0x7fa6857fa6c0 seq=0 source= submittedBytes=-1 submittedFeatures=-1 needsRepaint=1 placementChanged=0
M10_MAPLIBRE event=frame-start ns=42945128767458 map=0x7fa66c0046a0 thread=0x7fa6857fa6c0 seq=0 source= submittedBytes=-1 submittedFeatures=-1 needsRepaint=-1 placementChanged=-1
M10_MAPLIBRE event=frame-partial ns=42945128863987 map=0x7fa66c0046a0 thread=0x7fa6857fa6c0 seq=0 source= submittedBytes=-1 submittedFeatures=-1 needsRepaint=1 placementChanged=0
M10_MAPLIBRE event=frame-start ns=42945141255776 map=0x7fa66c0046a0 thread=0x7fa6857fa6c0 seq=0 source= submittedBytes=-1 submittedFeatures=-1 needsRepaint=-1 placementChanged=-1
M10_MAPLIBRE event=frame-partial ns=42945141342314 map=0x7fa66c0046a0 thread=0x7fa6857fa6c0 seq=0 source= submittedBytes=-1 submittedFeatures=-1 needsRepaint=1 placementChanged=0
M10_MAPLIBRE event=frame-start ns=42945161820718 map=0x7fa66c0046a0 thread=0x7fa6857fa6c0 seq=0 source= submittedBytes=-1 submittedFeatures=-1 needsRepaint=-1 placementChanged=-1
M10_MAPLIBRE event=frame-partial ns=42945161856604 map=0x7fa66c0046a0 thread=0x7fa6857fa6c0 seq=0 source= submittedBytes=-1 submittedFeatures=-1 needsRepaint=1 placementChanged=0
M10_MAPLIBRE event=frame-start ns=42945187102156 map=0x7fa66c0046a0 thread=0x7fa6857fa6c0 seq=0 source= submittedBytes=-1 submittedFeatures=-1 needsRepaint=-1 placementChanged=-1
M10_MAPLIBRE event=frame-partial ns=42945187282395 map=0x7fa66c0046a0 thread=0x7fa6857fa6c0 seq=0 source= submittedBytes=-1 submittedFeatures=-1 needsRepaint=1 placementChanged=0
M10_MAPLIBRE event=frame-start ns=42945212626864 map=0x7fa66c0046a0 thread=0x7fa6857fa6c0 seq=0 source= submittedBytes=-1 submittedFeatures=-1 needsRepaint=-1 placementChanged=-1
M10_MAPLIBRE event=frame-partial ns=42945212665468 map=0x7fa66c0046a0 thread=0x7fa6857fa6c0 seq=0 source= submittedBytes=-1 submittedFeatures=-1 needsRepaint=1 placementChanged=0
M10_MAPLIBRE event=frame-start ns=42945236985214 map=0x7fa66c0046a0 thread=0x7fa6857fa6c0 seq=0 source= submittedBytes=-1 submittedFeatures=-1 needsRepaint=-1 placementChanged=-1
M10_MAPLIBRE event=frame-full ns=42945237029263 map=0x7fa66c0046a0 thread=0x7fa6857fa6c0 seq=0 source= submittedBytes=-1 submittedFeatures=-1 needsRepaint=1 placementChanged=0
M10_MAPLIBRE event=frame-start ns=42945250783116 map=0x7fa66c0046a0 thread=0x7fa6857fa6c0 seq=0 source= submittedBytes=-1 submittedFeatures=-1 needsRepaint=-1 placementChanged=-1
M10_MAPLIBRE event=frame-full ns=42945250822546 map=0x7fa66c0046a0 thread=0x7fa6857fa6c0 seq=0 source= submittedBytes=-1 submittedFeatures=-1 needsRepaint=1 placementChanged=0
M10_MAPLIBRE event=frame-start ns=42945267752229 map=0x7fa66c0046a0 thread=0x7fa6857fa6c0 seq=0 source= submittedBytes=-1 submittedFeatures=-1 needsRepaint=-1 placementChanged=-1
M10_MAPLIBRE event=frame-full ns=42945267806917 map=0x7fa66c0046a0 thread=0x7fa6857fa6c0 seq=0 source= submittedBytes=-1 submittedFeatures=-1 needsRepaint=1 placementChanged=0
M10_MAPLIBRE event=frame-start ns=42945287843072 map=0x7fa66c0046a0 thread=0x7fa6857fa6c0 seq=0 source= submittedBytes=-1 submittedFeatures=-1 needsRepaint=-1 placementChanged=-1
M10_MAPLIBRE event=frame-full ns=42945287880864 map=0x7fa66c0046a0 thread=0x7fa6857fa6c0 seq=0 source= submittedBytes=-1 submittedFeatures=-1 needsRepaint=1 placementChanged=0
M10_MAPLIBRE event=frame-start ns=42945309754549 map=0x7fa66c0046a0 thread=0x7fa6857fa6c0 seq=0 source= submittedBytes=-1 submittedFeatures=-1 needsRepaint=-1 placementChanged=-1
M10_MAPLIBRE event=frame-full ns=42945309794189 map=0x7fa66c0046a0 thread=0x7fa6857fa6c0 seq=0 source= submittedBytes=-1 submittedFeatures=-1 needsRepaint=0 placementChanged=1
M10_MAPLIBRE event=frame-start ns=42945323151903 map=0x7fa66c0046a0 thread=0x7fa6857fa6c0 seq=0 source= submittedBytes=-1 submittedFeatures=-1 needsRepaint=-1 placementChanged=-1
M10_MAPLIBRE event=frame-full ns=42945323216400 map=0x7fa66c0046a0 thread=0x7fa6857fa6c0 seq=0 source= submittedBytes=-1 submittedFeatures=-1 needsRepaint=1 placementChanged=0
M10_HOST stage=12-pan submit_ns=42945750585334 features=7618
M10_MAPLIBRE event=frame-start ns=42945766355233 map=0x7fa66c0046a0 thread=0x7fa6857fa6c0 seq=0 source= submittedBytes=-1 submittedFeatures=-1 needsRepaint=-1 placementChanged=-1
M10_MAPLIBRE event=frame-partial ns=42945766417269 map=0x7fa66c0046a0 thread=0x7fa6857fa6c0 seq=0 source= submittedBytes=-1 submittedFeatures=-1 needsRepaint=1 placementChanged=1
M10_MAPLIBRE event=frame-start ns=42945788082383 map=0x7fa66c0046a0 thread=0x7fa6857fa6c0 seq=0 source= submittedBytes=-1 submittedFeatures=-1 needsRepaint=-1 placementChanged=-1
M10_MAPLIBRE event=frame-partial ns=42945788128320 map=0x7fa66c0046a0 thread=0x7fa6857fa6c0 seq=0 source= submittedBytes=-1 submittedFeatures=-1 needsRepaint=1 placementChanged=0
M10_MAPLIBRE event=frame-start ns=42945804755417 map=0x7fa66c0046a0 thread=0x7fa6857fa6c0 seq=0 source= submittedBytes=-1 submittedFeatures=-1 needsRepaint=-1 placementChanged=-1
M10_MAPLIBRE event=frame-partial ns=42945804786302 map=0x7fa66c0046a0 thread=0x7fa6857fa6c0 seq=0 source= submittedBytes=-1 submittedFeatures=-1 needsRepaint=1 placementChanged=0
M10_MAPLIBRE event=frame-start ns=42945825673199 map=0x7fa66c0046a0 thread=0x7fa6857fa6c0 seq=0 source= submittedBytes=-1 submittedFeatures=-1 needsRepaint=-1 placementChanged=-1
M10_MAPLIBRE event=frame-partial ns=42945825747289 map=0x7fa66c0046a0 thread=0x7fa6857fa6c0 seq=0 source= submittedBytes=-1 submittedFeatures=-1 needsRepaint=1 placementChanged=0
M10_MAPLIBRE event=frame-start ns=42945844929051 map=0x7fa66c0046a0 thread=0x7fa6857fa6c0 seq=0 source= submittedBytes=-1 submittedFeatures=-1 needsRepaint=-1 placementChanged=-1
M10_MAPLIBRE event=frame-partial ns=42945845010753 map=0x7fa66c0046a0 thread=0x7fa6857fa6c0 seq=0 source= submittedBytes=-1 submittedFeatures=-1 needsRepaint=1 placementChanged=0
M10_MAPLIBRE event=frame-start ns=42945857246655 map=0x7fa66c0046a0 thread=0x7fa6857fa6c0 seq=0 source= submittedBytes=-1 submittedFeatures=-1 needsRepaint=-1 placementChanged=-1
M10_MAPLIBRE event=frame-partial ns=42945857323776 map=0x7fa66c0046a0 thread=0x7fa6857fa6c0 seq=0 source= submittedBytes=-1 submittedFeatures=-1 needsRepaint=1 placementChanged=0
M10_MAPLIBRE event=frame-start ns=42945870051718 map=0x7fa66c0046a0 thread=0x7fa6857fa6c0 seq=0 source= submittedBytes=-1 submittedFeatures=-1 needsRepaint=-1 placementChanged=-1
M10_MAPLIBRE event=frame-partial ns=42945870128301 map=0x7fa66c0046a0 thread=0x7fa6857fa6c0 seq=0 source= submittedBytes=-1 submittedFeatures=-1 needsRepaint=1 placementChanged=0
M10_MAPLIBRE event=frame-start ns=42945882080195 map=0x7fa66c0046a0 thread=0x7fa6857fa6c0 seq=0 source= submittedBytes=-1 submittedFeatures=-1 needsRepaint=-1 placementChanged=-1
M10_MAPLIBRE event=frame-partial ns=42945882157330 map=0x7fa66c0046a0 thread=0x7fa6857fa6c0 seq=0 source= submittedBytes=-1 submittedFeatures=-1 needsRepaint=1 placementChanged=0
M10_MAPLIBRE event=frame-start ns=42945895985082 map=0x7fa66c0046a0 thread=0x7fa6857fa6c0 seq=0 source= submittedBytes=-1 submittedFeatures=-1 needsRepaint=-1 placementChanged=-1
M10_MAPLIBRE event=frame-partial ns=42945896112067 map=0x7fa66c0046a0 thread=0x7fa6857fa6c0 seq=0 source= submittedBytes=-1 submittedFeatures=-1 needsRepaint=1 placementChanged=0
M10_MAPLIBRE event=frame-start ns=42945911358201 map=0x7fa66c0046a0 thread=0x7fa6857fa6c0 seq=0 source= submittedBytes=-1 submittedFeatures=-1 needsRepaint=-1 placementChanged=-1
M10_MAPLIBRE event=frame-partial ns=42945911394079 map=0x7fa66c0046a0 thread=0x7fa6857fa6c0 seq=0 source= submittedBytes=-1 submittedFeatures=-1 needsRepaint=1 placementChanged=0
M10_MAPLIBRE event=frame-start ns=42945921970021 map=0x7fa66c0046a0 thread=0x7fa6857fa6c0 seq=0 source= submittedBytes=-1 submittedFeatures=-1 needsRepaint=-1 placementChanged=-1
M10_MAPLIBRE event=frame-partial ns=42945922007520 map=0x7fa66c0046a0 thread=0x7fa6857fa6c0 seq=0 source= submittedBytes=-1 submittedFeatures=-1 needsRepaint=1 placementChanged=0
M10_MAPLIBRE event=frame-start ns=42945931796810 map=0x7fa66c0046a0 thread=0x7fa6857fa6c0 seq=0 source= submittedBytes=-1 submittedFeatures=-1 needsRepaint=-1 placementChanged=-1
M10_MAPLIBRE event=frame-partial ns=42945931866462 map=0x7fa66c0046a0 thread=0x7fa6857fa6c0 seq=0 source= submittedBytes=-1 submittedFeatures=-1 needsRepaint=1 placementChanged=0
M10_MAPLIBRE event=frame-start ns=42945941594204 map=0x7fa66c0046a0 thread=0x7fa6857fa6c0 seq=0 source= submittedBytes=-1 submittedFeatures=-1 needsRepaint=-1 placementChanged=-1
M10_MAPLIBRE event=frame-partial ns=42945941670570 map=0x7fa66c0046a0 thread=0x7fa6857fa6c0 seq=0 source= submittedBytes=-1 submittedFeatures=-1 needsRepaint=1 placementChanged=0
M10_MAPLIBRE event=frame-start ns=42945951985554 map=0x7fa66c0046a0 thread=0x7fa6857fa6c0 seq=0 source= submittedBytes=-1 submittedFeatures=-1 needsRepaint=-1 placementChanged=-1
M10_MAPLIBRE event=frame-partial ns=42945952124805 map=0x7fa66c0046a0 thread=0x7fa6857fa6c0 seq=0 source= submittedBytes=-1 submittedFeatures=-1 needsRepaint=1 placementChanged=0
M10_MAPLIBRE event=frame-start ns=42945961651537 map=0x7fa66c0046a0 thread=0x7fa6857fa6c0 seq=0 source= submittedBytes=-1 submittedFeatures=-1 needsRepaint=-1 placementChanged=-1
M10_MAPLIBRE event=frame-partial ns=42945961682520 map=0x7fa66c0046a0 thread=0x7fa6857fa6c0 seq=0 source= submittedBytes=-1 submittedFeatures=-1 needsRepaint=1 placementChanged=0
M10_MAPLIBRE event=frame-start ns=42945971654197 map=0x7fa66c0046a0 thread=0x7fa6857fa6c0 seq=0 source= submittedBytes=-1 submittedFeatures=-1 needsRepaint=-1 placementChanged=-1
M10_MAPLIBRE event=frame-partial ns=42945971686350 map=0x7fa66c0046a0 thread=0x7fa6857fa6c0 seq=0 source= submittedBytes=-1 submittedFeatures=-1 needsRepaint=1 placementChanged=0
M10_MAPLIBRE event=frame-start ns=42945986537000 map=0x7fa66c0046a0 thread=0x7fa6857fa6c0 seq=0 source= submittedBytes=-1 submittedFeatures=-1 needsRepaint=-1 placementChanged=-1
M10_MAPLIBRE event=frame-partial ns=42945986575288 map=0x7fa66c0046a0 thread=0x7fa6857fa6c0 seq=0 source= submittedBytes=-1 submittedFeatures=-1 needsRepaint=1 placementChanged=0
M10_MAPLIBRE event=frame-start ns=42945998735138 map=0x7fa66c0046a0 thread=0x7fa6857fa6c0 seq=0 source= submittedBytes=-1 submittedFeatures=-1 needsRepaint=-1 placementChanged=-1
M10_MAPLIBRE event=frame-partial ns=42945998767165 map=0x7fa66c0046a0 thread=0x7fa6857fa6c0 seq=0 source= submittedBytes=-1 submittedFeatures=-1 needsRepaint=1 placementChanged=0
M10_MAPLIBRE event=frame-start ns=42946012225772 map=0x7fa66c0046a0 thread=0x7fa6857fa6c0 seq=0 source= submittedBytes=-1 submittedFeatures=-1 needsRepaint=-1 placementChanged=-1
M10_MAPLIBRE event=frame-partial ns=42946012258095 map=0x7fa66c0046a0 thread=0x7fa6857fa6c0 seq=0 source= submittedBytes=-1 submittedFeatures=-1 needsRepaint=1 placementChanged=0
M10_MAPLIBRE event=frame-start ns=42946023785366 map=0x7fa66c0046a0 thread=0x7fa6857fa6c0 seq=0 source= submittedBytes=-1 submittedFeatures=-1 needsRepaint=-1 placementChanged=-1
M10_MAPLIBRE event=frame-partial ns=42946023842533 map=0x7fa66c0046a0 thread=0x7fa6857fa6c0 seq=0 source= submittedBytes=-1 submittedFeatures=-1 needsRepaint=1 placementChanged=0
M10_MAPLIBRE event=frame-start ns=42946041111061 map=0x7fa66c0046a0 thread=0x7fa6857fa6c0 seq=0 source= submittedBytes=-1 submittedFeatures=-1 needsRepaint=-1 placementChanged=-1
M10_MAPLIBRE event=frame-partial ns=42946041141666 map=0x7fa66c0046a0 thread=0x7fa6857fa6c0 seq=0 source= submittedBytes=-1 submittedFeatures=-1 needsRepaint=1 placementChanged=0
M10_MAPLIBRE event=frame-start ns=42946051985612 map=0x7fa66c0046a0 thread=0x7fa6857fa6c0 seq=0 source= submittedBytes=-1 submittedFeatures=-1 needsRepaint=-1 placementChanged=-1
M10_MAPLIBRE event=frame-partial ns=42946052050927 map=0x7fa66c0046a0 thread=0x7fa6857fa6c0 seq=0 source= submittedBytes=-1 submittedFeatures=-1 needsRepaint=1 placementChanged=0
M10_MAPLIBRE event=frame-start ns=42946068745844 map=0x7fa66c0046a0 thread=0x7fa6857fa6c0 seq=0 source= submittedBytes=-1 submittedFeatures=-1 needsRepaint=-1 placementChanged=-1
M10_MAPLIBRE event=frame-partial ns=42946068778133 map=0x7fa66c0046a0 thread=0x7fa6857fa6c0 seq=0 source= submittedBytes=-1 submittedFeatures=-1 needsRepaint=1 placementChanged=0
M10_MAPLIBRE event=frame-start ns=42946079566177 map=0x7fa66c0046a0 thread=0x7fa6857fa6c0 seq=0 source= submittedBytes=-1 submittedFeatures=-1 needsRepaint=-1 placementChanged=-1
M10_MAPLIBRE event=frame-partial ns=42946079608645 map=0x7fa66c0046a0 thread=0x7fa6857fa6c0 seq=0 source= submittedBytes=-1 submittedFeatures=-1 needsRepaint=1 placementChanged=1
M10_MAPLIBRE event=frame-start ns=42946091108567 map=0x7fa66c0046a0 thread=0x7fa6857fa6c0 seq=0 source= submittedBytes=-1 submittedFeatures=-1 needsRepaint=-1 placementChanged=-1
M10_MAPLIBRE event=frame-partial ns=42946091247605 map=0x7fa66c0046a0 thread=0x7fa6857fa6c0 seq=0 source= submittedBytes=-1 submittedFeatures=-1 needsRepaint=1 placementChanged=0
M10_MAPLIBRE event=frame-start ns=42946104920546 map=0x7fa66c0046a0 thread=0x7fa6857fa6c0 seq=0 source= submittedBytes=-1 submittedFeatures=-1 needsRepaint=-1 placementChanged=-1
M10_MAPLIBRE event=frame-partial ns=42946105000286 map=0x7fa66c0046a0 thread=0x7fa6857fa6c0 seq=0 source= submittedBytes=-1 submittedFeatures=-1 needsRepaint=1 placementChanged=0
M10_MAPLIBRE event=frame-start ns=42946117195183 map=0x7fa66c0046a0 thread=0x7fa6857fa6c0 seq=0 source= submittedBytes=-1 submittedFeatures=-1 needsRepaint=-1 placementChanged=-1
M10_MAPLIBRE event=frame-partial ns=42946117230804 map=0x7fa66c0046a0 thread=0x7fa6857fa6c0 seq=0 source= submittedBytes=-1 submittedFeatures=-1 needsRepaint=1 placementChanged=0
M10_MAPLIBRE event=frame-start ns=42946128310815 map=0x7fa66c0046a0 thread=0x7fa6857fa6c0 seq=0 source= submittedBytes=-1 submittedFeatures=-1 needsRepaint=-1 placementChanged=-1
M10_MAPLIBRE event=frame-partial ns=42946128359765 map=0x7fa66c0046a0 thread=0x7fa6857fa6c0 seq=0 source= submittedBytes=-1 submittedFeatures=-1 needsRepaint=1 placementChanged=0
M10_MAPLIBRE event=frame-start ns=42946139010817 map=0x7fa66c0046a0 thread=0x7fa6857fa6c0 seq=0 source= submittedBytes=-1 submittedFeatures=-1 needsRepaint=-1 placementChanged=-1
M10_MAPLIBRE event=frame-partial ns=42946139057321 map=0x7fa66c0046a0 thread=0x7fa6857fa6c0 seq=0 source= submittedBytes=-1 submittedFeatures=-1 needsRepaint=1 placementChanged=0
M10_MAPLIBRE event=frame-start ns=42946149780752 map=0x7fa66c0046a0 thread=0x7fa6857fa6c0 seq=0 source= submittedBytes=-1 submittedFeatures=-1 needsRepaint=-1 placementChanged=-1
M10_MAPLIBRE event=frame-partial ns=42946149811603 map=0x7fa66c0046a0 thread=0x7fa6857fa6c0 seq=0 source= submittedBytes=-1 submittedFeatures=-1 needsRepaint=1 placementChanged=0
M10_MAPLIBRE event=frame-start ns=42946162799668 map=0x7fa66c0046a0 thread=0x7fa6857fa6c0 seq=0 source= submittedBytes=-1 submittedFeatures=-1 needsRepaint=-1 placementChanged=-1
M10_MAPLIBRE event=frame-partial ns=42946162841385 map=0x7fa66c0046a0 thread=0x7fa6857fa6c0 seq=0 source= submittedBytes=-1 submittedFeatures=-1 needsRepaint=1 placementChanged=0
M10_MAPLIBRE event=frame-start ns=42946174421694 map=0x7fa66c0046a0 thread=0x7fa6857fa6c0 seq=0 source= submittedBytes=-1 submittedFeatures=-1 needsRepaint=-1 placementChanged=-1
M10_MAPLIBRE event=frame-partial ns=42946174453644 map=0x7fa66c0046a0 thread=0x7fa6857fa6c0 seq=0 source= submittedBytes=-1 submittedFeatures=-1 needsRepaint=1 placementChanged=0
M10_MAPLIBRE event=frame-start ns=42946185118026 map=0x7fa66c0046a0 thread=0x7fa6857fa6c0 seq=0 source= submittedBytes=-1 submittedFeatures=-1 needsRepaint=-1 placementChanged=-1
M10_MAPLIBRE event=frame-partial ns=42946185149520 map=0x7fa66c0046a0 thread=0x7fa6857fa6c0 seq=0 source= submittedBytes=-1 submittedFeatures=-1 needsRepaint=1 placementChanged=0
M10_MAPLIBRE event=frame-start ns=42946219409896 map=0x7fa66c0046a0 thread=0x7fa6857fa6c0 seq=0 source= submittedBytes=-1 submittedFeatures=-1 needsRepaint=-1 placementChanged=-1
M10_MAPLIBRE event=frame-partial ns=42946219471397 map=0x7fa66c0046a0 thread=0x7fa6857fa6c0 seq=0 source= submittedBytes=-1 submittedFeatures=-1 needsRepaint=1 placementChanged=0
M10_MAPLIBRE event=frame-start ns=42946229062541 map=0x7fa66c0046a0 thread=0x7fa6857fa6c0 seq=0 source= submittedBytes=-1 submittedFeatures=-1 needsRepaint=-1 placementChanged=-1
M10_MAPLIBRE event=frame-partial ns=42946229092669 map=0x7fa66c0046a0 thread=0x7fa6857fa6c0 seq=0 source= submittedBytes=-1 submittedFeatures=-1 needsRepaint=1 placementChanged=0
M10_MAPLIBRE event=frame-start ns=42946239083122 map=0x7fa66c0046a0 thread=0x7fa6857fa6c0 seq=0 source= submittedBytes=-1 submittedFeatures=-1 needsRepaint=-1 placementChanged=-1
M10_MAPLIBRE event=frame-full ns=42946239118032 map=0x7fa66c0046a0 thread=0x7fa6857fa6c0 seq=0 source= submittedBytes=-1 submittedFeatures=-1 needsRepaint=1 placementChanged=0
M10_MAPLIBRE event=frame-start ns=42946248656353 map=0x7fa66c0046a0 thread=0x7fa6857fa6c0 seq=0 source= submittedBytes=-1 submittedFeatures=-1 needsRepaint=-1 placementChanged=-1
M10_MAPLIBRE event=frame-full ns=42946248752603 map=0x7fa66c0046a0 thread=0x7fa6857fa6c0 seq=0 source= submittedBytes=-1 submittedFeatures=-1 needsRepaint=1 placementChanged=0
M10_MAPLIBRE event=frame-start ns=42946258602026 map=0x7fa66c0046a0 thread=0x7fa6857fa6c0 seq=0 source= submittedBytes=-1 submittedFeatures=-1 needsRepaint=-1 placementChanged=-1
M10_MAPLIBRE event=frame-full ns=42946258675490 map=0x7fa66c0046a0 thread=0x7fa6857fa6c0 seq=0 source= submittedBytes=-1 submittedFeatures=-1 needsRepaint=1 placementChanged=0
M10_MAPLIBRE event=frame-start ns=42946268240547 map=0x7fa66c0046a0 thread=0x7fa6857fa6c0 seq=0 source= submittedBytes=-1 submittedFeatures=-1 needsRepaint=-1 placementChanged=-1
M10_MAPLIBRE event=frame-full ns=42946268313069 map=0x7fa66c0046a0 thread=0x7fa6857fa6c0 seq=0 source= submittedBytes=-1 submittedFeatures=-1 needsRepaint=1 placementChanged=0
M10_MAPLIBRE event=frame-start ns=42946277566880 map=0x7fa66c0046a0 thread=0x7fa6857fa6c0 seq=0 source= submittedBytes=-1 submittedFeatures=-1 needsRepaint=-1 placementChanged=-1
M10_MAPLIBRE event=frame-full ns=42946277639520 map=0x7fa66c0046a0 thread=0x7fa6857fa6c0 seq=0 source= submittedBytes=-1 submittedFeatures=-1 needsRepaint=1 placementChanged=0
M10_MAPLIBRE event=frame-start ns=42946287426436 map=0x7fa66c0046a0 thread=0x7fa6857fa6c0 seq=0 source= submittedBytes=-1 submittedFeatures=-1 needsRepaint=-1 placementChanged=-1
M10_MAPLIBRE event=frame-full ns=42946287518766 map=0x7fa66c0046a0 thread=0x7fa6857fa6c0 seq=0 source= submittedBytes=-1 submittedFeatures=-1 needsRepaint=1 placementChanged=0
M10_MAPLIBRE event=frame-start ns=42946297331574 map=0x7fa66c0046a0 thread=0x7fa6857fa6c0 seq=0 source= submittedBytes=-1 submittedFeatures=-1 needsRepaint=-1 placementChanged=-1
M10_MAPLIBRE event=frame-full ns=42946297445675 map=0x7fa66c0046a0 thread=0x7fa6857fa6c0 seq=0 source= submittedBytes=-1 submittedFeatures=-1 needsRepaint=1 placementChanged=0
M10_MAPLIBRE event=frame-start ns=42946309449431 map=0x7fa66c0046a0 thread=0x7fa6857fa6c0 seq=0 source= submittedBytes=-1 submittedFeatures=-1 needsRepaint=-1 placementChanged=-1
M10_MAPLIBRE event=frame-full ns=42946309522146 map=0x7fa66c0046a0 thread=0x7fa6857fa6c0 seq=0 source= submittedBytes=-1 submittedFeatures=-1 needsRepaint=1 placementChanged=0
M10_MAPLIBRE event=frame-start ns=42946323707032 map=0x7fa66c0046a0 thread=0x7fa6857fa6c0 seq=0 source= submittedBytes=-1 submittedFeatures=-1 needsRepaint=-1 placementChanged=-1
M10_MAPLIBRE event=frame-full ns=42946323867036 map=0x7fa66c0046a0 thread=0x7fa6857fa6c0 seq=0 source= submittedBytes=-1 submittedFeatures=-1 needsRepaint=1 placementChanged=0
M10_MAPLIBRE event=frame-start ns=42946333917574 map=0x7fa66c0046a0 thread=0x7fa6857fa6c0 seq=0 source= submittedBytes=-1 submittedFeatures=-1 needsRepaint=-1 placementChanged=-1
M10_MAPLIBRE event=frame-full ns=42946334160296 map=0x7fa66c0046a0 thread=0x7fa6857fa6c0 seq=0 source= submittedBytes=-1 submittedFeatures=-1 needsRepaint=1 placementChanged=0
M10_MAPLIBRE event=frame-start ns=42946344038222 map=0x7fa66c0046a0 thread=0x7fa6857fa6c0 seq=0 source= submittedBytes=-1 submittedFeatures=-1 needsRepaint=-1 placementChanged=-1
M10_MAPLIBRE event=frame-full ns=42946344160116 map=0x7fa66c0046a0 thread=0x7fa6857fa6c0 seq=0 source= submittedBytes=-1 submittedFeatures=-1 needsRepaint=1 placementChanged=0
M10_MAPLIBRE event=frame-start ns=42946354375835 map=0x7fa66c0046a0 thread=0x7fa6857fa6c0 seq=0 source= submittedBytes=-1 submittedFeatures=-1 needsRepaint=-1 placementChanged=-1
M10_MAPLIBRE event=frame-full ns=42946354407378 map=0x7fa66c0046a0 thread=0x7fa6857fa6c0 seq=0 source= submittedBytes=-1 submittedFeatures=-1 needsRepaint=1 placementChanged=0
M10_MAPLIBRE event=frame-start ns=42946364863497 map=0x7fa66c0046a0 thread=0x7fa6857fa6c0 seq=0 source= submittedBytes=-1 submittedFeatures=-1 needsRepaint=-1 placementChanged=-1
M10_MAPLIBRE event=frame-full ns=42946364896076 map=0x7fa66c0046a0 thread=0x7fa6857fa6c0 seq=0 source= submittedBytes=-1 submittedFeatures=-1 needsRepaint=1 placementChanged=0
M10_MAPLIBRE event=frame-start ns=42946375404829 map=0x7fa66c0046a0 thread=0x7fa6857fa6c0 seq=0 source= submittedBytes=-1 submittedFeatures=-1 needsRepaint=-1 placementChanged=-1
M10_MAPLIBRE event=frame-full ns=42946375437236 map=0x7fa66c0046a0 thread=0x7fa6857fa6c0 seq=0 source= submittedBytes=-1 submittedFeatures=-1 needsRepaint=1 placementChanged=0
M10_MAPLIBRE event=frame-start ns=42946389700581 map=0x7fa66c0046a0 thread=0x7fa6857fa6c0 seq=0 source= submittedBytes=-1 submittedFeatures=-1 needsRepaint=-1 placementChanged=-1
M10_MAPLIBRE event=frame-full ns=42946389732234 map=0x7fa66c0046a0 thread=0x7fa6857fa6c0 seq=0 source= submittedBytes=-1 submittedFeatures=-1 needsRepaint=0 placementChanged=1
M10_MAPLIBRE event=frame-start ns=42946406775414 map=0x7fa66c0046a0 thread=0x7fa6857fa6c0 seq=0 source= submittedBytes=-1 submittedFeatures=-1 needsRepaint=-1 placementChanged=-1
M10_MAPLIBRE event=frame-full ns=42946406806628 map=0x7fa66c0046a0 thread=0x7fa6857fa6c0 seq=0 source= submittedBytes=-1 submittedFeatures=-1 needsRepaint=1 placementChanged=0
