qt.qpa.theme.gnome: dbus reply error: [ "org.freedesktop.DBus.Error.ServiceUnknown" ] "The name org.freedesktop.portal.Desktop was not provided by any .service files"
qt.qpa.theme.gnome: dbus reply error: [ "org.freedesktop.DBus.Error.ServiceUnknown" ] "The name org.freedesktop.portal.Desktop was not provided by any .service files"
M10_HOST stage=1-full submit_ns=42849312303955 features=7618
M10_MAPLIBRE event=style-loading ns=42849378460025 map=0x7f438dcd2040 thread=0x7f439f7fe6c0 seq=0 source= submittedBytes=-1 submittedFeatures=-1 needsRepaint=-1 placementChanged=-1
[ INFO ]  "{unknown}[General]: GPU Identifier: llvmpipe (LLVM 19.1.7, 256 bits)"
M10_MAPLIBRE event=style-loaded ns=42849493034402 map=0x7f438dcd2040 thread=0x7f439f7fe6c0 seq=0 source= submittedBytes=-1 submittedFeatures=-1 needsRepaint=-1 placementChanged=-1
M10_MAPLIBRE event=frame-start ns=42849493094863 map=0x7f438dcd2040 thread=0x7f439f7fe6c0 seq=0 source= submittedBytes=-1 submittedFeatures=-1 needsRepaint=-1 placementChanged=-1
M10_MAPLIBRE event=frame-partial ns=42849493101797 map=0x7f438dcd2040 thread=0x7f439f7fe6c0 seq=0 source= submittedBytes=-1 submittedFeatures=-1 needsRepaint=0 placementChanged=1
M10_MAPLIBRE event=source-update-enter ns=42849499913426 map=0x7f438dcd2040 thread=0x7f439f7fe6c0 seq=1 source=hdb-addresses submittedBytes=2733353 submittedFeatures=-1 needsRepaint=-1 placementChanged=-1
M10_MAPLIBRE event=source-update-return ns=42849591404351 map=0x7f438dcd2040 thread=0x7f439f7fe6c0 seq=1 source=hdb-addresses submittedBytes=2733353 submittedFeatures=-1 needsRepaint=-1 placementChanged=-1
M10_MAPLIBRE event=frame-start ns=42849618008147 map=0x7f438dcd2040 thread=0x7f439f7fe6c0 seq=0 source= submittedBytes=-1 submittedFeatures=-1 needsRepaint=-1 placementChanged=-1
M10_MAPLIBRE event=frame-partial ns=42849618059982 map=0x7f438dcd2040 thread=0x7f439f7fe6c0 seq=0 source= submittedBytes=-1 submittedFeatures=-1 needsRepaint=1 placementChanged=0
M10_MAPLIBRE event=frame-start ns=42849904196727 map=0x7f438dcd2040 thread=0x7f439f7fe6c0 seq=0 source= submittedBytes=-1 submittedFeatures=-1 needsRepaint=-1 placementChanged=-1
M10_MAPLIBRE event=frame-partial ns=42849904337409 map=0x7f438dcd2040 thread=0x7f439f7fe6c0 seq=0 source= submittedBytes=-1 submittedFeatures=-1 needsRepaint=1 placementChanged=0
M10_MAPLIBRE event=frame-start ns=42849939763815 map=0x7f438dcd2040 thread=0x7f439f7fe6c0 seq=0 source= submittedBytes=-1 submittedFeatures=-1 needsRepaint=-1 placementChanged=-1
M10_MAPLIBRE event=frame-partial ns=42849939817904 map=0x7f438dcd2040 thread=0x7f439f7fe6c0 seq=0 source= submittedBytes=-1 submittedFeatures=-1 needsRepaint=0 placementChanged=1
M10_MAPLIBRE event=frame-start ns=42849958218104 map=0x7f438dcd2040 thread=0x7f439f7fe6c0 seq=0 source= submittedBytes=-1 submittedFeatures=-1 needsRepaint=-1 placementChanged=-1
M10_MAPLIBRE event=frame-partial ns=42849958256620 map=0x7f438dcd2040 thread=0x7f439f7fe6c0 seq=0 source= submittedBytes=-1 submittedFeatures=-1 needsRepaint=1 placementChanged=0
M10_MAPLIBRE event=frame-start ns=42849982024514 map=0x7f438dcd2040 thread=0x7f439f7fe6c0 seq=0 source= submittedBytes=-1 submittedFeatures=-1 needsRepaint=-1 placementChanged=-1
M10_MAPLIBRE event=frame-partial ns=42849982064949 map=0x7f438dcd2040 thread=0x7f439f7fe6c0 seq=0 source= submittedBytes=-1 submittedFeatures=-1 needsRepaint=1 placementChanged=0
M10_MAPLIBRE event=frame-start ns=42850002474345 map=0x7f438dcd2040 thread=0x7f439f7fe6c0 seq=0 source= submittedBytes=-1 submittedFeatures=-1 needsRepaint=-1 placementChanged=-1
M10_MAPLIBRE event=frame-partial ns=42850002512494 map=0x7f438dcd2040 thread=0x7f439f7fe6c0 seq=0 source= submittedBytes=-1 submittedFeatures=-1 needsRepaint=1 placementChanged=0
M10_MAPLIBRE event=frame-start ns=42850021806006 map=0x7f438dcd2040 thread=0x7f439f7fe6c0 seq=0 source= submittedBytes=-1 submittedFeatures=-1 needsRepaint=-1 placementChanged=-1
M10_MAPLIBRE event=frame-partial ns=42850021844244 map=0x7f438dcd2040 thread=0x7f439f7fe6c0 seq=0 source= submittedBytes=-1 submittedFeatures=-1 needsRepaint=1 placementChanged=0
M10_MAPLIBRE event=frame-start ns=42850041663565 map=0x7f438dcd2040 thread=0x7f439f7fe6c0 seq=0 source= submittedBytes=-1 submittedFeatures=-1 needsRepaint=-1 placementChanged=-1
M10_MAPLIBRE event=frame-partial ns=42850041700221 map=0x7f438dcd2040 thread=0x7f439f7fe6c0 seq=0 source= submittedBytes=-1 submittedFeatures=-1 needsRepaint=1 placementChanged=0
M10_MAPLIBRE event=frame-start ns=42850064064838 map=0x7f438dcd2040 thread=0x7f439f7fe6c0 seq=0 source= submittedBytes=-1 submittedFeatures=-1 needsRepaint=-1 placementChanged=-1
M10_MAPLIBRE event=frame-partial ns=42850064100822 map=0x7f438dcd2040 thread=0x7f439f7fe6c0 seq=0 source= submittedBytes=-1 submittedFeatures=-1 needsRepaint=1 placementChanged=0
M10_MAPLIBRE event=frame-start ns=42850081893845 map=0x7f438dcd2040 thread=0x7f439f7fe6c0 seq=0 source= submittedBytes=-1 submittedFeatures=-1 needsRepaint=-1 placementChanged=-1
M10_MAPLIBRE event=frame-partial ns=42850081932028 map=0x7f438dcd2040 thread=0x7f439f7fe6c0 seq=0 source= submittedBytes=-1 submittedFeatures=-1 needsRepaint=1 placementChanged=0
M10_MAPLIBRE event=frame-start ns=42850107744795 map=0x7f438dcd2040 thread=0x7f439f7fe6c0 seq=0 source= submittedBytes=-1 submittedFeatures=-1 needsRepaint=-1 placementChanged=-1
M10_MAPLIBRE event=frame-partial ns=42850107784210 map=0x7f438dcd2040 thread=0x7f439f7fe6c0 seq=0 source= submittedBytes=-1 submittedFeatures=-1 needsRepaint=1 placementChanged=0
M10_MAPLIBRE event=frame-start ns=42850129320239 map=0x7f438dcd2040 thread=0x7f439f7fe6c0 seq=0 source= submittedBytes=-1 submittedFeatures=-1 needsRepaint=-1 placementChanged=-1
M10_MAPLIBRE event=frame-partial ns=42850129361293 map=0x7f438dcd2040 thread=0x7f439f7fe6c0 seq=0 source= submittedBytes=-1 submittedFeatures=-1 needsRepaint=1 placementChanged=0
M10_MAPLIBRE event=frame-start ns=42850158331090 map=0x7f438dcd2040 thread=0x7f439f7fe6c0 seq=0 source= submittedBytes=-1 submittedFeatures=-1 needsRepaint=-1 placementChanged=-1
M10_MAPLIBRE event=frame-partial ns=42850158373325 map=0x7f438dcd2040 thread=0x7f439f7fe6c0 seq=0 source= submittedBytes=-1 submittedFeatures=-1 needsRepaint=1 placementChanged=0
M10_MAPLIBRE event=frame-start ns=42850182337641 map=0x7f438dcd2040 thread=0x7f439f7fe6c0 seq=0 source= submittedBytes=-1 submittedFeatures=-1 needsRepaint=-1 placementChanged=-1
M10_MAPLIBRE event=frame-partial ns=42850182377758 map=0x7f438dcd2040 thread=0x7f439f7fe6c0 seq=0 source= submittedBytes=-1 submittedFeatures=-1 needsRepaint=1 placementChanged=0
M10_MAPLIBRE event=frame-start ns=42850218961059 map=0x7f438dcd2040 thread=0x7f439f7fe6c0 seq=0 source= submittedBytes=-1 submittedFeatures=-1 needsRepaint=-1 placementChanged=-1
M10_MAPLIBRE event=frame-partial ns=42850219007533 map=0x7f438dcd2040 thread=0x7f439f7fe6c0 seq=0 source= submittedBytes=-1 submittedFeatures=-1 needsRepaint=1 placementChanged=0
M10_MAPLIBRE event=frame-start ns=42850250634826 map=0x7f438dcd2040 thread=0x7f439f7fe6c0 seq=0 source= submittedBytes=-1 submittedFeatures=-1 needsRepaint=-1 placementChanged=-1
M10_MAPLIBRE event=frame-partial ns=42850250680306 map=0x7f438dcd2040 thread=0x7f439f7fe6c0 seq=0 source= submittedBytes=-1 submittedFeatures=-1 needsRepaint=0 placementChanged=1
M10_MAPLIBRE event=frame-start ns=42850268272678 map=0x7f438dcd2040 thread=0x7f439f7fe6c0 seq=0 source= submittedBytes=-1 submittedFeatures=-1 needsRepaint=-1 placementChanged=-1
M10_MAPLIBRE event=frame-partial ns=42850268324956 map=0x7f438dcd2040 thread=0x7f439f7fe6c0 seq=0 source= submittedBytes=-1 submittedFeatures=-1 needsRepaint=1 placementChanged=0
M10_MAPLIBRE event=frame-start ns=42850527295528 map=0x7f438dcd2040 thread=0x7f439f7fe6c0 seq=0 source= submittedBytes=-1 submittedFeatures=-1 needsRepaint=-1 placementChanged=-1
M10_MAPLIBRE event=frame-partial ns=42850527409124 map=0x7f438dcd2040 thread=0x7f439f7fe6c0 seq=0 source= submittedBytes=-1 submittedFeatures=-1 needsRepaint=1 placementChanged=0
[ ERROR ]  "{unknown}[Style]: Failed to load tile 11/1612/1015=>11 for source onemap: Unsupported image type"
[ ERROR ]  "{unknown}[Style]: Failed to load tile 11/1612/1017=>11 for source onemap: Unsupported image type"
[ ERROR ]  "{unknown}[Style]: Failed to load tile 11/1612/1016=>11 for source onemap: Unsupported image type"
M10_MAPLIBRE event=frame-start ns=42850546511539 map=0x7f438dcd2040 thread=0x7f439f7fe6c0 seq=0 source= submittedBytes=-1 submittedFeatures=-1 needsRepaint=-1 placementChanged=-1
M10_MAPLIBRE event=frame-partial ns=42850546574023 map=0x7f438dcd2040 thread=0x7f439f7fe6c0 seq=0 source= submittedBytes=-1 submittedFeatures=-1 needsRepaint=0 placementChanged=1
M10_MAPLIBRE event=frame-start ns=42850560327433 map=0x7f438dcd2040 thread=0x7f439f7fe6c0 seq=0 source= submittedBytes=-1 submittedFeatures=-1 needsRepaint=-1 placementChanged=-1
M10_MAPLIBRE event=frame-partial ns=42850560363560 map=0x7f438dcd2040 thread=0x7f439f7fe6c0 seq=0 source= submittedBytes=-1 submittedFeatures=-1 needsRepaint=1 placementChanged=0
M10_MAPLIBRE event=frame-start ns=42850816708160 map=0x7f438dcd2040 thread=0x7f439f7fe6c0 seq=0 source= submittedBytes=-1 submittedFeatures=-1 needsRepaint=-1 placementChanged=-1
M10_MAPLIBRE event=frame-partial ns=42850816789213 map=0x7f438dcd2040 thread=0x7f439f7fe6c0 seq=0 source= submittedBytes=-1 submittedFeatures=-1 needsRepaint=1 placementChanged=0
M10_MAPLIBRE event=frame-start ns=42850837396494 map=0x7f438dcd2040 thread=0x7f439f7fe6c0 seq=0 source= submittedBytes=-1 submittedFeatures=-1 needsRepaint=-1 placementChanged=-1
M10_MAPLIBRE event=frame-partial ns=42850837441209 map=0x7f438dcd2040 thread=0x7f439f7fe6c0 seq=0 source= submittedBytes=-1 submittedFeatures=-1 needsRepaint=1 placementChanged=0
M10_MAPLIBRE event=frame-start ns=42850857051347 map=0x7f438dcd2040 thread=0x7f439f7fe6c0 seq=0 source= submittedBytes=-1 submittedFeatures=-1 needsRepaint=-1 placementChanged=-1
M10_MAPLIBRE event=frame-partial ns=42850857140994 map=0x7f438dcd2040 thread=0x7f439f7fe6c0 seq=0 source= submittedBytes=-1 submittedFeatures=-1 needsRepaint=0 placementChanged=1
M10_MAPLIBRE event=frame-start ns=42850914140915 map=0x7f438dcd2040 thread=0x7f439f7fe6c0 seq=0 source= submittedBytes=-1 submittedFeatures=-1 needsRepaint=-1 placementChanged=-1
M10_MAPLIBRE event=frame-partial ns=42850914262586 map=0x7f438dcd2040 thread=0x7f439f7fe6c0 seq=0 source= submittedBytes=-1 submittedFeatures=-1 needsRepaint=1 placementChanged=0
M10_MAPLIBRE event=frame-start ns=42851119745565 map=0x7f438dcd2040 thread=0x7f439f7fe6c0 seq=0 source= submittedBytes=-1 submittedFeatures=-1 needsRepaint=-1 placementChanged=-1
M10_MAPLIBRE event=frame-partial ns=42851119821568 map=0x7f438dcd2040 thread=0x7f439f7fe6c0 seq=0 source= submittedBytes=-1 submittedFeatures=-1 needsRepaint=1 placementChanged=0
M10_MAPLIBRE event=frame-start ns=42851134542677 map=0x7f438dcd2040 thread=0x7f439f7fe6c0 seq=0 source= submittedBytes=-1 submittedFeatures=-1 needsRepaint=-1 placementChanged=-1
M10_MAPLIBRE event=frame-partial ns=42851134584035 map=0x7f438dcd2040 thread=0x7f439f7fe6c0 seq=0 source= submittedBytes=-1 submittedFeatures=-1 needsRepaint=1 placementChanged=0
M10_MAPLIBRE event=frame-start ns=42851148604796 map=0x7f438dcd2040 thread=0x7f439f7fe6c0 seq=0 source= submittedBytes=-1 submittedFeatures=-1 needsRepaint=-1 placementChanged=-1
M10_MAPLIBRE event=frame-full ns=42851148643239 map=0x7f438dcd2040 thread=0x7f439f7fe6c0 seq=0 source= submittedBytes=-1 submittedFeatures=-1 needsRepaint=1 placementChanged=0
M10_MAPLIBRE event=map-loaded ns=42851148654954 map=0x7f438dcd2040 thread=0x7f439f7fe6c0 seq=0 source= submittedBytes=-1 submittedFeatures=-1 needsRepaint=-1 placementChanged=-1
M10_MAPLIBRE event=frame-start ns=42851165558441 map=0x7f438dcd2040 thread=0x7f439f7fe6c0 seq=0 source= submittedBytes=-1 submittedFeatures=-1 needsRepaint=-1 placementChanged=-1
M10_MAPLIBRE event=frame-full ns=42851165595768 map=0x7f438dcd2040 thread=0x7f439f7fe6c0 seq=0 source= submittedBytes=-1 submittedFeatures=-1 needsRepaint=0 placementChanged=1
M10_MAPLIBRE event=frame-start ns=42851181614454 map=0x7f438dcd2040 thread=0x7f439f7fe6c0 seq=0 source= submittedBytes=-1 submittedFeatures=-1 needsRepaint=-1 placementChanged=-1
M10_MAPLIBRE event=frame-full ns=42851181657811 map=0x7f438dcd2040 thread=0x7f439f7fe6c0 seq=0 source= submittedBytes=-1 submittedFeatures=-1 needsRepaint=1 placementChanged=0
M10_MAPLIBRE event=frame-start ns=42851425854669 map=0x7f438dcd2040 thread=0x7f439f7fe6c0 seq=0 source= submittedBytes=-1 submittedFeatures=-1 needsRepaint=-1 placementChanged=-1
M10_MAPLIBRE event=frame-full ns=42851425991260 map=0x7f438dcd2040 thread=0x7f439f7fe6c0 seq=0 source= submittedBytes=-1 submittedFeatures=-1 needsRepaint=1 placementChanged=0
M10_MAPLIBRE event=frame-start ns=42851453671237 map=0x7f438dcd2040 thread=0x7f439f7fe6c0 seq=0 source= submittedBytes=-1 submittedFeatures=-1 needsRepaint=-1 placementChanged=-1
M10_MAPLIBRE event=frame-full ns=42851453731393 map=0x7f438dcd2040 thread=0x7f439f7fe6c0 seq=0 source= submittedBytes=-1 submittedFeatures=-1 needsRepaint=1 placementChanged=0
M10_MAPLIBRE event=frame-start ns=42851469056175 map=0x7f438dcd2040 thread=0x7f439f7fe6c0 seq=0 source= submittedBytes=-1 submittedFeatures=-1 needsRepaint=-1 placementChanged=-1
M10_MAPLIBRE event=frame-full ns=42851469106589 map=0x7f438dcd2040 thread=0x7f439f7fe6c0 seq=0 source= submittedBytes=-1 submittedFeatures=-1 needsRepaint=0 placementChanged=1
M10_MAPLIBRE event=frame-start ns=42851483027558 map=0x7f438dcd2040 thread=0x7f439f7fe6c0 seq=0 source= submittedBytes=-1 submittedFeatures=-1 needsRepaint=-1 placementChanged=-1
M10_MAPLIBRE event=frame-full ns=42851483077994 map=0x7f438dcd2040 thread=0x7f439f7fe6c0 seq=0 source= submittedBytes=-1 submittedFeatures=-1 needsRepaint=1 placementChanged=0
M10_HOST stage=2-town submit_ns=42851901090547 features=340
M10_MAPLIBRE event=source-update-enter ns=42851907060445 map=0x7f438dcd2040 thread=0x7f439f7fe6c0 seq=2 source=hdb-addresses submittedBytes=125081 submittedFeatures=-1 needsRepaint=-1 placementChanged=-1
M10_MAPLIBRE event=source-change ns=42851909430314 map=0x7f438dcd2040 thread=0x7f439f7fe6c0 seq=0 source=hdb-addresses submittedBytes=-1 submittedFeatures=-1 needsRepaint=-1 placementChanged=-1
M10_MAPLIBRE event=source-update-return ns=42851909591695 map=0x7f438dcd2040 thread=0x7f439f7fe6c0 seq=2 source=hdb-addresses submittedBytes=125081 submittedFeatures=-1 needsRepaint=-1 placementChanged=-1
M10_MAPLIBRE event=frame-start ns=42851927155604 map=0x7f438dcd2040 thread=0x7f439f7fe6c0 seq=0 source= submittedBytes=-1 submittedFeatures=-1 needsRepaint=-1 placementChanged=-1
M10_MAPLIBRE event=frame-full ns=42851927785577 map=0x7f438dcd2040 thread=0x7f439f7fe6c0 seq=0 source= submittedBytes=-1 submittedFeatures=-1 needsRepaint=0 placementChanged=1
M10_MAPLIBRE event=frame-start ns=42851942695682 map=0x7f438dcd2040 thread=0x7f439f7fe6c0 seq=0 source= submittedBytes=-1 submittedFeatures=-1 needsRepaint=-1 placementChanged=-1
M10_MAPLIBRE event=frame-partial ns=42851942731495 map=0x7f438dcd2040 thread=0x7f439f7fe6c0 seq=0 source= submittedBytes=-1 submittedFeatures=-1 needsRepaint=1 placementChanged=0
M10_MAPLIBRE event=frame-start ns=42851973296689 map=0x7f438dcd2040 thread=0x7f439f7fe6c0 seq=0 source= submittedBytes=-1 submittedFeatures=-1 needsRepaint=-1 placementChanged=-1
M10_MAPLIBRE event=frame-full ns=42851973352572 map=0x7f438dcd2040 thread=0x7f439f7fe6c0 seq=0 source= submittedBytes=-1 submittedFeatures=-1 needsRepaint=1 placementChanged=0
M10_MAPLIBRE event=frame-start ns=42851983952097 map=0x7f438dcd2040 thread=0x7f439f7fe6c0 seq=0 source= submittedBytes=-1 submittedFeatures=-1 needsRepaint=-1 placementChanged=-1
M10_MAPLIBRE event=frame-full ns=42851984096715 map=0x7f438dcd2040 thread=0x7f439f7fe6c0 seq=0 source= submittedBytes=-1 submittedFeatures=-1 needsRepaint=1 placementChanged=0
M10_MAPLIBRE event=frame-start ns=42851994409463 map=0x7f438dcd2040 thread=0x7f439f7fe6c0 seq=0 source= submittedBytes=-1 submittedFeatures=-1 needsRepaint=-1 placementChanged=-1
M10_MAPLIBRE event=frame-full ns=42851994446979 map=0x7f438dcd2040 thread=0x7f439f7fe6c0 seq=0 source= submittedBytes=-1 submittedFeatures=-1 needsRepaint=1 placementChanged=0
M10_MAPLIBRE event=frame-start ns=42852007587333 map=0x7f438dcd2040 thread=0x7f439f7fe6c0 seq=0 source= submittedBytes=-1 submittedFeatures=-1 needsRepaint=-1 placementChanged=-1
M10_MAPLIBRE event=frame-full ns=42852007640191 map=0x7f438dcd2040 thread=0x7f439f7fe6c0 seq=0 source= submittedBytes=-1 submittedFeatures=-1 needsRepaint=1 placementChanged=0
M10_MAPLIBRE event=frame-start ns=42852017671669 map=0x7f438dcd2040 thread=0x7f439f7fe6c0 seq=0 source= submittedBytes=-1 submittedFeatures=-1 needsRepaint=-1 placementChanged=-1
M10_MAPLIBRE event=frame-full ns=42852017704389 map=0x7f438dcd2040 thread=0x7f439f7fe6c0 seq=0 source= submittedBytes=-1 submittedFeatures=-1 needsRepaint=1 placementChanged=0
M10_MAPLIBRE event=frame-start ns=42852027537156 map=0x7f438dcd2040 thread=0x7f439f7fe6c0 seq=0 source= submittedBytes=-1 submittedFeatures=-1 needsRepaint=-1 placementChanged=-1
M10_MAPLIBRE event=frame-full ns=42852027569527 map=0x7f438dcd2040 thread=0x7f439f7fe6c0 seq=0 source= submittedBytes=-1 submittedFeatures=-1 needsRepaint=1 placementChanged=0
M10_MAPLIBRE event=frame-start ns=42852037957890 map=0x7f438dcd2040 thread=0x7f439f7fe6c0 seq=0 source= submittedBytes=-1 submittedFeatures=-1 needsRepaint=-1 placementChanged=-1
M10_MAPLIBRE event=frame-full ns=42852037991364 map=0x7f438dcd2040 thread=0x7f439f7fe6c0 seq=0 source= submittedBytes=-1 submittedFeatures=-1 needsRepaint=1 placementChanged=0
M10_MAPLIBRE event=frame-start ns=42852047443663 map=0x7f438dcd2040 thread=0x7f439f7fe6c0 seq=0 source= submittedBytes=-1 submittedFeatures=-1 needsRepaint=-1 placementChanged=-1
M10_MAPLIBRE event=frame-full ns=42852047476105 map=0x7f438dcd2040 thread=0x7f439f7fe6c0 seq=0 source= submittedBytes=-1 submittedFeatures=-1 needsRepaint=1 placementChanged=0
M10_MAPLIBRE event=frame-start ns=42852057963022 map=0x7f438dcd2040 thread=0x7f439f7fe6c0 seq=0 source= submittedBytes=-1 submittedFeatures=-1 needsRepaint=-1 placementChanged=-1
M10_MAPLIBRE event=frame-full ns=42852057995448 map=0x7f438dcd2040 thread=0x7f439f7fe6c0 seq=0 source= submittedBytes=-1 submittedFeatures=-1 needsRepaint=1 placementChanged=0
M10_MAPLIBRE event=frame-start ns=42852067698212 map=0x7f438dcd2040 thread=0x7f439f7fe6c0 seq=0 source= submittedBytes=-1 submittedFeatures=-1 needsRepaint=-1 placementChanged=-1
M10_MAPLIBRE event=frame-full ns=42852067728675 map=0x7f438dcd2040 thread=0x7f439f7fe6c0 seq=0 source= submittedBytes=-1 submittedFeatures=-1 needsRepaint=1 placementChanged=0
M10_MAPLIBRE event=frame-start ns=42852077531517 map=0x7f438dcd2040 thread=0x7f439f7fe6c0 seq=0 source= submittedBytes=-1 submittedFeatures=-1 needsRepaint=-1 placementChanged=-1
M10_MAPLIBRE event=frame-full ns=42852077564591 map=0x7f438dcd2040 thread=0x7f439f7fe6c0 seq=0 source= submittedBytes=-1 submittedFeatures=-1 needsRepaint=1 placementChanged=0
M10_MAPLIBRE event=frame-start ns=42852087740507 map=0x7f438dcd2040 thread=0x7f439f7fe6c0 seq=0 source= submittedBytes=-1 submittedFeatures=-1 needsRepaint=-1 placementChanged=-1
M10_MAPLIBRE event=frame-full ns=42852087771102 map=0x7f438dcd2040 thread=0x7f439f7fe6c0 seq=0 source= submittedBytes=-1 submittedFeatures=-1 needsRepaint=1 placementChanged=0
M10_MAPLIBRE event=frame-start ns=42852101191562 map=0x7f438dcd2040 thread=0x7f439f7fe6c0 seq=0 source= submittedBytes=-1 submittedFeatures=-1 needsRepaint=-1 placementChanged=-1
M10_MAPLIBRE event=frame-full ns=42852101220755 map=0x7f438dcd2040 thread=0x7f439f7fe6c0 seq=0 source= submittedBytes=-1 submittedFeatures=-1 needsRepaint=1 placementChanged=0
M10_MAPLIBRE event=frame-start ns=42852111090715 map=0x7f438dcd2040 thread=0x7f439f7fe6c0 seq=0 source= submittedBytes=-1 submittedFeatures=-1 needsRepaint=-1 placementChanged=-1
M10_MAPLIBRE event=frame-full ns=42852111123569 map=0x7f438dcd2040 thread=0x7f439f7fe6c0 seq=0 source= submittedBytes=-1 submittedFeatures=-1 needsRepaint=1 placementChanged=0
M10_MAPLIBRE event=frame-start ns=42852122990502 map=0x7f438dcd2040 thread=0x7f439f7fe6c0 seq=0 source= submittedBytes=-1 submittedFeatures=-1 needsRepaint=-1 placementChanged=-1
M10_MAPLIBRE event=frame-full ns=42852123022777 map=0x7f438dcd2040 thread=0x7f439f7fe6c0 seq=0 source= submittedBytes=-1 submittedFeatures=-1 needsRepaint=1 placementChanged=0
M10_MAPLIBRE event=frame-start ns=42852132801064 map=0x7f438dcd2040 thread=0x7f439f7fe6c0 seq=0 source= submittedBytes=-1 submittedFeatures=-1 needsRepaint=-1 placementChanged=-1
M10_MAPLIBRE event=frame-full ns=42852132831920 map=0x7f438dcd2040 thread=0x7f439f7fe6c0 seq=0 source= submittedBytes=-1 submittedFeatures=-1 needsRepaint=1 placementChanged=0
M10_MAPLIBRE event=frame-start ns=42852143668150 map=0x7f438dcd2040 thread=0x7f439f7fe6c0 seq=0 source= submittedBytes=-1 submittedFeatures=-1 needsRepaint=-1 placementChanged=-1
M10_MAPLIBRE event=frame-full ns=42852143700424 map=0x7f438dcd2040 thread=0x7f439f7fe6c0 seq=0 source= submittedBytes=-1 submittedFeatures=-1 needsRepaint=1 placementChanged=0
M10_MAPLIBRE event=frame-start ns=42852154695530 map=0x7f438dcd2040 thread=0x7f439f7fe6c0 seq=0 source= submittedBytes=-1 submittedFeatures=-1 needsRepaint=-1 placementChanged=-1
M10_MAPLIBRE event=frame-full ns=42852154727134 map=0x7f438dcd2040 thread=0x7f439f7fe6c0 seq=0 source= submittedBytes=-1 submittedFeatures=-1 needsRepaint=1 placementChanged=0
M10_MAPLIBRE event=frame-start ns=42852165714885 map=0x7f438dcd2040 thread=0x7f439f7fe6c0 seq=0 source= submittedBytes=-1 submittedFeatures=-1 needsRepaint=-1 placementChanged=-1
M10_MAPLIBRE event=frame-full ns=42852165789150 map=0x7f438dcd2040 thread=0x7f439f7fe6c0 seq=0 source= submittedBytes=-1 submittedFeatures=-1 needsRepaint=1 placementChanged=0
M10_MAPLIBRE event=frame-start ns=42852182808396 map=0x7f438dcd2040 thread=0x7f439f7fe6c0 seq=0 source= submittedBytes=-1 submittedFeatures=-1 needsRepaint=-1 placementChanged=-1
M10_MAPLIBRE event=frame-full ns=42852182859495 map=0x7f438dcd2040 thread=0x7f439f7fe6c0 seq=0 source= submittedBytes=-1 submittedFeatures=-1 needsRepaint=1 placementChanged=0
M10_MAPLIBRE event=frame-start ns=42852195599905 map=0x7f438dcd2040 thread=0x7f439f7fe6c0 seq=0 source= submittedBytes=-1 submittedFeatures=-1 needsRepaint=-1 placementChanged=-1
M10_MAPLIBRE event=frame-full ns=42852195638699 map=0x7f438dcd2040 thread=0x7f439f7fe6c0 seq=0 source= submittedBytes=-1 submittedFeatures=-1 needsRepaint=1 placementChanged=0
M10_MAPLIBRE event=frame-start ns=42852207152577 map=0x7f438dcd2040 thread=0x7f439f7fe6c0 seq=0 source= submittedBytes=-1 submittedFeatures=-1 needsRepaint=-1 placementChanged=-1
M10_MAPLIBRE event=frame-full ns=42852207221044 map=0x7f438dcd2040 thread=0x7f439f7fe6c0 seq=0 source= submittedBytes=-1 submittedFeatures=-1 needsRepaint=1 placementChanged=0
M10_MAPLIBRE event=frame-start ns=42852222574933 map=0x7f438dcd2040 thread=0x7f439f7fe6c0 seq=0 source= submittedBytes=-1 submittedFeatures=-1 needsRepaint=-1 placementChanged=-1
M10_MAPLIBRE event=frame-full ns=42852222608896 map=0x7f438dcd2040 thread=0x7f439f7fe6c0 seq=0 source= submittedBytes=-1 submittedFeatures=-1 needsRepaint=1 placementChanged=0
M10_MAPLIBRE event=frame-start ns=42852374015317 map=0x7f438dcd2040 thread=0x7f439f7fe6c0 seq=0 source= submittedBytes=-1 submittedFeatures=-1 needsRepaint=-1 placementChanged=-1
M10_MAPLIBRE event=frame-full ns=42852374087893 map=0x7f438dcd2040 thread=0x7f439f7fe6c0 seq=0 source= submittedBytes=-1 submittedFeatures=-1 needsRepaint=0 placementChanged=1
M10_MAPLIBRE event=frame-start ns=42852385184704 map=0x7f438dcd2040 thread=0x7f439f7fe6c0 seq=0 source= submittedBytes=-1 submittedFeatures=-1 needsRepaint=-1 placementChanged=-1
M10_MAPLIBRE event=frame-full ns=42852385232139 map=0x7f438dcd2040 thread=0x7f439f7fe6c0 seq=0 source= submittedBytes=-1 submittedFeatures=-1 needsRepaint=1 placementChanged=0
M10_HOST stage=3-different submit_ns=42852801036989 features=197
M10_MAPLIBRE event=source-update-enter ns=42852805734303 map=0x7f438dcd2040 thread=0x7f439f7fe6c0 seq=3 source=hdb-addresses submittedBytes=70586 submittedFeatures=-1 needsRepaint=-1 placementChanged=-1
M10_MAPLIBRE event=source-change ns=42852807406116 map=0x7f438dcd2040 thread=0x7f439f7fe6c0 seq=0 source=hdb-addresses submittedBytes=-1 submittedFeatures=-1 needsRepaint=-1 placementChanged=-1
M10_MAPLIBRE event=source-update-return ns=42852807542286 map=0x7f438dcd2040 thread=0x7f439f7fe6c0 seq=3 source=hdb-addresses submittedBytes=70586 submittedFeatures=-1 needsRepaint=-1 placementChanged=-1
M10_MAPLIBRE event=frame-start ns=42852826950797 map=0x7f438dcd2040 thread=0x7f439f7fe6c0 seq=0 source= submittedBytes=-1 submittedFeatures=-1 needsRepaint=-1 placementChanged=-1
M10_MAPLIBRE event=frame-partial ns=42852827022808 map=0x7f438dcd2040 thread=0x7f439f7fe6c0 seq=0 source= submittedBytes=-1 submittedFeatures=-1 needsRepaint=1 placementChanged=1
M10_MAPLIBRE event=frame-start ns=42852841666480 map=0x7f438dcd2040 thread=0x7f439f7fe6c0 seq=0 source= submittedBytes=-1 submittedFeatures=-1 needsRepaint=-1 placementChanged=-1
M10_MAPLIBRE event=frame-full ns=42852841703761 map=0x7f438dcd2040 thread=0x7f439f7fe6c0 seq=0 source= submittedBytes=-1 submittedFeatures=-1 needsRepaint=1 placementChanged=0
M10_MAPLIBRE event=frame-start ns=42852852999549 map=0x7f438dcd2040 thread=0x7f439f7fe6c0 seq=0 source= submittedBytes=-1 submittedFeatures=-1 needsRepaint=-1 placementChanged=-1
M10_MAPLIBRE event=frame-full ns=42852853037482 map=0x7f438dcd2040 thread=0x7f439f7fe6c0 seq=0 source= submittedBytes=-1 submittedFeatures=-1 needsRepaint=1 placementChanged=0
M10_MAPLIBRE event=frame-start ns=42852862956168 map=0x7f438dcd2040 thread=0x7f439f7fe6c0 seq=0 source= submittedBytes=-1 submittedFeatures=-1 needsRepaint=-1 placementChanged=-1
M10_MAPLIBRE event=frame-full ns=42852862990023 map=0x7f438dcd2040 thread=0x7f439f7fe6c0 seq=0 source= submittedBytes=-1 submittedFeatures=-1 needsRepaint=1 placementChanged=0
M10_MAPLIBRE event=frame-start ns=42852873721495 map=0x7f438dcd2040 thread=0x7f439f7fe6c0 seq=0 source= submittedBytes=-1 submittedFeatures=-1 needsRepaint=-1 placementChanged=-1
M10_MAPLIBRE event=frame-full ns=42852873752923 map=0x7f438dcd2040 thread=0x7f439f7fe6c0 seq=0 source= submittedBytes=-1 submittedFeatures=-1 needsRepaint=1 placementChanged=0
M10_MAPLIBRE event=frame-start ns=42852883406565 map=0x7f438dcd2040 thread=0x7f439f7fe6c0 seq=0 source= submittedBytes=-1 submittedFeatures=-1 needsRepaint=-1 placementChanged=-1
M10_MAPLIBRE event=frame-full ns=42852883439149 map=0x7f438dcd2040 thread=0x7f439f7fe6c0 seq=0 source= submittedBytes=-1 submittedFeatures=-1 needsRepaint=1 placementChanged=0
M10_MAPLIBRE event=frame-start ns=42852893345659 map=0x7f438dcd2040 thread=0x7f439f7fe6c0 seq=0 source= submittedBytes=-1 submittedFeatures=-1 needsRepaint=-1 placementChanged=-1
M10_MAPLIBRE event=frame-full ns=42852893378308 map=0x7f438dcd2040 thread=0x7f439f7fe6c0 seq=0 source= submittedBytes=-1 submittedFeatures=-1 needsRepaint=1 placementChanged=0
M10_MAPLIBRE event=frame-start ns=42852918702563 map=0x7f438dcd2040 thread=0x7f439f7fe6c0 seq=0 source= submittedBytes=-1 submittedFeatures=-1 needsRepaint=-1 placementChanged=-1
M10_MAPLIBRE event=frame-full ns=42852918739857 map=0x7f438dcd2040 thread=0x7f439f7fe6c0 seq=0 source= submittedBytes=-1 submittedFeatures=-1 needsRepaint=1 placementChanged=0
M10_MAPLIBRE event=frame-start ns=42852930984916 map=0x7f438dcd2040 thread=0x7f439f7fe6c0 seq=0 source= submittedBytes=-1 submittedFeatures=-1 needsRepaint=-1 placementChanged=-1
M10_MAPLIBRE event=frame-full ns=42852931019766 map=0x7f438dcd2040 thread=0x7f439f7fe6c0 seq=0 source= submittedBytes=-1 submittedFeatures=-1 needsRepaint=1 placementChanged=0
M10_MAPLIBRE event=frame-start ns=42852941278580 map=0x7f438dcd2040 thread=0x7f439f7fe6c0 seq=0 source= submittedBytes=-1 submittedFeatures=-1 needsRepaint=-1 placementChanged=-1
M10_MAPLIBRE event=frame-full ns=42852941311042 map=0x7f438dcd2040 thread=0x7f439f7fe6c0 seq=0 source= submittedBytes=-1 submittedFeatures=-1 needsRepaint=1 placementChanged=0
M10_MAPLIBRE event=frame-start ns=42852951080584 map=0x7f438dcd2040 thread=0x7f439f7fe6c0 seq=0 source= submittedBytes=-1 submittedFeatures=-1 needsRepaint=-1 placementChanged=-1
M10_MAPLIBRE event=frame-full ns=42852951113089 map=0x7f438dcd2040 thread=0x7f439f7fe6c0 seq=0 source= submittedBytes=-1 submittedFeatures=-1 needsRepaint=1 placementChanged=0
M10_MAPLIBRE event=frame-start ns=42852961279144 map=0x7f438dcd2040 thread=0x7f439f7fe6c0 seq=0 source= submittedBytes=-1 submittedFeatures=-1 needsRepaint=-1 placementChanged=-1
M10_MAPLIBRE event=frame-full ns=42852961313060 map=0x7f438dcd2040 thread=0x7f439f7fe6c0 seq=0 source= submittedBytes=-1 submittedFeatures=-1 needsRepaint=1 placementChanged=0
M10_MAPLIBRE event=frame-start ns=42852972054168 map=0x7f438dcd2040 thread=0x7f439f7fe6c0 seq=0 source= submittedBytes=-1 submittedFeatures=-1 needsRepaint=-1 placementChanged=-1
M10_MAPLIBRE event=frame-full ns=42852972100012 map=0x7f438dcd2040 thread=0x7f439f7fe6c0 seq=0 source= submittedBytes=-1 submittedFeatures=-1 needsRepaint=1 placementChanged=0
M10_MAPLIBRE event=frame-start ns=42852981640097 map=0x7f438dcd2040 thread=0x7f439f7fe6c0 seq=0 source= submittedBytes=-1 submittedFeatures=-1 needsRepaint=-1 placementChanged=-1
M10_MAPLIBRE event=frame-full ns=42852981671678 map=0x7f438dcd2040 thread=0x7f439f7fe6c0 seq=0 source= submittedBytes=-1 submittedFeatures=-1 needsRepaint=1 placementChanged=0
M10_MAPLIBRE event=frame-start ns=42852991581800 map=0x7f438dcd2040 thread=0x7f439f7fe6c0 seq=0 source= submittedBytes=-1 submittedFeatures=-1 needsRepaint=-1 placementChanged=-1
M10_MAPLIBRE event=frame-full ns=42852991614360 map=0x7f438dcd2040 thread=0x7f439f7fe6c0 seq=0 source= submittedBytes=-1 submittedFeatures=-1 needsRepaint=1 placementChanged=0
M10_MAPLIBRE event=frame-start ns=42853002479797 map=0x7f438dcd2040 thread=0x7f439f7fe6c0 seq=0 source= submittedBytes=-1 submittedFeatures=-1 needsRepaint=-1 placementChanged=-1
M10_MAPLIBRE event=frame-full ns=42853002512034 map=0x7f438dcd2040 thread=0x7f439f7fe6c0 seq=0 source= submittedBytes=-1 submittedFeatures=-1 needsRepaint=1 placementChanged=0
M10_MAPLIBRE event=frame-start ns=42853014060166 map=0x7f438dcd2040 thread=0x7f439f7fe6c0 seq=0 source= submittedBytes=-1 submittedFeatures=-1 needsRepaint=-1 placementChanged=-1
M10_MAPLIBRE event=frame-full ns=42853014094315 map=0x7f438dcd2040 thread=0x7f439f7fe6c0 seq=0 source= submittedBytes=-1 submittedFeatures=-1 needsRepaint=1 placementChanged=0
M10_MAPLIBRE event=frame-start ns=42853025750914 map=0x7f438dcd2040 thread=0x7f439f7fe6c0 seq=0 source= submittedBytes=-1 submittedFeatures=-1 needsRepaint=-1 placementChanged=-1
M10_MAPLIBRE event=frame-full ns=42853025784568 map=0x7f438dcd2040 thread=0x7f439f7fe6c0 seq=0 source= submittedBytes=-1 submittedFeatures=-1 needsRepaint=1 placementChanged=0
M10_MAPLIBRE event=frame-start ns=42853035802806 map=0x7f438dcd2040 thread=0x7f439f7fe6c0 seq=0 source= submittedBytes=-1 submittedFeatures=-1 needsRepaint=-1 placementChanged=-1
M10_MAPLIBRE event=frame-full ns=42853035835351 map=0x7f438dcd2040 thread=0x7f439f7fe6c0 seq=0 source= submittedBytes=-1 submittedFeatures=-1 needsRepaint=1 placementChanged=0
M10_MAPLIBRE event=frame-start ns=42853044902714 map=0x7f438dcd2040 thread=0x7f439f7fe6c0 seq=0 source= submittedBytes=-1 submittedFeatures=-1 needsRepaint=-1 placementChanged=-1
M10_MAPLIBRE event=frame-full ns=42853044934066 map=0x7f438dcd2040 thread=0x7f439f7fe6c0 seq=0 source= submittedBytes=-1 submittedFeatures=-1 needsRepaint=1 placementChanged=0
M10_MAPLIBRE event=frame-start ns=42853054524297 map=0x7f438dcd2040 thread=0x7f439f7fe6c0 seq=0 source= submittedBytes=-1 submittedFeatures=-1 needsRepaint=-1 placementChanged=-1
M10_MAPLIBRE event=frame-full ns=42853054553925 map=0x7f438dcd2040 thread=0x7f439f7fe6c0 seq=0 source= submittedBytes=-1 submittedFeatures=-1 needsRepaint=1 placementChanged=0
M10_MAPLIBRE event=frame-start ns=42853064350254 map=0x7f438dcd2040 thread=0x7f439f7fe6c0 seq=0 source= submittedBytes=-1 submittedFeatures=-1 needsRepaint=-1 placementChanged=-1
M10_MAPLIBRE event=frame-full ns=42853064380115 map=0x7f438dcd2040 thread=0x7f439f7fe6c0 seq=0 source= submittedBytes=-1 submittedFeatures=-1 needsRepaint=1 placementChanged=0
M10_MAPLIBRE event=frame-start ns=42853074739865 map=0x7f438dcd2040 thread=0x7f439f7fe6c0 seq=0 source= submittedBytes=-1 submittedFeatures=-1 needsRepaint=-1 placementChanged=-1
M10_MAPLIBRE event=frame-full ns=42853074780567 map=0x7f438dcd2040 thread=0x7f439f7fe6c0 seq=0 source= submittedBytes=-1 submittedFeatures=-1 needsRepaint=1 placementChanged=0
M10_MAPLIBRE event=frame-start ns=42853101474765 map=0x7f438dcd2040 thread=0x7f439f7fe6c0 seq=0 source= submittedBytes=-1 submittedFeatures=-1 needsRepaint=-1 placementChanged=-1
M10_MAPLIBRE event=frame-full ns=42853101506978 map=0x7f438dcd2040 thread=0x7f439f7fe6c0 seq=0 source= submittedBytes=-1 submittedFeatures=-1 needsRepaint=1 placementChanged=0
M10_MAPLIBRE event=frame-start ns=42853113971152 map=0x7f438dcd2040 thread=0x7f439f7fe6c0 seq=0 source= submittedBytes=-1 submittedFeatures=-1 needsRepaint=-1 placementChanged=-1
M10_MAPLIBRE event=frame-full ns=42853114002791 map=0x7f438dcd2040 thread=0x7f439f7fe6c0 seq=0 source= submittedBytes=-1 submittedFeatures=-1 needsRepaint=1 placementChanged=0
M10_MAPLIBRE event=frame-start ns=42853129280135 map=0x7f438dcd2040 thread=0x7f439f7fe6c0 seq=0 source= submittedBytes=-1 submittedFeatures=-1 needsRepaint=-1 placementChanged=-1
M10_MAPLIBRE event=frame-full ns=42853129418274 map=0x7f438dcd2040 thread=0x7f439f7fe6c0 seq=0 source= submittedBytes=-1 submittedFeatures=-1 needsRepaint=0 placementChanged=1
M10_MAPLIBRE event=frame-start ns=42853139629038 map=0x7f438dcd2040 thread=0x7f439f7fe6c0 seq=0 source= submittedBytes=-1 submittedFeatures=-1 needsRepaint=-1 placementChanged=-1
M10_MAPLIBRE event=frame-full ns=42853139660466 map=0x7f438dcd2040 thread=0x7f439f7fe6c0 seq=0 source= submittedBytes=-1 submittedFeatures=-1 needsRepaint=1 placementChanged=0
M10_HOST stage=4-budget submit_ns=42853550832198 features=145
M10_MAPLIBRE event=source-update-enter ns=42853555391868 map=0x7f438dcd2040 thread=0x7f439f7fe6c0 seq=4 source=hdb-addresses submittedBytes=51947 submittedFeatures=-1 needsRepaint=-1 placementChanged=-1
M10_MAPLIBRE event=source-change ns=42853556358553 map=0x7f438dcd2040 thread=0x7f439f7fe6c0 seq=0 source=hdb-addresses submittedBytes=-1 submittedFeatures=-1 needsRepaint=-1 placementChanged=-1
M10_MAPLIBRE event=source-update-return ns=42853556435855 map=0x7f438dcd2040 thread=0x7f439f7fe6c0 seq=4 source=hdb-addresses submittedBytes=51947 submittedFeatures=-1 needsRepaint=-1 placementChanged=-1
M10_MAPLIBRE event=frame-start ns=42853563730834 map=0x7f438dcd2040 thread=0x7f439f7fe6c0 seq=0 source= submittedBytes=-1 submittedFeatures=-1 needsRepaint=-1 placementChanged=-1
M10_MAPLIBRE event=frame-full ns=42853564192831 map=0x7f438dcd2040 thread=0x7f439f7fe6c0 seq=0 source= submittedBytes=-1 submittedFeatures=-1 needsRepaint=0 placementChanged=1
M10_MAPLIBRE event=frame-start ns=42853576210449 map=0x7f438dcd2040 thread=0x7f439f7fe6c0 seq=0 source= submittedBytes=-1 submittedFeatures=-1 needsRepaint=-1 placementChanged=-1
M10_MAPLIBRE event=frame-partial ns=42853576294893 map=0x7f438dcd2040 thread=0x7f439f7fe6c0 seq=0 source= submittedBytes=-1 submittedFeatures=-1 needsRepaint=1 placementChanged=0
M10_MAPLIBRE event=frame-start ns=42853587415014 map=0x7f438dcd2040 thread=0x7f439f7fe6c0 seq=0 source= submittedBytes=-1 submittedFeatures=-1 needsRepaint=-1 placementChanged=-1
M10_MAPLIBRE event=frame-full ns=42853587449548 map=0x7f438dcd2040 thread=0x7f439f7fe6c0 seq=0 source= submittedBytes=-1 submittedFeatures=-1 needsRepaint=1 placementChanged=0
M10_MAPLIBRE event=frame-start ns=42853598218370 map=0x7f438dcd2040 thread=0x7f439f7fe6c0 seq=0 source= submittedBytes=-1 submittedFeatures=-1 needsRepaint=-1 placementChanged=-1
M10_MAPLIBRE event=frame-full ns=42853598253381 map=0x7f438dcd2040 thread=0x7f439f7fe6c0 seq=0 source= submittedBytes=-1 submittedFeatures=-1 needsRepaint=1 placementChanged=0
M10_MAPLIBRE event=frame-start ns=42853608309349 map=0x7f438dcd2040 thread=0x7f439f7fe6c0 seq=0 source= submittedBytes=-1 submittedFeatures=-1 needsRepaint=-1 placementChanged=-1
M10_MAPLIBRE event=frame-full ns=42853608343240 map=0x7f438dcd2040 thread=0x7f439f7fe6c0 seq=0 source= submittedBytes=-1 submittedFeatures=-1 needsRepaint=1 placementChanged=0
M10_MAPLIBRE event=frame-start ns=42853620921942 map=0x7f438dcd2040 thread=0x7f439f7fe6c0 seq=0 source= submittedBytes=-1 submittedFeatures=-1 needsRepaint=-1 placementChanged=-1
M10_MAPLIBRE event=frame-full ns=42853620966420 map=0x7f438dcd2040 thread=0x7f439f7fe6c0 seq=0 source= submittedBytes=-1 submittedFeatures=-1 needsRepaint=1 placementChanged=0
M10_MAPLIBRE event=frame-start ns=42853631471021 map=0x7f438dcd2040 thread=0x7f439f7fe6c0 seq=0 source= submittedBytes=-1 submittedFeatures=-1 needsRepaint=-1 placementChanged=-1
M10_MAPLIBRE event=frame-full ns=42853631506062 map=0x7f438dcd2040 thread=0x7f439f7fe6c0 seq=0 source= submittedBytes=-1 submittedFeatures=-1 needsRepaint=1 placementChanged=0
M10_MAPLIBRE event=frame-start ns=42853642434913 map=0x7f438dcd2040 thread=0x7f439f7fe6c0 seq=0 source= submittedBytes=-1 submittedFeatures=-1 needsRepaint=-1 placementChanged=-1
M10_MAPLIBRE event=frame-full ns=42853642473870 map=0x7f438dcd2040 thread=0x7f439f7fe6c0 seq=0 source= submittedBytes=-1 submittedFeatures=-1 needsRepaint=1 placementChanged=0
M10_MAPLIBRE event=frame-start ns=42853652766257 map=0x7f438dcd2040 thread=0x7f439f7fe6c0 seq=0 source= submittedBytes=-1 submittedFeatures=-1 needsRepaint=-1 placementChanged=-1
M10_MAPLIBRE event=frame-full ns=42853652800449 map=0x7f438dcd2040 thread=0x7f439f7fe6c0 seq=0 source= submittedBytes=-1 submittedFeatures=-1 needsRepaint=1 placementChanged=0
M10_MAPLIBRE event=frame-start ns=42853662330213 map=0x7f438dcd2040 thread=0x7f439f7fe6c0 seq=0 source= submittedBytes=-1 submittedFeatures=-1 needsRepaint=-1 placementChanged=-1
M10_MAPLIBRE event=frame-full ns=42853662365048 map=0x7f438dcd2040 thread=0x7f439f7fe6c0 seq=0 source= submittedBytes=-1 submittedFeatures=-1 needsRepaint=1 placementChanged=0
M10_MAPLIBRE event=frame-start ns=42853673468407 map=0x7f438dcd2040 thread=0x7f439f7fe6c0 seq=0 source= submittedBytes=-1 submittedFeatures=-1 needsRepaint=-1 placementChanged=-1
M10_MAPLIBRE event=frame-full ns=42853673523095 map=0x7f438dcd2040 thread=0x7f439f7fe6c0 seq=0 source= submittedBytes=-1 submittedFeatures=-1 needsRepaint=1 placementChanged=0
M10_MAPLIBRE event=frame-start ns=42853683226972 map=0x7f438dcd2040 thread=0x7f439f7fe6c0 seq=0 source= submittedBytes=-1 submittedFeatures=-1 needsRepaint=-1 placementChanged=-1
M10_MAPLIBRE event=frame-full ns=42853683265841 map=0x7f438dcd2040 thread=0x7f439f7fe6c0 seq=0 source= submittedBytes=-1 submittedFeatures=-1 needsRepaint=1 placementChanged=0
M10_MAPLIBRE event=frame-start ns=42853696635391 map=0x7f438dcd2040 thread=0x7f439f7fe6c0 seq=0 source= submittedBytes=-1 submittedFeatures=-1 needsRepaint=-1 placementChanged=-1
M10_MAPLIBRE event=frame-full ns=42853696669205 map=0x7f438dcd2040 thread=0x7f439f7fe6c0 seq=0 source= submittedBytes=-1 submittedFeatures=-1 needsRepaint=1 placementChanged=0
M10_MAPLIBRE event=frame-start ns=42853708385723 map=0x7f438dcd2040 thread=0x7f439f7fe6c0 seq=0 source= submittedBytes=-1 submittedFeatures=-1 needsRepaint=-1 placementChanged=-1
M10_MAPLIBRE event=frame-full ns=42853708419004 map=0x7f438dcd2040 thread=0x7f439f7fe6c0 seq=0 source= submittedBytes=-1 submittedFeatures=-1 needsRepaint=1 placementChanged=0
M10_MAPLIBRE event=frame-start ns=42853720466276 map=0x7f438dcd2040 thread=0x7f439f7fe6c0 seq=0 source= submittedBytes=-1 submittedFeatures=-1 needsRepaint=-1 placementChanged=-1
M10_MAPLIBRE event=frame-full ns=42853720499423 map=0x7f438dcd2040 thread=0x7f439f7fe6c0 seq=0 source= submittedBytes=-1 submittedFeatures=-1 needsRepaint=1 placementChanged=0
M10_MAPLIBRE event=frame-start ns=42853731381741 map=0x7f438dcd2040 thread=0x7f439f7fe6c0 seq=0 source= submittedBytes=-1 submittedFeatures=-1 needsRepaint=-1 placementChanged=-1
M10_MAPLIBRE event=frame-full ns=42853731415732 map=0x7f438dcd2040 thread=0x7f439f7fe6c0 seq=0 source= submittedBytes=-1 submittedFeatures=-1 needsRepaint=1 placementChanged=0
M10_MAPLIBRE event=frame-start ns=42853741025396 map=0x7f438dcd2040 thread=0x7f439f7fe6c0 seq=0 source= submittedBytes=-1 submittedFeatures=-1 needsRepaint=-1 placementChanged=-1
M10_MAPLIBRE event=frame-full ns=42853741057981 map=0x7f438dcd2040 thread=0x7f439f7fe6c0 seq=0 source= submittedBytes=-1 submittedFeatures=-1 needsRepaint=1 placementChanged=0
M10_MAPLIBRE event=frame-start ns=42853750546306 map=0x7f438dcd2040 thread=0x7f439f7fe6c0 seq=0 source= submittedBytes=-1 submittedFeatures=-1 needsRepaint=-1 placementChanged=-1
M10_MAPLIBRE event=frame-full ns=42853750578142 map=0x7f438dcd2040 thread=0x7f439f7fe6c0 seq=0 source= submittedBytes=-1 submittedFeatures=-1 needsRepaint=1 placementChanged=0
M10_MAPLIBRE event=frame-start ns=42853760038150 map=0x7f438dcd2040 thread=0x7f439f7fe6c0 seq=0 source= submittedBytes=-1 submittedFeatures=-1 needsRepaint=-1 placementChanged=-1
M10_MAPLIBRE event=frame-full ns=42853760076142 map=0x7f438dcd2040 thread=0x7f439f7fe6c0 seq=0 source= submittedBytes=-1 submittedFeatures=-1 needsRepaint=1 placementChanged=0
M10_MAPLIBRE event=frame-start ns=42853769431437 map=0x7f438dcd2040 thread=0x7f439f7fe6c0 seq=0 source= submittedBytes=-1 submittedFeatures=-1 needsRepaint=-1 placementChanged=-1
M10_MAPLIBRE event=frame-full ns=42853769462570 map=0x7f438dcd2040 thread=0x7f439f7fe6c0 seq=0 source= submittedBytes=-1 submittedFeatures=-1 needsRepaint=1 placementChanged=0
M10_MAPLIBRE event=frame-start ns=42853779360634 map=0x7f438dcd2040 thread=0x7f439f7fe6c0 seq=0 source= submittedBytes=-1 submittedFeatures=-1 needsRepaint=-1 placementChanged=-1
M10_MAPLIBRE event=frame-full ns=42853779392002 map=0x7f438dcd2040 thread=0x7f439f7fe6c0 seq=0 source= submittedBytes=-1 submittedFeatures=-1 needsRepaint=1 placementChanged=0
M10_MAPLIBRE event=frame-start ns=42853789359550 map=0x7f438dcd2040 thread=0x7f439f7fe6c0 seq=0 source= submittedBytes=-1 submittedFeatures=-1 needsRepaint=-1 placementChanged=-1
M10_MAPLIBRE event=frame-full ns=42853789390703 map=0x7f438dcd2040 thread=0x7f439f7fe6c0 seq=0 source= submittedBytes=-1 submittedFeatures=-1 needsRepaint=1 placementChanged=0
M10_MAPLIBRE event=frame-start ns=42853799311364 map=0x7f438dcd2040 thread=0x7f439f7fe6c0 seq=0 source= submittedBytes=-1 submittedFeatures=-1 needsRepaint=-1 placementChanged=-1
M10_MAPLIBRE event=frame-full ns=42853799355568 map=0x7f438dcd2040 thread=0x7f439f7fe6c0 seq=0 source= submittedBytes=-1 submittedFeatures=-1 needsRepaint=1 placementChanged=0
M10_MAPLIBRE event=frame-start ns=42853809544555 map=0x7f438dcd2040 thread=0x7f439f7fe6c0 seq=0 source= submittedBytes=-1 submittedFeatures=-1 needsRepaint=-1 placementChanged=-1
M10_MAPLIBRE event=frame-full ns=42853809575418 map=0x7f438dcd2040 thread=0x7f439f7fe6c0 seq=0 source= submittedBytes=-1 submittedFeatures=-1 needsRepaint=1 placementChanged=0
M10_MAPLIBRE event=frame-start ns=42853822788287 map=0x7f438dcd2040 thread=0x7f439f7fe6c0 seq=0 source= submittedBytes=-1 submittedFeatures=-1 needsRepaint=-1 placementChanged=-1
M10_MAPLIBRE event=frame-full ns=42853822820231 map=0x7f438dcd2040 thread=0x7f439f7fe6c0 seq=0 source= submittedBytes=-1 submittedFeatures=-1 needsRepaint=1 placementChanged=0
M10_MAPLIBRE event=frame-start ns=42853834268179 map=0x7f438dcd2040 thread=0x7f439f7fe6c0 seq=0 source= submittedBytes=-1 submittedFeatures=-1 needsRepaint=-1 placementChanged=-1
M10_MAPLIBRE event=frame-full ns=42853834297608 map=0x7f438dcd2040 thread=0x7f439f7fe6c0 seq=0 source= submittedBytes=-1 submittedFeatures=-1 needsRepaint=1 placementChanged=0
M10_MAPLIBRE event=frame-start ns=42853844258557 map=0x7f438dcd2040 thread=0x7f439f7fe6c0 seq=0 source= submittedBytes=-1 submittedFeatures=-1 needsRepaint=-1 placementChanged=-1
M10_MAPLIBRE event=frame-full ns=42853844288549 map=0x7f438dcd2040 thread=0x7f439f7fe6c0 seq=0 source= submittedBytes=-1 submittedFeatures=-1 needsRepaint=1 placementChanged=0
M10_MAPLIBRE event=frame-start ns=42853854187087 map=0x7f438dcd2040 thread=0x7f439f7fe6c0 seq=0 source= submittedBytes=-1 submittedFeatures=-1 needsRepaint=-1 placementChanged=-1
M10_MAPLIBRE event=frame-full ns=42853854216116 map=0x7f438dcd2040 thread=0x7f439f7fe6c0 seq=0 source= submittedBytes=-1 submittedFeatures=-1 needsRepaint=1 placementChanged=0
M10_MAPLIBRE event=frame-start ns=42853863788384 map=0x7f438dcd2040 thread=0x7f439f7fe6c0 seq=0 source= submittedBytes=-1 submittedFeatures=-1 needsRepaint=-1 placementChanged=-1
M10_MAPLIBRE event=frame-full ns=42853863831405 map=0x7f438dcd2040 thread=0x7f439f7fe6c0 seq=0 source= submittedBytes=-1 submittedFeatures=-1 needsRepaint=1 placementChanged=0
M10_MAPLIBRE event=frame-start ns=42853875616429 map=0x7f438dcd2040 thread=0x7f439f7fe6c0 seq=0 source= submittedBytes=-1 submittedFeatures=-1 needsRepaint=-1 placementChanged=-1
M10_MAPLIBRE event=frame-full ns=42853875646706 map=0x7f438dcd2040 thread=0x7f439f7fe6c0 seq=0 source= submittedBytes=-1 submittedFeatures=-1 needsRepaint=0 placementChanged=1
M10_MAPLIBRE event=frame-start ns=42853885965539 map=0x7f438dcd2040 thread=0x7f439f7fe6c0 seq=0 source= submittedBytes=-1 submittedFeatures=-1 needsRepaint=-1 placementChanged=-1
M10_MAPLIBRE event=frame-full ns=42853886086071 map=0x7f438dcd2040 thread=0x7f439f7fe6c0 seq=0 source= submittedBytes=-1 submittedFeatures=-1 needsRepaint=1 placementChanged=0
M10_HOST stage=5-full submit_ns=42854301397684 features=7618
M10_MAPLIBRE event=source-update-enter ns=42854306148141 map=0x7f438dcd2040 thread=0x7f439f7fe6c0 seq=5 source=hdb-addresses submittedBytes=2733353 submittedFeatures=-1 needsRepaint=-1 placementChanged=-1
M10_MAPLIBRE event=source-change ns=42854348956008 map=0x7f438dcd2040 thread=0x7f439f7fe6c0 seq=0 source=hdb-addresses submittedBytes=-1 submittedFeatures=-1 needsRepaint=-1 placementChanged=-1
M10_MAPLIBRE event=source-update-return ns=42854352844013 map=0x7f438dcd2040 thread=0x7f439f7fe6c0 seq=5 source=hdb-addresses submittedBytes=2733353 submittedFeatures=-1 needsRepaint=-1 placementChanged=-1
M10_MAPLIBRE event=frame-start ns=42854360843924 map=0x7f438dcd2040 thread=0x7f439f7fe6c0 seq=0 source= submittedBytes=-1 submittedFeatures=-1 needsRepaint=-1 placementChanged=-1
M10_MAPLIBRE event=frame-partial ns=42854360873534 map=0x7f438dcd2040 thread=0x7f439f7fe6c0 seq=0 source= submittedBytes=-1 submittedFeatures=-1 needsRepaint=1 placementChanged=1
M10_MAPLIBRE event=frame-start ns=42854371393890 map=0x7f438dcd2040 thread=0x7f439f7fe6c0 seq=0 source= submittedBytes=-1 submittedFeatures=-1 needsRepaint=-1 placementChanged=-1
M10_MAPLIBRE event=frame-partial ns=42854371428026 map=0x7f438dcd2040 thread=0x7f439f7fe6c0 seq=0 source= submittedBytes=-1 submittedFeatures=-1 needsRepaint=1 placementChanged=0
M10_MAPLIBRE event=frame-start ns=42854382654368 map=0x7f438dcd2040 thread=0x7f439f7fe6c0 seq=0 source= submittedBytes=-1 submittedFeatures=-1 needsRepaint=-1 placementChanged=-1
M10_MAPLIBRE event=frame-partial ns=42854382686684 map=0x7f438dcd2040 thread=0x7f439f7fe6c0 seq=0 source= submittedBytes=-1 submittedFeatures=-1 needsRepaint=1 placementChanged=0
M10_MAPLIBRE event=frame-start ns=42854394985942 map=0x7f438dcd2040 thread=0x7f439f7fe6c0 seq=0 source= submittedBytes=-1 submittedFeatures=-1 needsRepaint=-1 placementChanged=-1
M10_MAPLIBRE event=frame-partial ns=42854395018070 map=0x7f438dcd2040 thread=0x7f439f7fe6c0 seq=0 source= submittedBytes=-1 submittedFeatures=-1 needsRepaint=1 placementChanged=0
M10_MAPLIBRE event=frame-start ns=42854405871988 map=0x7f438dcd2040 thread=0x7f439f7fe6c0 seq=0 source= submittedBytes=-1 submittedFeatures=-1 needsRepaint=-1 placementChanged=-1
M10_MAPLIBRE event=frame-partial ns=42854405904120 map=0x7f438dcd2040 thread=0x7f439f7fe6c0 seq=0 source= submittedBytes=-1 submittedFeatures=-1 needsRepaint=1 placementChanged=0
M10_MAPLIBRE event=frame-start ns=42854416425505 map=0x7f438dcd2040 thread=0x7f439f7fe6c0 seq=0 source= submittedBytes=-1 submittedFeatures=-1 needsRepaint=-1 placementChanged=-1
M10_MAPLIBRE event=frame-partial ns=42854416458050 map=0x7f438dcd2040 thread=0x7f439f7fe6c0 seq=0 source= submittedBytes=-1 submittedFeatures=-1 needsRepaint=1 placementChanged=0
M10_MAPLIBRE event=frame-start ns=42854433091317 map=0x7f438dcd2040 thread=0x7f439f7fe6c0 seq=0 source= submittedBytes=-1 submittedFeatures=-1 needsRepaint=-1 placementChanged=-1
M10_MAPLIBRE event=frame-partial ns=42854433125518 map=0x7f438dcd2040 thread=0x7f439f7fe6c0 seq=0 source= submittedBytes=-1 submittedFeatures=-1 needsRepaint=1 placementChanged=0
M10_MAPLIBRE event=frame-start ns=42854446524774 map=0x7f438dcd2040 thread=0x7f439f7fe6c0 seq=0 source= submittedBytes=-1 submittedFeatures=-1 needsRepaint=-1 placementChanged=-1
M10_MAPLIBRE event=frame-partial ns=42854449658576 map=0x7f438dcd2040 thread=0x7f439f7fe6c0 seq=0 source= submittedBytes=-1 submittedFeatures=-1 needsRepaint=1 placementChanged=0
M10_MAPLIBRE event=frame-start ns=42854462237928 map=0x7f438dcd2040 thread=0x7f439f7fe6c0 seq=0 source= submittedBytes=-1 submittedFeatures=-1 needsRepaint=-1 placementChanged=-1
M10_MAPLIBRE event=frame-partial ns=42854474410702 map=0x7f438dcd2040 thread=0x7f439f7fe6c0 seq=0 source= submittedBytes=-1 submittedFeatures=-1 needsRepaint=1 placementChanged=0
M10_MAPLIBRE event=frame-start ns=42854497884411 map=0x7f438dcd2040 thread=0x7f439f7fe6c0 seq=0 source= submittedBytes=-1 submittedFeatures=-1 needsRepaint=-1 placementChanged=-1
M10_MAPLIBRE event=frame-partial ns=42854497942705 map=0x7f438dcd2040 thread=0x7f439f7fe6c0 seq=0 source= submittedBytes=-1 submittedFeatures=-1 needsRepaint=1 placementChanged=0
M10_MAPLIBRE event=frame-start ns=42854512965661 map=0x7f438dcd2040 thread=0x7f439f7fe6c0 seq=0 source= submittedBytes=-1 submittedFeatures=-1 needsRepaint=-1 placementChanged=-1
M10_MAPLIBRE event=frame-partial ns=42854512999852 map=0x7f438dcd2040 thread=0x7f439f7fe6c0 seq=0 source= submittedBytes=-1 submittedFeatures=-1 needsRepaint=1 placementChanged=0
M10_MAPLIBRE event=frame-start ns=42854532064742 map=0x7f438dcd2040 thread=0x7f439f7fe6c0 seq=0 source= submittedBytes=-1 submittedFeatures=-1 needsRepaint=-1 placementChanged=-1
M10_MAPLIBRE event=frame-full ns=42854532102514 map=0x7f438dcd2040 thread=0x7f439f7fe6c0 seq=0 source= submittedBytes=-1 submittedFeatures=-1 needsRepaint=1 placementChanged=0
M10_MAPLIBRE event=frame-start ns=42854551700008 map=0x7f438dcd2040 thread=0x7f439f7fe6c0 seq=0 source= submittedBytes=-1 submittedFeatures=-1 needsRepaint=-1 placementChanged=-1
M10_MAPLIBRE event=frame-full ns=42854551733901 map=0x7f438dcd2040 thread=0x7f439f7fe6c0 seq=0 source= submittedBytes=-1 submittedFeatures=-1 needsRepaint=1 placementChanged=0
M10_MAPLIBRE event=frame-start ns=42854565079850 map=0x7f438dcd2040 thread=0x7f439f7fe6c0 seq=0 source= submittedBytes=-1 submittedFeatures=-1 needsRepaint=-1 placementChanged=-1
M10_MAPLIBRE event=frame-full ns=42854565112189 map=0x7f438dcd2040 thread=0x7f439f7fe6c0 seq=0 source= submittedBytes=-1 submittedFeatures=-1 needsRepaint=1 placementChanged=0
M10_MAPLIBRE event=frame-start ns=42854579549458 map=0x7f438dcd2040 thread=0x7f439f7fe6c0 seq=0 source= submittedBytes=-1 submittedFeatures=-1 needsRepaint=-1 placementChanged=-1
M10_MAPLIBRE event=frame-full ns=42854579588018 map=0x7f438dcd2040 thread=0x7f439f7fe6c0 seq=0 source= submittedBytes=-1 submittedFeatures=-1 needsRepaint=1 placementChanged=0
M10_MAPLIBRE event=frame-start ns=42854597250752 map=0x7f438dcd2040 thread=0x7f439f7fe6c0 seq=0 source= submittedBytes=-1 submittedFeatures=-1 needsRepaint=-1 placementChanged=-1
M10_MAPLIBRE event=frame-full ns=42854597286625 map=0x7f438dcd2040 thread=0x7f439f7fe6c0 seq=0 source= submittedBytes=-1 submittedFeatures=-1 needsRepaint=1 placementChanged=0
M10_MAPLIBRE event=frame-start ns=42854623892618 map=0x7f438dcd2040 thread=0x7f439f7fe6c0 seq=0 source= submittedBytes=-1 submittedFeatures=-1 needsRepaint=-1 placementChanged=-1
M10_MAPLIBRE event=frame-full ns=42854623931372 map=0x7f438dcd2040 thread=0x7f439f7fe6c0 seq=0 source= submittedBytes=-1 submittedFeatures=-1 needsRepaint=1 placementChanged=0
M10_MAPLIBRE event=frame-start ns=42854641776796 map=0x7f438dcd2040 thread=0x7f439f7fe6c0 seq=0 source= submittedBytes=-1 submittedFeatures=-1 needsRepaint=-1 placementChanged=-1
M10_MAPLIBRE event=frame-full ns=42854641813578 map=0x7f438dcd2040 thread=0x7f439f7fe6c0 seq=0 source= submittedBytes=-1 submittedFeatures=-1 needsRepaint=1 placementChanged=0
M10_MAPLIBRE event=frame-start ns=42854660261045 map=0x7f438dcd2040 thread=0x7f439f7fe6c0 seq=0 source= submittedBytes=-1 submittedFeatures=-1 needsRepaint=-1 placementChanged=-1
M10_MAPLIBRE event=frame-full ns=42854660310462 map=0x7f438dcd2040 thread=0x7f439f7fe6c0 seq=0 source= submittedBytes=-1 submittedFeatures=-1 needsRepaint=1 placementChanged=0
M10_MAPLIBRE event=frame-start ns=42854683471474 map=0x7f438dcd2040 thread=0x7f439f7fe6c0 seq=0 source= submittedBytes=-1 submittedFeatures=-1 needsRepaint=-1 placementChanged=-1
M10_MAPLIBRE event=frame-full ns=42854683507798 map=0x7f438dcd2040 thread=0x7f439f7fe6c0 seq=0 source= submittedBytes=-1 submittedFeatures=-1 needsRepaint=0 placementChanged=1
M10_MAPLIBRE event=frame-start ns=42854700658134 map=0x7f438dcd2040 thread=0x7f439f7fe6c0 seq=0 source= submittedBytes=-1 submittedFeatures=-1 needsRepaint=-1 placementChanged=-1
M10_MAPLIBRE event=frame-full ns=42854700699649 map=0x7f438dcd2040 thread=0x7f439f7fe6c0 seq=0 source= submittedBytes=-1 submittedFeatures=-1 needsRepaint=1 placementChanged=0
M10_HOST stage=6-empty submit_ns=42855101308585 features=0
M10_MAPLIBRE event=source-update-enter ns=42855105786392 map=0x7f438dcd2040 thread=0x7f439f7fe6c0 seq=6 source=hdb-addresses submittedBytes=42 submittedFeatures=-1 needsRepaint=-1 placementChanged=-1
M10_MAPLIBRE event=source-change ns=42855105849706 map=0x7f438dcd2040 thread=0x7f439f7fe6c0 seq=0 source=hdb-addresses submittedBytes=-1 submittedFeatures=-1 needsRepaint=-1 placementChanged=-1
M10_MAPLIBRE event=source-update-return ns=42855105865323 map=0x7f438dcd2040 thread=0x7f439f7fe6c0 seq=6 source=hdb-addresses submittedBytes=42 submittedFeatures=-1 needsRepaint=-1 placementChanged=-1
M10_MAPLIBRE event=frame-start ns=42855123756406 map=0x7f438dcd2040 thread=0x7f439f7fe6c0 seq=0 source= submittedBytes=-1 submittedFeatures=-1 needsRepaint=-1 placementChanged=-1
M10_MAPLIBRE event=frame-partial ns=42855123795444 map=0x7f438dcd2040 thread=0x7f439f7fe6c0 seq=0 source= submittedBytes=-1 submittedFeatures=-1 needsRepaint=1 placementChanged=1
M10_MAPLIBRE event=frame-start ns=42855139756158 map=0x7f438dcd2040 thread=0x7f439f7fe6c0 seq=0 source= submittedBytes=-1 submittedFeatures=-1 needsRepaint=-1 placementChanged=-1
M10_MAPLIBRE event=frame-partial ns=42855139795029 map=0x7f438dcd2040 thread=0x7f439f7fe6c0 seq=0 source= submittedBytes=-1 submittedFeatures=-1 needsRepaint=1 placementChanged=0
M10_MAPLIBRE event=frame-start ns=42855168568804 map=0x7f438dcd2040 thread=0x7f439f7fe6c0 seq=0 source= submittedBytes=-1 submittedFeatures=-1 needsRepaint=-1 placementChanged=-1
M10_MAPLIBRE event=frame-full ns=42855168609116 map=0x7f438dcd2040 thread=0x7f439f7fe6c0 seq=0 source= submittedBytes=-1 submittedFeatures=-1 needsRepaint=1 placementChanged=0
M10_MAPLIBRE event=frame-start ns=42855178340426 map=0x7f438dcd2040 thread=0x7f439f7fe6c0 seq=0 source= submittedBytes=-1 submittedFeatures=-1 needsRepaint=-1 placementChanged=-1
M10_MAPLIBRE event=frame-full ns=42855178375339 map=0x7f438dcd2040 thread=0x7f439f7fe6c0 seq=0 source= submittedBytes=-1 submittedFeatures=-1 needsRepaint=1 placementChanged=0
M10_MAPLIBRE event=frame-start ns=42855188499410 map=0x7f438dcd2040 thread=0x7f439f7fe6c0 seq=0 source= submittedBytes=-1 submittedFeatures=-1 needsRepaint=-1 placementChanged=-1
M10_MAPLIBRE event=frame-full ns=42855188532625 map=0x7f438dcd2040 thread=0x7f439f7fe6c0 seq=0 source= submittedBytes=-1 submittedFeatures=-1 needsRepaint=1 placementChanged=0
M10_MAPLIBRE event=frame-start ns=42855208989216 map=0x7f438dcd2040 thread=0x7f439f7fe6c0 seq=0 source= submittedBytes=-1 submittedFeatures=-1 needsRepaint=-1 placementChanged=-1
M10_MAPLIBRE event=frame-full ns=42855209153663 map=0x7f438dcd2040 thread=0x7f439f7fe6c0 seq=0 source= submittedBytes=-1 submittedFeatures=-1 needsRepaint=1 placementChanged=0
M10_MAPLIBRE event=frame-start ns=42855223841026 map=0x7f438dcd2040 thread=0x7f439f7fe6c0 seq=0 source= submittedBytes=-1 submittedFeatures=-1 needsRepaint=-1 placementChanged=-1
M10_MAPLIBRE event=frame-full ns=42855223874837 map=0x7f438dcd2040 thread=0x7f439f7fe6c0 seq=0 source= submittedBytes=-1 submittedFeatures=-1 needsRepaint=1 placementChanged=0
M10_MAPLIBRE event=frame-start ns=42855239406535 map=0x7f438dcd2040 thread=0x7f439f7fe6c0 seq=0 source= submittedBytes=-1 submittedFeatures=-1 needsRepaint=-1 placementChanged=-1
M10_MAPLIBRE event=frame-full ns=42855239439451 map=0x7f438dcd2040 thread=0x7f439f7fe6c0 seq=0 source= submittedBytes=-1 submittedFeatures=-1 needsRepaint=1 placementChanged=0
M10_MAPLIBRE event=frame-start ns=42855249563876 map=0x7f438dcd2040 thread=0x7f439f7fe6c0 seq=0 source= submittedBytes=-1 submittedFeatures=-1 needsRepaint=-1 placementChanged=-1
M10_MAPLIBRE event=frame-full ns=42855249595910 map=0x7f438dcd2040 thread=0x7f439f7fe6c0 seq=0 source= submittedBytes=-1 submittedFeatures=-1 needsRepaint=1 placementChanged=0
M10_MAPLIBRE event=frame-start ns=42855261387674 map=0x7f438dcd2040 thread=0x7f439f7fe6c0 seq=0 source= submittedBytes=-1 submittedFeatures=-1 needsRepaint=-1 placementChanged=-1
M10_MAPLIBRE event=frame-full ns=42855261419946 map=0x7f438dcd2040 thread=0x7f439f7fe6c0 seq=0 source= submittedBytes=-1 submittedFeatures=-1 needsRepaint=1 placementChanged=0
M10_MAPLIBRE event=frame-start ns=42855276798854 map=0x7f438dcd2040 thread=0x7f439f7fe6c0 seq=0 source= submittedBytes=-1 submittedFeatures=-1 needsRepaint=-1 placementChanged=-1
M10_MAPLIBRE event=frame-full ns=42855276832166 map=0x7f438dcd2040 thread=0x7f439f7fe6c0 seq=0 source= submittedBytes=-1 submittedFeatures=-1 needsRepaint=1 placementChanged=0
M10_MAPLIBRE event=frame-start ns=42855286818298 map=0x7f438dcd2040 thread=0x7f439f7fe6c0 seq=0 source= submittedBytes=-1 submittedFeatures=-1 needsRepaint=-1 placementChanged=-1
M10_MAPLIBRE event=frame-full ns=42855286851959 map=0x7f438dcd2040 thread=0x7f439f7fe6c0 seq=0 source= submittedBytes=-1 submittedFeatures=-1 needsRepaint=1 placementChanged=0
M10_MAPLIBRE event=frame-start ns=42855310559006 map=0x7f438dcd2040 thread=0x7f439f7fe6c0 seq=0 source= submittedBytes=-1 submittedFeatures=-1 needsRepaint=-1 placementChanged=-1
M10_MAPLIBRE event=frame-full ns=42855310635316 map=0x7f438dcd2040 thread=0x7f439f7fe6c0 seq=0 source= submittedBytes=-1 submittedFeatures=-1 needsRepaint=1 placementChanged=0
M10_MAPLIBRE event=frame-start ns=42855327094488 map=0x7f438dcd2040 thread=0x7f439f7fe6c0 seq=0 source= submittedBytes=-1 submittedFeatures=-1 needsRepaint=-1 placementChanged=-1
M10_MAPLIBRE event=frame-full ns=42855327195607 map=0x7f438dcd2040 thread=0x7f439f7fe6c0 seq=0 source= submittedBytes=-1 submittedFeatures=-1 needsRepaint=1 placementChanged=0
M10_MAPLIBRE event=frame-start ns=42855345448018 map=0x7f438dcd2040 thread=0x7f439f7fe6c0 seq=0 source= submittedBytes=-1 submittedFeatures=-1 needsRepaint=-1 placementChanged=-1
M10_MAPLIBRE event=frame-full ns=42855345521638 map=0x7f438dcd2040 thread=0x7f439f7fe6c0 seq=0 source= submittedBytes=-1 submittedFeatures=-1 needsRepaint=1 placementChanged=0
M10_MAPLIBRE event=frame-start ns=42855355084335 map=0x7f438dcd2040 thread=0x7f439f7fe6c0 seq=0 source= submittedBytes=-1 submittedFeatures=-1 needsRepaint=-1 placementChanged=-1
M10_MAPLIBRE event=frame-full ns=42855355158857 map=0x7f438dcd2040 thread=0x7f439f7fe6c0 seq=0 source= submittedBytes=-1 submittedFeatures=-1 needsRepaint=1 placementChanged=0
M10_MAPLIBRE event=frame-start ns=42855369867205 map=0x7f438dcd2040 thread=0x7f439f7fe6c0 seq=0 source= submittedBytes=-1 submittedFeatures=-1 needsRepaint=-1 placementChanged=-1
M10_MAPLIBRE event=frame-full ns=42855369900724 map=0x7f438dcd2040 thread=0x7f439f7fe6c0 seq=0 source= submittedBytes=-1 submittedFeatures=-1 needsRepaint=1 placementChanged=0
M10_MAPLIBRE event=frame-start ns=42855379273224 map=0x7f438dcd2040 thread=0x7f439f7fe6c0 seq=0 source= submittedBytes=-1 submittedFeatures=-1 needsRepaint=-1 placementChanged=-1
M10_MAPLIBRE event=frame-full ns=42855379306643 map=0x7f438dcd2040 thread=0x7f439f7fe6c0 seq=0 source= submittedBytes=-1 submittedFeatures=-1 needsRepaint=1 placementChanged=0
M10_MAPLIBRE event=frame-start ns=42855389136852 map=0x7f438dcd2040 thread=0x7f439f7fe6c0 seq=0 source= submittedBytes=-1 submittedFeatures=-1 needsRepaint=-1 placementChanged=-1
M10_MAPLIBRE event=frame-full ns=42855389294761 map=0x7f438dcd2040 thread=0x7f439f7fe6c0 seq=0 source= submittedBytes=-1 submittedFeatures=-1 needsRepaint=1 placementChanged=0
M10_MAPLIBRE event=frame-start ns=42855399280103 map=0x7f438dcd2040 thread=0x7f439f7fe6c0 seq=0 source= submittedBytes=-1 submittedFeatures=-1 needsRepaint=-1 placementChanged=-1
M10_MAPLIBRE event=frame-full ns=42855399312263 map=0x7f438dcd2040 thread=0x7f439f7fe6c0 seq=0 source= submittedBytes=-1 submittedFeatures=-1 needsRepaint=1 placementChanged=0
M10_MAPLIBRE event=frame-start ns=42855408911381 map=0x7f438dcd2040 thread=0x7f439f7fe6c0 seq=0 source= submittedBytes=-1 submittedFeatures=-1 needsRepaint=-1 placementChanged=-1
M10_MAPLIBRE event=frame-full ns=42855408943546 map=0x7f438dcd2040 thread=0x7f439f7fe6c0 seq=0 source= submittedBytes=-1 submittedFeatures=-1 needsRepaint=1 placementChanged=0
M10_MAPLIBRE event=frame-start ns=42855588397896 map=0x7f438dcd2040 thread=0x7f439f7fe6c0 seq=0 source= submittedBytes=-1 submittedFeatures=-1 needsRepaint=-1 placementChanged=-1
M10_MAPLIBRE event=frame-full ns=42855588473701 map=0x7f438dcd2040 thread=0x7f439f7fe6c0 seq=0 source= submittedBytes=-1 submittedFeatures=-1 needsRepaint=0 placementChanged=1
M10_MAPLIBRE event=frame-start ns=42855601076275 map=0x7f438dcd2040 thread=0x7f439f7fe6c0 seq=0 source= submittedBytes=-1 submittedFeatures=-1 needsRepaint=-1 placementChanged=-1
M10_MAPLIBRE event=frame-full ns=42855601134358 map=0x7f438dcd2040 thread=0x7f439f7fe6c0 seq=0 source= submittedBytes=-1 submittedFeatures=-1 needsRepaint=1 placementChanged=0
M10_HOST stage=7-full submit_ns=42856051276381 features=7618
M10_MAPLIBRE event=source-update-enter ns=42856056105195 map=0x7f438dcd2040 thread=0x7f439f7fe6c0 seq=7 source=hdb-addresses submittedBytes=2733353 submittedFeatures=-1 needsRepaint=-1 placementChanged=-1
M10_MAPLIBRE event=source-change ns=42856095393080 map=0x7f438dcd2040 thread=0x7f439f7fe6c0 seq=0 source=hdb-addresses submittedBytes=-1 submittedFeatures=-1 needsRepaint=-1 placementChanged=-1
M10_MAPLIBRE event=source-update-return ns=42856098782625 map=0x7f438dcd2040 thread=0x7f439f7fe6c0 seq=7 source=hdb-addresses submittedBytes=2733353 submittedFeatures=-1 needsRepaint=-1 placementChanged=-1
M10_MAPLIBRE event=frame-start ns=42856109800718 map=0x7f438dcd2040 thread=0x7f439f7fe6c0 seq=0 source= submittedBytes=-1 submittedFeatures=-1 needsRepaint=-1 placementChanged=-1
M10_MAPLIBRE event=frame-partial ns=42856109839907 map=0x7f438dcd2040 thread=0x7f439f7fe6c0 seq=0 source= submittedBytes=-1 submittedFeatures=-1 needsRepaint=1 placementChanged=1
M10_MAPLIBRE event=frame-start ns=42856130320488 map=0x7f438dcd2040 thread=0x7f439f7fe6c0 seq=0 source= submittedBytes=-1 submittedFeatures=-1 needsRepaint=-1 placementChanged=-1
M10_MAPLIBRE event=frame-partial ns=42856130362487 map=0x7f438dcd2040 thread=0x7f439f7fe6c0 seq=0 source= submittedBytes=-1 submittedFeatures=-1 needsRepaint=1 placementChanged=0
M10_MAPLIBRE event=frame-start ns=42856145764487 map=0x7f438dcd2040 thread=0x7f439f7fe6c0 seq=0 source= submittedBytes=-1 submittedFeatures=-1 needsRepaint=-1 placementChanged=-1
M10_MAPLIBRE event=frame-partial ns=42856145804669 map=0x7f438dcd2040 thread=0x7f439f7fe6c0 seq=0 source= submittedBytes=-1 submittedFeatures=-1 needsRepaint=1 placementChanged=0
M10_MAPLIBRE event=frame-start ns=42856159718875 map=0x7f438dcd2040 thread=0x7f439f7fe6c0 seq=0 source= submittedBytes=-1 submittedFeatures=-1 needsRepaint=-1 placementChanged=-1
M10_MAPLIBRE event=frame-partial ns=42856159759816 map=0x7f438dcd2040 thread=0x7f439f7fe6c0 seq=0 source= submittedBytes=-1 submittedFeatures=-1 needsRepaint=1 placementChanged=0
M10_MAPLIBRE event=frame-start ns=42856175456435 map=0x7f438dcd2040 thread=0x7f439f7fe6c0 seq=0 source= submittedBytes=-1 submittedFeatures=-1 needsRepaint=-1 placementChanged=-1
M10_MAPLIBRE event=frame-partial ns=42856175496227 map=0x7f438dcd2040 thread=0x7f439f7fe6c0 seq=0 source= submittedBytes=-1 submittedFeatures=-1 needsRepaint=1 placementChanged=0
M10_MAPLIBRE event=frame-start ns=42856187366111 map=0x7f438dcd2040 thread=0x7f439f7fe6c0 seq=0 source= submittedBytes=-1 submittedFeatures=-1 needsRepaint=-1 placementChanged=-1
M10_MAPLIBRE event=frame-partial ns=42856190273043 map=0x7f438dcd2040 thread=0x7f439f7fe6c0 seq=0 source= submittedBytes=-1 submittedFeatures=-1 needsRepaint=1 placementChanged=0
M10_MAPLIBRE event=frame-start ns=42856200284705 map=0x7f438dcd2040 thread=0x7f439f7fe6c0 seq=0 source= submittedBytes=-1 submittedFeatures=-1 needsRepaint=-1 placementChanged=-1
M10_MAPLIBRE event=frame-partial ns=42856215763131 map=0x7f438dcd2040 thread=0x7f439f7fe6c0 seq=0 source= submittedBytes=-1 submittedFeatures=-1 needsRepaint=1 placementChanged=0
M10_MAPLIBRE event=frame-start ns=42856263340347 map=0x7f438dcd2040 thread=0x7f439f7fe6c0 seq=0 source= submittedBytes=-1 submittedFeatures=-1 needsRepaint=-1 placementChanged=-1
M10_MAPLIBRE event=frame-partial ns=42856263411722 map=0x7f438dcd2040 thread=0x7f439f7fe6c0 seq=0 source= submittedBytes=-1 submittedFeatures=-1 needsRepaint=1 placementChanged=0
M10_MAPLIBRE event=frame-start ns=42856274786177 map=0x7f438dcd2040 thread=0x7f439f7fe6c0 seq=0 source= submittedBytes=-1 submittedFeatures=-1 needsRepaint=-1 placementChanged=-1
M10_MAPLIBRE event=frame-partial ns=42856274822849 map=0x7f438dcd2040 thread=0x7f439f7fe6c0 seq=0 source= submittedBytes=-1 submittedFeatures=-1 needsRepaint=1 placementChanged=0
M10_MAPLIBRE event=frame-start ns=42856290030812 map=0x7f438dcd2040 thread=0x7f439f7fe6c0 seq=0 source= submittedBytes=-1 submittedFeatures=-1 needsRepaint=-1 placementChanged=-1
M10_MAPLIBRE event=frame-full ns=42856290067315 map=0x7f438dcd2040 thread=0x7f439f7fe6c0 seq=0 source= submittedBytes=-1 submittedFeatures=-1 needsRepaint=1 placementChanged=0
M10_MAPLIBRE event=frame-start ns=42856307413824 map=0x7f438dcd2040 thread=0x7f439f7fe6c0 seq=0 source= submittedBytes=-1 submittedFeatures=-1 needsRepaint=-1 placementChanged=-1
M10_MAPLIBRE event=frame-full ns=42856307452067 map=0x7f438dcd2040 thread=0x7f439f7fe6c0 seq=0 source= submittedBytes=-1 submittedFeatures=-1 needsRepaint=1 placementChanged=0
M10_MAPLIBRE event=frame-start ns=42856321979122 map=0x7f438dcd2040 thread=0x7f439f7fe6c0 seq=0 source= submittedBytes=-1 submittedFeatures=-1 needsRepaint=-1 placementChanged=-1
M10_MAPLIBRE event=frame-full ns=42856322017779 map=0x7f438dcd2040 thread=0x7f439f7fe6c0 seq=0 source= submittedBytes=-1 submittedFeatures=-1 needsRepaint=1 placementChanged=0
M10_MAPLIBRE event=frame-start ns=42856339570445 map=0x7f438dcd2040 thread=0x7f439f7fe6c0 seq=0 source= submittedBytes=-1 submittedFeatures=-1 needsRepaint=-1 placementChanged=-1
M10_MAPLIBRE event=frame-full ns=42856339610247 map=0x7f438dcd2040 thread=0x7f439f7fe6c0 seq=0 source= submittedBytes=-1 submittedFeatures=-1 needsRepaint=1 placementChanged=0
M10_MAPLIBRE event=frame-start ns=42856353906811 map=0x7f438dcd2040 thread=0x7f439f7fe6c0 seq=0 source= submittedBytes=-1 submittedFeatures=-1 needsRepaint=-1 placementChanged=-1
M10_MAPLIBRE event=frame-full ns=42856353944191 map=0x7f438dcd2040 thread=0x7f439f7fe6c0 seq=0 source= submittedBytes=-1 submittedFeatures=-1 needsRepaint=1 placementChanged=0
M10_MAPLIBRE event=frame-start ns=42856367769819 map=0x7f438dcd2040 thread=0x7f439f7fe6c0 seq=0 source= submittedBytes=-1 submittedFeatures=-1 needsRepaint=-1 placementChanged=-1
M10_MAPLIBRE event=frame-full ns=42856367806525 map=0x7f438dcd2040 thread=0x7f439f7fe6c0 seq=0 source= submittedBytes=-1 submittedFeatures=-1 needsRepaint=1 placementChanged=0
M10_MAPLIBRE event=frame-start ns=42856381378800 map=0x7f438dcd2040 thread=0x7f439f7fe6c0 seq=0 source= submittedBytes=-1 submittedFeatures=-1 needsRepaint=-1 placementChanged=-1
M10_MAPLIBRE event=frame-full ns=42856381411620 map=0x7f438dcd2040 thread=0x7f439f7fe6c0 seq=0 source= submittedBytes=-1 submittedFeatures=-1 needsRepaint=1 placementChanged=0
M10_MAPLIBRE event=frame-start ns=42856399654357 map=0x7f438dcd2040 thread=0x7f439f7fe6c0 seq=0 source= submittedBytes=-1 submittedFeatures=-1 needsRepaint=-1 placementChanged=-1
M10_MAPLIBRE event=frame-full ns=42856399735188 map=0x7f438dcd2040 thread=0x7f439f7fe6c0 seq=0 source= submittedBytes=-1 submittedFeatures=-1 needsRepaint=1 placementChanged=0
M10_MAPLIBRE event=frame-start ns=42856414215542 map=0x7f438dcd2040 thread=0x7f439f7fe6c0 seq=0 source= submittedBytes=-1 submittedFeatures=-1 needsRepaint=-1 placementChanged=-1
M10_MAPLIBRE event=frame-full ns=42856414300737 map=0x7f438dcd2040 thread=0x7f439f7fe6c0 seq=0 source= submittedBytes=-1 submittedFeatures=-1 needsRepaint=0 placementChanged=1
M10_MAPLIBRE event=frame-start ns=42856429799789 map=0x7f438dcd2040 thread=0x7f439f7fe6c0 seq=0 source= submittedBytes=-1 submittedFeatures=-1 needsRepaint=-1 placementChanged=-1
M10_MAPLIBRE event=frame-full ns=42856429835352 map=0x7f438dcd2040 thread=0x7f439f7fe6c0 seq=0 source= submittedBytes=-1 submittedFeatures=-1 needsRepaint=1 placementChanged=0
M10_HOST stage=8-town submit_ns=42856850801625 features=340
M10_MAPLIBRE event=source-update-enter ns=42856855590331 map=0x7f438dcd2040 thread=0x7f439f7fe6c0 seq=8 source=hdb-addresses submittedBytes=125081 submittedFeatures=-1 needsRepaint=-1 placementChanged=-1
M10_MAPLIBRE event=source-change ns=42856857408323 map=0x7f438dcd2040 thread=0x7f439f7fe6c0 seq=0 source=hdb-addresses submittedBytes=-1 submittedFeatures=-1 needsRepaint=-1 placementChanged=-1
M10_MAPLIBRE event=source-update-return ns=42856857558868 map=0x7f438dcd2040 thread=0x7f439f7fe6c0 seq=8 source=hdb-addresses submittedBytes=125081 submittedFeatures=-1 needsRepaint=-1 placementChanged=-1
M10_MAPLIBRE event=frame-start ns=42856868997530 map=0x7f438dcd2040 thread=0x7f439f7fe6c0 seq=0 source= submittedBytes=-1 submittedFeatures=-1 needsRepaint=-1 placementChanged=-1
M10_MAPLIBRE event=frame-full ns=42856870484005 map=0x7f438dcd2040 thread=0x7f439f7fe6c0 seq=0 source= submittedBytes=-1 submittedFeatures=-1 needsRepaint=0 placementChanged=1
M10_MAPLIBRE event=frame-start ns=42856891959457 map=0x7f438dcd2040 thread=0x7f439f7fe6c0 seq=0 source= submittedBytes=-1 submittedFeatures=-1 needsRepaint=-1 placementChanged=-1
M10_MAPLIBRE event=frame-partial ns=42856891993079 map=0x7f438dcd2040 thread=0x7f439f7fe6c0 seq=0 source= submittedBytes=-1 submittedFeatures=-1 needsRepaint=1 placementChanged=0
M10_MAPLIBRE event=frame-start ns=42856925501754 map=0x7f438dcd2040 thread=0x7f439f7fe6c0 seq=0 source= submittedBytes=-1 submittedFeatures=-1 needsRepaint=-1 placementChanged=-1
M10_MAPLIBRE event=frame-full ns=42856925538383 map=0x7f438dcd2040 thread=0x7f439f7fe6c0 seq=0 source= submittedBytes=-1 submittedFeatures=-1 needsRepaint=1 placementChanged=0
M10_MAPLIBRE event=frame-start ns=42856948099013 map=0x7f438dcd2040 thread=0x7f439f7fe6c0 seq=0 source= submittedBytes=-1 submittedFeatures=-1 needsRepaint=-1 placementChanged=-1
M10_MAPLIBRE event=frame-full ns=42856948138571 map=0x7f438dcd2040 thread=0x7f439f7fe6c0 seq=0 source= submittedBytes=-1 submittedFeatures=-1 needsRepaint=1 placementChanged=0
M10_MAPLIBRE event=frame-start ns=42856972197762 map=0x7f438dcd2040 thread=0x7f439f7fe6c0 seq=0 source= submittedBytes=-1 submittedFeatures=-1 needsRepaint=-1 placementChanged=-1
M10_MAPLIBRE event=frame-full ns=42856972286989 map=0x7f438dcd2040 thread=0x7f439f7fe6c0 seq=0 source= submittedBytes=-1 submittedFeatures=-1 needsRepaint=1 placementChanged=0
M10_MAPLIBRE event=frame-start ns=42856992930458 map=0x7f438dcd2040 thread=0x7f439f7fe6c0 seq=0 source= submittedBytes=-1 submittedFeatures=-1 needsRepaint=-1 placementChanged=-1
M10_MAPLIBRE event=frame-full ns=42856992965771 map=0x7f438dcd2040 thread=0x7f439f7fe6c0 seq=0 source= submittedBytes=-1 submittedFeatures=-1 needsRepaint=1 placementChanged=0
M10_MAPLIBRE event=frame-start ns=42857021242192 map=0x7f438dcd2040 thread=0x7f439f7fe6c0 seq=0 source= submittedBytes=-1 submittedFeatures=-1 needsRepaint=-1 placementChanged=-1
M10_MAPLIBRE event=frame-full ns=42857021277664 map=0x7f438dcd2040 thread=0x7f439f7fe6c0 seq=0 source= submittedBytes=-1 submittedFeatures=-1 needsRepaint=1 placementChanged=0
M10_MAPLIBRE event=frame-start ns=42857046920034 map=0x7f438dcd2040 thread=0x7f439f7fe6c0 seq=0 source= submittedBytes=-1 submittedFeatures=-1 needsRepaint=-1 placementChanged=-1
M10_MAPLIBRE event=frame-full ns=42857046980037 map=0x7f438dcd2040 thread=0x7f439f7fe6c0 seq=0 source= submittedBytes=-1 submittedFeatures=-1 needsRepaint=1 placementChanged=0
M10_MAPLIBRE event=frame-start ns=42857065862913 map=0x7f438dcd2040 thread=0x7f439f7fe6c0 seq=0 source= submittedBytes=-1 submittedFeatures=-1 needsRepaint=-1 placementChanged=-1
M10_MAPLIBRE event=frame-full ns=42857065899762 map=0x7f438dcd2040 thread=0x7f439f7fe6c0 seq=0 source= submittedBytes=-1 submittedFeatures=-1 needsRepaint=1 placementChanged=0
M10_MAPLIBRE event=frame-start ns=42857086186504 map=0x7f438dcd2040 thread=0x7f439f7fe6c0 seq=0 source= submittedBytes=-1 submittedFeatures=-1 needsRepaint=-1 placementChanged=-1
M10_MAPLIBRE event=frame-full ns=42857086222491 map=0x7f438dcd2040 thread=0x7f439f7fe6c0 seq=0 source= submittedBytes=-1 submittedFeatures=-1 needsRepaint=1 placementChanged=0
M10_MAPLIBRE event=frame-start ns=42857108836420 map=0x7f438dcd2040 thread=0x7f439f7fe6c0 seq=0 source= submittedBytes=-1 submittedFeatures=-1 needsRepaint=-1 placementChanged=-1
M10_MAPLIBRE event=frame-full ns=42857108870792 map=0x7f438dcd2040 thread=0x7f439f7fe6c0 seq=0 source= submittedBytes=-1 submittedFeatures=-1 needsRepaint=1 placementChanged=0
M10_MAPLIBRE event=frame-start ns=42857137823535 map=0x7f438dcd2040 thread=0x7f439f7fe6c0 seq=0 source= submittedBytes=-1 submittedFeatures=-1 needsRepaint=-1 placementChanged=-1
M10_MAPLIBRE event=frame-full ns=42857137858141 map=0x7f438dcd2040 thread=0x7f439f7fe6c0 seq=0 source= submittedBytes=-1 submittedFeatures=-1 needsRepaint=1 placementChanged=0
M10_MAPLIBRE event=frame-start ns=42857158696705 map=0x7f438dcd2040 thread=0x7f439f7fe6c0 seq=0 source= submittedBytes=-1 submittedFeatures=-1 needsRepaint=-1 placementChanged=-1
M10_MAPLIBRE event=frame-full ns=42857158731589 map=0x7f438dcd2040 thread=0x7f439f7fe6c0 seq=0 source= submittedBytes=-1 submittedFeatures=-1 needsRepaint=1 placementChanged=0
M10_MAPLIBRE event=frame-start ns=42857304803242 map=0x7f438dcd2040 thread=0x7f439f7fe6c0 seq=0 source= submittedBytes=-1 submittedFeatures=-1 needsRepaint=-1 placementChanged=-1
M10_MAPLIBRE event=frame-full ns=42857304870697 map=0x7f438dcd2040 thread=0x7f439f7fe6c0 seq=0 source= submittedBytes=-1 submittedFeatures=-1 needsRepaint=0 placementChanged=1
M10_MAPLIBRE event=frame-start ns=42857323241752 map=0x7f438dcd2040 thread=0x7f439f7fe6c0 seq=0 source= submittedBytes=-1 submittedFeatures=-1 needsRepaint=-1 placementChanged=-1
M10_MAPLIBRE event=frame-full ns=42857323287082 map=0x7f438dcd2040 thread=0x7f439f7fe6c0 seq=0 source= submittedBytes=-1 submittedFeatures=-1 needsRepaint=1 placementChanged=0
M10_HOST stage=9-full submit_ns=42857751212306 features=7618
M10_MAPLIBRE event=source-update-enter ns=42857756134353 map=0x7f438dcd2040 thread=0x7f439f7fe6c0 seq=9 source=hdb-addresses submittedBytes=2733353 submittedFeatures=-1 needsRepaint=-1 placementChanged=-1
M10_MAPLIBRE event=source-change ns=42857797014684 map=0x7f438dcd2040 thread=0x7f439f7fe6c0 seq=0 source=hdb-addresses submittedBytes=-1 submittedFeatures=-1 needsRepaint=-1 placementChanged=-1
M10_MAPLIBRE event=source-update-return ns=42857800449728 map=0x7f438dcd2040 thread=0x7f439f7fe6c0 seq=9 source=hdb-addresses submittedBytes=2733353 submittedFeatures=-1 needsRepaint=-1 placementChanged=-1
M10_MAPLIBRE event=frame-start ns=42857812037789 map=0x7f438dcd2040 thread=0x7f439f7fe6c0 seq=0 source= submittedBytes=-1 submittedFeatures=-1 needsRepaint=-1 placementChanged=-1
M10_MAPLIBRE event=frame-full ns=42857812085026 map=0x7f438dcd2040 thread=0x7f439f7fe6c0 seq=0 source= submittedBytes=-1 submittedFeatures=-1 needsRepaint=0 placementChanged=1
M10_MAPLIBRE event=frame-start ns=42857824882559 map=0x7f438dcd2040 thread=0x7f439f7fe6c0 seq=0 source= submittedBytes=-1 submittedFeatures=-1 needsRepaint=-1 placementChanged=-1
M10_MAPLIBRE event=frame-full ns=42857824921904 map=0x7f438dcd2040 thread=0x7f439f7fe6c0 seq=0 source= submittedBytes=-1 submittedFeatures=-1 needsRepaint=1 placementChanged=0
M10_HOST stage=10-selection-only submit_ns=42858250852685 features=7618
M10_MAPLIBRE event=frame-start ns=42858294843495 map=0x7f438dcd2040 thread=0x7f439f7fe6c0 seq=0 source= submittedBytes=-1 submittedFeatures=-1 needsRepaint=-1 placementChanged=-1
M10_MAPLIBRE event=frame-partial ns=42858294921588 map=0x7f438dcd2040 thread=0x7f439f7fe6c0 seq=0 source= submittedBytes=-1 submittedFeatures=-1 needsRepaint=1 placementChanged=1
M10_MAPLIBRE event=frame-start ns=42858309609764 map=0x7f438dcd2040 thread=0x7f439f7fe6c0 seq=0 source= submittedBytes=-1 submittedFeatures=-1 needsRepaint=-1 placementChanged=-1
M10_MAPLIBRE event=frame-partial ns=42858309709935 map=0x7f438dcd2040 thread=0x7f439f7fe6c0 seq=0 source= submittedBytes=-1 submittedFeatures=-1 needsRepaint=1 placementChanged=0
M10_MAPLIBRE event=frame-start ns=42858328197842 map=0x7f438dcd2040 thread=0x7f439f7fe6c0 seq=0 source= submittedBytes=-1 submittedFeatures=-1 needsRepaint=-1 placementChanged=-1
M10_MAPLIBRE event=frame-full ns=42858328584033 map=0x7f438dcd2040 thread=0x7f439f7fe6c0 seq=0 source= submittedBytes=-1 submittedFeatures=-1 needsRepaint=1 placementChanged=0
M10_MAPLIBRE event=frame-start ns=42858343863027 map=0x7f438dcd2040 thread=0x7f439f7fe6c0 seq=0 source= submittedBytes=-1 submittedFeatures=-1 needsRepaint=-1 placementChanged=-1
M10_MAPLIBRE event=frame-full ns=42858343897795 map=0x7f438dcd2040 thread=0x7f439f7fe6c0 seq=0 source= submittedBytes=-1 submittedFeatures=-1 needsRepaint=1 placementChanged=0
M10_MAPLIBRE event=frame-start ns=42858358633855 map=0x7f438dcd2040 thread=0x7f439f7fe6c0 seq=0 source= submittedBytes=-1 submittedFeatures=-1 needsRepaint=-1 placementChanged=-1
M10_MAPLIBRE event=frame-full ns=42858358669214 map=0x7f438dcd2040 thread=0x7f439f7fe6c0 seq=0 source= submittedBytes=-1 submittedFeatures=-1 needsRepaint=1 placementChanged=0
M10_MAPLIBRE event=frame-start ns=42858371790765 map=0x7f438dcd2040 thread=0x7f439f7fe6c0 seq=0 source= submittedBytes=-1 submittedFeatures=-1 needsRepaint=-1 placementChanged=-1
M10_MAPLIBRE event=frame-full ns=42858371822990 map=0x7f438dcd2040 thread=0x7f439f7fe6c0 seq=0 source= submittedBytes=-1 submittedFeatures=-1 needsRepaint=1 placementChanged=0
M10_MAPLIBRE event=frame-start ns=42858385002508 map=0x7f438dcd2040 thread=0x7f439f7fe6c0 seq=0 source= submittedBytes=-1 submittedFeatures=-1 needsRepaint=-1 placementChanged=-1
M10_MAPLIBRE event=frame-full ns=42858385033804 map=0x7f438dcd2040 thread=0x7f439f7fe6c0 seq=0 source= submittedBytes=-1 submittedFeatures=-1 needsRepaint=1 placementChanged=0
M10_MAPLIBRE event=frame-start ns=42858398823530 map=0x7f438dcd2040 thread=0x7f439f7fe6c0 seq=0 source= submittedBytes=-1 submittedFeatures=-1 needsRepaint=-1 placementChanged=-1
M10_MAPLIBRE event=frame-full ns=42858398857507 map=0x7f438dcd2040 thread=0x7f439f7fe6c0 seq=0 source= submittedBytes=-1 submittedFeatures=-1 needsRepaint=1 placementChanged=0
M10_MAPLIBRE event=frame-start ns=42858413892310 map=0x7f438dcd2040 thread=0x7f439f7fe6c0 seq=0 source= submittedBytes=-1 submittedFeatures=-1 needsRepaint=-1 placementChanged=-1
M10_MAPLIBRE event=frame-full ns=42858413925274 map=0x7f438dcd2040 thread=0x7f439f7fe6c0 seq=0 source= submittedBytes=-1 submittedFeatures=-1 needsRepaint=1 placementChanged=0
M10_MAPLIBRE event=frame-start ns=42858436523512 map=0x7f438dcd2040 thread=0x7f439f7fe6c0 seq=0 source= submittedBytes=-1 submittedFeatures=-1 needsRepaint=-1 placementChanged=-1
M10_MAPLIBRE event=frame-full ns=42858436562810 map=0x7f438dcd2040 thread=0x7f439f7fe6c0 seq=0 source= submittedBytes=-1 submittedFeatures=-1 needsRepaint=1 placementChanged=0
M10_MAPLIBRE event=frame-start ns=42858460358853 map=0x7f438dcd2040 thread=0x7f439f7fe6c0 seq=0 source= submittedBytes=-1 submittedFeatures=-1 needsRepaint=-1 placementChanged=-1
M10_MAPLIBRE event=frame-full ns=42858460394377 map=0x7f438dcd2040 thread=0x7f439f7fe6c0 seq=0 source= submittedBytes=-1 submittedFeatures=-1 needsRepaint=1 placementChanged=0
M10_MAPLIBRE event=frame-start ns=42858474430272 map=0x7f438dcd2040 thread=0x7f439f7fe6c0 seq=0 source= submittedBytes=-1 submittedFeatures=-1 needsRepaint=-1 placementChanged=-1
M10_MAPLIBRE event=frame-full ns=42858474475387 map=0x7f438dcd2040 thread=0x7f439f7fe6c0 seq=0 source= submittedBytes=-1 submittedFeatures=-1 needsRepaint=1 placementChanged=0
M10_MAPLIBRE event=frame-start ns=42858490343058 map=0x7f438dcd2040 thread=0x7f439f7fe6c0 seq=0 source= submittedBytes=-1 submittedFeatures=-1 needsRepaint=-1 placementChanged=-1
M10_MAPLIBRE event=frame-full ns=42858490376293 map=0x7f438dcd2040 thread=0x7f439f7fe6c0 seq=0 source= submittedBytes=-1 submittedFeatures=-1 needsRepaint=1 placementChanged=0
M10_MAPLIBRE event=frame-start ns=42858512133832 map=0x7f438dcd2040 thread=0x7f439f7fe6c0 seq=0 source= submittedBytes=-1 submittedFeatures=-1 needsRepaint=-1 placementChanged=-1
M10_MAPLIBRE event=frame-full ns=42858512197700 map=0x7f438dcd2040 thread=0x7f439f7fe6c0 seq=0 source= submittedBytes=-1 submittedFeatures=-1 needsRepaint=1 placementChanged=0
M10_MAPLIBRE event=frame-start ns=42858525682837 map=0x7f438dcd2040 thread=0x7f439f7fe6c0 seq=0 source= submittedBytes=-1 submittedFeatures=-1 needsRepaint=-1 placementChanged=-1
M10_MAPLIBRE event=frame-full ns=42858525715760 map=0x7f438dcd2040 thread=0x7f439f7fe6c0 seq=0 source= submittedBytes=-1 submittedFeatures=-1 needsRepaint=1 placementChanged=0
M10_MAPLIBRE event=frame-start ns=42858540645881 map=0x7f438dcd2040 thread=0x7f439f7fe6c0 seq=0 source= submittedBytes=-1 submittedFeatures=-1 needsRepaint=-1 placementChanged=-1
M10_MAPLIBRE event=frame-full ns=42858540677406 map=0x7f438dcd2040 thread=0x7f439f7fe6c0 seq=0 source= submittedBytes=-1 submittedFeatures=-1 needsRepaint=1 placementChanged=0
M10_MAPLIBRE event=frame-start ns=42858555026815 map=0x7f438dcd2040 thread=0x7f439f7fe6c0 seq=0 source= submittedBytes=-1 submittedFeatures=-1 needsRepaint=-1 placementChanged=-1
M10_MAPLIBRE event=frame-full ns=42858555069295 map=0x7f438dcd2040 thread=0x7f439f7fe6c0 seq=0 source= submittedBytes=-1 submittedFeatures=-1 needsRepaint=1 placementChanged=0
M10_MAPLIBRE event=frame-start ns=42858569199179 map=0x7f438dcd2040 thread=0x7f439f7fe6c0 seq=0 source= submittedBytes=-1 submittedFeatures=-1 needsRepaint=-1 placementChanged=-1
M10_MAPLIBRE event=frame-full ns=42858569236418 map=0x7f438dcd2040 thread=0x7f439f7fe6c0 seq=0 source= submittedBytes=-1 submittedFeatures=-1 needsRepaint=1 placementChanged=0
M10_MAPLIBRE event=frame-start ns=42858582849763 map=0x7f438dcd2040 thread=0x7f439f7fe6c0 seq=0 source= submittedBytes=-1 submittedFeatures=-1 needsRepaint=-1 placementChanged=-1
M10_MAPLIBRE event=frame-full ns=42858582923582 map=0x7f438dcd2040 thread=0x7f439f7fe6c0 seq=0 source= submittedBytes=-1 submittedFeatures=-1 needsRepaint=0 placementChanged=1
M10_MAPLIBRE event=frame-start ns=42858596927692 map=0x7f438dcd2040 thread=0x7f439f7fe6c0 seq=0 source= submittedBytes=-1 submittedFeatures=-1 needsRepaint=-1 placementChanged=-1
M10_MAPLIBRE event=frame-full ns=42858596960574 map=0x7f438dcd2040 thread=0x7f439f7fe6c0 seq=0 source= submittedBytes=-1 submittedFeatures=-1 needsRepaint=1 placementChanged=0
M10_HOST stage=11-zoom submit_ns=42859000739246 features=7618
M10_MAPLIBRE event=frame-start ns=42859015379098 map=0x7f438dcd2040 thread=0x7f439f7fe6c0 seq=0 source= submittedBytes=-1 submittedFeatures=-1 needsRepaint=-1 placementChanged=-1
M10_MAPLIBRE event=frame-partial ns=42859015448120 map=0x7f438dcd2040 thread=0x7f439f7fe6c0 seq=0 source= submittedBytes=-1 submittedFeatures=-1 needsRepaint=1 placementChanged=1
M10_MAPLIBRE event=frame-start ns=42859028401169 map=0x7f438dcd2040 thread=0x7f439f7fe6c0 seq=0 source= submittedBytes=-1 submittedFeatures=-1 needsRepaint=-1 placementChanged=-1
M10_MAPLIBRE event=frame-partial ns=42859028458718 map=0x7f438dcd2040 thread=0x7f439f7fe6c0 seq=0 source= submittedBytes=-1 submittedFeatures=-1 needsRepaint=1 placementChanged=0
M10_MAPLIBRE event=frame-start ns=42859072996871 map=0x7f438dcd2040 thread=0x7f439f7fe6c0 seq=0 source= submittedBytes=-1 submittedFeatures=-1 needsRepaint=-1 placementChanged=-1
M10_MAPLIBRE event=frame-partial ns=42859073032599 map=0x7f438dcd2040 thread=0x7f439f7fe6c0 seq=0 source= submittedBytes=-1 submittedFeatures=-1 needsRepaint=1 placementChanged=0
M10_MAPLIBRE event=frame-start ns=42859099953089 map=0x7f438dcd2040 thread=0x7f439f7fe6c0 seq=0 source= submittedBytes=-1 submittedFeatures=-1 needsRepaint=-1 placementChanged=-1
M10_MAPLIBRE event=frame-partial ns=42859099987005 map=0x7f438dcd2040 thread=0x7f439f7fe6c0 seq=0 source= submittedBytes=-1 submittedFeatures=-1 needsRepaint=1 placementChanged=0
M10_MAPLIBRE event=frame-start ns=42859113005637 map=0x7f438dcd2040 thread=0x7f439f7fe6c0 seq=0 source= submittedBytes=-1 submittedFeatures=-1 needsRepaint=-1 placementChanged=-1
M10_MAPLIBRE event=frame-partial ns=42859113040066 map=0x7f438dcd2040 thread=0x7f439f7fe6c0 seq=0 source= submittedBytes=-1 submittedFeatures=-1 needsRepaint=1 placementChanged=0
M10_MAPLIBRE event=frame-start ns=42859123202119 map=0x7f438dcd2040 thread=0x7f439f7fe6c0 seq=0 source= submittedBytes=-1 submittedFeatures=-1 needsRepaint=-1 placementChanged=-1
M10_MAPLIBRE event=frame-partial ns=42859123258134 map=0x7f438dcd2040 thread=0x7f439f7fe6c0 seq=0 source= submittedBytes=-1 submittedFeatures=-1 needsRepaint=1 placementChanged=0
M10_MAPLIBRE event=frame-start ns=42859132973679 map=0x7f438dcd2040 thread=0x7f439f7fe6c0 seq=0 source= submittedBytes=-1 submittedFeatures=-1 needsRepaint=-1 placementChanged=-1
M10_MAPLIBRE event=frame-partial ns=42859133007745 map=0x7f438dcd2040 thread=0x7f439f7fe6c0 seq=0 source= submittedBytes=-1 submittedFeatures=-1 needsRepaint=1 placementChanged=0
M10_MAPLIBRE event=frame-start ns=42859143476997 map=0x7f438dcd2040 thread=0x7f439f7fe6c0 seq=0 source= submittedBytes=-1 submittedFeatures=-1 needsRepaint=-1 placementChanged=-1
M10_MAPLIBRE event=frame-partial ns=42859143510661 map=0x7f438dcd2040 thread=0x7f439f7fe6c0 seq=0 source= submittedBytes=-1 submittedFeatures=-1 needsRepaint=1 placementChanged=0
M10_MAPLIBRE event=frame-start ns=42859156277459 map=0x7f438dcd2040 thread=0x7f439f7fe6c0 seq=0 source= submittedBytes=-1 submittedFeatures=-1 needsRepaint=-1 placementChanged=-1
M10_MAPLIBRE event=frame-partial ns=42859156309931 map=0x7f438dcd2040 thread=0x7f439f7fe6c0 seq=0 source= submittedBytes=-1 submittedFeatures=-1 needsRepaint=1 placementChanged=0
M10_MAPLIBRE event=frame-start ns=42859166407652 map=0x7f438dcd2040 thread=0x7f439f7fe6c0 seq=0 source= submittedBytes=-1 submittedFeatures=-1 needsRepaint=-1 placementChanged=-1
M10_MAPLIBRE event=frame-partial ns=42859166446339 map=0x7f438dcd2040 thread=0x7f439f7fe6c0 seq=0 source= submittedBytes=-1 submittedFeatures=-1 needsRepaint=1 placementChanged=0
M10_MAPLIBRE event=frame-start ns=42859176485937 map=0x7f438dcd2040 thread=0x7f439f7fe6c0 seq=0 source= submittedBytes=-1 submittedFeatures=-1 needsRepaint=-1 placementChanged=-1
M10_MAPLIBRE event=frame-partial ns=42859176523112 map=0x7f438dcd2040 thread=0x7f439f7fe6c0 seq=0 source= submittedBytes=-1 submittedFeatures=-1 needsRepaint=1 placementChanged=0
M10_MAPLIBRE event=frame-start ns=42859187454003 map=0x7f438dcd2040 thread=0x7f439f7fe6c0 seq=0 source= submittedBytes=-1 submittedFeatures=-1 needsRepaint=-1 placementChanged=-1
M10_MAPLIBRE event=frame-partial ns=42859187499863 map=0x7f438dcd2040 thread=0x7f439f7fe6c0 seq=0 source= submittedBytes=-1 submittedFeatures=-1 needsRepaint=1 placementChanged=0
M10_MAPLIBRE event=frame-start ns=42859198986285 map=0x7f438dcd2040 thread=0x7f439f7fe6c0 seq=0 source= submittedBytes=-1 submittedFeatures=-1 needsRepaint=-1 placementChanged=-1
M10_MAPLIBRE event=frame-partial ns=42859199031292 map=0x7f438dcd2040 thread=0x7f439f7fe6c0 seq=0 source= submittedBytes=-1 submittedFeatures=-1 needsRepaint=1 placementChanged=0
M10_MAPLIBRE event=frame-start ns=42859208914038 map=0x7f438dcd2040 thread=0x7f439f7fe6c0 seq=0 source= submittedBytes=-1 submittedFeatures=-1 needsRepaint=-1 placementChanged=-1
M10_MAPLIBRE event=frame-partial ns=42859208944724 map=0x7f438dcd2040 thread=0x7f439f7fe6c0 seq=0 source= submittedBytes=-1 submittedFeatures=-1 needsRepaint=1 placementChanged=0
M10_MAPLIBRE event=frame-start ns=42859218596084 map=0x7f438dcd2040 thread=0x7f439f7fe6c0 seq=0 source= submittedBytes=-1 submittedFeatures=-1 needsRepaint=-1 placementChanged=-1
M10_MAPLIBRE event=frame-partial ns=42859218626853 map=0x7f438dcd2040 thread=0x7f439f7fe6c0 seq=0 source= submittedBytes=-1 submittedFeatures=-1 needsRepaint=1 placementChanged=0
M10_MAPLIBRE event=frame-start ns=42859230378245 map=0x7f438dcd2040 thread=0x7f439f7fe6c0 seq=0 source= submittedBytes=-1 submittedFeatures=-1 needsRepaint=-1 placementChanged=-1
M10_MAPLIBRE event=frame-partial ns=42859230407730 map=0x7f438dcd2040 thread=0x7f439f7fe6c0 seq=0 source= submittedBytes=-1 submittedFeatures=-1 needsRepaint=1 placementChanged=0
M10_MAPLIBRE event=frame-start ns=42859249873780 map=0x7f438dcd2040 thread=0x7f439f7fe6c0 seq=0 source= submittedBytes=-1 submittedFeatures=-1 needsRepaint=-1 placementChanged=-1
M10_MAPLIBRE event=frame-partial ns=42859249904816 map=0x7f438dcd2040 thread=0x7f439f7fe6c0 seq=0 source= submittedBytes=-1 submittedFeatures=-1 needsRepaint=1 placementChanged=0
M10_MAPLIBRE event=frame-start ns=42859260320089 map=0x7f438dcd2040 thread=0x7f439f7fe6c0 seq=0 source= submittedBytes=-1 submittedFeatures=-1 needsRepaint=-1 placementChanged=-1
M10_MAPLIBRE event=frame-partial ns=42859260350040 map=0x7f438dcd2040 thread=0x7f439f7fe6c0 seq=0 source= submittedBytes=-1 submittedFeatures=-1 needsRepaint=1 placementChanged=0
M10_MAPLIBRE event=frame-start ns=42859271067417 map=0x7f438dcd2040 thread=0x7f439f7fe6c0 seq=0 source= submittedBytes=-1 submittedFeatures=-1 needsRepaint=-1 placementChanged=-1
M10_MAPLIBRE event=frame-partial ns=42859271098960 map=0x7f438dcd2040 thread=0x7f439f7fe6c0 seq=0 source= submittedBytes=-1 submittedFeatures=-1 needsRepaint=1 placementChanged=0
M10_MAPLIBRE event=frame-start ns=42859280868574 map=0x7f438dcd2040 thread=0x7f439f7fe6c0 seq=0 source= submittedBytes=-1 submittedFeatures=-1 needsRepaint=-1 placementChanged=-1
M10_MAPLIBRE event=frame-partial ns=42859280899390 map=0x7f438dcd2040 thread=0x7f439f7fe6c0 seq=0 source= submittedBytes=-1 submittedFeatures=-1 needsRepaint=1 placementChanged=0
M10_MAPLIBRE event=frame-start ns=42859291019090 map=0x7f438dcd2040 thread=0x7f439f7fe6c0 seq=0 source= submittedBytes=-1 submittedFeatures=-1 needsRepaint=-1 placementChanged=-1
M10_MAPLIBRE event=frame-partial ns=42859291056479 map=0x7f438dcd2040 thread=0x7f439f7fe6c0 seq=0 source= submittedBytes=-1 submittedFeatures=-1 needsRepaint=1 placementChanged=0
M10_MAPLIBRE event=frame-start ns=42859301053467 map=0x7f438dcd2040 thread=0x7f439f7fe6c0 seq=0 source= submittedBytes=-1 submittedFeatures=-1 needsRepaint=-1 placementChanged=-1
M10_MAPLIBRE event=frame-partial ns=42859301092523 map=0x7f438dcd2040 thread=0x7f439f7fe6c0 seq=0 source= submittedBytes=-1 submittedFeatures=-1 needsRepaint=1 placementChanged=0
M10_MAPLIBRE event=frame-start ns=42859310767607 map=0x7f438dcd2040 thread=0x7f439f7fe6c0 seq=0 source= submittedBytes=-1 submittedFeatures=-1 needsRepaint=-1 placementChanged=-1
M10_MAPLIBRE event=frame-partial ns=42859310797621 map=0x7f438dcd2040 thread=0x7f439f7fe6c0 seq=0 source= submittedBytes=-1 submittedFeatures=-1 needsRepaint=1 placementChanged=0
M10_MAPLIBRE event=frame-start ns=42859322123494 map=0x7f438dcd2040 thread=0x7f439f7fe6c0 seq=0 source= submittedBytes=-1 submittedFeatures=-1 needsRepaint=-1 placementChanged=-1
M10_MAPLIBRE event=frame-partial ns=42859322154477 map=0x7f438dcd2040 thread=0x7f439f7fe6c0 seq=0 source= submittedBytes=-1 submittedFeatures=-1 needsRepaint=1 placementChanged=1
M10_MAPLIBRE event=frame-start ns=42859334023485 map=0x7f438dcd2040 thread=0x7f439f7fe6c0 seq=0 source= submittedBytes=-1 submittedFeatures=-1 needsRepaint=-1 placementChanged=-1
M10_MAPLIBRE event=frame-partial ns=42859334092002 map=0x7f438dcd2040 thread=0x7f439f7fe6c0 seq=0 source= submittedBytes=-1 submittedFeatures=-1 needsRepaint=1 placementChanged=0
M10_MAPLIBRE event=frame-start ns=42859352095863 map=0x7f438dcd2040 thread=0x7f439f7fe6c0 seq=0 source= submittedBytes=-1 submittedFeatures=-1 needsRepaint=-1 placementChanged=-1
M10_MAPLIBRE event=frame-partial ns=42859352138813 map=0x7f438dcd2040 thread=0x7f439f7fe6c0 seq=0 source= submittedBytes=-1 submittedFeatures=-1 needsRepaint=1 placementChanged=0
M10_MAPLIBRE event=frame-start ns=42859369327269 map=0x7f438dcd2040 thread=0x7f439f7fe6c0 seq=0 source= submittedBytes=-1 submittedFeatures=-1 needsRepaint=-1 placementChanged=-1
M10_MAPLIBRE event=frame-partial ns=42859369357780 map=0x7f438dcd2040 thread=0x7f439f7fe6c0 seq=0 source= submittedBytes=-1 submittedFeatures=-1 needsRepaint=1 placementChanged=0
M10_MAPLIBRE event=frame-start ns=42859383509002 map=0x7f438dcd2040 thread=0x7f439f7fe6c0 seq=0 source= submittedBytes=-1 submittedFeatures=-1 needsRepaint=-1 placementChanged=-1
M10_MAPLIBRE event=frame-partial ns=42859383540501 map=0x7f438dcd2040 thread=0x7f439f7fe6c0 seq=0 source= submittedBytes=-1 submittedFeatures=-1 needsRepaint=1 placementChanged=0
M10_MAPLIBRE event=frame-start ns=42859393530465 map=0x7f438dcd2040 thread=0x7f439f7fe6c0 seq=0 source= submittedBytes=-1 submittedFeatures=-1 needsRepaint=-1 placementChanged=-1
M10_MAPLIBRE event=frame-partial ns=42859393562026 map=0x7f438dcd2040 thread=0x7f439f7fe6c0 seq=0 source= submittedBytes=-1 submittedFeatures=-1 needsRepaint=1 placementChanged=0
M10_MAPLIBRE event=frame-start ns=42859402880465 map=0x7f438dcd2040 thread=0x7f439f7fe6c0 seq=0 source= submittedBytes=-1 submittedFeatures=-1 needsRepaint=-1 placementChanged=-1
M10_MAPLIBRE event=frame-partial ns=42859402915542 map=0x7f438dcd2040 thread=0x7f439f7fe6c0 seq=0 source= submittedBytes=-1 submittedFeatures=-1 needsRepaint=1 placementChanged=0
M10_MAPLIBRE event=frame-start ns=42859414922733 map=0x7f438dcd2040 thread=0x7f439f7fe6c0 seq=0 source= submittedBytes=-1 submittedFeatures=-1 needsRepaint=-1 placementChanged=-1
M10_MAPLIBRE event=frame-partial ns=42859414955044 map=0x7f438dcd2040 thread=0x7f439f7fe6c0 seq=0 source= submittedBytes=-1 submittedFeatures=-1 needsRepaint=1 placementChanged=0
M10_MAPLIBRE event=frame-start ns=42859434530816 map=0x7f438dcd2040 thread=0x7f439f7fe6c0 seq=0 source= submittedBytes=-1 submittedFeatures=-1 needsRepaint=-1 placementChanged=-1
M10_MAPLIBRE event=frame-partial ns=42859434562763 map=0x7f438dcd2040 thread=0x7f439f7fe6c0 seq=0 source= submittedBytes=-1 submittedFeatures=-1 needsRepaint=1 placementChanged=0
M10_MAPLIBRE event=frame-start ns=42859455775688 map=0x7f438dcd2040 thread=0x7f439f7fe6c0 seq=0 source= submittedBytes=-1 submittedFeatures=-1 needsRepaint=-1 placementChanged=-1
M10_MAPLIBRE event=frame-partial ns=42859455837319 map=0x7f438dcd2040 thread=0x7f439f7fe6c0 seq=0 source= submittedBytes=-1 submittedFeatures=-1 needsRepaint=1 placementChanged=0
M10_MAPLIBRE event=frame-start ns=42859467441568 map=0x7f438dcd2040 thread=0x7f439f7fe6c0 seq=0 source= submittedBytes=-1 submittedFeatures=-1 needsRepaint=-1 placementChanged=-1
M10_MAPLIBRE event=frame-partial ns=42859467471329 map=0x7f438dcd2040 thread=0x7f439f7fe6c0 seq=0 source= submittedBytes=-1 submittedFeatures=-1 needsRepaint=1 placementChanged=0
M10_MAPLIBRE event=frame-start ns=42859484764715 map=0x7f438dcd2040 thread=0x7f439f7fe6c0 seq=0 source= submittedBytes=-1 submittedFeatures=-1 needsRepaint=-1 placementChanged=-1
M10_MAPLIBRE event=frame-partial ns=42859484842577 map=0x7f438dcd2040 thread=0x7f439f7fe6c0 seq=0 source= submittedBytes=-1 submittedFeatures=-1 needsRepaint=1 placementChanged=0
M10_MAPLIBRE event=frame-start ns=42859496667051 map=0x7f438dcd2040 thread=0x7f439f7fe6c0 seq=0 source= submittedBytes=-1 submittedFeatures=-1 needsRepaint=-1 placementChanged=-1
M10_MAPLIBRE event=frame-partial ns=42859496697251 map=0x7f438dcd2040 thread=0x7f439f7fe6c0 seq=0 source= submittedBytes=-1 submittedFeatures=-1 needsRepaint=1 placementChanged=0
M10_MAPLIBRE event=frame-start ns=42859507555993 map=0x7f438dcd2040 thread=0x7f439f7fe6c0 seq=0 source= submittedBytes=-1 submittedFeatures=-1 needsRepaint=-1 placementChanged=-1
M10_MAPLIBRE event=frame-partial ns=42859507586677 map=0x7f438dcd2040 thread=0x7f439f7fe6c0 seq=0 source= submittedBytes=-1 submittedFeatures=-1 needsRepaint=1 placementChanged=0
M10_MAPLIBRE event=frame-start ns=42859524402633 map=0x7f438dcd2040 thread=0x7f439f7fe6c0 seq=0 source= submittedBytes=-1 submittedFeatures=-1 needsRepaint=-1 placementChanged=-1
M10_MAPLIBRE event=frame-partial ns=42859525294248 map=0x7f438dcd2040 thread=0x7f439f7fe6c0 seq=0 source= submittedBytes=-1 submittedFeatures=-1 needsRepaint=1 placementChanged=0
M10_MAPLIBRE event=frame-start ns=42859541653645 map=0x7f438dcd2040 thread=0x7f439f7fe6c0 seq=0 source= submittedBytes=-1 submittedFeatures=-1 needsRepaint=-1 placementChanged=-1
M10_MAPLIBRE event=frame-partial ns=42859541683860 map=0x7f438dcd2040 thread=0x7f439f7fe6c0 seq=0 source= submittedBytes=-1 submittedFeatures=-1 needsRepaint=1 placementChanged=0
M10_MAPLIBRE event=frame-start ns=42859551628270 map=0x7f438dcd2040 thread=0x7f439f7fe6c0 seq=0 source= submittedBytes=-1 submittedFeatures=-1 needsRepaint=-1 placementChanged=-1
M10_MAPLIBRE event=frame-partial ns=42859551659416 map=0x7f438dcd2040 thread=0x7f439f7fe6c0 seq=0 source= submittedBytes=-1 submittedFeatures=-1 needsRepaint=1 placementChanged=0
M10_MAPLIBRE event=frame-start ns=42859572961107 map=0x7f438dcd2040 thread=0x7f439f7fe6c0 seq=0 source= submittedBytes=-1 submittedFeatures=-1 needsRepaint=-1 placementChanged=-1
M10_MAPLIBRE event=frame-partial ns=42859573068788 map=0x7f438dcd2040 thread=0x7f439f7fe6c0 seq=0 source= submittedBytes=-1 submittedFeatures=-1 needsRepaint=1 placementChanged=0
M10_MAPLIBRE event=frame-start ns=42859603769615 map=0x7f438dcd2040 thread=0x7f439f7fe6c0 seq=0 source= submittedBytes=-1 submittedFeatures=-1 needsRepaint=-1 placementChanged=-1
M10_MAPLIBRE event=frame-partial ns=42859603798588 map=0x7f438dcd2040 thread=0x7f439f7fe6c0 seq=0 source= submittedBytes=-1 submittedFeatures=-1 needsRepaint=1 placementChanged=0
M10_MAPLIBRE event=frame-start ns=42859634009791 map=0x7f438dcd2040 thread=0x7f439f7fe6c0 seq=0 source= submittedBytes=-1 submittedFeatures=-1 needsRepaint=-1 placementChanged=-1
M10_MAPLIBRE event=frame-partial ns=42859634779526 map=0x7f438dcd2040 thread=0x7f439f7fe6c0 seq=0 source= submittedBytes=-1 submittedFeatures=-1 needsRepaint=1 placementChanged=0
M10_MAPLIBRE event=frame-start ns=42859655887044 map=0x7f438dcd2040 thread=0x7f439f7fe6c0 seq=0 source= submittedBytes=-1 submittedFeatures=-1 needsRepaint=-1 placementChanged=-1
M10_MAPLIBRE event=frame-partial ns=42859655916694 map=0x7f438dcd2040 thread=0x7f439f7fe6c0 seq=0 source= submittedBytes=-1 submittedFeatures=-1 needsRepaint=1 placementChanged=1
M10_MAPLIBRE event=frame-start ns=42859666934140 map=0x7f438dcd2040 thread=0x7f439f7fe6c0 seq=0 source= submittedBytes=-1 submittedFeatures=-1 needsRepaint=-1 placementChanged=-1
M10_MAPLIBRE event=frame-partial ns=42859666967755 map=0x7f438dcd2040 thread=0x7f439f7fe6c0 seq=0 source= submittedBytes=-1 submittedFeatures=-1 needsRepaint=1 placementChanged=0
M10_MAPLIBRE event=frame-start ns=42859684541639 map=0x7f438dcd2040 thread=0x7f439f7fe6c0 seq=0 source= submittedBytes=-1 submittedFeatures=-1 needsRepaint=-1 placementChanged=-1
M10_MAPLIBRE event=frame-partial ns=42859684573941 map=0x7f438dcd2040 thread=0x7f439f7fe6c0 seq=0 source= submittedBytes=-1 submittedFeatures=-1 needsRepaint=1 placementChanged=0
M10_MAPLIBRE event=frame-start ns=42859714911142 map=0x7f438dcd2040 thread=0x7f439f7fe6c0 seq=0 source= submittedBytes=-1 submittedFeatures=-1 needsRepaint=-1 placementChanged=-1
M10_MAPLIBRE event=frame-partial ns=42859714994263 map=0x7f438dcd2040 thread=0x7f439f7fe6c0 seq=0 source= submittedBytes=-1 submittedFeatures=-1 needsRepaint=1 placementChanged=0
M10_MAPLIBRE event=frame-start ns=42859740143549 map=0x7f438dcd2040 thread=0x7f439f7fe6c0 seq=0 source= submittedBytes=-1 submittedFeatures=-1 needsRepaint=-1 placementChanged=-1
M10_MAPLIBRE event=frame-partial ns=42859740198851 map=0x7f438dcd2040 thread=0x7f439f7fe6c0 seq=0 source= submittedBytes=-1 submittedFeatures=-1 needsRepaint=1 placementChanged=0
M10_MAPLIBRE event=frame-start ns=42859770848139 map=0x7f438dcd2040 thread=0x7f439f7fe6c0 seq=0 source= submittedBytes=-1 submittedFeatures=-1 needsRepaint=-1 placementChanged=-1
M10_MAPLIBRE event=frame-full ns=42859770893397 map=0x7f438dcd2040 thread=0x7f439f7fe6c0 seq=0 source= submittedBytes=-1 submittedFeatures=-1 needsRepaint=1 placementChanged=0
M10_MAPLIBRE event=frame-start ns=42859795381768 map=0x7f438dcd2040 thread=0x7f439f7fe6c0 seq=0 source= submittedBytes=-1 submittedFeatures=-1 needsRepaint=-1 placementChanged=-1
M10_MAPLIBRE event=frame-full ns=42859795414045 map=0x7f438dcd2040 thread=0x7f439f7fe6c0 seq=0 source= submittedBytes=-1 submittedFeatures=-1 needsRepaint=1 placementChanged=0
M10_MAPLIBRE event=frame-start ns=42859819330178 map=0x7f438dcd2040 thread=0x7f439f7fe6c0 seq=0 source= submittedBytes=-1 submittedFeatures=-1 needsRepaint=-1 placementChanged=-1
M10_MAPLIBRE event=frame-full ns=42859819361978 map=0x7f438dcd2040 thread=0x7f439f7fe6c0 seq=0 source= submittedBytes=-1 submittedFeatures=-1 needsRepaint=1 placementChanged=0
M10_MAPLIBRE event=frame-start ns=42859840210161 map=0x7f438dcd2040 thread=0x7f439f7fe6c0 seq=0 source= submittedBytes=-1 submittedFeatures=-1 needsRepaint=-1 placementChanged=-1
M10_MAPLIBRE event=frame-full ns=42859840242898 map=0x7f438dcd2040 thread=0x7f439f7fe6c0 seq=0 source= submittedBytes=-1 submittedFeatures=-1 needsRepaint=1 placementChanged=0
M10_MAPLIBRE event=frame-start ns=42859860873830 map=0x7f438dcd2040 thread=0x7f439f7fe6c0 seq=0 source= submittedBytes=-1 submittedFeatures=-1 needsRepaint=-1 placementChanged=-1
M10_MAPLIBRE event=frame-full ns=42859860907127 map=0x7f438dcd2040 thread=0x7f439f7fe6c0 seq=0 source= submittedBytes=-1 submittedFeatures=-1 needsRepaint=1 placementChanged=0
M10_MAPLIBRE event=frame-start ns=42859883753874 map=0x7f438dcd2040 thread=0x7f439f7fe6c0 seq=0 source= submittedBytes=-1 submittedFeatures=-1 needsRepaint=-1 placementChanged=-1
M10_MAPLIBRE event=frame-full ns=42859883787277 map=0x7f438dcd2040 thread=0x7f439f7fe6c0 seq=0 source= submittedBytes=-1 submittedFeatures=-1 needsRepaint=1 placementChanged=0
M10_MAPLIBRE event=frame-start ns=42859904752513 map=0x7f438dcd2040 thread=0x7f439f7fe6c0 seq=0 source= submittedBytes=-1 submittedFeatures=-1 needsRepaint=-1 placementChanged=-1
M10_MAPLIBRE event=frame-full ns=42859904785030 map=0x7f438dcd2040 thread=0x7f439f7fe6c0 seq=0 source= submittedBytes=-1 submittedFeatures=-1 needsRepaint=1 placementChanged=0
M10_MAPLIBRE event=frame-start ns=42859927755146 map=0x7f438dcd2040 thread=0x7f439f7fe6c0 seq=0 source= submittedBytes=-1 submittedFeatures=-1 needsRepaint=-1 placementChanged=-1
M10_MAPLIBRE event=frame-full ns=42859927788802 map=0x7f438dcd2040 thread=0x7f439f7fe6c0 seq=0 source= submittedBytes=-1 submittedFeatures=-1 needsRepaint=1 placementChanged=0
M10_MAPLIBRE event=frame-start ns=42859953475423 map=0x7f438dcd2040 thread=0x7f439f7fe6c0 seq=0 source= submittedBytes=-1 submittedFeatures=-1 needsRepaint=-1 placementChanged=-1
M10_MAPLIBRE event=frame-full ns=42859953510768 map=0x7f438dcd2040 thread=0x7f439f7fe6c0 seq=0 source= submittedBytes=-1 submittedFeatures=-1 needsRepaint=1 placementChanged=0
M10_MAPLIBRE event=frame-start ns=42859971225722 map=0x7f438dcd2040 thread=0x7f439f7fe6c0 seq=0 source= submittedBytes=-1 submittedFeatures=-1 needsRepaint=-1 placementChanged=-1
M10_MAPLIBRE event=frame-full ns=42859971264403 map=0x7f438dcd2040 thread=0x7f439f7fe6c0 seq=0 source= submittedBytes=-1 submittedFeatures=-1 needsRepaint=0 placementChanged=1
M10_MAPLIBRE event=frame-start ns=42859984032658 map=0x7f438dcd2040 thread=0x7f439f7fe6c0 seq=0 source= submittedBytes=-1 submittedFeatures=-1 needsRepaint=-1 placementChanged=-1
M10_MAPLIBRE event=frame-full ns=42859984069805 map=0x7f438dcd2040 thread=0x7f439f7fe6c0 seq=0 source= submittedBytes=-1 submittedFeatures=-1 needsRepaint=1 placementChanged=0
M10_HOST stage=12-pan submit_ns=42860400693835 features=7618
M10_MAPLIBRE event=frame-start ns=42860414539889 map=0x7f438dcd2040 thread=0x7f439f7fe6c0 seq=0 source= submittedBytes=-1 submittedFeatures=-1 needsRepaint=-1 placementChanged=-1
M10_MAPLIBRE event=frame-partial ns=42860414599613 map=0x7f438dcd2040 thread=0x7f439f7fe6c0 seq=0 source= submittedBytes=-1 submittedFeatures=-1 needsRepaint=1 placementChanged=1
M10_MAPLIBRE event=frame-start ns=42860425525746 map=0x7f438dcd2040 thread=0x7f439f7fe6c0 seq=0 source= submittedBytes=-1 submittedFeatures=-1 needsRepaint=-1 placementChanged=-1
M10_MAPLIBRE event=frame-partial ns=42860425570555 map=0x7f438dcd2040 thread=0x7f439f7fe6c0 seq=0 source= submittedBytes=-1 submittedFeatures=-1 needsRepaint=1 placementChanged=0
M10_MAPLIBRE event=frame-start ns=42860479962435 map=0x7f438dcd2040 thread=0x7f439f7fe6c0 seq=0 source= submittedBytes=-1 submittedFeatures=-1 needsRepaint=-1 placementChanged=-1
M10_MAPLIBRE event=frame-partial ns=42860480103477 map=0x7f438dcd2040 thread=0x7f439f7fe6c0 seq=0 source= submittedBytes=-1 submittedFeatures=-1 needsRepaint=1 placementChanged=0
M10_MAPLIBRE event=frame-start ns=42860494917299 map=0x7f438dcd2040 thread=0x7f439f7fe6c0 seq=0 source= submittedBytes=-1 submittedFeatures=-1 needsRepaint=-1 placementChanged=-1
M10_MAPLIBRE event=frame-partial ns=42860494949705 map=0x7f438dcd2040 thread=0x7f439f7fe6c0 seq=0 source= submittedBytes=-1 submittedFeatures=-1 needsRepaint=1 placementChanged=0
M10_MAPLIBRE event=frame-start ns=42860510246224 map=0x7f438dcd2040 thread=0x7f439f7fe6c0 seq=0 source= submittedBytes=-1 submittedFeatures=-1 needsRepaint=-1 placementChanged=-1
M10_MAPLIBRE event=frame-partial ns=42860510287453 map=0x7f438dcd2040 thread=0x7f439f7fe6c0 seq=0 source= submittedBytes=-1 submittedFeatures=-1 needsRepaint=1 placementChanged=0
M10_MAPLIBRE event=frame-start ns=42860521691870 map=0x7f438dcd2040 thread=0x7f439f7fe6c0 seq=0 source= submittedBytes=-1 submittedFeatures=-1 needsRepaint=-1 placementChanged=-1
M10_MAPLIBRE event=frame-partial ns=42860521729339 map=0x7f438dcd2040 thread=0x7f439f7fe6c0 seq=0 source= submittedBytes=-1 submittedFeatures=-1 needsRepaint=1 placementChanged=0
M10_MAPLIBRE event=frame-start ns=42860532145203 map=0x7f438dcd2040 thread=0x7f439f7fe6c0 seq=0 source= submittedBytes=-1 submittedFeatures=-1 needsRepaint=-1 placementChanged=-1
M10_MAPLIBRE event=frame-partial ns=42860532214226 map=0x7f438dcd2040 thread=0x7f439f7fe6c0 seq=0 source= submittedBytes=-1 submittedFeatures=-1 needsRepaint=1 placementChanged=0
M10_MAPLIBRE event=frame-start ns=42860543488720 map=0x7f438dcd2040 thread=0x7f439f7fe6c0 seq=0 source= submittedBytes=-1 submittedFeatures=-1 needsRepaint=-1 placementChanged=-1
M10_MAPLIBRE event=frame-partial ns=42860543522103 map=0x7f438dcd2040 thread=0x7f439f7fe6c0 seq=0 source= submittedBytes=-1 submittedFeatures=-1 needsRepaint=1 placementChanged=0
M10_MAPLIBRE event=frame-start ns=42860553933453 map=0x7f438dcd2040 thread=0x7f439f7fe6c0 seq=0 source= submittedBytes=-1 submittedFeatures=-1 needsRepaint=-1 placementChanged=-1
M10_MAPLIBRE event=frame-partial ns=42860553966709 map=0x7f438dcd2040 thread=0x7f439f7fe6c0 seq=0 source= submittedBytes=-1 submittedFeatures=-1 needsRepaint=1 placementChanged=0
M10_MAPLIBRE event=frame-start ns=42860564993738 map=0x7f438dcd2040 thread=0x7f439f7fe6c0 seq=0 source= submittedBytes=-1 submittedFeatures=-1 needsRepaint=-1 placementChanged=-1
M10_MAPLIBRE event=frame-partial ns=42860565026313 map=0x7f438dcd2040 thread=0x7f439f7fe6c0 seq=0 source= submittedBytes=-1 submittedFeatures=-1 needsRepaint=1 placementChanged=0
M10_MAPLIBRE event=frame-start ns=42860575361670 map=0x7f438dcd2040 thread=0x7f439f7fe6c0 seq=0 source= submittedBytes=-1 submittedFeatures=-1 needsRepaint=-1 placementChanged=-1
M10_MAPLIBRE event=frame-partial ns=42860575393109 map=0x7f438dcd2040 thread=0x7f439f7fe6c0 seq=0 source= submittedBytes=-1 submittedFeatures=-1 needsRepaint=1 placementChanged=0
M10_MAPLIBRE event=frame-start ns=42860584945945 map=0x7f438dcd2040 thread=0x7f439f7fe6c0 seq=0 source= submittedBytes=-1 submittedFeatures=-1 needsRepaint=-1 placementChanged=-1
M10_MAPLIBRE event=frame-partial ns=42860584977451 map=0x7f438dcd2040 thread=0x7f439f7fe6c0 seq=0 source= submittedBytes=-1 submittedFeatures=-1 needsRepaint=1 placementChanged=0
M10_MAPLIBRE event=frame-start ns=42860594867053 map=0x7f438dcd2040 thread=0x7f439f7fe6c0 seq=0 source= submittedBytes=-1 submittedFeatures=-1 needsRepaint=-1 placementChanged=-1
M10_MAPLIBRE event=frame-partial ns=42860594908043 map=0x7f438dcd2040 thread=0x7f439f7fe6c0 seq=0 source= submittedBytes=-1 submittedFeatures=-1 needsRepaint=1 placementChanged=0
M10_MAPLIBRE event=frame-start ns=42860607078688 map=0x7f438dcd2040 thread=0x7f439f7fe6c0 seq=0 source= submittedBytes=-1 submittedFeatures=-1 needsRepaint=-1 placementChanged=-1
M10_MAPLIBRE event=frame-partial ns=42860607110677 map=0x7f438dcd2040 thread=0x7f439f7fe6c0 seq=0 source= submittedBytes=-1 submittedFeatures=-1 needsRepaint=1 placementChanged=0
M10_MAPLIBRE event=frame-start ns=42860617425498 map=0x7f438dcd2040 thread=0x7f439f7fe6c0 seq=0 source= submittedBytes=-1 submittedFeatures=-1 needsRepaint=-1 placementChanged=-1
M10_MAPLIBRE event=frame-partial ns=42860617456752 map=0x7f438dcd2040 thread=0x7f439f7fe6c0 seq=0 source= submittedBytes=-1 submittedFeatures=-1 needsRepaint=1 placementChanged=0
M10_MAPLIBRE event=frame-start ns=42860632399852 map=0x7f438dcd2040 thread=0x7f439f7fe6c0 seq=0 source= submittedBytes=-1 submittedFeatures=-1 needsRepaint=-1 placementChanged=-1
M10_MAPLIBRE event=frame-partial ns=42860632431313 map=0x7f438dcd2040 thread=0x7f439f7fe6c0 seq=0 source= submittedBytes=-1 submittedFeatures=-1 needsRepaint=1 placementChanged=0
M10_MAPLIBRE event=frame-start ns=42860642803718 map=0x7f438dcd2040 thread=0x7f439f7fe6c0 seq=0 source= submittedBytes=-1 submittedFeatures=-1 needsRepaint=-1 placementChanged=-1
M10_MAPLIBRE event=frame-partial ns=42860642834305 map=0x7f438dcd2040 thread=0x7f439f7fe6c0 seq=0 source= submittedBytes=-1 submittedFeatures=-1 needsRepaint=1 placementChanged=0
M10_MAPLIBRE event=frame-start ns=42860653348908 map=0x7f438dcd2040 thread=0x7f439f7fe6c0 seq=0 source= submittedBytes=-1 submittedFeatures=-1 needsRepaint=-1 placementChanged=-1
M10_MAPLIBRE event=frame-partial ns=42860653397619 map=0x7f438dcd2040 thread=0x7f439f7fe6c0 seq=0 source= submittedBytes=-1 submittedFeatures=-1 needsRepaint=1 placementChanged=0
M10_MAPLIBRE event=frame-start ns=42860663569723 map=0x7f438dcd2040 thread=0x7f439f7fe6c0 seq=0 source= submittedBytes=-1 submittedFeatures=-1 needsRepaint=-1 placementChanged=-1
M10_MAPLIBRE event=frame-partial ns=42860663600103 map=0x7f438dcd2040 thread=0x7f439f7fe6c0 seq=0 source= submittedBytes=-1 submittedFeatures=-1 needsRepaint=1 placementChanged=0
M10_MAPLIBRE event=frame-start ns=42860673156120 map=0x7f438dcd2040 thread=0x7f439f7fe6c0 seq=0 source= submittedBytes=-1 submittedFeatures=-1 needsRepaint=-1 placementChanged=-1
M10_MAPLIBRE event=frame-partial ns=42860673216877 map=0x7f438dcd2040 thread=0x7f439f7fe6c0 seq=0 source= submittedBytes=-1 submittedFeatures=-1 needsRepaint=1 placementChanged=0
M10_MAPLIBRE event=frame-start ns=42860688792310 map=0x7f438dcd2040 thread=0x7f439f7fe6c0 seq=0 source= submittedBytes=-1 submittedFeatures=-1 needsRepaint=-1 placementChanged=-1
M10_MAPLIBRE event=frame-partial ns=42860688823134 map=0x7f438dcd2040 thread=0x7f439f7fe6c0 seq=0 source= submittedBytes=-1 submittedFeatures=-1 needsRepaint=1 placementChanged=0
M10_MAPLIBRE event=frame-start ns=42860699049957 map=0x7f438dcd2040 thread=0x7f439f7fe6c0 seq=0 source= submittedBytes=-1 submittedFeatures=-1 needsRepaint=-1 placementChanged=-1
M10_MAPLIBRE event=frame-partial ns=42860699088568 map=0x7f438dcd2040 thread=0x7f439f7fe6c0 seq=0 source= submittedBytes=-1 submittedFeatures=-1 needsRepaint=1 placementChanged=0
M10_MAPLIBRE event=frame-start ns=42860712211178 map=0x7f438dcd2040 thread=0x7f439f7fe6c0 seq=0 source= submittedBytes=-1 submittedFeatures=-1 needsRepaint=-1 placementChanged=-1
M10_MAPLIBRE event=frame-partial ns=42860712240192 map=0x7f438dcd2040 thread=0x7f439f7fe6c0 seq=0 source= submittedBytes=-1 submittedFeatures=-1 needsRepaint=1 placementChanged=0
M10_MAPLIBRE event=frame-start ns=42860725922923 map=0x7f438dcd2040 thread=0x7f439f7fe6c0 seq=0 source= submittedBytes=-1 submittedFeatures=-1 needsRepaint=-1 placementChanged=-1
M10_MAPLIBRE event=frame-partial ns=42860725955863 map=0x7f438dcd2040 thread=0x7f439f7fe6c0 seq=0 source= submittedBytes=-1 submittedFeatures=-1 needsRepaint=1 placementChanged=1
M10_MAPLIBRE event=frame-start ns=42860735943897 map=0x7f438dcd2040 thread=0x7f439f7fe6c0 seq=0 source= submittedBytes=-1 submittedFeatures=-1 needsRepaint=-1 placementChanged=-1
M10_MAPLIBRE event=frame-partial ns=42860735976983 map=0x7f438dcd2040 thread=0x7f439f7fe6c0 seq=0 source= submittedBytes=-1 submittedFeatures=-1 needsRepaint=1 placementChanged=0
M10_MAPLIBRE event=frame-start ns=42860749857190 map=0x7f438dcd2040 thread=0x7f439f7fe6c0 seq=0 source= submittedBytes=-1 submittedFeatures=-1 needsRepaint=-1 placementChanged=-1
M10_MAPLIBRE event=frame-partial ns=42860749888456 map=0x7f438dcd2040 thread=0x7f439f7fe6c0 seq=0 source= submittedBytes=-1 submittedFeatures=-1 needsRepaint=1 placementChanged=0
M10_MAPLIBRE event=frame-start ns=42860760203245 map=0x7f438dcd2040 thread=0x7f439f7fe6c0 seq=0 source= submittedBytes=-1 submittedFeatures=-1 needsRepaint=-1 placementChanged=-1
M10_MAPLIBRE event=frame-partial ns=42860760234309 map=0x7f438dcd2040 thread=0x7f439f7fe6c0 seq=0 source= submittedBytes=-1 submittedFeatures=-1 needsRepaint=1 placementChanged=0
M10_MAPLIBRE event=frame-start ns=42860770907233 map=0x7f438dcd2040 thread=0x7f439f7fe6c0 seq=0 source= submittedBytes=-1 submittedFeatures=-1 needsRepaint=-1 placementChanged=-1
M10_MAPLIBRE event=frame-partial ns=42860770981283 map=0x7f438dcd2040 thread=0x7f439f7fe6c0 seq=0 source= submittedBytes=-1 submittedFeatures=-1 needsRepaint=1 placementChanged=0
M10_MAPLIBRE event=frame-start ns=42860780348288 map=0x7f438dcd2040 thread=0x7f439f7fe6c0 seq=0 source= submittedBytes=-1 submittedFeatures=-1 needsRepaint=-1 placementChanged=-1
M10_MAPLIBRE event=frame-partial ns=42860780422663 map=0x7f438dcd2040 thread=0x7f439f7fe6c0 seq=0 source= submittedBytes=-1 submittedFeatures=-1 needsRepaint=1 placementChanged=0
M10_MAPLIBRE event=frame-start ns=42860789914405 map=0x7f438dcd2040 thread=0x7f439f7fe6c0 seq=0 source= submittedBytes=-1 submittedFeatures=-1 needsRepaint=-1 placementChanged=-1
M10_MAPLIBRE event=frame-partial ns=42860789989737 map=0x7f438dcd2040 thread=0x7f439f7fe6c0 seq=0 source= submittedBytes=-1 submittedFeatures=-1 needsRepaint=1 placementChanged=0
M10_MAPLIBRE event=frame-start ns=42860799504339 map=0x7f438dcd2040 thread=0x7f439f7fe6c0 seq=0 source= submittedBytes=-1 submittedFeatures=-1 needsRepaint=-1 placementChanged=-1
M10_MAPLIBRE event=frame-partial ns=42860799578462 map=0x7f438dcd2040 thread=0x7f439f7fe6c0 seq=0 source= submittedBytes=-1 submittedFeatures=-1 needsRepaint=1 placementChanged=0
M10_MAPLIBRE event=frame-start ns=42860809431865 map=0x7f438dcd2040 thread=0x7f439f7fe6c0 seq=0 source= submittedBytes=-1 submittedFeatures=-1 needsRepaint=-1 placementChanged=-1
M10_MAPLIBRE event=frame-partial ns=42860809506853 map=0x7f438dcd2040 thread=0x7f439f7fe6c0 seq=0 source= submittedBytes=-1 submittedFeatures=-1 needsRepaint=1 placementChanged=0
M10_MAPLIBRE event=frame-start ns=42860819654624 map=0x7f438dcd2040 thread=0x7f439f7fe6c0 seq=0 source= submittedBytes=-1 submittedFeatures=-1 needsRepaint=-1 placementChanged=-1
M10_MAPLIBRE event=frame-partial ns=42860819685677 map=0x7f438dcd2040 thread=0x7f439f7fe6c0 seq=0 source= submittedBytes=-1 submittedFeatures=-1 needsRepaint=1 placementChanged=0
M10_MAPLIBRE event=frame-start ns=42860829120702 map=0x7f438dcd2040 thread=0x7f439f7fe6c0 seq=0 source= submittedBytes=-1 submittedFeatures=-1 needsRepaint=-1 placementChanged=-1
M10_MAPLIBRE event=frame-partial ns=42860829154175 map=0x7f438dcd2040 thread=0x7f439f7fe6c0 seq=0 source= submittedBytes=-1 submittedFeatures=-1 needsRepaint=1 placementChanged=0
M10_MAPLIBRE event=frame-start ns=42860839010694 map=0x7f438dcd2040 thread=0x7f439f7fe6c0 seq=0 source= submittedBytes=-1 submittedFeatures=-1 needsRepaint=-1 placementChanged=-1
M10_MAPLIBRE event=frame-partial ns=42860839042981 map=0x7f438dcd2040 thread=0x7f439f7fe6c0 seq=0 source= submittedBytes=-1 submittedFeatures=-1 needsRepaint=1 placementChanged=0
M10_MAPLIBRE event=frame-start ns=42860850376022 map=0x7f438dcd2040 thread=0x7f439f7fe6c0 seq=0 source= submittedBytes=-1 submittedFeatures=-1 needsRepaint=-1 placementChanged=-1
M10_MAPLIBRE event=frame-partial ns=42860850467427 map=0x7f438dcd2040 thread=0x7f439f7fe6c0 seq=0 source= submittedBytes=-1 submittedFeatures=-1 needsRepaint=1 placementChanged=0
M10_MAPLIBRE event=frame-start ns=42860861077182 map=0x7f438dcd2040 thread=0x7f439f7fe6c0 seq=0 source= submittedBytes=-1 submittedFeatures=-1 needsRepaint=-1 placementChanged=-1
M10_MAPLIBRE event=frame-partial ns=42860861109704 map=0x7f438dcd2040 thread=0x7f439f7fe6c0 seq=0 source= submittedBytes=-1 submittedFeatures=-1 needsRepaint=1 placementChanged=0
M10_MAPLIBRE event=frame-start ns=42860871431752 map=0x7f438dcd2040 thread=0x7f439f7fe6c0 seq=0 source= submittedBytes=-1 submittedFeatures=-1 needsRepaint=-1 placementChanged=-1
M10_MAPLIBRE event=frame-partial ns=42860871463981 map=0x7f438dcd2040 thread=0x7f439f7fe6c0 seq=0 source= submittedBytes=-1 submittedFeatures=-1 needsRepaint=1 placementChanged=0
M10_MAPLIBRE event=frame-start ns=42860882048304 map=0x7f438dcd2040 thread=0x7f439f7fe6c0 seq=0 source= submittedBytes=-1 submittedFeatures=-1 needsRepaint=-1 placementChanged=-1
M10_MAPLIBRE event=frame-partial ns=42860882079396 map=0x7f438dcd2040 thread=0x7f439f7fe6c0 seq=0 source= submittedBytes=-1 submittedFeatures=-1 needsRepaint=1 placementChanged=0
M10_MAPLIBRE event=frame-start ns=42860906087983 map=0x7f438dcd2040 thread=0x7f439f7fe6c0 seq=0 source= submittedBytes=-1 submittedFeatures=-1 needsRepaint=-1 placementChanged=-1
M10_MAPLIBRE event=frame-partial ns=42860906154744 map=0x7f438dcd2040 thread=0x7f439f7fe6c0 seq=0 source= submittedBytes=-1 submittedFeatures=-1 needsRepaint=1 placementChanged=0
M10_MAPLIBRE event=frame-start ns=42860916287639 map=0x7f438dcd2040 thread=0x7f439f7fe6c0 seq=0 source= submittedBytes=-1 submittedFeatures=-1 needsRepaint=-1 placementChanged=-1
M10_MAPLIBRE event=frame-partial ns=42860916318857 map=0x7f438dcd2040 thread=0x7f439f7fe6c0 seq=0 source= submittedBytes=-1 submittedFeatures=-1 needsRepaint=1 placementChanged=0
M10_MAPLIBRE event=frame-start ns=42860928693840 map=0x7f438dcd2040 thread=0x7f439f7fe6c0 seq=0 source= submittedBytes=-1 submittedFeatures=-1 needsRepaint=-1 placementChanged=-1
M10_MAPLIBRE event=frame-partial ns=42860928726838 map=0x7f438dcd2040 thread=0x7f439f7fe6c0 seq=0 source= submittedBytes=-1 submittedFeatures=-1 needsRepaint=1 placementChanged=0
M10_MAPLIBRE event=frame-start ns=42860966850396 map=0x7f438dcd2040 thread=0x7f439f7fe6c0 seq=0 source= submittedBytes=-1 submittedFeatures=-1 needsRepaint=-1 placementChanged=-1
M10_MAPLIBRE event=frame-partial ns=42860967026583 map=0x7f438dcd2040 thread=0x7f439f7fe6c0 seq=0 source= submittedBytes=-1 submittedFeatures=-1 needsRepaint=1 placementChanged=0
M10_MAPLIBRE event=frame-start ns=42860977468247 map=0x7f438dcd2040 thread=0x7f439f7fe6c0 seq=0 source= submittedBytes=-1 submittedFeatures=-1 needsRepaint=-1 placementChanged=-1
M10_MAPLIBRE event=frame-partial ns=42860977498954 map=0x7f438dcd2040 thread=0x7f439f7fe6c0 seq=0 source= submittedBytes=-1 submittedFeatures=-1 needsRepaint=1 placementChanged=0
M10_MAPLIBRE event=frame-start ns=42860988794842 map=0x7f438dcd2040 thread=0x7f439f7fe6c0 seq=0 source= submittedBytes=-1 submittedFeatures=-1 needsRepaint=-1 placementChanged=-1
M10_MAPLIBRE event=frame-full ns=42860988833115 map=0x7f438dcd2040 thread=0x7f439f7fe6c0 seq=0 source= submittedBytes=-1 submittedFeatures=-1 needsRepaint=1 placementChanged=0
M10_MAPLIBRE event=frame-start ns=42860999944785 map=0x7f438dcd2040 thread=0x7f439f7fe6c0 seq=0 source= submittedBytes=-1 submittedFeatures=-1 needsRepaint=-1 placementChanged=-1
M10_MAPLIBRE event=frame-full ns=42860999981127 map=0x7f438dcd2040 thread=0x7f439f7fe6c0 seq=0 source= submittedBytes=-1 submittedFeatures=-1 needsRepaint=1 placementChanged=0
M10_MAPLIBRE event=frame-start ns=42861011132196 map=0x7f438dcd2040 thread=0x7f439f7fe6c0 seq=0 source= submittedBytes=-1 submittedFeatures=-1 needsRepaint=-1 placementChanged=-1
M10_MAPLIBRE event=frame-full ns=42861011210673 map=0x7f438dcd2040 thread=0x7f439f7fe6c0 seq=0 source= submittedBytes=-1 submittedFeatures=-1 needsRepaint=1 placementChanged=0
M10_MAPLIBRE event=frame-start ns=42861022261499 map=0x7f438dcd2040 thread=0x7f439f7fe6c0 seq=0 source= submittedBytes=-1 submittedFeatures=-1 needsRepaint=-1 placementChanged=-1
M10_MAPLIBRE event=frame-full ns=42861022297680 map=0x7f438dcd2040 thread=0x7f439f7fe6c0 seq=0 source= submittedBytes=-1 submittedFeatures=-1 needsRepaint=1 placementChanged=0
M10_MAPLIBRE event=frame-start ns=42861032726325 map=0x7f438dcd2040 thread=0x7f439f7fe6c0 seq=0 source= submittedBytes=-1 submittedFeatures=-1 needsRepaint=-1 placementChanged=-1
M10_MAPLIBRE event=frame-full ns=42861032850334 map=0x7f438dcd2040 thread=0x7f439f7fe6c0 seq=0 source= submittedBytes=-1 submittedFeatures=-1 needsRepaint=0 placementChanged=1
M10_MAPLIBRE event=frame-start ns=42861044318292 map=0x7f438dcd2040 thread=0x7f439f7fe6c0 seq=0 source= submittedBytes=-1 submittedFeatures=-1 needsRepaint=-1 placementChanged=-1
M10_MAPLIBRE event=frame-full ns=42861044349669 map=0x7f438dcd2040 thread=0x7f439f7fe6c0 seq=0 source= submittedBytes=-1 submittedFeatures=-1 needsRepaint=1 placementChanged=0
